-- MySQL dump 10.13  Distrib 5.6.24, for linux-glibc2.5 (x86_64)
--
-- Host: 23.23.166.66    Database: levelspro
-- ------------------------------------------------------
-- Server version	5.6.12

/*!40101 SET @OLD_CHARACTER_SET_CLIENT=@@CHARACTER_SET_CLIENT */;
/*!40101 SET @OLD_CHARACTER_SET_RESULTS=@@CHARACTER_SET_RESULTS */;
/*!40101 SET @OLD_COLLATION_CONNECTION=@@COLLATION_CONNECTION */;
/*!40101 SET NAMES utf8 */;
/*!40103 SET @OLD_TIME_ZONE=@@TIME_ZONE */;
/*!40103 SET TIME_ZONE='+00:00' */;
/*!40014 SET @OLD_UNIQUE_CHECKS=@@UNIQUE_CHECKS, UNIQUE_CHECKS=0 */;
/*!40014 SET @OLD_FOREIGN_KEY_CHECKS=@@FOREIGN_KEY_CHECKS, FOREIGN_KEY_CHECKS=0 */;
/*!40101 SET @OLD_SQL_MODE=@@SQL_MODE, SQL_MODE='NO_AUTO_VALUE_ON_ZERO' */;
/*!40111 SET @OLD_SQL_NOTES=@@SQL_NOTES, SQL_NOTES=0 */;

--
-- Table structure for table `awardperformance`
--

DROP TABLE IF EXISTS `awardperformance`;
/*!40101 SET @saved_cs_client     = @@character_set_client */;
/*!40101 SET character_set_client = utf8 */;
CREATE TABLE `awardperformance` (
  `AwardID` int(11) DEFAULT NULL,
  `UserID` int(11) DEFAULT NULL,
  `KPIID` int(11) DEFAULT NULL,
  `Value` int(11) DEFAULT NULL,
  `LastUpdated` datetime DEFAULT NULL,
  `AP_ID` int(11) NOT NULL AUTO_INCREMENT,
  PRIMARY KEY (`AP_ID`)
) ENGINE=InnoDB DEFAULT CHARSET=utf8;
/*!40101 SET character_set_client = @saved_cs_client */;

--
-- Dumping data for table `awardperformance`
--

LOCK TABLES `awardperformance` WRITE;
/*!40000 ALTER TABLE `awardperformance` DISABLE KEYS */;
/*!40000 ALTER TABLE `awardperformance` ENABLE KEYS */;
UNLOCK TABLES;

--
-- Table structure for table `contestperformance`
--

DROP TABLE IF EXISTS `contestperformance`;
/*!40101 SET @saved_cs_client     = @@character_set_client */;
/*!40101 SET character_set_client = utf8 */;
CREATE TABLE `contestperformance` (
  `CP_ID` int(11) NOT NULL AUTO_INCREMENT,
  `ContestID` int(11) DEFAULT NULL,
  `UserID` int(11) DEFAULT NULL,
  `KPIID` int(11) DEFAULT NULL,
  `Value` int(11) DEFAULT NULL,
  `LastUpdated` varchar(50) DEFAULT NULL,
  PRIMARY KEY (`CP_ID`)
) ENGINE=InnoDB AUTO_INCREMENT=2746 DEFAULT CHARSET=utf8;
/*!40101 SET character_set_client = @saved_cs_client */;

--
-- Dumping data for table `contestperformance`
--

LOCK TABLES `contestperformance` WRITE;
/*!40000 ALTER TABLE `contestperformance` DISABLE KEYS */;
INSERT INTO `contestperformance` VALUES (1,67,73,67,100,'2014-11-10 00:00:00'),(2,67,73,67,122,'2014-11-10 00:00:00'),(6,21,37,69,450,'2014-11-14 07:10:00'),(7,21,39,69,200,'2014-11-16 00:00:00'),(8,21,38,69,300,'2014-11-16 00:00:00'),(9,21,41,69,400,'2014-11-16 00:00:00'),(185,21,37,69,350,'2014-11-21 01:49:03'),(186,21,38,69,0,'2014-11-21 01:49:03'),(187,21,39,69,0,'2014-11-21 01:49:03'),(188,21,40,69,0,'2014-11-21 01:49:03'),(189,21,41,69,0,'2014-11-21 01:49:03'),(190,21,42,69,0,'2014-11-21 01:49:03'),(191,21,45,69,0,'2014-11-21 01:49:03'),(192,21,65,69,0,'2014-11-21 01:49:03'),(193,21,66,69,0,'2014-11-21 01:49:03'),(194,21,67,69,500,'2014-11-21 01:49:03'),(195,21,69,69,0,'2014-11-21 01:49:03'),(196,21,70,69,0,'2014-11-21 01:49:03'),(197,21,73,69,1293,'2014-11-21 01:49:03'),(198,21,74,69,258,'2014-11-21 01:49:03'),(199,21,76,69,0,'2014-11-21 01:49:03'),(200,21,78,69,0,'2014-11-21 01:49:03'),(201,21,79,69,0,'2014-11-21 01:49:03'),(202,21,81,69,0,'2014-11-21 01:49:03'),(203,21,87,69,0,'2014-11-21 01:49:03'),(204,21,88,69,0,'2014-11-21 01:49:03'),(205,21,90,69,0,'2014-11-21 01:49:03'),(206,21,91,69,339,'2014-11-21 01:49:03'),(490,49,2,69,100,'2014-11-26 14:39:13'),(491,49,37,69,475,'2014-11-26 14:39:13'),(492,49,38,69,50,'2014-11-26 14:39:13'),(493,49,39,69,70,'2014-11-26 14:39:13'),(494,49,40,69,55,'2014-11-26 14:39:13'),(495,49,41,69,50,'2014-11-26 14:39:13'),(496,49,42,69,125,'2014-11-26 14:39:13'),(497,49,44,69,200,'2014-11-26 14:39:13'),(498,49,45,69,50,'2014-11-26 14:39:13'),(499,49,64,69,75,'2014-11-26 14:39:13'),(500,49,65,69,25,'2014-11-26 14:39:13'),(501,49,66,69,10,'2014-11-26 14:39:13'),(502,49,67,69,515,'2014-11-26 14:39:13'),(503,49,68,69,5,'2014-11-26 14:39:13'),(504,49,73,69,1294,'2014-11-26 14:39:13'),(565,54,37,69,350,'2014-12-01 19:56:20'),(566,54,38,69,0,'2014-12-01 19:56:20'),(567,54,39,69,0,'2014-12-01 19:56:20'),(568,54,40,69,0,'2014-12-01 19:56:20'),(569,54,41,69,0,'2014-12-01 19:56:20'),(570,54,42,69,0,'2014-12-01 19:56:20'),(571,54,45,69,0,'2014-12-01 19:56:20'),(572,54,65,69,0,'2014-12-01 19:56:20'),(573,54,66,69,0,'2014-12-01 19:56:20'),(574,54,67,69,500,'2014-12-01 19:56:20'),(575,54,73,69,1293,'2014-12-01 19:56:20'),(580,55,37,73,117,'2014-12-01 20:26:03'),(581,55,38,73,0,'2014-12-01 20:26:03'),(582,55,39,73,19,'2014-12-01 20:26:03'),(583,55,40,73,1542,'2014-12-01 20:26:03'),(584,55,41,73,800,'2014-12-01 20:26:03'),(585,55,42,73,0,'2014-12-01 20:26:03'),(586,55,45,73,0,'2014-12-01 20:26:03'),(587,55,65,73,0,'2014-12-01 20:26:03'),(588,55,66,73,0,'2014-12-01 20:26:03'),(589,55,67,73,0,'2014-12-01 20:26:03'),(590,55,73,73,0,'2014-12-01 20:26:03'),(591,56,73,68,10,'2014-12-01 00:00:00'),(595,56,37,68,0,'2014-12-01 21:25:05'),(596,56,38,68,0,'2014-12-01 21:25:05'),(597,56,39,68,0,'2014-12-01 21:25:05'),(598,56,40,68,0,'2014-12-01 21:25:05'),(599,56,41,68,0,'2014-12-01 21:25:05'),(600,56,42,68,0,'2014-12-01 21:25:05'),(601,56,45,68,0,'2014-12-01 21:25:05'),(602,56,65,68,0,'2014-12-01 21:25:05'),(603,56,66,68,0,'2014-12-01 21:25:05'),(604,56,67,68,0,'2014-12-01 21:25:05'),(605,56,73,68,0,'2014-12-01 21:25:05'),(610,57,94,69,355,'2014-12-01 21:37:26'),(611,57,95,69,1295,'2014-12-01 21:37:26'),(612,57,96,69,678,'2014-12-01 21:37:26'),(613,57,97,69,1899,'2014-12-01 21:37:26'),(614,57,98,69,2345,'2014-12-01 21:37:26'),(615,56,74,68,20,'2014-12-01 00:00:00'),(616,56,75,68,30,'2014-12-01 00:00:00'),(617,56,37,68,50,'2014-12-01 00:00:00'),(618,56,38,68,40,'2014-12-01 00:00:00'),(619,56,73,68,25,'2014-12-01 00:00:00'),(620,57,94,69,705,'2014-12-01 00:00:00'),(621,57,95,69,1730,'2014-12-01 00:00:00'),(622,57,96,69,943,'2014-12-01 00:00:00'),(623,57,97,69,2704,'2014-12-01 00:00:00'),(624,57,98,69,2885,'2014-12-01 00:00:00'),(628,58,40,73,1542,'2014-12-02 12:12:10'),(629,58,41,73,800,'2014-12-02 12:12:10'),(640,59,2,72,0,'2014-12-02 18:28:06'),(641,59,37,72,224,'2014-12-02 18:28:06'),(642,59,38,72,57,'2014-12-02 18:28:06'),(643,59,39,72,60,'2014-12-02 18:28:06'),(644,59,40,72,98,'2014-12-02 18:28:06'),(645,59,41,72,36,'2014-12-02 18:28:06'),(646,59,42,72,20,'2014-12-02 18:28:06'),(647,59,44,72,0,'2014-12-02 18:28:06'),(648,59,45,72,0,'2014-12-02 18:28:06'),(649,59,64,72,0,'2014-12-02 18:28:06'),(650,59,65,72,0,'2014-12-02 18:28:06'),(651,59,66,72,0,'2014-12-02 18:28:06'),(652,59,67,72,0,'2014-12-02 18:28:06'),(653,59,68,72,0,'2014-12-02 18:28:06'),(654,59,73,72,134,'2014-12-02 18:28:06'),(655,59,94,72,0,'2014-12-02 18:28:06'),(656,59,95,72,0,'2014-12-02 18:28:06'),(657,59,96,72,0,'2014-12-02 18:28:06'),(658,59,97,72,0,'2014-12-02 18:28:06'),(659,59,98,72,0,'2014-12-02 18:28:06'),(660,59,99,72,0,'2014-12-02 18:28:06'),(686,61,37,68,25,'2014-12-04 04:48:17'),(687,61,38,68,50,'2014-12-04 04:48:17'),(688,61,39,68,100,'2014-12-04 04:48:17'),(689,61,40,68,0,'2014-12-04 04:48:17'),(690,61,41,68,0,'2014-12-04 04:48:17'),(691,61,42,68,0,'2014-12-04 04:48:17'),(692,61,45,68,0,'2014-12-04 04:48:17'),(693,61,65,68,0,'2014-12-04 04:48:17'),(694,61,66,68,0,'2014-12-04 04:48:17'),(695,61,67,68,0,'2014-12-04 04:48:17'),(696,61,73,68,0,'2014-12-04 04:48:17'),(701,62,37,72,224,'2014-12-08 17:30:16'),(702,62,38,72,57,'2014-12-08 17:30:16'),(703,62,39,72,60,'2014-12-08 17:30:16'),(704,62,40,72,98,'2014-12-08 17:30:16'),(705,62,41,72,36,'2014-12-08 17:30:16'),(706,62,42,72,20,'2014-12-08 17:30:16'),(707,62,45,72,0,'2014-12-08 17:30:16'),(708,62,65,72,0,'2014-12-08 17:30:16'),(709,62,66,72,0,'2014-12-08 17:30:16'),(710,62,67,72,0,'2014-12-08 17:30:16'),(711,62,73,72,134,'2014-12-08 17:30:16'),(716,63,94,69,355,'2014-12-08 18:20:18'),(717,63,95,69,1295,'2014-12-08 18:20:18'),(718,63,96,69,678,'2014-12-08 18:20:18'),(719,63,97,69,1899,'2014-12-08 18:20:18'),(720,63,98,69,2345,'2014-12-08 18:20:18'),(723,64,37,69,350,'2014-12-08 18:29:03'),(724,64,38,69,0,'2014-12-08 18:29:03'),(725,64,39,69,0,'2014-12-08 18:29:03'),(726,64,40,69,0,'2014-12-08 18:29:03'),(727,64,41,69,0,'2014-12-08 18:29:03'),(728,64,42,69,0,'2014-12-08 18:29:03'),(729,64,45,69,0,'2014-12-08 18:29:03'),(730,64,65,69,0,'2014-12-08 18:29:03'),(731,64,66,69,0,'2014-12-08 18:29:03'),(732,64,67,69,500,'2014-12-08 18:29:03'),(733,64,73,69,1293,'2014-12-08 18:29:03'),(734,62,37,72,274,'2014-12-08 00:00:00'),(735,62,38,72,97,'2014-12-08 00:00:00'),(736,62,73,72,164,'2014-12-08 00:00:00'),(738,65,37,73,117,'2014-12-09 11:38:11'),(739,65,38,73,0,'2014-12-09 11:38:11'),(740,65,39,73,19,'2014-12-09 11:38:11'),(741,65,40,73,1392,'2014-12-09 11:38:11'),(742,65,41,73,700,'2014-12-09 11:38:11'),(743,65,42,73,0,'2014-12-09 11:38:11'),(744,65,45,73,0,'2014-12-09 11:38:11'),(745,65,65,73,0,'2014-12-09 11:38:11'),(746,65,66,73,0,'2014-12-09 11:38:11'),(747,65,67,73,0,'2014-12-09 11:38:11'),(748,65,73,73,0,'2014-12-09 11:38:11'),(753,66,37,69,350,'2014-12-09 17:31:38'),(754,66,38,69,0,'2014-12-09 17:31:38'),(755,66,39,69,0,'2014-12-09 17:31:38'),(756,66,40,69,0,'2014-12-09 17:31:38'),(757,66,41,69,0,'2014-12-09 17:31:38'),(758,66,42,69,0,'2014-12-09 17:31:38'),(759,66,45,69,0,'2014-12-09 17:31:38'),(760,66,65,69,0,'2014-12-09 17:31:38'),(761,66,66,69,0,'2014-12-09 17:31:38'),(762,66,67,69,700,'2014-12-09 17:31:38'),(763,66,73,69,1493,'2014-12-09 17:31:38'),(764,66,37,69,450,'2014-12-09 00:00:00'),(765,66,38,69,50,'2014-12-09 00:00:00'),(766,66,73,69,1518,'2014-12-09 00:00:00'),(768,67,37,73,117,'2014-12-11 16:45:39'),(769,67,38,73,0,'2014-12-11 16:45:39'),(770,67,39,73,19,'2014-12-11 16:45:39'),(771,67,40,73,815,'2014-12-11 16:45:39'),(772,67,41,73,500,'2014-12-11 16:45:39'),(773,67,42,73,0,'2014-12-11 16:45:39'),(774,67,45,73,0,'2014-12-11 16:45:39'),(775,67,65,73,0,'2014-12-11 16:45:39'),(776,67,66,73,0,'2014-12-11 16:45:39'),(777,67,67,73,0,'2014-12-11 16:45:39'),(778,67,73,73,0,'2014-12-11 16:45:39'),(783,68,37,72,224,'2014-12-15 18:54:59'),(784,68,38,72,57,'2014-12-15 18:54:59'),(785,68,39,72,60,'2014-12-15 18:54:59'),(786,68,40,72,98,'2014-12-15 18:54:59'),(787,68,41,72,36,'2014-12-15 18:54:59'),(788,68,42,72,20,'2014-12-15 18:54:59'),(789,68,45,72,0,'2014-12-15 18:54:59'),(790,68,65,72,0,'2014-12-15 18:54:59'),(791,68,66,72,0,'2014-12-15 18:54:59'),(792,68,67,72,0,'2014-12-15 18:54:59'),(793,68,73,72,134,'2014-12-15 18:54:59'),(798,69,37,72,178,'2014-12-16 19:01:59'),(799,69,38,72,0,'2014-12-16 19:01:59'),(800,69,39,72,0,'2014-12-16 19:01:59'),(801,69,40,72,38,'2014-12-16 19:01:59'),(802,69,41,72,36,'2014-12-16 19:01:59'),(803,69,42,72,0,'2014-12-16 19:01:59'),(804,69,45,72,0,'2014-12-16 19:01:59'),(805,69,65,72,0,'2014-12-16 19:01:59'),(806,69,66,72,0,'2014-12-16 19:01:59'),(807,69,67,72,0,'2014-12-16 19:01:59'),(808,69,73,72,80,'2014-12-16 19:01:59'),(813,70,37,69,350,'2014-12-17 17:20:00'),(814,70,38,69,0,'2014-12-17 17:20:00'),(815,70,39,69,0,'2014-12-17 17:20:00'),(816,70,40,69,0,'2014-12-17 17:20:00'),(817,70,41,69,0,'2014-12-17 17:20:00'),(818,70,42,69,0,'2014-12-17 17:20:00'),(819,70,45,69,0,'2014-12-17 17:20:00'),(820,70,65,69,0,'2014-12-17 17:20:00'),(821,70,66,69,0,'2014-12-17 17:20:00'),(822,70,67,69,500,'2014-12-17 17:20:00'),(823,70,73,69,1293,'2014-12-17 17:20:00'),(828,71,37,72,140,'2014-12-23 19:29:50'),(829,71,38,72,40,'2014-12-23 19:29:50'),(830,71,39,72,60,'2014-12-23 19:29:50'),(831,71,40,72,118,'2014-12-23 19:29:50'),(832,71,41,72,0,'2014-12-23 19:29:50'),(833,71,42,72,0,'2014-12-23 19:29:50'),(834,71,45,72,0,'2014-12-23 19:29:50'),(835,71,65,72,0,'2014-12-23 19:29:50'),(836,71,66,72,0,'2014-12-23 19:29:50'),(837,71,67,72,0,'2014-12-23 19:29:50'),(838,71,73,72,60,'2014-12-23 19:29:50'),(843,72,37,69,420,'2014-12-23 20:43:49'),(844,72,38,69,90,'2014-12-23 20:43:49'),(845,72,39,69,110,'2014-12-23 20:43:49'),(846,72,40,69,130,'2014-12-23 20:43:49'),(847,72,41,69,0,'2014-12-23 20:43:49'),(848,72,42,69,0,'2014-12-23 20:43:49'),(849,72,45,69,0,'2014-12-23 20:43:49'),(850,72,65,69,0,'2014-12-23 20:43:49'),(851,72,66,69,0,'2014-12-23 20:43:49'),(852,72,67,69,500,'2014-12-23 20:43:49'),(853,72,73,69,1293,'2014-12-23 20:43:49'),(858,73,37,72,120,'2014-12-23 20:55:11'),(859,73,38,72,0,'2014-12-23 20:55:11'),(860,73,39,72,0,'2014-12-23 20:55:11'),(861,73,40,72,38,'2014-12-23 20:55:11'),(862,73,41,72,0,'2014-12-23 20:55:11'),(863,73,42,72,0,'2014-12-23 20:55:11'),(864,73,45,72,0,'2014-12-23 20:55:11'),(865,73,65,72,0,'2014-12-23 20:55:11'),(866,73,66,72,0,'2014-12-23 20:55:11'),(867,73,67,72,0,'2014-12-23 20:55:11'),(868,73,73,72,60,'2014-12-23 20:55:11'),(873,74,37,72,60,'2014-12-30 19:14:15'),(874,74,38,72,0,'2014-12-30 19:14:15'),(875,74,39,72,0,'2014-12-30 19:14:15'),(876,74,40,72,38,'2014-12-30 19:14:15'),(877,74,41,72,0,'2014-12-30 19:14:15'),(878,74,42,72,0,'2014-12-30 19:14:15'),(879,74,45,72,0,'2014-12-30 19:14:15'),(880,74,65,72,0,'2014-12-30 19:14:15'),(881,74,66,72,0,'2014-12-30 19:14:15'),(882,74,67,72,0,'2014-12-30 19:14:15'),(883,74,73,72,80,'2014-12-30 19:14:15'),(888,75,37,72,0,'2015-01-06 18:05:16'),(889,75,38,72,0,'2015-01-06 18:05:16'),(890,75,39,72,0,'2015-01-06 18:05:16'),(891,75,40,72,38,'2015-01-06 18:05:16'),(892,75,41,72,0,'2015-01-06 18:05:16'),(893,75,42,72,0,'2015-01-06 18:05:16'),(894,75,45,72,0,'2015-01-06 18:05:16'),(895,75,65,72,0,'2015-01-06 18:05:16'),(896,75,66,72,0,'2015-01-06 18:05:16'),(897,75,67,72,0,'2015-01-06 18:05:16'),(898,75,73,72,80,'2015-01-06 18:05:16'),(903,76,37,72,0,'2015-01-07 22:39:51'),(904,76,38,72,0,'2015-01-07 22:39:51'),(905,76,39,72,0,'2015-01-07 22:39:51'),(906,76,40,72,38,'2015-01-07 22:39:51'),(907,76,41,72,0,'2015-01-07 22:39:51'),(908,76,42,72,0,'2015-01-07 22:39:51'),(909,76,45,72,0,'2015-01-07 22:39:51'),(910,76,65,72,0,'2015-01-07 22:39:51'),(911,76,66,72,0,'2015-01-07 22:39:51'),(912,76,67,72,0,'2015-01-07 22:39:51'),(913,76,73,72,80,'2015-01-07 22:39:51'),(918,77,37,72,0,'2015-01-07 22:42:28'),(919,77,38,72,0,'2015-01-07 22:42:28'),(920,77,39,72,0,'2015-01-07 22:42:28'),(921,77,40,72,38,'2015-01-07 22:42:28'),(922,77,41,72,0,'2015-01-07 22:42:28'),(923,77,42,72,0,'2015-01-07 22:42:28'),(924,77,45,72,0,'2015-01-07 22:42:28'),(925,77,65,72,0,'2015-01-07 22:42:28'),(926,77,66,72,0,'2015-01-07 22:42:28'),(927,77,67,72,0,'2015-01-07 22:42:28'),(928,77,73,72,80,'2015-01-07 22:42:28'),(933,78,37,72,0,'2015-01-26 18:18:31'),(934,78,38,72,0,'2015-01-26 18:18:31'),(935,78,39,72,0,'2015-01-26 18:18:31'),(936,78,40,72,38,'2015-01-26 18:18:31'),(937,78,41,72,0,'2015-01-26 18:18:31'),(938,78,42,72,0,'2015-01-26 18:18:31'),(939,78,45,72,0,'2015-01-26 18:18:31'),(940,78,65,72,0,'2015-01-26 18:18:31'),(941,78,66,72,0,'2015-01-26 18:18:31'),(942,78,67,72,0,'2015-01-26 18:18:31'),(943,78,73,72,80,'2015-01-26 18:18:31'),(948,79,37,78,0,'2015-01-26 19:42:01'),(949,79,38,78,0,'2015-01-26 19:42:01'),(950,79,39,78,0,'2015-01-26 19:42:01'),(951,79,40,78,0,'2015-01-26 19:42:01'),(952,79,41,78,0,'2015-01-26 19:42:01'),(953,79,42,78,0,'2015-01-26 19:42:01'),(954,79,45,78,0,'2015-01-26 19:42:01'),(955,79,65,78,0,'2015-01-26 19:42:01'),(956,79,66,78,0,'2015-01-26 19:42:01'),(957,79,67,78,0,'2015-01-26 19:42:01'),(958,79,73,78,27,'2015-01-26 19:42:01'),(963,80,37,161,0,'2015-02-03 22:58:47'),(964,80,38,161,0,'2015-02-03 22:58:47'),(965,80,39,161,0,'2015-02-03 22:58:47'),(966,80,40,161,0,'2015-02-03 22:58:47'),(967,80,41,161,0,'2015-02-03 22:58:47'),(968,80,42,161,0,'2015-02-03 22:58:47'),(969,80,45,161,0,'2015-02-03 22:58:47'),(970,80,65,161,0,'2015-02-03 22:58:47'),(971,80,66,161,0,'2015-02-03 22:58:47'),(972,80,67,161,0,'2015-02-03 22:58:47'),(973,80,73,161,0,'2015-02-03 22:58:47'),(978,81,37,162,0,'2015-02-11 18:28:09'),(979,81,42,162,0,'2015-02-11 18:28:09'),(980,81,38,162,0,'2015-02-11 18:28:09'),(981,81,40,162,0,'2015-02-11 18:28:09'),(982,81,65,162,0,'2015-02-11 18:28:09'),(983,81,66,162,0,'2015-02-11 18:28:09'),(984,81,67,162,0,'2015-02-11 18:28:09'),(985,81,41,162,0,'2015-02-11 18:28:09'),(986,81,45,162,0,'2015-02-11 18:28:09'),(987,81,73,162,45,'2015-02-11 18:28:09'),(988,81,39,162,0,'2015-02-11 18:28:09'),(993,83,2,78,0,'2015-02-18 18:40:22'),(994,83,37,78,0,'2015-02-18 18:40:22'),(995,83,42,78,0,'2015-02-18 18:40:22'),(996,83,44,78,0,'2015-02-18 18:40:22'),(997,83,38,78,0,'2015-02-18 18:40:22'),(998,83,40,78,0,'2015-02-18 18:40:22'),(999,83,64,78,0,'2015-02-18 18:40:22'),(1000,83,65,78,0,'2015-02-18 18:40:22'),(1001,83,66,78,0,'2015-02-18 18:40:22'),(1002,83,67,78,0,'2015-02-18 18:40:22'),(1003,83,41,78,0,'2015-02-18 18:40:22'),(1004,83,68,78,0,'2015-02-18 18:40:22'),(1005,83,45,78,0,'2015-02-18 18:40:22'),(1006,83,73,78,0,'2015-02-18 18:40:22'),(1007,83,94,78,0,'2015-02-18 18:40:22'),(1008,83,95,78,0,'2015-02-18 18:40:22'),(1009,83,96,78,0,'2015-02-18 18:40:22'),(1010,83,97,78,0,'2015-02-18 18:40:22'),(1011,83,98,78,0,'2015-02-18 18:40:22'),(1012,83,99,78,0,'2015-02-18 18:40:22'),(1013,83,39,78,0,'2015-02-18 18:40:22'),(1024,84,37,69,350,'2015-02-18 18:49:39'),(1025,84,42,69,0,'2015-02-18 18:49:39'),(1026,84,38,69,0,'2015-02-18 18:49:39'),(1027,84,40,69,0,'2015-02-18 18:49:39'),(1028,84,65,69,0,'2015-02-18 18:49:39'),(1029,84,66,69,0,'2015-02-18 18:49:39'),(1030,84,67,69,0,'2015-02-18 18:49:39'),(1031,84,41,69,0,'2015-02-18 18:49:39'),(1032,84,45,69,0,'2015-02-18 18:49:39'),(1033,84,39,69,0,'2015-02-18 18:49:39'),(1034,84,118,69,310,'2015-02-18 18:49:39'),(1039,85,37,69,350,'2015-02-18 19:15:02'),(1040,85,42,69,0,'2015-02-18 19:15:02'),(1041,85,38,69,0,'2015-02-18 19:15:02'),(1042,85,40,69,0,'2015-02-18 19:15:02'),(1043,85,65,69,0,'2015-02-18 19:15:02'),(1044,85,66,69,0,'2015-02-18 19:15:02'),(1045,85,67,69,0,'2015-02-18 19:15:02'),(1046,85,41,69,0,'2015-02-18 19:15:02'),(1047,85,45,69,0,'2015-02-18 19:15:02'),(1048,85,73,69,793,'2015-02-18 19:15:02'),(1049,85,39,69,0,'2015-02-18 19:15:02'),(1050,85,118,69,310,'2015-02-18 19:15:02'),(1051,85,74,69,258,'2015-02-18 19:15:02'),(1052,85,75,69,0,'2015-02-18 19:15:02'),(1053,85,101,69,0,'2015-02-18 19:15:02'),(1180,88,37,67,0,'2015-03-02 14:29:58'),(1181,88,39,67,0,'2015-03-02 14:29:58'),(1182,88,40,67,0,'2015-03-02 14:29:58'),(1183,88,41,67,0,'2015-03-02 14:29:58'),(1184,88,42,67,0,'2015-03-02 14:29:58'),(1185,88,45,67,0,'2015-03-02 14:29:58'),(1186,88,65,67,0,'2015-03-02 14:29:58'),(1187,88,66,67,0,'2015-03-02 14:29:58'),(1188,88,67,67,0,'2015-03-02 14:29:58'),(1189,88,73,67,0,'2015-03-02 14:29:58'),(1190,88,74,67,0,'2015-03-02 14:29:58'),(1191,88,75,67,0,'2015-03-02 14:29:58'),(1192,88,91,67,0,'2015-03-02 14:29:58'),(1193,88,92,67,0,'2015-03-02 14:29:58'),(1194,88,100,67,0,'2015-03-02 14:29:58'),(1195,88,101,67,0,'2015-03-02 14:29:58'),(1196,88,102,67,0,'2015-03-02 14:29:58'),(1197,88,104,67,0,'2015-03-02 14:29:58'),(1198,88,105,67,0,'2015-03-02 14:29:58'),(1199,88,106,67,0,'2015-03-02 14:29:58'),(1200,88,107,67,0,'2015-03-02 14:29:58'),(1201,88,108,67,0,'2015-03-02 14:29:58'),(1202,88,109,67,0,'2015-03-02 14:29:58'),(1203,88,110,67,0,'2015-03-02 14:29:58'),(1204,88,111,67,0,'2015-03-02 14:29:58'),(1205,88,112,67,0,'2015-03-02 14:29:58'),(1206,88,113,67,0,'2015-03-02 14:29:58'),(1207,88,114,67,0,'2015-03-02 14:29:58'),(1208,88,115,67,0,'2015-03-02 14:29:58'),(1209,88,116,67,0,'2015-03-02 14:29:58'),(1210,88,117,67,0,'2015-03-02 14:29:58'),(1211,88,118,67,0,'2015-03-02 14:29:58'),(1243,89,37,162,0,'2015-03-04 19:37:02'),(1244,89,39,162,0,'2015-03-04 19:37:02'),(1245,89,40,162,0,'2015-03-04 19:37:02'),(1246,89,41,162,0,'2015-03-04 19:37:02'),(1247,89,42,162,0,'2015-03-04 19:37:02'),(1248,89,45,162,0,'2015-03-04 19:37:02'),(1249,89,65,162,0,'2015-03-04 19:37:02'),(1250,89,66,162,0,'2015-03-04 19:37:02'),(1251,89,67,162,0,'2015-03-04 19:37:02'),(1252,89,74,162,73,'2015-03-04 19:37:02'),(1253,89,75,162,0,'2015-03-04 19:37:02'),(1254,89,91,162,190,'2015-03-04 19:37:02'),(1255,89,92,162,155,'2015-03-04 19:37:02'),(1256,89,100,162,53,'2015-03-04 19:37:02'),(1257,89,101,162,0,'2015-03-04 19:37:02'),(1258,89,102,162,225,'2015-03-04 19:37:02'),(1259,89,104,162,291,'2015-03-04 19:37:02'),(1260,89,105,162,71,'2015-03-04 19:37:02'),(1261,89,106,162,79,'2015-03-04 19:37:02'),(1262,89,107,162,98,'2015-03-04 19:37:02'),(1263,89,108,162,47,'2015-03-04 19:37:02'),(1264,89,109,162,46,'2015-03-04 19:37:02'),(1265,89,110,162,63,'2015-03-04 19:37:02'),(1266,89,111,162,103,'2015-03-04 19:37:02'),(1267,89,112,162,0,'2015-03-04 19:37:02'),(1268,89,113,162,156,'2015-03-04 19:37:02'),(1269,89,114,162,185,'2015-03-04 19:37:02'),(1270,89,115,162,204,'2015-03-04 19:37:02'),(1271,89,116,162,198,'2015-03-04 19:37:02'),(1272,89,117,162,185,'2015-03-04 19:37:02'),(1273,89,118,162,0,'2015-03-04 19:37:02'),(1274,90,37,163,0,'2015-03-04 19:37:46'),(1275,90,39,163,0,'2015-03-04 19:37:46'),(1276,90,40,163,0,'2015-03-04 19:37:46'),(1277,90,41,163,0,'2015-03-04 19:37:46'),(1278,90,42,163,0,'2015-03-04 19:37:46'),(1279,90,45,163,0,'2015-03-04 19:37:46'),(1280,90,65,163,0,'2015-03-04 19:37:46'),(1281,90,66,163,0,'2015-03-04 19:37:46'),(1282,90,67,163,0,'2015-03-04 19:37:46'),(1283,90,74,163,0,'2015-03-04 19:37:46'),(1284,90,75,163,0,'2015-03-04 19:37:46'),(1285,90,91,163,0,'2015-03-04 19:37:46'),(1286,90,92,163,0,'2015-03-04 19:37:46'),(1287,90,100,163,0,'2015-03-04 19:37:46'),(1288,90,101,163,0,'2015-03-04 19:37:46'),(1289,90,102,163,0,'2015-03-04 19:37:46'),(1290,90,104,163,0,'2015-03-04 19:37:46'),(1291,90,105,163,0,'2015-03-04 19:37:46'),(1292,90,106,163,0,'2015-03-04 19:37:46'),(1293,90,107,163,0,'2015-03-04 19:37:46'),(1294,90,108,163,0,'2015-03-04 19:37:46'),(1295,90,109,163,0,'2015-03-04 19:37:46'),(1296,90,110,163,0,'2015-03-04 19:37:46'),(1297,90,111,163,0,'2015-03-04 19:37:46'),(1298,90,112,163,0,'2015-03-04 19:37:46'),(1299,90,113,163,0,'2015-03-04 19:37:46'),(1300,90,114,163,0,'2015-03-04 19:37:46'),(1301,90,115,163,0,'2015-03-04 19:37:46'),(1302,90,116,163,0,'2015-03-04 19:37:46'),(1303,90,117,163,0,'2015-03-04 19:37:46'),(1304,90,118,163,0,'2015-03-04 19:37:46'),(1305,91,37,125,0,'2015-03-11 14:30:46'),(1306,91,39,125,0,'2015-03-11 14:30:46'),(1307,91,40,125,0,'2015-03-11 14:30:46'),(1308,91,41,125,0,'2015-03-11 14:30:46'),(1309,91,42,125,0,'2015-03-11 14:30:46'),(1310,91,45,125,0,'2015-03-11 14:30:46'),(1311,91,65,125,0,'2015-03-11 14:30:46'),(1312,91,66,125,0,'2015-03-11 14:30:46'),(1313,91,67,125,0,'2015-03-11 14:30:46'),(1314,91,73,125,0,'2015-03-11 14:30:46'),(1315,91,74,125,0,'2015-03-11 14:30:46'),(1316,91,75,125,0,'2015-03-11 14:30:46'),(1317,91,91,125,0,'2015-03-11 14:30:46'),(1318,91,92,125,0,'2015-03-11 14:30:46'),(1319,91,100,125,0,'2015-03-11 14:30:46'),(1320,91,101,125,0,'2015-03-11 14:30:46'),(1321,91,102,125,0,'2015-03-11 14:30:46'),(1322,91,104,125,0,'2015-03-11 14:30:46'),(1323,91,105,125,0,'2015-03-11 14:30:46'),(1324,91,106,125,0,'2015-03-11 14:30:46'),(1325,91,107,125,0,'2015-03-11 14:30:46'),(1326,91,108,125,0,'2015-03-11 14:30:46'),(1327,91,109,125,0,'2015-03-11 14:30:46'),(1328,91,110,125,0,'2015-03-11 14:30:46'),(1329,91,111,125,0,'2015-03-11 14:30:46'),(1330,91,112,125,0,'2015-03-11 14:30:46'),(1331,91,113,125,0,'2015-03-11 14:30:46'),(1332,91,114,125,0,'2015-03-11 14:30:46'),(1333,91,115,125,0,'2015-03-11 14:30:46'),(1334,91,116,125,0,'2015-03-11 14:30:46'),(1335,91,117,125,0,'2015-03-11 14:30:46'),(1336,91,118,125,0,'2015-03-11 14:30:46'),(1337,89,37,162,9,'2015-03-11 14:30:46'),(1338,89,39,162,7,'2015-03-11 14:30:46'),(1339,89,40,162,6,'2015-03-11 14:30:46'),(1340,89,41,162,4,'2015-03-11 14:30:46'),(1341,89,42,162,3,'2015-03-11 14:30:46'),(1342,89,45,162,2,'2015-03-11 14:30:46'),(1343,91,37,125,200,'2015-03-11 14:30:46'),(1344,91,39,125,215,'2015-03-11 14:30:46'),(1345,91,40,125,180,'2015-03-11 14:30:46'),(1346,91,41,125,195,'2015-03-11 14:30:46'),(1347,91,42,125,170,'2015-03-11 14:30:46'),(1348,91,45,125,175,'2015-03-11 14:30:46'),(1349,90,37,69,1282,'2015-03-11 14:30:46'),(1350,90,39,69,950,'2015-03-11 14:30:46'),(1351,90,40,69,985,'2015-03-11 14:30:46'),(1352,90,41,69,856,'2015-03-11 14:30:46'),(1353,90,42,69,712,'2015-03-11 14:30:46'),(1354,90,45,69,748,'2015-03-11 14:30:46'),(1368,81,92,162,99,'3/2/2015 12:00:00 AM'),(1369,86,92,162,99,'3/2/2015 12:00:00 AM'),(1370,81,102,162,139,'3/2/2015 12:00:00 AM'),(1371,86,102,162,139,'3/2/2015 12:00:00 AM'),(1372,81,104,162,191,'3/2/2015 12:00:00 AM'),(1373,86,104,162,191,'3/2/2015 12:00:00 AM'),(1374,81,105,162,53,'3/2/2015 12:00:00 AM'),(1375,86,105,162,53,'3/2/2015 12:00:00 AM'),(1376,81,106,162,68,'3/2/2015 12:00:00 AM'),(1377,86,106,162,68,'3/2/2015 12:00:00 AM'),(1378,81,107,162,83,'3/2/2015 12:00:00 AM'),(1379,86,107,162,83,'3/2/2015 12:00:00 AM'),(1380,81,108,162,40,'3/2/2015 12:00:00 AM'),(1381,86,108,162,40,'3/2/2015 12:00:00 AM'),(1382,81,109,162,38,'3/2/2015 12:00:00 AM'),(1383,86,109,162,38,'3/2/2015 12:00:00 AM'),(1384,81,110,162,54,'3/2/2015 12:00:00 AM'),(1385,86,110,162,54,'3/2/2015 12:00:00 AM'),(1386,81,111,162,87,'3/2/2015 12:00:00 AM'),(1387,86,111,162,87,'3/2/2015 12:00:00 AM'),(1388,81,89,162,83,'3/2/2015 12:00:00 AM'),(1389,86,89,162,83,'3/2/2015 12:00:00 AM'),(1390,89,89,162,83,'3/2/2015 12:00:00 AM'),(1391,81,113,162,123,'3/2/2015 12:00:00 AM'),(1392,86,113,162,123,'3/2/2015 12:00:00 AM'),(1393,81,114,162,147,'3/2/2015 12:00:00 AM'),(1394,86,114,162,147,'3/2/2015 12:00:00 AM'),(1395,81,115,162,157,'3/2/2015 12:00:00 AM'),(1396,86,115,162,157,'3/2/2015 12:00:00 AM'),(1397,81,116,162,153,'3/2/2015 12:00:00 AM'),(1398,86,116,162,153,'3/2/2015 12:00:00 AM'),(1399,81,117,162,148,'3/2/2015 12:00:00 AM'),(1400,86,117,162,148,'3/2/2015 12:00:00 AM'),(1401,87,73,163,29,'3/2/2015 12:00:00 AM'),(1402,87,74,163,13,'3/2/2015 12:00:00 AM'),(1403,87,91,163,20,'3/2/2015 12:00:00 AM'),(1404,87,100,163,26,'3/2/2015 12:00:00 AM'),(1405,87,92,163,17,'3/2/2015 12:00:00 AM'),(1406,87,102,163,10,'3/2/2015 12:00:00 AM'),(1407,87,104,163,23,'3/2/2015 12:00:00 AM'),(1408,87,105,163,4,'3/2/2015 12:00:00 AM'),(1409,87,106,163,7,'3/2/2015 12:00:00 AM'),(1410,87,107,163,26,'3/2/2015 12:00:00 AM'),(1411,87,108,163,29,'3/2/2015 12:00:00 AM'),(1412,87,109,163,20,'3/2/2015 12:00:00 AM'),(1413,87,110,163,23,'3/2/2015 12:00:00 AM'),(1414,87,111,163,13,'3/2/2015 12:00:00 AM'),(1415,87,89,163,13,'3/2/2015 12:00:00 AM'),(1416,87,113,163,20,'3/2/2015 12:00:00 AM'),(1417,87,114,163,7,'3/2/2015 12:00:00 AM'),(1418,87,115,163,7,'3/2/2015 12:00:00 AM'),(1419,87,116,163,4,'3/2/2015 12:00:00 AM'),(1420,87,117,163,23,'3/2/2015 12:00:00 AM'),(1421,86,73,162,30,'3/2/2015 12:00:00 AM'),(1422,89,73,162,30,'3/2/2015 12:00:00 AM'),(1423,81,74,162,37,'3/2/2015 12:00:00 AM'),(1424,86,74,162,37,'3/2/2015 12:00:00 AM'),(1425,81,91,162,97,'3/2/2015 12:00:00 AM'),(1426,86,91,162,97,'3/2/2015 12:00:00 AM'),(1427,81,100,162,35,'3/2/2015 12:00:00 AM'),(1428,86,100,162,35,'3/2/2015 12:00:00 AM'),(1429,89,73,162,40,'3/2/2015 12:00:00 AM'),(1430,89,73,162,80,'3/2/2015 12:00:00 AM'),(1431,92,37,69,350,'2015-03-17 19:18:19'),(1432,92,39,69,0,'2015-03-17 19:18:19'),(1433,92,40,69,0,'2015-03-17 19:18:19'),(1434,92,41,69,0,'2015-03-17 19:18:19'),(1435,92,42,69,0,'2015-03-17 19:18:19'),(1436,92,45,69,0,'2015-03-17 19:18:19'),(1437,92,65,69,0,'2015-03-17 19:18:19'),(1438,92,66,69,0,'2015-03-17 19:18:19'),(1439,92,67,69,0,'2015-03-17 19:18:19'),(1440,92,73,69,793,'2015-03-17 19:18:19'),(1441,92,74,69,258,'2015-03-17 19:18:19'),(1442,92,75,69,0,'2015-03-17 19:18:19'),(1443,92,91,69,339,'2015-03-17 19:18:19'),(1444,92,92,69,309,'2015-03-17 19:18:19'),(1445,92,100,69,201,'2015-03-17 19:18:19'),(1446,92,101,69,0,'2015-03-17 19:18:19'),(1447,92,102,69,368,'2015-03-17 19:18:19'),(1448,92,104,69,401,'2015-03-17 19:18:19'),(1449,92,105,69,173,'2015-03-17 19:18:19'),(1450,92,106,69,169,'2015-03-17 19:18:19'),(1451,92,107,69,101,'2015-03-17 19:18:19'),(1452,92,108,69,67,'2015-03-17 19:18:19'),(1453,92,109,69,90,'2015-03-17 19:18:19'),(1454,92,110,69,69,'2015-03-17 19:18:19'),(1455,92,111,69,125,'2015-03-17 19:18:19'),(1456,92,112,69,0,'2015-03-17 19:18:19'),(1457,92,113,69,230,'2015-03-17 19:18:19'),(1458,92,114,69,213,'2015-03-17 19:18:19'),(1459,92,115,69,259,'2015-03-17 19:18:19'),(1460,92,116,69,252,'2015-03-17 19:18:19'),(1461,92,117,69,203,'2015-03-17 19:18:19'),(1462,92,118,69,310,'2015-03-17 19:18:19'),(1494,7,73,69,793,'3/2/2015 12:00:00 AM'),(1495,20,73,69,793,'3/2/2015 12:00:00 AM'),(1496,22,73,69,793,'3/2/2015 12:00:00 AM'),(1497,25,73,69,793,'3/2/2015 12:00:00 AM'),(1498,27,73,69,793,'3/2/2015 12:00:00 AM'),(1499,29,73,69,793,'3/2/2015 12:00:00 AM'),(1500,30,73,69,793,'3/2/2015 12:00:00 AM'),(1501,34,73,69,793,'3/2/2015 12:00:00 AM'),(1502,38,73,69,793,'3/2/2015 12:00:00 AM'),(1503,39,73,69,793,'3/2/2015 12:00:00 AM'),(1504,44,73,69,793,'3/2/2015 12:00:00 AM'),(1505,45,73,69,793,'3/2/2015 12:00:00 AM'),(1506,48,73,69,793,'3/2/2015 12:00:00 AM'),(1507,52,73,69,793,'3/2/2015 12:00:00 AM'),(1508,57,73,69,793,'3/2/2015 12:00:00 AM'),(1509,63,73,69,793,'3/2/2015 12:00:00 AM'),(1510,71,73,69,793,'3/2/2015 12:00:00 AM'),(1511,84,73,69,793,'3/2/2015 12:00:00 AM'),(1512,90,73,69,793,'3/2/2015 12:00:00 AM'),(1513,7,74,69,258,'3/2/2015 12:00:00 AM'),(1514,20,74,69,258,'3/2/2015 12:00:00 AM'),(1515,22,74,69,258,'3/2/2015 12:00:00 AM'),(1516,25,74,69,258,'3/2/2015 12:00:00 AM'),(1517,27,74,69,258,'3/2/2015 12:00:00 AM'),(1518,29,74,69,258,'3/2/2015 12:00:00 AM'),(1519,30,74,69,258,'3/2/2015 12:00:00 AM'),(1520,34,74,69,258,'3/2/2015 12:00:00 AM'),(1521,38,74,69,258,'3/2/2015 12:00:00 AM'),(1522,39,74,69,258,'3/2/2015 12:00:00 AM'),(1523,44,74,69,258,'3/2/2015 12:00:00 AM'),(1524,45,74,69,258,'3/2/2015 12:00:00 AM'),(1525,48,74,69,258,'3/2/2015 12:00:00 AM'),(1526,49,74,69,258,'3/2/2015 12:00:00 AM'),(1527,52,74,69,258,'3/2/2015 12:00:00 AM'),(1528,54,74,69,258,'3/2/2015 12:00:00 AM'),(1529,57,74,69,258,'3/2/2015 12:00:00 AM'),(1530,63,74,69,258,'3/2/2015 12:00:00 AM'),(1531,64,74,69,258,'3/2/2015 12:00:00 AM'),(1532,66,74,69,258,'3/2/2015 12:00:00 AM'),(1533,70,74,69,258,'3/2/2015 12:00:00 AM'),(1534,71,74,69,258,'3/2/2015 12:00:00 AM'),(1535,72,74,69,258,'3/2/2015 12:00:00 AM'),(1536,84,74,69,258,'3/2/2015 12:00:00 AM'),(1537,90,74,69,258,'3/2/2015 12:00:00 AM'),(1538,7,91,69,339,'3/2/2015 12:00:00 AM'),(1539,20,91,69,339,'3/2/2015 12:00:00 AM'),(1540,22,91,69,339,'3/2/2015 12:00:00 AM'),(1541,25,91,69,339,'3/2/2015 12:00:00 AM'),(1542,27,91,69,339,'3/2/2015 12:00:00 AM'),(1543,29,91,69,339,'3/2/2015 12:00:00 AM'),(1544,30,91,69,339,'3/2/2015 12:00:00 AM'),(1545,34,91,69,339,'3/2/2015 12:00:00 AM'),(1546,38,91,69,339,'3/2/2015 12:00:00 AM'),(1547,39,91,69,339,'3/2/2015 12:00:00 AM'),(1548,44,91,69,339,'3/2/2015 12:00:00 AM'),(1549,45,91,69,339,'3/2/2015 12:00:00 AM'),(1550,48,91,69,339,'3/2/2015 12:00:00 AM'),(1551,49,91,69,339,'3/2/2015 12:00:00 AM'),(1552,52,91,69,339,'3/2/2015 12:00:00 AM'),(1553,54,91,69,339,'3/2/2015 12:00:00 AM'),(1554,57,91,69,339,'3/2/2015 12:00:00 AM'),(1555,63,91,69,339,'3/2/2015 12:00:00 AM'),(1556,64,91,69,339,'3/2/2015 12:00:00 AM'),(1557,66,91,69,339,'3/2/2015 12:00:00 AM'),(1558,70,91,69,339,'3/2/2015 12:00:00 AM'),(1559,71,91,69,339,'3/2/2015 12:00:00 AM'),(1560,72,91,69,339,'3/2/2015 12:00:00 AM'),(1561,84,91,69,339,'3/2/2015 12:00:00 AM'),(1562,85,91,69,339,'3/2/2015 12:00:00 AM'),(1563,90,91,69,339,'3/2/2015 12:00:00 AM'),(1564,7,100,69,201,'3/2/2015 12:00:00 AM'),(1565,20,100,69,201,'3/2/2015 12:00:00 AM'),(1566,21,100,69,201,'3/2/2015 12:00:00 AM'),(1567,22,100,69,201,'3/2/2015 12:00:00 AM'),(1568,25,100,69,201,'3/2/2015 12:00:00 AM'),(1569,27,100,69,201,'3/2/2015 12:00:00 AM'),(1570,29,100,69,201,'3/2/2015 12:00:00 AM'),(1571,30,100,69,201,'3/2/2015 12:00:00 AM'),(1572,34,100,69,201,'3/2/2015 12:00:00 AM'),(1573,38,100,69,201,'3/2/2015 12:00:00 AM'),(1574,39,100,69,201,'3/2/2015 12:00:00 AM'),(1575,44,100,69,201,'3/2/2015 12:00:00 AM'),(1576,45,100,69,201,'3/2/2015 12:00:00 AM'),(1577,48,100,69,201,'3/2/2015 12:00:00 AM'),(1578,49,100,69,201,'3/2/2015 12:00:00 AM'),(1579,52,100,69,201,'3/2/2015 12:00:00 AM'),(1580,54,100,69,201,'3/2/2015 12:00:00 AM'),(1581,57,100,69,201,'3/2/2015 12:00:00 AM'),(1582,63,100,69,201,'3/2/2015 12:00:00 AM'),(1583,64,100,69,201,'3/2/2015 12:00:00 AM'),(1584,66,100,69,201,'3/2/2015 12:00:00 AM'),(1585,70,100,69,201,'3/2/2015 12:00:00 AM'),(1586,71,100,69,201,'3/2/2015 12:00:00 AM'),(1587,72,100,69,201,'3/2/2015 12:00:00 AM'),(1588,84,100,69,201,'3/2/2015 12:00:00 AM'),(1589,85,100,69,201,'3/2/2015 12:00:00 AM'),(1590,90,100,69,201,'3/2/2015 12:00:00 AM'),(1591,7,92,69,309,'3/2/2015 12:00:00 AM'),(1592,20,92,69,309,'3/2/2015 12:00:00 AM'),(1593,21,92,69,309,'3/2/2015 12:00:00 AM'),(1594,22,92,69,309,'3/2/2015 12:00:00 AM'),(1595,25,92,69,309,'3/2/2015 12:00:00 AM'),(1596,27,92,69,309,'3/2/2015 12:00:00 AM'),(1597,29,92,69,309,'3/2/2015 12:00:00 AM'),(1598,30,92,69,309,'3/2/2015 12:00:00 AM'),(1599,34,92,69,309,'3/2/2015 12:00:00 AM'),(1600,38,92,69,309,'3/2/2015 12:00:00 AM'),(1601,39,92,69,309,'3/2/2015 12:00:00 AM'),(1602,44,92,69,309,'3/2/2015 12:00:00 AM'),(1603,45,92,69,309,'3/2/2015 12:00:00 AM'),(1604,48,92,69,309,'3/2/2015 12:00:00 AM'),(1605,49,92,69,309,'3/2/2015 12:00:00 AM'),(1606,52,92,69,309,'3/2/2015 12:00:00 AM'),(1607,54,92,69,309,'3/2/2015 12:00:00 AM'),(1608,57,92,69,309,'3/2/2015 12:00:00 AM'),(1609,63,92,69,309,'3/2/2015 12:00:00 AM'),(1610,64,92,69,309,'3/2/2015 12:00:00 AM'),(1611,66,92,69,309,'3/2/2015 12:00:00 AM'),(1612,70,92,69,309,'3/2/2015 12:00:00 AM'),(1613,71,92,69,309,'3/2/2015 12:00:00 AM'),(1614,72,92,69,309,'3/2/2015 12:00:00 AM'),(1615,84,92,69,309,'3/2/2015 12:00:00 AM'),(1616,85,92,69,309,'3/2/2015 12:00:00 AM'),(1617,90,92,69,309,'3/2/2015 12:00:00 AM'),(1618,7,102,69,368,'3/2/2015 12:00:00 AM'),(1619,20,102,69,368,'3/2/2015 12:00:00 AM'),(1620,21,102,69,368,'3/2/2015 12:00:00 AM'),(1621,22,102,69,368,'3/2/2015 12:00:00 AM'),(1622,25,102,69,368,'3/2/2015 12:00:00 AM'),(1623,27,102,69,368,'3/2/2015 12:00:00 AM'),(1624,29,102,69,368,'3/2/2015 12:00:00 AM'),(1625,30,102,69,368,'3/2/2015 12:00:00 AM'),(1626,34,102,69,368,'3/2/2015 12:00:00 AM'),(1627,38,102,69,368,'3/2/2015 12:00:00 AM'),(1628,39,102,69,368,'3/2/2015 12:00:00 AM'),(1629,44,102,69,368,'3/2/2015 12:00:00 AM'),(1630,45,102,69,368,'3/2/2015 12:00:00 AM'),(1631,48,102,69,368,'3/2/2015 12:00:00 AM'),(1632,49,102,69,368,'3/2/2015 12:00:00 AM'),(1633,52,102,69,368,'3/2/2015 12:00:00 AM'),(1634,54,102,69,368,'3/2/2015 12:00:00 AM'),(1635,57,102,69,368,'3/2/2015 12:00:00 AM'),(1636,63,102,69,368,'3/2/2015 12:00:00 AM'),(1637,64,102,69,368,'3/2/2015 12:00:00 AM'),(1638,66,102,69,368,'3/2/2015 12:00:00 AM'),(1639,70,102,69,368,'3/2/2015 12:00:00 AM'),(1640,71,102,69,368,'3/2/2015 12:00:00 AM'),(1641,72,102,69,368,'3/2/2015 12:00:00 AM'),(1642,84,102,69,368,'3/2/2015 12:00:00 AM'),(1643,85,102,69,368,'3/2/2015 12:00:00 AM'),(1644,90,102,69,368,'3/2/2015 12:00:00 AM'),(1645,7,104,69,401,'3/2/2015 12:00:00 AM'),(1646,20,104,69,401,'3/2/2015 12:00:00 AM'),(1647,21,104,69,401,'3/2/2015 12:00:00 AM'),(1648,22,104,69,401,'3/2/2015 12:00:00 AM'),(1649,25,104,69,401,'3/2/2015 12:00:00 AM'),(1650,27,104,69,401,'3/2/2015 12:00:00 AM'),(1651,29,104,69,401,'3/2/2015 12:00:00 AM'),(1652,30,104,69,401,'3/2/2015 12:00:00 AM'),(1653,34,104,69,401,'3/2/2015 12:00:00 AM'),(1654,38,104,69,401,'3/2/2015 12:00:00 AM'),(1655,39,104,69,401,'3/2/2015 12:00:00 AM'),(1656,44,104,69,401,'3/2/2015 12:00:00 AM'),(1657,45,104,69,401,'3/2/2015 12:00:00 AM'),(1658,48,104,69,401,'3/2/2015 12:00:00 AM'),(1659,49,104,69,401,'3/2/2015 12:00:00 AM'),(1660,52,104,69,401,'3/2/2015 12:00:00 AM'),(1661,54,104,69,401,'3/2/2015 12:00:00 AM'),(1662,57,104,69,401,'3/2/2015 12:00:00 AM'),(1663,63,104,69,401,'3/2/2015 12:00:00 AM'),(1664,64,104,69,401,'3/2/2015 12:00:00 AM'),(1665,66,104,69,401,'3/2/2015 12:00:00 AM'),(1666,70,104,69,401,'3/2/2015 12:00:00 AM'),(1667,71,104,69,401,'3/2/2015 12:00:00 AM'),(1668,72,104,69,401,'3/2/2015 12:00:00 AM'),(1669,84,104,69,401,'3/2/2015 12:00:00 AM'),(1670,85,104,69,401,'3/2/2015 12:00:00 AM'),(1671,90,104,69,401,'3/2/2015 12:00:00 AM'),(1672,7,105,69,173,'3/2/2015 12:00:00 AM'),(1673,20,105,69,173,'3/2/2015 12:00:00 AM'),(1674,21,105,69,173,'3/2/2015 12:00:00 AM'),(1675,22,105,69,173,'3/2/2015 12:00:00 AM'),(1676,25,105,69,173,'3/2/2015 12:00:00 AM'),(1677,27,105,69,173,'3/2/2015 12:00:00 AM'),(1678,29,105,69,173,'3/2/2015 12:00:00 AM'),(1679,30,105,69,173,'3/2/2015 12:00:00 AM'),(1680,34,105,69,173,'3/2/2015 12:00:00 AM'),(1681,38,105,69,173,'3/2/2015 12:00:00 AM'),(1682,39,105,69,173,'3/2/2015 12:00:00 AM'),(1683,44,105,69,173,'3/2/2015 12:00:00 AM'),(1684,45,105,69,173,'3/2/2015 12:00:00 AM'),(1685,48,105,69,173,'3/2/2015 12:00:00 AM'),(1686,49,105,69,173,'3/2/2015 12:00:00 AM'),(1687,52,105,69,173,'3/2/2015 12:00:00 AM'),(1688,54,105,69,173,'3/2/2015 12:00:00 AM'),(1689,57,105,69,173,'3/2/2015 12:00:00 AM'),(1690,63,105,69,173,'3/2/2015 12:00:00 AM'),(1691,64,105,69,173,'3/2/2015 12:00:00 AM'),(1692,66,105,69,173,'3/2/2015 12:00:00 AM'),(1693,70,105,69,173,'3/2/2015 12:00:00 AM'),(1694,71,105,69,173,'3/2/2015 12:00:00 AM'),(1695,72,105,69,173,'3/2/2015 12:00:00 AM'),(1696,84,105,69,173,'3/2/2015 12:00:00 AM'),(1697,85,105,69,173,'3/2/2015 12:00:00 AM'),(1698,90,105,69,173,'3/2/2015 12:00:00 AM'),(1699,7,106,69,169,'3/2/2015 12:00:00 AM'),(1700,20,106,69,169,'3/2/2015 12:00:00 AM'),(1701,21,106,69,169,'3/2/2015 12:00:00 AM'),(1702,22,106,69,169,'3/2/2015 12:00:00 AM'),(1703,25,106,69,169,'3/2/2015 12:00:00 AM'),(1704,27,106,69,169,'3/2/2015 12:00:00 AM'),(1705,29,106,69,169,'3/2/2015 12:00:00 AM'),(1706,30,106,69,169,'3/2/2015 12:00:00 AM'),(1707,34,106,69,169,'3/2/2015 12:00:00 AM'),(1708,38,106,69,169,'3/2/2015 12:00:00 AM'),(1709,39,106,69,169,'3/2/2015 12:00:00 AM'),(1710,44,106,69,169,'3/2/2015 12:00:00 AM'),(1711,45,106,69,169,'3/2/2015 12:00:00 AM'),(1712,48,106,69,169,'3/2/2015 12:00:00 AM'),(1713,49,106,69,169,'3/2/2015 12:00:00 AM'),(1714,52,106,69,169,'3/2/2015 12:00:00 AM'),(1715,54,106,69,169,'3/2/2015 12:00:00 AM'),(1716,57,106,69,169,'3/2/2015 12:00:00 AM'),(1717,63,106,69,169,'3/2/2015 12:00:00 AM'),(1718,64,106,69,169,'3/2/2015 12:00:00 AM'),(1719,66,106,69,169,'3/2/2015 12:00:00 AM'),(1720,70,106,69,169,'3/2/2015 12:00:00 AM'),(1721,71,106,69,169,'3/2/2015 12:00:00 AM'),(1722,72,106,69,169,'3/2/2015 12:00:00 AM'),(1723,84,106,69,169,'3/2/2015 12:00:00 AM'),(1724,85,106,69,169,'3/2/2015 12:00:00 AM'),(1725,90,106,69,169,'3/2/2015 12:00:00 AM'),(1726,7,107,69,101,'3/2/2015 12:00:00 AM'),(1727,20,107,69,101,'3/2/2015 12:00:00 AM'),(1728,21,107,69,101,'3/2/2015 12:00:00 AM'),(1729,22,107,69,101,'3/2/2015 12:00:00 AM'),(1730,25,107,69,101,'3/2/2015 12:00:00 AM'),(1731,27,107,69,101,'3/2/2015 12:00:00 AM'),(1732,29,107,69,101,'3/2/2015 12:00:00 AM'),(1733,30,107,69,101,'3/2/2015 12:00:00 AM'),(1734,34,107,69,101,'3/2/2015 12:00:00 AM'),(1735,38,107,69,101,'3/2/2015 12:00:00 AM'),(1736,39,107,69,101,'3/2/2015 12:00:00 AM'),(1737,44,107,69,101,'3/2/2015 12:00:00 AM'),(1738,45,107,69,101,'3/2/2015 12:00:00 AM'),(1739,48,107,69,101,'3/2/2015 12:00:00 AM'),(1740,49,107,69,101,'3/2/2015 12:00:00 AM'),(1741,52,107,69,101,'3/2/2015 12:00:00 AM'),(1742,54,107,69,101,'3/2/2015 12:00:00 AM'),(1743,57,107,69,101,'3/2/2015 12:00:00 AM'),(1744,63,107,69,101,'3/2/2015 12:00:00 AM'),(1745,64,107,69,101,'3/2/2015 12:00:00 AM'),(1746,66,107,69,101,'3/2/2015 12:00:00 AM'),(1747,70,107,69,101,'3/2/2015 12:00:00 AM'),(1748,71,107,69,101,'3/2/2015 12:00:00 AM'),(1749,72,107,69,101,'3/2/2015 12:00:00 AM'),(1750,84,107,69,101,'3/2/2015 12:00:00 AM'),(1751,85,107,69,101,'3/2/2015 12:00:00 AM'),(1752,90,107,69,101,'3/2/2015 12:00:00 AM'),(1753,7,108,69,67,'3/2/2015 12:00:00 AM'),(1754,20,108,69,67,'3/2/2015 12:00:00 AM'),(1755,21,108,69,67,'3/2/2015 12:00:00 AM'),(1756,22,108,69,67,'3/2/2015 12:00:00 AM'),(1757,25,108,69,67,'3/2/2015 12:00:00 AM'),(1758,27,108,69,67,'3/2/2015 12:00:00 AM'),(1759,29,108,69,67,'3/2/2015 12:00:00 AM'),(1760,30,108,69,67,'3/2/2015 12:00:00 AM'),(1761,34,108,69,67,'3/2/2015 12:00:00 AM'),(1762,38,108,69,67,'3/2/2015 12:00:00 AM'),(1763,39,108,69,67,'3/2/2015 12:00:00 AM'),(1764,44,108,69,67,'3/2/2015 12:00:00 AM'),(1765,45,108,69,67,'3/2/2015 12:00:00 AM'),(1766,48,108,69,67,'3/2/2015 12:00:00 AM'),(1767,49,108,69,67,'3/2/2015 12:00:00 AM'),(1768,52,108,69,67,'3/2/2015 12:00:00 AM'),(1769,54,108,69,67,'3/2/2015 12:00:00 AM'),(1770,57,108,69,67,'3/2/2015 12:00:00 AM'),(1771,63,108,69,67,'3/2/2015 12:00:00 AM'),(1772,64,108,69,67,'3/2/2015 12:00:00 AM'),(1773,66,108,69,67,'3/2/2015 12:00:00 AM'),(1774,70,108,69,67,'3/2/2015 12:00:00 AM'),(1775,71,108,69,67,'3/2/2015 12:00:00 AM'),(1776,72,108,69,67,'3/2/2015 12:00:00 AM'),(1777,84,108,69,67,'3/2/2015 12:00:00 AM'),(1778,85,108,69,67,'3/2/2015 12:00:00 AM'),(1779,90,108,69,67,'3/2/2015 12:00:00 AM'),(1780,7,109,69,90,'3/2/2015 12:00:00 AM'),(1781,20,109,69,90,'3/2/2015 12:00:00 AM'),(1782,21,109,69,90,'3/2/2015 12:00:00 AM'),(1783,22,109,69,90,'3/2/2015 12:00:00 AM'),(1784,25,109,69,90,'3/2/2015 12:00:00 AM'),(1785,27,109,69,90,'3/2/2015 12:00:00 AM'),(1786,29,109,69,90,'3/2/2015 12:00:00 AM'),(1787,30,109,69,90,'3/2/2015 12:00:00 AM'),(1788,34,109,69,90,'3/2/2015 12:00:00 AM'),(1789,38,109,69,90,'3/2/2015 12:00:00 AM'),(1790,39,109,69,90,'3/2/2015 12:00:00 AM'),(1791,44,109,69,90,'3/2/2015 12:00:00 AM'),(1792,45,109,69,90,'3/2/2015 12:00:00 AM'),(1793,48,109,69,90,'3/2/2015 12:00:00 AM'),(1794,49,109,69,90,'3/2/2015 12:00:00 AM'),(1795,52,109,69,90,'3/2/2015 12:00:00 AM'),(1796,54,109,69,90,'3/2/2015 12:00:00 AM'),(1797,57,109,69,90,'3/2/2015 12:00:00 AM'),(1798,63,109,69,90,'3/2/2015 12:00:00 AM'),(1799,64,109,69,90,'3/2/2015 12:00:00 AM'),(1800,66,109,69,90,'3/2/2015 12:00:00 AM'),(1801,70,109,69,90,'3/2/2015 12:00:00 AM'),(1802,71,109,69,90,'3/2/2015 12:00:00 AM'),(1803,72,109,69,90,'3/2/2015 12:00:00 AM'),(1804,84,109,69,90,'3/2/2015 12:00:00 AM'),(1805,85,109,69,90,'3/2/2015 12:00:00 AM'),(1806,90,109,69,90,'3/2/2015 12:00:00 AM'),(1807,7,110,69,69,'3/2/2015 12:00:00 AM'),(1808,20,110,69,69,'3/2/2015 12:00:00 AM'),(1809,21,110,69,69,'3/2/2015 12:00:00 AM'),(1810,22,110,69,69,'3/2/2015 12:00:00 AM'),(1811,25,110,69,69,'3/2/2015 12:00:00 AM'),(1812,27,110,69,69,'3/2/2015 12:00:00 AM'),(1813,29,110,69,69,'3/2/2015 12:00:00 AM'),(1814,30,110,69,69,'3/2/2015 12:00:00 AM'),(1815,34,110,69,69,'3/2/2015 12:00:00 AM'),(1816,38,110,69,69,'3/2/2015 12:00:00 AM'),(1817,39,110,69,69,'3/2/2015 12:00:00 AM'),(1818,44,110,69,69,'3/2/2015 12:00:00 AM'),(1819,45,110,69,69,'3/2/2015 12:00:00 AM'),(1820,48,110,69,69,'3/2/2015 12:00:00 AM'),(1821,49,110,69,69,'3/2/2015 12:00:00 AM'),(1822,52,110,69,69,'3/2/2015 12:00:00 AM'),(1823,54,110,69,69,'3/2/2015 12:00:00 AM'),(1824,57,110,69,69,'3/2/2015 12:00:00 AM'),(1825,63,110,69,69,'3/2/2015 12:00:00 AM'),(1826,64,110,69,69,'3/2/2015 12:00:00 AM'),(1827,66,110,69,69,'3/2/2015 12:00:00 AM'),(1828,70,110,69,69,'3/2/2015 12:00:00 AM'),(1829,71,110,69,69,'3/2/2015 12:00:00 AM'),(1830,72,110,69,69,'3/2/2015 12:00:00 AM'),(1831,84,110,69,69,'3/2/2015 12:00:00 AM'),(1832,85,110,69,69,'3/2/2015 12:00:00 AM'),(1833,90,110,69,69,'3/2/2015 12:00:00 AM'),(1834,7,111,69,125,'3/2/2015 12:00:00 AM'),(1835,20,111,69,125,'3/2/2015 12:00:00 AM'),(1836,21,111,69,125,'3/2/2015 12:00:00 AM'),(1837,22,111,69,125,'3/2/2015 12:00:00 AM'),(1838,25,111,69,125,'3/2/2015 12:00:00 AM'),(1839,27,111,69,125,'3/2/2015 12:00:00 AM'),(1840,29,111,69,125,'3/2/2015 12:00:00 AM'),(1841,30,111,69,125,'3/2/2015 12:00:00 AM'),(1842,34,111,69,125,'3/2/2015 12:00:00 AM'),(1843,38,111,69,125,'3/2/2015 12:00:00 AM'),(1844,39,111,69,125,'3/2/2015 12:00:00 AM'),(1845,44,111,69,125,'3/2/2015 12:00:00 AM'),(1846,45,111,69,125,'3/2/2015 12:00:00 AM'),(1847,48,111,69,125,'3/2/2015 12:00:00 AM'),(1848,49,111,69,125,'3/2/2015 12:00:00 AM'),(1849,52,111,69,125,'3/2/2015 12:00:00 AM'),(1850,54,111,69,125,'3/2/2015 12:00:00 AM'),(1851,57,111,69,125,'3/2/2015 12:00:00 AM'),(1852,63,111,69,125,'3/2/2015 12:00:00 AM'),(1853,64,111,69,125,'3/2/2015 12:00:00 AM'),(1854,66,111,69,125,'3/2/2015 12:00:00 AM'),(1855,70,111,69,125,'3/2/2015 12:00:00 AM'),(1856,71,111,69,125,'3/2/2015 12:00:00 AM'),(1857,72,111,69,125,'3/2/2015 12:00:00 AM'),(1858,84,111,69,125,'3/2/2015 12:00:00 AM'),(1859,85,111,69,125,'3/2/2015 12:00:00 AM'),(1860,90,111,69,125,'3/2/2015 12:00:00 AM'),(1861,7,89,69,179,'3/2/2015 12:00:00 AM'),(1862,20,89,69,179,'3/2/2015 12:00:00 AM'),(1863,21,89,69,179,'3/2/2015 12:00:00 AM'),(1864,22,89,69,179,'3/2/2015 12:00:00 AM'),(1865,25,89,69,179,'3/2/2015 12:00:00 AM'),(1866,27,89,69,179,'3/2/2015 12:00:00 AM'),(1867,29,89,69,179,'3/2/2015 12:00:00 AM'),(1868,30,89,69,179,'3/2/2015 12:00:00 AM'),(1869,34,89,69,179,'3/2/2015 12:00:00 AM'),(1870,38,89,69,179,'3/2/2015 12:00:00 AM'),(1871,39,89,69,179,'3/2/2015 12:00:00 AM'),(1872,44,89,69,179,'3/2/2015 12:00:00 AM'),(1873,45,89,69,179,'3/2/2015 12:00:00 AM'),(1874,48,89,69,179,'3/2/2015 12:00:00 AM'),(1875,49,89,69,179,'3/2/2015 12:00:00 AM'),(1876,52,89,69,179,'3/2/2015 12:00:00 AM'),(1877,54,89,69,179,'3/2/2015 12:00:00 AM'),(1878,57,89,69,179,'3/2/2015 12:00:00 AM'),(1879,63,89,69,179,'3/2/2015 12:00:00 AM'),(1880,64,89,69,179,'3/2/2015 12:00:00 AM'),(1881,66,89,69,179,'3/2/2015 12:00:00 AM'),(1882,70,89,69,179,'3/2/2015 12:00:00 AM'),(1883,71,89,69,179,'3/2/2015 12:00:00 AM'),(1884,72,89,69,179,'3/2/2015 12:00:00 AM'),(1885,84,89,69,179,'3/2/2015 12:00:00 AM'),(1886,85,89,69,179,'3/2/2015 12:00:00 AM'),(1887,90,89,69,179,'3/2/2015 12:00:00 AM'),(1888,92,89,69,179,'3/2/2015 12:00:00 AM'),(1889,7,113,69,230,'3/2/2015 12:00:00 AM'),(1890,20,113,69,230,'3/2/2015 12:00:00 AM'),(1891,21,113,69,230,'3/2/2015 12:00:00 AM'),(1892,22,113,69,230,'3/2/2015 12:00:00 AM'),(1893,25,113,69,230,'3/2/2015 12:00:00 AM'),(1894,27,113,69,230,'3/2/2015 12:00:00 AM'),(1895,29,113,69,230,'3/2/2015 12:00:00 AM'),(1896,30,113,69,230,'3/2/2015 12:00:00 AM'),(1897,34,113,69,230,'3/2/2015 12:00:00 AM'),(1898,38,113,69,230,'3/2/2015 12:00:00 AM'),(1899,39,113,69,230,'3/2/2015 12:00:00 AM'),(1900,44,113,69,230,'3/2/2015 12:00:00 AM'),(1901,45,113,69,230,'3/2/2015 12:00:00 AM'),(1902,48,113,69,230,'3/2/2015 12:00:00 AM'),(1903,49,113,69,230,'3/2/2015 12:00:00 AM'),(1904,52,113,69,230,'3/2/2015 12:00:00 AM'),(1905,54,113,69,230,'3/2/2015 12:00:00 AM'),(1906,57,113,69,230,'3/2/2015 12:00:00 AM'),(1907,63,113,69,230,'3/2/2015 12:00:00 AM'),(1908,64,113,69,230,'3/2/2015 12:00:00 AM'),(1909,66,113,69,230,'3/2/2015 12:00:00 AM'),(1910,70,113,69,230,'3/2/2015 12:00:00 AM'),(1911,71,113,69,230,'3/2/2015 12:00:00 AM'),(1912,72,113,69,230,'3/2/2015 12:00:00 AM'),(1913,84,113,69,230,'3/2/2015 12:00:00 AM'),(1914,85,113,69,230,'3/2/2015 12:00:00 AM'),(1915,90,113,69,230,'3/2/2015 12:00:00 AM'),(1916,7,114,69,213,'3/2/2015 12:00:00 AM'),(1917,20,114,69,213,'3/2/2015 12:00:00 AM'),(1918,21,114,69,213,'3/2/2015 12:00:00 AM'),(1919,22,114,69,213,'3/2/2015 12:00:00 AM'),(1920,25,114,69,213,'3/2/2015 12:00:00 AM'),(1921,27,114,69,213,'3/2/2015 12:00:00 AM'),(1922,29,114,69,213,'3/2/2015 12:00:00 AM'),(1923,30,114,69,213,'3/2/2015 12:00:00 AM'),(1924,34,114,69,213,'3/2/2015 12:00:00 AM'),(1925,38,114,69,213,'3/2/2015 12:00:00 AM'),(1926,39,114,69,213,'3/2/2015 12:00:00 AM'),(1927,44,114,69,213,'3/2/2015 12:00:00 AM'),(1928,45,114,69,213,'3/2/2015 12:00:00 AM'),(1929,48,114,69,213,'3/2/2015 12:00:00 AM'),(1930,49,114,69,213,'3/2/2015 12:00:00 AM'),(1931,52,114,69,213,'3/2/2015 12:00:00 AM'),(1932,54,114,69,213,'3/2/2015 12:00:00 AM'),(1933,57,114,69,213,'3/2/2015 12:00:00 AM'),(1934,63,114,69,213,'3/2/2015 12:00:00 AM'),(1935,64,114,69,213,'3/2/2015 12:00:00 AM'),(1936,66,114,69,213,'3/2/2015 12:00:00 AM'),(1937,70,114,69,213,'3/2/2015 12:00:00 AM'),(1938,71,114,69,213,'3/2/2015 12:00:00 AM'),(1939,72,114,69,213,'3/2/2015 12:00:00 AM'),(1940,84,114,69,213,'3/2/2015 12:00:00 AM'),(1941,85,114,69,213,'3/2/2015 12:00:00 AM'),(1942,90,114,69,213,'3/2/2015 12:00:00 AM'),(1943,7,115,69,259,'3/2/2015 12:00:00 AM'),(1944,20,115,69,259,'3/2/2015 12:00:00 AM'),(1945,21,115,69,259,'3/2/2015 12:00:00 AM'),(1946,22,115,69,259,'3/2/2015 12:00:00 AM'),(1947,25,115,69,259,'3/2/2015 12:00:00 AM'),(1948,27,115,69,259,'3/2/2015 12:00:00 AM'),(1949,29,115,69,259,'3/2/2015 12:00:00 AM'),(1950,30,115,69,259,'3/2/2015 12:00:00 AM'),(1951,34,115,69,259,'3/2/2015 12:00:00 AM'),(1952,38,115,69,259,'3/2/2015 12:00:00 AM'),(1953,39,115,69,259,'3/2/2015 12:00:00 AM'),(1954,44,115,69,259,'3/2/2015 12:00:00 AM'),(1955,45,115,69,259,'3/2/2015 12:00:00 AM'),(1956,48,115,69,259,'3/2/2015 12:00:00 AM'),(1957,49,115,69,259,'3/2/2015 12:00:00 AM'),(1958,52,115,69,259,'3/2/2015 12:00:00 AM'),(1959,54,115,69,259,'3/2/2015 12:00:00 AM'),(1960,57,115,69,259,'3/2/2015 12:00:00 AM'),(1961,63,115,69,259,'3/2/2015 12:00:00 AM'),(1962,64,115,69,259,'3/2/2015 12:00:00 AM'),(1963,66,115,69,259,'3/2/2015 12:00:00 AM'),(1964,70,115,69,259,'3/2/2015 12:00:00 AM'),(1965,71,115,69,259,'3/2/2015 12:00:00 AM'),(1966,72,115,69,259,'3/2/2015 12:00:00 AM'),(1967,84,115,69,259,'3/2/2015 12:00:00 AM'),(1968,85,115,69,259,'3/2/2015 12:00:00 AM'),(1969,90,115,69,259,'3/2/2015 12:00:00 AM'),(1970,7,116,69,252,'3/2/2015 12:00:00 AM'),(1971,20,116,69,252,'3/2/2015 12:00:00 AM'),(1972,21,116,69,252,'3/2/2015 12:00:00 AM'),(1973,22,116,69,252,'3/2/2015 12:00:00 AM'),(1974,25,116,69,252,'3/2/2015 12:00:00 AM'),(1975,27,116,69,252,'3/2/2015 12:00:00 AM'),(1976,29,116,69,252,'3/2/2015 12:00:00 AM'),(1977,30,116,69,252,'3/2/2015 12:00:00 AM'),(1978,34,116,69,252,'3/2/2015 12:00:00 AM'),(1979,38,116,69,252,'3/2/2015 12:00:00 AM'),(1980,39,116,69,252,'3/2/2015 12:00:00 AM'),(1981,44,116,69,252,'3/2/2015 12:00:00 AM'),(1982,45,116,69,252,'3/2/2015 12:00:00 AM'),(1983,48,116,69,252,'3/2/2015 12:00:00 AM'),(1984,49,116,69,252,'3/2/2015 12:00:00 AM'),(1985,52,116,69,252,'3/2/2015 12:00:00 AM'),(1986,54,116,69,252,'3/2/2015 12:00:00 AM'),(1987,57,116,69,252,'3/2/2015 12:00:00 AM'),(1988,63,116,69,252,'3/2/2015 12:00:00 AM'),(1989,64,116,69,252,'3/2/2015 12:00:00 AM'),(1990,66,116,69,252,'3/2/2015 12:00:00 AM'),(1991,70,116,69,252,'3/2/2015 12:00:00 AM'),(1992,71,116,69,252,'3/2/2015 12:00:00 AM'),(1993,72,116,69,252,'3/2/2015 12:00:00 AM'),(1994,84,116,69,252,'3/2/2015 12:00:00 AM'),(1995,85,116,69,252,'3/2/2015 12:00:00 AM'),(1996,90,116,69,252,'3/2/2015 12:00:00 AM'),(1997,7,117,69,203,'3/2/2015 12:00:00 AM'),(1998,20,117,69,203,'3/2/2015 12:00:00 AM'),(1999,21,117,69,203,'3/2/2015 12:00:00 AM'),(2000,22,117,69,203,'3/2/2015 12:00:00 AM'),(2001,25,117,69,203,'3/2/2015 12:00:00 AM'),(2002,27,117,69,203,'3/2/2015 12:00:00 AM'),(2003,29,117,69,203,'3/2/2015 12:00:00 AM'),(2004,30,117,69,203,'3/2/2015 12:00:00 AM'),(2005,34,117,69,203,'3/2/2015 12:00:00 AM'),(2006,38,117,69,203,'3/2/2015 12:00:00 AM'),(2007,39,117,69,203,'3/2/2015 12:00:00 AM'),(2008,44,117,69,203,'3/2/2015 12:00:00 AM'),(2009,45,117,69,203,'3/2/2015 12:00:00 AM'),(2010,48,117,69,203,'3/2/2015 12:00:00 AM'),(2011,49,117,69,203,'3/2/2015 12:00:00 AM'),(2012,52,117,69,203,'3/2/2015 12:00:00 AM'),(2013,54,117,69,203,'3/2/2015 12:00:00 AM'),(2014,57,117,69,203,'3/2/2015 12:00:00 AM'),(2015,63,117,69,203,'3/2/2015 12:00:00 AM'),(2016,64,117,69,203,'3/2/2015 12:00:00 AM'),(2017,66,117,69,203,'3/2/2015 12:00:00 AM'),(2018,70,117,69,203,'3/2/2015 12:00:00 AM'),(2019,71,117,69,203,'3/2/2015 12:00:00 AM'),(2020,72,117,69,203,'3/2/2015 12:00:00 AM'),(2021,84,117,69,203,'3/2/2015 12:00:00 AM'),(2022,85,117,69,203,'3/2/2015 12:00:00 AM'),(2023,90,117,69,203,'3/2/2015 12:00:00 AM'),(2024,93,94,162,35,'2015-03-18 19:56:23'),(2025,93,95,162,76,'2015-03-18 19:56:23'),(2026,93,96,162,14,'2015-03-18 19:56:23'),(2027,93,98,162,50,'2015-03-18 19:56:23'),(2031,94,94,164,150,'2015-03-18 20:03:02'),(2032,94,95,164,375,'2015-03-18 20:03:02'),(2033,94,96,164,45,'2015-03-18 20:03:02'),(2034,94,98,164,75,'2015-03-18 20:03:02'),(2038,95,94,69,355,'2015-03-18 20:05:17'),(2039,95,95,69,1295,'2015-03-18 20:05:17'),(2040,95,96,69,678,'2015-03-18 20:05:17'),(2041,95,98,69,2345,'2015-03-18 20:05:17'),(2045,81,94,162,35,'3/18/2015 12:00:00 AM'),(2046,86,94,162,35,'3/18/2015 12:00:00 AM'),(2047,89,94,162,35,'3/18/2015 12:00:00 AM'),(2048,81,95,162,76,'3/18/2015 12:00:00 AM'),(2049,86,95,162,76,'3/18/2015 12:00:00 AM'),(2050,89,95,162,76,'3/18/2015 12:00:00 AM'),(2051,81,96,162,14,'3/18/2015 12:00:00 AM'),(2052,86,96,162,14,'3/18/2015 12:00:00 AM'),(2053,89,96,162,14,'3/18/2015 12:00:00 AM'),(2054,81,97,162,55,'3/18/2015 12:00:00 AM'),(2055,86,97,162,55,'3/18/2015 12:00:00 AM'),(2056,89,97,162,55,'3/18/2015 12:00:00 AM'),(2057,93,97,162,55,'3/18/2015 12:00:00 AM'),(2058,81,98,162,50,'3/18/2015 12:00:00 AM'),(2059,86,98,162,50,'3/18/2015 12:00:00 AM'),(2060,89,98,162,50,'3/18/2015 12:00:00 AM'),(2061,94,97,164,550,'3/18/2015 12:00:00 AM'),(2062,7,94,69,355,'3/18/2015 12:00:00 AM'),(2063,20,94,69,355,'3/18/2015 12:00:00 AM'),(2064,21,94,69,355,'3/18/2015 12:00:00 AM'),(2065,22,94,69,355,'3/18/2015 12:00:00 AM'),(2066,25,94,69,355,'3/18/2015 12:00:00 AM'),(2067,27,94,69,355,'3/18/2015 12:00:00 AM'),(2068,29,94,69,355,'3/18/2015 12:00:00 AM'),(2069,30,94,69,355,'3/18/2015 12:00:00 AM'),(2070,34,94,69,355,'3/18/2015 12:00:00 AM'),(2071,38,94,69,355,'3/18/2015 12:00:00 AM'),(2072,39,94,69,355,'3/18/2015 12:00:00 AM'),(2073,44,94,69,355,'3/18/2015 12:00:00 AM'),(2074,45,94,69,355,'3/18/2015 12:00:00 AM'),(2075,48,94,69,355,'3/18/2015 12:00:00 AM'),(2076,49,94,69,355,'3/18/2015 12:00:00 AM'),(2077,52,94,69,355,'3/18/2015 12:00:00 AM'),(2078,54,94,69,355,'3/18/2015 12:00:00 AM'),(2079,64,94,69,355,'3/18/2015 12:00:00 AM'),(2080,66,94,69,355,'3/18/2015 12:00:00 AM'),(2081,70,94,69,355,'3/18/2015 12:00:00 AM'),(2082,71,94,69,355,'3/18/2015 12:00:00 AM'),(2083,72,94,69,355,'3/18/2015 12:00:00 AM'),(2084,84,94,69,355,'3/18/2015 12:00:00 AM'),(2085,85,94,69,355,'3/18/2015 12:00:00 AM'),(2086,90,94,69,355,'3/18/2015 12:00:00 AM'),(2087,92,94,69,355,'3/18/2015 12:00:00 AM'),(2088,7,95,69,1295,'3/18/2015 12:00:00 AM'),(2089,20,95,69,1295,'3/18/2015 12:00:00 AM'),(2090,21,95,69,1295,'3/18/2015 12:00:00 AM'),(2091,22,95,69,1295,'3/18/2015 12:00:00 AM'),(2092,25,95,69,1295,'3/18/2015 12:00:00 AM'),(2093,27,95,69,1295,'3/18/2015 12:00:00 AM'),(2094,29,95,69,1295,'3/18/2015 12:00:00 AM'),(2095,30,95,69,1295,'3/18/2015 12:00:00 AM'),(2096,34,95,69,1295,'3/18/2015 12:00:00 AM'),(2097,38,95,69,1295,'3/18/2015 12:00:00 AM'),(2098,39,95,69,1295,'3/18/2015 12:00:00 AM'),(2099,44,95,69,1295,'3/18/2015 12:00:00 AM'),(2100,45,95,69,1295,'3/18/2015 12:00:00 AM'),(2101,48,95,69,1295,'3/18/2015 12:00:00 AM'),(2102,49,95,69,1295,'3/18/2015 12:00:00 AM'),(2103,52,95,69,1295,'3/18/2015 12:00:00 AM'),(2104,54,95,69,1295,'3/18/2015 12:00:00 AM'),(2105,64,95,69,1295,'3/18/2015 12:00:00 AM'),(2106,66,95,69,1295,'3/18/2015 12:00:00 AM'),(2107,70,95,69,1295,'3/18/2015 12:00:00 AM'),(2108,71,95,69,1295,'3/18/2015 12:00:00 AM'),(2109,72,95,69,1295,'3/18/2015 12:00:00 AM'),(2110,84,95,69,1295,'3/18/2015 12:00:00 AM'),(2111,85,95,69,1295,'3/18/2015 12:00:00 AM'),(2112,90,95,69,1295,'3/18/2015 12:00:00 AM'),(2113,92,95,69,1295,'3/18/2015 12:00:00 AM'),(2114,7,96,69,678,'3/18/2015 12:00:00 AM'),(2115,20,96,69,678,'3/18/2015 12:00:00 AM'),(2116,21,96,69,678,'3/18/2015 12:00:00 AM'),(2117,22,96,69,678,'3/18/2015 12:00:00 AM'),(2118,25,96,69,678,'3/18/2015 12:00:00 AM'),(2119,27,96,69,678,'3/18/2015 12:00:00 AM'),(2120,29,96,69,678,'3/18/2015 12:00:00 AM'),(2121,30,96,69,678,'3/18/2015 12:00:00 AM'),(2122,34,96,69,678,'3/18/2015 12:00:00 AM'),(2123,38,96,69,678,'3/18/2015 12:00:00 AM'),(2124,39,96,69,678,'3/18/2015 12:00:00 AM'),(2125,44,96,69,678,'3/18/2015 12:00:00 AM'),(2126,45,96,69,678,'3/18/2015 12:00:00 AM'),(2127,48,96,69,678,'3/18/2015 12:00:00 AM'),(2128,49,96,69,678,'3/18/2015 12:00:00 AM'),(2129,52,96,69,678,'3/18/2015 12:00:00 AM'),(2130,54,96,69,678,'3/18/2015 12:00:00 AM'),(2131,64,96,69,678,'3/18/2015 12:00:00 AM'),(2132,66,96,69,678,'3/18/2015 12:00:00 AM'),(2133,70,96,69,678,'3/18/2015 12:00:00 AM'),(2134,71,96,69,678,'3/18/2015 12:00:00 AM'),(2135,72,96,69,678,'3/18/2015 12:00:00 AM'),(2136,84,96,69,678,'3/18/2015 12:00:00 AM'),(2137,85,96,69,678,'3/18/2015 12:00:00 AM'),(2138,90,96,69,678,'3/18/2015 12:00:00 AM'),(2139,92,96,69,678,'3/18/2015 12:00:00 AM'),(2140,7,97,69,1899,'3/18/2015 12:00:00 AM'),(2141,20,97,69,1899,'3/18/2015 12:00:00 AM'),(2142,21,97,69,1899,'3/18/2015 12:00:00 AM'),(2143,22,97,69,1899,'3/18/2015 12:00:00 AM'),(2144,25,97,69,1899,'3/18/2015 12:00:00 AM'),(2145,27,97,69,1899,'3/18/2015 12:00:00 AM'),(2146,29,97,69,1899,'3/18/2015 12:00:00 AM'),(2147,30,97,69,1899,'3/18/2015 12:00:00 AM'),(2148,34,97,69,1899,'3/18/2015 12:00:00 AM'),(2149,38,97,69,1899,'3/18/2015 12:00:00 AM'),(2150,39,97,69,1899,'3/18/2015 12:00:00 AM'),(2151,44,97,69,1899,'3/18/2015 12:00:00 AM'),(2152,45,97,69,1899,'3/18/2015 12:00:00 AM'),(2153,48,97,69,1899,'3/18/2015 12:00:00 AM'),(2154,49,97,69,1899,'3/18/2015 12:00:00 AM'),(2155,52,97,69,1899,'3/18/2015 12:00:00 AM'),(2156,54,97,69,1899,'3/18/2015 12:00:00 AM'),(2157,64,97,69,1899,'3/18/2015 12:00:00 AM'),(2158,66,97,69,1899,'3/18/2015 12:00:00 AM'),(2159,70,97,69,1899,'3/18/2015 12:00:00 AM'),(2160,71,97,69,1899,'3/18/2015 12:00:00 AM'),(2161,72,97,69,1899,'3/18/2015 12:00:00 AM'),(2162,84,97,69,1899,'3/18/2015 12:00:00 AM'),(2163,85,97,69,1899,'3/18/2015 12:00:00 AM'),(2164,90,97,69,1899,'3/18/2015 12:00:00 AM'),(2165,92,97,69,1899,'3/18/2015 12:00:00 AM'),(2166,95,97,69,1899,'3/18/2015 12:00:00 AM'),(2167,7,98,69,2345,'3/18/2015 12:00:00 AM'),(2168,20,98,69,2345,'3/18/2015 12:00:00 AM'),(2169,21,98,69,2345,'3/18/2015 12:00:00 AM'),(2170,22,98,69,2345,'3/18/2015 12:00:00 AM'),(2171,25,98,69,2345,'3/18/2015 12:00:00 AM'),(2172,27,98,69,2345,'3/18/2015 12:00:00 AM'),(2173,29,98,69,2345,'3/18/2015 12:00:00 AM'),(2174,30,98,69,2345,'3/18/2015 12:00:00 AM'),(2175,34,98,69,2345,'3/18/2015 12:00:00 AM'),(2176,38,98,69,2345,'3/18/2015 12:00:00 AM'),(2177,39,98,69,2345,'3/18/2015 12:00:00 AM'),(2178,44,98,69,2345,'3/18/2015 12:00:00 AM'),(2179,45,98,69,2345,'3/18/2015 12:00:00 AM'),(2180,48,98,69,2345,'3/18/2015 12:00:00 AM'),(2181,49,98,69,2345,'3/18/2015 12:00:00 AM'),(2182,52,98,69,2345,'3/18/2015 12:00:00 AM'),(2183,54,98,69,2345,'3/18/2015 12:00:00 AM'),(2184,64,98,69,2345,'3/18/2015 12:00:00 AM'),(2185,66,98,69,2345,'3/18/2015 12:00:00 AM'),(2186,70,98,69,2345,'3/18/2015 12:00:00 AM'),(2187,71,98,69,2345,'3/18/2015 12:00:00 AM'),(2188,72,98,69,2345,'3/18/2015 12:00:00 AM'),(2189,84,98,69,2345,'3/18/2015 12:00:00 AM'),(2190,85,98,69,2345,'3/18/2015 12:00:00 AM'),(2191,90,98,69,2345,'3/18/2015 12:00:00 AM'),(2192,92,98,69,2345,'3/18/2015 12:00:00 AM'),(2193,96,37,69,350,'2015-03-23 19:17:56'),(2194,96,39,69,0,'2015-03-23 19:17:56'),(2195,96,40,69,0,'2015-03-23 19:17:56'),(2196,96,41,69,0,'2015-03-23 19:17:56'),(2197,96,42,69,0,'2015-03-23 19:17:56'),(2198,96,45,69,0,'2015-03-23 19:17:56'),(2199,96,65,69,0,'2015-03-23 19:17:56'),(2200,96,66,69,0,'2015-03-23 19:17:56'),(2201,96,67,69,0,'2015-03-23 19:17:56'),(2202,96,73,69,783,'2015-03-23 19:17:56'),(2203,96,74,69,234,'2015-03-23 19:17:56'),(2204,96,75,69,0,'2015-03-23 19:17:56'),(2205,96,91,69,277,'2015-03-23 19:17:56'),(2206,96,92,69,253,'2015-03-23 19:17:56'),(2207,96,100,69,189,'2015-03-23 19:17:56'),(2208,96,101,69,0,'2015-03-23 19:17:56'),(2209,96,102,69,282,'2015-03-23 19:17:56'),(2210,96,104,69,301,'2015-03-23 19:17:56'),(2211,96,105,69,155,'2015-03-23 19:17:56'),(2212,96,106,69,147,'2015-03-23 19:17:56'),(2213,96,107,69,71,'2015-03-23 19:17:56'),(2214,96,108,69,53,'2015-03-23 19:17:56'),(2215,96,109,69,74,'2015-03-23 19:17:56'),(2216,96,110,69,51,'2015-03-23 19:17:56'),(2217,96,111,69,93,'2015-03-23 19:17:56'),(2218,96,112,69,0,'2015-03-23 19:17:56'),(2219,96,113,69,164,'2015-03-23 19:17:56'),(2220,96,114,69,137,'2015-03-23 19:17:56'),(2221,96,115,69,165,'2015-03-23 19:17:56'),(2222,96,116,69,162,'2015-03-23 19:17:56'),(2223,96,117,69,129,'2015-03-23 19:17:56'),(2224,96,118,69,310,'2015-03-23 19:17:56'),(2256,7,118,69,310,'3/23/2015 12:00:00 AM'),(2257,20,118,69,310,'3/23/2015 12:00:00 AM'),(2258,21,118,69,310,'3/23/2015 12:00:00 AM'),(2259,22,118,69,310,'3/23/2015 12:00:00 AM'),(2260,25,118,69,310,'3/23/2015 12:00:00 AM'),(2261,27,118,69,310,'3/23/2015 12:00:00 AM'),(2262,29,118,69,310,'3/23/2015 12:00:00 AM'),(2263,30,118,69,310,'3/23/2015 12:00:00 AM'),(2264,34,118,69,310,'3/23/2015 12:00:00 AM'),(2265,38,118,69,310,'3/23/2015 12:00:00 AM'),(2266,39,118,69,310,'3/23/2015 12:00:00 AM'),(2267,44,118,69,310,'3/23/2015 12:00:00 AM'),(2268,45,118,69,310,'3/23/2015 12:00:00 AM'),(2269,48,118,69,310,'3/23/2015 12:00:00 AM'),(2270,49,118,69,310,'3/23/2015 12:00:00 AM'),(2271,52,118,69,310,'3/23/2015 12:00:00 AM'),(2272,54,118,69,310,'3/23/2015 12:00:00 AM'),(2273,57,118,69,310,'3/23/2015 12:00:00 AM'),(2274,63,118,69,310,'3/23/2015 12:00:00 AM'),(2275,64,118,69,310,'3/23/2015 12:00:00 AM'),(2276,66,118,69,310,'3/23/2015 12:00:00 AM'),(2277,70,118,69,310,'3/23/2015 12:00:00 AM'),(2278,71,118,69,310,'3/23/2015 12:00:00 AM'),(2279,72,118,69,310,'3/23/2015 12:00:00 AM'),(2280,90,118,69,310,'3/23/2015 12:00:00 AM'),(2281,95,118,69,310,'3/23/2015 12:00:00 AM'),(2282,7,37,69,350,'3/23/2015 12:00:00 AM'),(2283,20,37,69,350,'3/23/2015 12:00:00 AM'),(2284,22,37,69,350,'3/23/2015 12:00:00 AM'),(2285,25,37,69,350,'3/23/2015 12:00:00 AM'),(2286,27,37,69,350,'3/23/2015 12:00:00 AM'),(2287,29,37,69,350,'3/23/2015 12:00:00 AM'),(2288,30,37,69,350,'3/23/2015 12:00:00 AM'),(2289,34,37,69,350,'3/23/2015 12:00:00 AM'),(2290,38,37,69,350,'3/23/2015 12:00:00 AM'),(2291,39,37,69,350,'3/23/2015 12:00:00 AM'),(2292,44,37,69,350,'3/23/2015 12:00:00 AM'),(2293,45,37,69,350,'3/23/2015 12:00:00 AM'),(2294,48,37,69,350,'3/23/2015 12:00:00 AM'),(2295,52,37,69,350,'3/23/2015 12:00:00 AM'),(2296,57,37,69,350,'3/23/2015 12:00:00 AM'),(2297,63,37,69,350,'3/23/2015 12:00:00 AM'),(2298,71,37,69,350,'3/23/2015 12:00:00 AM'),(2299,95,37,69,350,'3/23/2015 12:00:00 AM'),(2300,95,73,69,783,'3/2/2015 12:00:00 AM'),(2301,95,74,69,234,'3/2/2015 12:00:00 AM'),(2302,95,91,69,277,'3/2/2015 12:00:00 AM'),(2303,95,100,69,189,'3/2/2015 12:00:00 AM'),(2304,95,92,69,253,'3/2/2015 12:00:00 AM'),(2305,95,102,69,282,'3/2/2015 12:00:00 AM'),(2306,95,104,69,301,'3/2/2015 12:00:00 AM'),(2307,95,105,69,155,'3/2/2015 12:00:00 AM'),(2308,95,106,69,147,'3/2/2015 12:00:00 AM'),(2309,95,107,69,71,'3/2/2015 12:00:00 AM'),(2310,95,108,69,53,'3/2/2015 12:00:00 AM'),(2311,95,109,69,74,'3/2/2015 12:00:00 AM'),(2312,95,110,69,51,'3/2/2015 12:00:00 AM'),(2313,95,111,69,93,'3/2/2015 12:00:00 AM'),(2314,95,89,69,131,'3/2/2015 12:00:00 AM'),(2315,96,89,69,131,'3/2/2015 12:00:00 AM'),(2316,95,113,69,164,'3/2/2015 12:00:00 AM'),(2317,95,114,69,137,'3/2/2015 12:00:00 AM'),(2318,95,115,69,165,'3/2/2015 12:00:00 AM'),(2319,95,116,69,162,'3/2/2015 12:00:00 AM'),(2320,95,117,69,129,'3/2/2015 12:00:00 AM'),(2321,97,37,125,0,'2015-03-24 19:02:01'),(2322,97,39,125,0,'2015-03-24 19:02:01'),(2323,97,40,125,0,'2015-03-24 19:02:01'),(2324,97,41,125,0,'2015-03-24 19:02:01'),(2325,97,42,125,0,'2015-03-24 19:02:01'),(2326,97,45,125,0,'2015-03-24 19:02:01'),(2327,97,65,125,0,'2015-03-24 19:02:01'),(2328,97,66,125,0,'2015-03-24 19:02:01'),(2329,97,67,125,0,'2015-03-24 19:02:01'),(2330,97,73,125,0,'2015-03-24 19:02:01'),(2331,97,74,125,0,'2015-03-24 19:02:01'),(2332,97,75,125,0,'2015-03-24 19:02:01'),(2333,97,91,125,0,'2015-03-24 19:02:01'),(2334,97,92,125,0,'2015-03-24 19:02:01'),(2335,97,100,125,0,'2015-03-24 19:02:01'),(2336,97,101,125,0,'2015-03-24 19:02:01'),(2337,97,102,125,0,'2015-03-24 19:02:01'),(2338,97,104,125,0,'2015-03-24 19:02:01'),(2339,97,105,125,0,'2015-03-24 19:02:01'),(2340,97,106,125,0,'2015-03-24 19:02:01'),(2341,97,107,125,0,'2015-03-24 19:02:01'),(2342,97,108,125,0,'2015-03-24 19:02:01'),(2343,97,109,125,0,'2015-03-24 19:02:01'),(2344,97,110,125,0,'2015-03-24 19:02:01'),(2345,97,111,125,0,'2015-03-24 19:02:01'),(2346,97,112,125,0,'2015-03-24 19:02:01'),(2347,97,113,125,0,'2015-03-24 19:02:01'),(2348,97,114,125,0,'2015-03-24 19:02:01'),(2349,97,115,125,0,'2015-03-24 19:02:01'),(2350,97,116,125,0,'2015-03-24 19:02:01'),(2351,97,117,125,0,'2015-03-24 19:02:01'),(2352,97,118,125,0,'2015-03-24 19:02:01'),(2384,98,37,72,0,'2015-03-24 19:07:48'),(2385,98,39,72,0,'2015-03-24 19:07:48'),(2386,98,40,72,38,'2015-03-24 19:07:48'),(2387,98,41,72,0,'2015-03-24 19:07:48'),(2388,98,42,72,0,'2015-03-24 19:07:48'),(2389,98,45,72,0,'2015-03-24 19:07:48'),(2390,98,65,72,0,'2015-03-24 19:07:48'),(2391,98,66,72,0,'2015-03-24 19:07:48'),(2392,98,67,72,0,'2015-03-24 19:07:48'),(2393,98,73,72,60,'2015-03-24 19:07:48'),(2394,98,74,72,0,'2015-03-24 19:07:48'),(2395,98,75,72,0,'2015-03-24 19:07:48'),(2396,98,91,72,0,'2015-03-24 19:07:48'),(2397,98,92,72,0,'2015-03-24 19:07:48'),(2398,98,100,72,0,'2015-03-24 19:07:48'),(2399,98,101,72,0,'2015-03-24 19:07:48'),(2400,98,102,72,0,'2015-03-24 19:07:48'),(2401,98,104,72,0,'2015-03-24 19:07:48'),(2402,98,105,72,0,'2015-03-24 19:07:48'),(2403,98,106,72,0,'2015-03-24 19:07:48'),(2404,98,107,72,0,'2015-03-24 19:07:48'),(2405,98,108,72,0,'2015-03-24 19:07:48'),(2406,98,109,72,0,'2015-03-24 19:07:48'),(2407,98,110,72,0,'2015-03-24 19:07:48'),(2408,98,111,72,0,'2015-03-24 19:07:48'),(2409,98,112,72,0,'2015-03-24 19:07:48'),(2410,98,113,72,0,'2015-03-24 19:07:48'),(2411,98,114,72,0,'2015-03-24 19:07:48'),(2412,98,115,72,0,'2015-03-24 19:07:48'),(2413,98,116,72,0,'2015-03-24 19:07:48'),(2414,98,117,72,0,'2015-03-24 19:07:48'),(2415,98,118,72,0,'2015-03-24 19:07:48'),(2447,93,73,162,20,'3/2/2015 12:00:00 AM'),(2448,93,74,162,13,'3/2/2015 12:00:00 AM'),(2449,93,91,162,35,'3/2/2015 12:00:00 AM'),(2450,93,100,162,23,'3/2/2015 12:00:00 AM'),(2451,93,92,162,15,'3/2/2015 12:00:00 AM'),(2452,93,102,162,10,'3/2/2015 12:00:00 AM'),(2453,93,104,162,41,'3/2/2015 12:00:00 AM'),(2454,93,105,162,26,'3/2/2015 12:00:00 AM'),(2455,93,106,162,35,'3/2/2015 12:00:00 AM'),(2456,93,107,162,38,'3/2/2015 12:00:00 AM'),(2457,93,108,162,19,'3/2/2015 12:00:00 AM'),(2458,93,109,162,14,'3/2/2015 12:00:00 AM'),(2459,93,110,162,27,'3/2/2015 12:00:00 AM'),(2460,93,111,162,39,'3/2/2015 12:00:00 AM'),(2461,93,89,162,11,'3/2/2015 12:00:00 AM'),(2462,93,113,162,24,'3/2/2015 12:00:00 AM'),(2463,93,114,162,33,'3/2/2015 12:00:00 AM'),(2464,93,115,162,16,'3/2/2015 12:00:00 AM'),(2465,93,116,162,18,'3/2/2015 12:00:00 AM'),(2466,93,117,162,37,'3/2/2015 12:00:00 AM'),(2467,99,37,69,0,'2015-03-30 18:54:50'),(2468,99,39,69,0,'2015-03-30 18:54:50'),(2469,99,40,69,0,'2015-03-30 18:54:50'),(2470,99,41,69,0,'2015-03-30 18:54:50'),(2471,99,42,69,0,'2015-03-30 18:54:50'),(2472,99,45,69,0,'2015-03-30 18:54:50'),(2473,99,65,69,0,'2015-03-30 18:54:50'),(2474,99,66,69,0,'2015-03-30 18:54:50'),(2475,99,67,69,0,'2015-03-30 18:54:50'),(2476,99,73,69,210,'2015-03-30 18:54:50'),(2477,99,74,69,189,'2015-03-30 18:54:50'),(2478,99,75,69,0,'2015-03-30 18:54:50'),(2479,99,91,69,168,'2015-03-30 18:54:50'),(2480,99,92,69,136,'2015-03-30 18:54:50'),(2481,99,100,69,147,'2015-03-30 18:54:50'),(2482,99,101,69,0,'2015-03-30 18:54:50'),(2483,99,102,69,115,'2015-03-30 18:54:50'),(2484,99,104,69,104,'2015-03-30 18:54:50'),(2485,99,105,69,83,'2015-03-30 18:54:50'),(2486,99,106,69,77,'2015-03-30 18:54:50'),(2487,99,107,69,21,'2015-03-30 18:54:50'),(2488,99,108,69,20,'2015-03-30 18:54:50'),(2489,99,109,69,19,'2015-03-30 18:54:50'),(2490,99,110,69,18,'2015-03-30 18:54:50'),(2491,99,111,69,17,'2015-03-30 18:54:50'),(2492,99,112,69,0,'2015-03-30 18:54:50'),(2493,99,113,69,15,'2015-03-30 18:54:50'),(2494,99,114,69,14,'2015-03-30 18:54:50'),(2495,99,115,69,13,'2015-03-30 18:54:50'),(2496,99,116,69,12,'2015-03-30 18:54:50'),(2497,99,117,69,11,'2015-03-30 18:54:50'),(2498,99,118,69,0,'2015-03-30 18:54:50'),(2530,99,89,69,16,'3/2/2015 12:00:00 AM'),(2531,100,37,69,0,'2015-03-30 19:22:59'),(2532,100,39,69,0,'2015-03-30 19:22:59'),(2533,100,40,69,0,'2015-03-30 19:22:59'),(2534,100,41,69,0,'2015-03-30 19:22:59'),(2535,100,42,69,0,'2015-03-30 19:22:59'),(2536,100,45,69,0,'2015-03-30 19:22:59'),(2537,100,65,69,0,'2015-03-30 19:22:59'),(2538,100,66,69,0,'2015-03-30 19:22:59'),(2539,100,67,69,0,'2015-03-30 19:22:59'),(2540,100,73,69,190,'2015-03-30 19:22:59'),(2541,100,74,69,169,'2015-03-30 19:22:59'),(2542,100,75,69,0,'2015-03-30 19:22:59'),(2543,100,91,69,148,'2015-03-30 19:22:59'),(2544,100,92,69,106,'2015-03-30 19:22:59'),(2545,100,100,69,127,'2015-03-30 19:22:59'),(2546,100,101,69,0,'2015-03-30 19:22:59'),(2547,100,102,69,85,'2015-03-30 19:22:59'),(2548,100,104,69,64,'2015-03-30 19:22:59'),(2549,100,105,69,43,'2015-03-30 19:22:59'),(2550,100,106,69,37,'2015-03-30 19:22:59'),(2551,100,107,69,21,'2015-03-30 19:22:59'),(2552,100,108,69,20,'2015-03-30 19:22:59'),(2553,100,109,69,19,'2015-03-30 19:22:59'),(2554,100,110,69,18,'2015-03-30 19:22:59'),(2555,100,111,69,17,'2015-03-30 19:22:59'),(2556,100,112,69,0,'2015-03-30 19:22:59'),(2557,100,113,69,15,'2015-03-30 19:22:59'),(2558,100,114,69,14,'2015-03-30 19:22:59'),(2559,100,115,69,13,'2015-03-30 19:22:59'),(2560,100,116,69,12,'2015-03-30 19:22:59'),(2561,100,117,69,11,'2015-03-30 19:22:59'),(2562,100,118,69,0,'2015-03-30 19:22:59'),(2594,100,89,69,16,'3/2/2015 12:00:00 AM'),(2595,101,37,69,0,'2015-03-30 19:26:14'),(2596,101,39,69,0,'2015-03-30 19:26:14'),(2597,101,40,69,0,'2015-03-30 19:26:14'),(2598,101,41,69,0,'2015-03-30 19:26:14'),(2599,101,42,69,0,'2015-03-30 19:26:14'),(2600,101,45,69,0,'2015-03-30 19:26:14'),(2601,101,65,69,0,'2015-03-30 19:26:14'),(2602,101,66,69,0,'2015-03-30 19:26:14'),(2603,101,67,69,0,'2015-03-30 19:26:14'),(2604,101,73,69,110,'2015-03-30 19:26:14'),(2605,101,74,69,99,'2015-03-30 19:26:14'),(2606,101,75,69,0,'2015-03-30 19:26:14'),(2607,101,91,69,88,'2015-03-30 19:26:14'),(2608,101,92,69,66,'2015-03-30 19:26:14'),(2609,101,100,69,77,'2015-03-30 19:26:14'),(2610,101,101,69,0,'2015-03-30 19:26:14'),(2611,101,102,69,55,'2015-03-30 19:26:14'),(2612,101,104,69,44,'2015-03-30 19:26:14'),(2613,101,105,69,33,'2015-03-30 19:26:14'),(2614,101,106,69,27,'2015-03-30 19:26:14'),(2615,101,107,69,21,'2015-03-30 19:26:14'),(2616,101,108,69,20,'2015-03-30 19:26:14'),(2617,101,109,69,19,'2015-03-30 19:26:14'),(2618,101,110,69,18,'2015-03-30 19:26:14'),(2619,101,111,69,17,'2015-03-30 19:26:14'),(2620,101,112,69,0,'2015-03-30 19:26:14'),(2621,101,113,69,15,'2015-03-30 19:26:14'),(2622,101,114,69,14,'2015-03-30 19:26:14'),(2623,101,115,69,13,'2015-03-30 19:26:14'),(2624,101,116,69,12,'2015-03-30 19:26:14'),(2625,101,117,69,11,'2015-03-30 19:26:14'),(2626,101,118,69,0,'2015-03-30 19:26:14'),(2658,101,89,69,16,'3/2/2015 12:00:00 AM'),(2659,102,37,69,0,'2015-03-30 19:47:52'),(2660,102,39,69,0,'2015-03-30 19:47:52'),(2661,102,40,69,0,'2015-03-30 19:47:52'),(2662,102,41,69,0,'2015-03-30 19:47:52'),(2663,102,42,69,0,'2015-03-30 19:47:52'),(2664,102,45,69,0,'2015-03-30 19:47:52'),(2665,102,65,69,0,'2015-03-30 19:47:52'),(2666,102,66,69,0,'2015-03-30 19:47:52'),(2667,102,67,69,0,'2015-03-30 19:47:52'),(2668,102,73,69,30,'2015-03-30 19:47:52'),(2669,102,74,69,29,'2015-03-30 19:47:52'),(2670,102,75,69,0,'2015-03-30 19:47:52'),(2671,102,91,69,28,'2015-03-30 19:47:52'),(2672,102,92,69,26,'2015-03-30 19:47:52'),(2673,102,100,69,27,'2015-03-30 19:47:52'),(2674,102,101,69,0,'2015-03-30 19:47:52'),(2675,102,102,69,25,'2015-03-30 19:47:52'),(2676,102,104,69,24,'2015-03-30 19:47:52'),(2677,102,105,69,23,'2015-03-30 19:47:52'),(2678,102,106,69,22,'2015-03-30 19:47:52'),(2679,102,107,69,21,'2015-03-30 19:47:52'),(2680,102,108,69,20,'2015-03-30 19:47:52'),(2681,102,109,69,19,'2015-03-30 19:47:52'),(2682,102,110,69,18,'2015-03-30 19:47:52'),(2683,102,111,69,17,'2015-03-30 19:47:52'),(2684,102,112,69,0,'2015-03-30 19:47:52'),(2685,102,113,69,15,'2015-03-30 19:47:52'),(2686,102,114,69,14,'2015-03-30 19:47:52'),(2687,102,115,69,13,'2015-03-30 19:47:52'),(2688,102,116,69,12,'2015-03-30 19:47:52'),(2689,102,117,69,11,'2015-03-30 19:47:52'),(2690,102,118,69,0,'2015-03-30 19:47:52'),(2722,102,89,69,16,'3/2/2015 12:00:00 AM'),(2723,104,120,166,0,'2015-06-17 18:48:39'),(2724,106,125,167,5,'2015-06-17 20:18:56'),(2725,105,119,167,1,'6/18/2015 12:00:00 AM'),(2726,106,119,167,1,'6/18/2015 12:00:00 AM'),(2727,105,125,167,5,'6/18/2015 12:00:00 AM'),(2734,109,119,166,0,'2015-06-24 16:51:17'),(2735,109,120,166,0,'2015-06-24 16:51:17'),(2736,109,126,166,0,'2015-06-24 16:51:17'),(2737,110,119,166,0,'2015-06-24 17:27:56'),(2738,110,120,166,0,'2015-06-24 17:27:56'),(2739,110,126,166,0,'2015-06-24 17:27:56'),(2740,111,119,143,0,'2015-06-24 20:28:56'),(2741,111,120,143,0,'2015-06-24 20:28:56'),(2742,111,126,143,0,'2015-06-24 20:28:56');
/*!40000 ALTER TABLE `contestperformance` ENABLE KEYS */;
UNLOCK TABLES;

--
-- Table structure for table `daily_report`
--

DROP TABLE IF EXISTS `daily_report`;
/*!40101 SET @saved_cs_client     = @@character_set_client */;
/*!40101 SET character_set_client = utf8 */;
CREATE TABLE `daily_report` (
  `id` int(11) NOT NULL,
  `year` int(5) NOT NULL,
  `month` int(2) DEFAULT NULL,
  `day` int(2) DEFAULT NULL,
  `total_emplyees` int(11) DEFAULT NULL,
  `total_managers` int(11) DEFAULT NULL,
  `total_sales` int(11) DEFAULT NULL,
  `total_hours_worked` int(11) DEFAULT NULL,
  `total_hours_login` int(11) DEFAULT NULL,
  `total_number_login` int(11) DEFAULT NULL,
  `total_questions` int(11) DEFAULT NULL,
  `total_quizzes` int(11) DEFAULT NULL,
  `total_levels` int(11) DEFAULT NULL,
  `total_sites` int(11) DEFAULT NULL,
  `total_roles` int(11) DEFAULT NULL,
  PRIMARY KEY (`id`)
) ENGINE=InnoDB DEFAULT CHARSET=utf8;
/*!40101 SET character_set_client = @saved_cs_client */;

--
-- Dumping data for table `daily_report`
--

LOCK TABLES `daily_report` WRITE;
/*!40000 ALTER TABLE `daily_report` DISABLE KEYS */;
/*!40000 ALTER TABLE `daily_report` ENABLE KEYS */;
UNLOCK TABLES;

--
-- Table structure for table `event_report`
--

DROP TABLE IF EXISTS `event_report`;
/*!40101 SET @saved_cs_client     = @@character_set_client */;
/*!40101 SET character_set_client = utf8 */;
CREATE TABLE `event_report` (
  `Id` int(11) NOT NULL,
  `userid` int(11) DEFAULT NULL,
  `entry_date` datetime DEFAULT NULL,
  `description` varchar(50) DEFAULT NULL,
  `area` varchar(25) DEFAULT NULL,
  PRIMARY KEY (`Id`),
  KEY `userid` (`userid`),
  CONSTRAINT `userid` FOREIGN KEY (`userid`) REFERENCES `tbluser` (`UserID`) ON DELETE CASCADE ON UPDATE CASCADE
) ENGINE=InnoDB DEFAULT CHARSET=latin1;
/*!40101 SET character_set_client = @saved_cs_client */;

--
-- Dumping data for table `event_report`
--

LOCK TABLES `event_report` WRITE;
/*!40000 ALTER TABLE `event_report` DISABLE KEYS */;
INSERT INTO `event_report` VALUES (1,55,'2013-11-11 13:23:44','play game','quiz'),(2,55,'2013-11-11 13:25:44','next question','quiz'),(3,44,'2013-11-23 10:23:44','play game','quiz'),(4,55,'2013-11-11 13:27:44','click map','home'),(5,55,'2013-11-13 13:27:44','login','home'),(6,55,'2013-11-13 13:33:44','logout','home'),(7,55,'2013-11-15 13:33:44','login','home'),(8,55,'2013-11-15 14:44:44','logout','home'),(9,55,'2013-11-16 14:44:44','login','home'),(10,55,'2013-11-16 14:55:44','logout','home'),(11,44,'2013-11-16 14:55:44','login','home'),(12,44,'2013-11-16 14:58:44','play game','quiz'),(13,44,'2013-11-16 14:59:44','next question','quiz'),(14,44,'2013-11-16 15:05:44','logout','quiz');
/*!40000 ALTER TABLE `event_report` ENABLE KEYS */;
UNLOCK TABLES;

--
-- Table structure for table `events_history`
--

DROP TABLE IF EXISTS `events_history`;
/*!40101 SET @saved_cs_client     = @@character_set_client */;
/*!40101 SET character_set_client = utf8 */;
CREATE TABLE `events_history` (
  `Id` int(11) NOT NULL AUTO_INCREMENT,
  `UserID` int(11) NOT NULL,
  `entry_date` datetime DEFAULT NULL,
  `description` varchar(45) DEFAULT NULL,
  `area` varchar(45) DEFAULT NULL,
  `active` int(11) DEFAULT NULL,
  PRIMARY KEY (`Id`)
) ENGINE=InnoDB AUTO_INCREMENT=14 DEFAULT CHARSET=utf8;
/*!40101 SET character_set_client = @saved_cs_client */;

--
-- Dumping data for table `events_history`
--

LOCK TABLES `events_history` WRITE;
/*!40000 ALTER TABLE `events_history` DISABLE KEYS */;
INSERT INTO `events_history` VALUES (1,55,'2013-11-23 10:23:44','login','home',0),(2,55,'2013-11-23 10:25:44','play game','quiz',1),(3,55,'2013-11-23 10:26:44','next question','quiz',1),(4,55,'2013-11-23 10:28:44','next question','quiz',1),(5,55,'2013-11-23 10:30:44','next question','quiz',1),(9,44,'2013-11-23 10:31:44','login','home',0),(10,55,'2013-11-23 10:32:44','next question','quiz',1),(11,44,'2013-11-23 10:33:44','select reward','reward',1),(12,55,'2013-11-23 10:40:44','logout','home',0),(13,44,'2013-11-23 10:40:57','logout','home',0);
/*!40000 ALTER TABLE `events_history` ENABLE KEYS */;
UNLOCK TABLES;

--
-- Table structure for table `kpi_history`
--

DROP TABLE IF EXISTS `kpi_history`;
/*!40101 SET @saved_cs_client     = @@character_set_client */;
/*!40101 SET character_set_client = utf8 */;
CREATE TABLE `kpi_history` (
  `Id` int(11) NOT NULL,
  `User_ID` int(11) DEFAULT NULL,
  `Level_ID` int(11) DEFAULT NULL,
  `KPI_ID` int(11) DEFAULT NULL,
  `Start_Date` datetime DEFAULT NULL,
  `Finish_Date` datetime DEFAULT NULL,
  PRIMARY KEY (`Id`),
  KEY `User_ID` (`User_ID`),
  KEY `Level_ID` (`Level_ID`),
  KEY `KPI_ID` (`KPI_ID`),
  CONSTRAINT `KPI_ID` FOREIGN KEY (`KPI_ID`) REFERENCES `tblkpi` (`KPI_ID`) ON DELETE CASCADE ON UPDATE CASCADE,
  CONSTRAINT `Level_ID` FOREIGN KEY (`Level_ID`) REFERENCES `tbllevel` (`Level_ID`) ON DELETE CASCADE ON UPDATE CASCADE,
  CONSTRAINT `User_ID` FOREIGN KEY (`User_ID`) REFERENCES `tbluser` (`UserID`) ON DELETE CASCADE ON UPDATE CASCADE
) ENGINE=InnoDB DEFAULT CHARSET=latin1;
/*!40101 SET character_set_client = @saved_cs_client */;

--
-- Dumping data for table `kpi_history`
--

LOCK TABLES `kpi_history` WRITE;
/*!40000 ALTER TABLE `kpi_history` DISABLE KEYS */;
/*!40000 ALTER TABLE `kpi_history` ENABLE KEYS */;
UNLOCK TABLES;

--
-- Table structure for table `level_history`
--

DROP TABLE IF EXISTS `level_history`;
/*!40101 SET @saved_cs_client     = @@character_set_client */;
/*!40101 SET character_set_client = utf8 */;
CREATE TABLE `level_history` (
  `Id` int(11) NOT NULL,
  `Level_ID_level` int(11) DEFAULT NULL,
  `User_ID_Level` int(11) DEFAULT NULL,
  `start_date` datetime DEFAULT NULL,
  `finish_date` datetime DEFAULT NULL,
  `Duration` int(11) DEFAULT NULL,
  PRIMARY KEY (`Id`),
  KEY `User_ID_Level` (`User_ID_Level`),
  KEY `Level_ID_level` (`Level_ID_level`),
  CONSTRAINT `Level_ID_level` FOREIGN KEY (`Level_ID_level`) REFERENCES `tbllevel` (`Level_ID`) ON DELETE CASCADE ON UPDATE CASCADE,
  CONSTRAINT `User_ID_Level` FOREIGN KEY (`User_ID_Level`) REFERENCES `tbluser` (`UserID`) ON DELETE CASCADE ON UPDATE CASCADE
) ENGINE=InnoDB DEFAULT CHARSET=latin1;
/*!40101 SET character_set_client = @saved_cs_client */;

--
-- Dumping data for table `level_history`
--

LOCK TABLES `level_history` WRITE;
/*!40000 ALTER TABLE `level_history` DISABLE KEYS */;
/*!40000 ALTER TABLE `level_history` ENABLE KEYS */;
UNLOCK TABLES;

--
-- Temporary view structure for view `login_duration`
--

DROP TABLE IF EXISTS `login_duration`;
/*!50001 DROP VIEW IF EXISTS `login_duration`*/;
SET @saved_cs_client     = @@character_set_client;
SET character_set_client = utf8;
/*!50001 CREATE VIEW `login_duration` AS SELECT 
 1 AS `start_id`,
 1 AS `start_date`,
 1 AS `finish_id`,
 1 AS `finish_date`,
 1 AS `duration_minutes`,
 1 AS `duration_hours`*/;
SET character_set_client = @saved_cs_client;

--
-- Table structure for table `login_history`
--

DROP TABLE IF EXISTS `login_history`;
/*!40101 SET @saved_cs_client     = @@character_set_client */;
/*!40101 SET character_set_client = utf8 */;
CREATE TABLE `login_history` (
  `Id` int(11) NOT NULL AUTO_INCREMENT,
  `User_ID_login` int(11) DEFAULT NULL,
  `login_date` datetime DEFAULT NULL,
  `logout_date` datetime DEFAULT NULL,
  `duration` int(11) DEFAULT NULL,
  PRIMARY KEY (`Id`),
  KEY `User_ID_login` (`User_ID_login`),
  CONSTRAINT `User_ID_login` FOREIGN KEY (`User_ID_login`) REFERENCES `tbluser` (`UserID`) ON DELETE CASCADE ON UPDATE CASCADE
) ENGINE=InnoDB AUTO_INCREMENT=198 DEFAULT CHARSET=latin1;
/*!40101 SET character_set_client = @saved_cs_client */;

--
-- Dumping data for table `login_history`
--

LOCK TABLES `login_history` WRITE;
/*!40000 ALTER TABLE `login_history` DISABLE KEYS */;
INSERT INTO `login_history` VALUES (196,55,'2013-11-23 10:23:44','2013-11-23 10:40:44',1700),(197,44,'2013-11-23 10:31:44','2013-11-23 10:40:57',913);
/*!40000 ALTER TABLE `login_history` ENABLE KEYS */;
UNLOCK TABLES;

--
-- Table structure for table `month_report`
--

DROP TABLE IF EXISTS `month_report`;
/*!40101 SET @saved_cs_client     = @@character_set_client */;
/*!40101 SET character_set_client = utf8 */;
CREATE TABLE `month_report` (
  `month` int(2) NOT NULL,
  `year` int(11) DEFAULT NULL,
  `total_emplyees` int(11) DEFAULT NULL,
  `total_managers` int(11) DEFAULT NULL,
  `total_sales` int(11) DEFAULT NULL,
  `total_hours_worked` int(11) DEFAULT NULL,
  `total_hours_login` int(11) DEFAULT NULL,
  `total_questions` int(11) DEFAULT NULL,
  `total_quizzes` int(11) DEFAULT NULL,
  `total_levels` int(11) DEFAULT NULL,
  `total_sites` int(11) DEFAULT NULL,
  `total_roles` int(11) DEFAULT NULL,
  PRIMARY KEY (`month`)
) ENGINE=InnoDB DEFAULT CHARSET=utf8;
/*!40101 SET character_set_client = @saved_cs_client */;

--
-- Dumping data for table `month_report`
--

LOCK TABLES `month_report` WRITE;
/*!40000 ALTER TABLE `month_report` DISABLE KEYS */;
/*!40000 ALTER TABLE `month_report` ENABLE KEYS */;
UNLOCK TABLES;

--
-- Table structure for table `questions_history`
--

DROP TABLE IF EXISTS `questions_history`;
/*!40101 SET @saved_cs_client     = @@character_set_client */;
/*!40101 SET character_set_client = utf8 */;
CREATE TABLE `questions_history` (
  `Id` int(11) NOT NULL,
  `User_ID_Question` int(11) DEFAULT NULL,
  `Question_ID_QH` int(11) DEFAULT NULL,
  `UserSelection` varchar(255) DEFAULT NULL,
  `Duration` int(11) DEFAULT NULL,
  `start_date` datetime DEFAULT NULL,
  `finish_date` datetime DEFAULT NULL,
  PRIMARY KEY (`Id`),
  KEY `User_ID_Question` (`User_ID_Question`),
  KEY `Question_ID_QH` (`Question_ID_QH`),
  CONSTRAINT `User_ID_Question` FOREIGN KEY (`User_ID_Question`) REFERENCES `tbluser` (`UserID`) ON DELETE CASCADE ON UPDATE CASCADE
) ENGINE=InnoDB DEFAULT CHARSET=latin1;
/*!40101 SET character_set_client = @saved_cs_client */;

--
-- Dumping data for table `questions_history`
--

LOCK TABLES `questions_history` WRITE;
/*!40000 ALTER TABLE `questions_history` DISABLE KEYS */;
/*!40000 ALTER TABLE `questions_history` ENABLE KEYS */;
UNLOCK TABLES;

--
-- Table structure for table `quiz_history`
--

DROP TABLE IF EXISTS `quiz_history`;
/*!40101 SET @saved_cs_client     = @@character_set_client */;
/*!40101 SET character_set_client = utf8 */;
CREATE TABLE `quiz_history` (
  `Id` int(11) NOT NULL,
  `QuizID` int(11) DEFAULT NULL,
  `Total_Questions` int(11) DEFAULT NULL,
  `Times_Played` int(11) DEFAULT NULL,
  `Duration` int(11) DEFAULT NULL,
  `Entry_Date` datetime DEFAULT NULL,
  PRIMARY KEY (`Id`)
) ENGINE=InnoDB DEFAULT CHARSET=utf8;
/*!40101 SET character_set_client = @saved_cs_client */;

--
-- Dumping data for table `quiz_history`
--

LOCK TABLES `quiz_history` WRITE;
/*!40000 ALTER TABLE `quiz_history` DISABLE KEYS */;
/*!40000 ALTER TABLE `quiz_history` ENABLE KEYS */;
UNLOCK TABLES;

--
-- Table structure for table `rewards_history`
--

DROP TABLE IF EXISTS `rewards_history`;
/*!40101 SET @saved_cs_client     = @@character_set_client */;
/*!40101 SET character_set_client = utf8 */;
CREATE TABLE `rewards_history` (
  `Id` int(11) NOT NULL,
  `Reward_ID` int(11) DEFAULT NULL,
  `User_ID` int(11) DEFAULT NULL,
  `Reward_Date` datetime DEFAULT NULL,
  PRIMARY KEY (`Id`)
) ENGINE=InnoDB DEFAULT CHARSET=utf8;
/*!40101 SET character_set_client = @saved_cs_client */;

--
-- Dumping data for table `rewards_history`
--

LOCK TABLES `rewards_history` WRITE;
/*!40000 ALTER TABLE `rewards_history` DISABLE KEYS */;
/*!40000 ALTER TABLE `rewards_history` ENABLE KEYS */;
UNLOCK TABLES;

--
-- Table structure for table `roles_history`
--

DROP TABLE IF EXISTS `roles_history`;
/*!40101 SET @saved_cs_client     = @@character_set_client */;
/*!40101 SET character_set_client = utf8 */;
CREATE TABLE `roles_history` (
  `Id` int(11) NOT NULL,
  `Role_ID` int(11) DEFAULT NULL,
  `Total Users` int(11) DEFAULT NULL,
  `Entry_Date` datetime DEFAULT NULL,
  PRIMARY KEY (`Id`)
) ENGINE=InnoDB DEFAULT CHARSET=utf8;
/*!40101 SET character_set_client = @saved_cs_client */;

--
-- Dumping data for table `roles_history`
--

LOCK TABLES `roles_history` WRITE;
/*!40000 ALTER TABLE `roles_history` DISABLE KEYS */;
/*!40000 ALTER TABLE `roles_history` ENABLE KEYS */;
UNLOCK TABLES;

--
-- Table structure for table `tblawardimages`
--

DROP TABLE IF EXISTS `tblawardimages`;
/*!40101 SET @saved_cs_client     = @@character_set_client */;
/*!40101 SET character_set_client = utf8 */;
CREATE TABLE `tblawardimages` (
  `ID` int(11) NOT NULL AUTO_INCREMENT,
  `Award_Image` varchar(100) DEFAULT NULL,
  `Award_Thumbnail` varchar(100) DEFAULT NULL,
  `Active` int(11) DEFAULT '1',
  `Award_ID` int(11) DEFAULT NULL,
  `Uploaded_Date` date DEFAULT NULL,
  `Current_Image` int(11) DEFAULT '0',
  PRIMARY KEY (`ID`)
) ENGINE=MyISAM AUTO_INCREMENT=50 DEFAULT CHARSET=latin1;
/*!40101 SET character_set_client = @saved_cs_client */;

--
-- Dumping data for table `tblawardimages`
--

LOCK TABLES `tblawardimages` WRITE;
/*!40000 ALTER TABLE `tblawardimages` DISABLE KEYS */;
INSERT INTO `tblawardimages` VALUES (26,'152dc423-6f8a-4deb-ac21-157f6c63cec9.png','152dc423-6f8a-4deb-ac21-157f6c63cec9.png',1,5,'2014-04-22',0),(23,'23dfd334-c57c-4838-a40a-21ebc0297168.png','23dfd334-c57c-4838-a40a-21ebc0297168.png',1,2,'2014-04-22',0),(49,'f69ba100-311a-4851-8741-37786fe71c1f.png','f69ba100-311a-4851-8741-37786fe71c1f.png',1,26,'2015-06-17',1),(24,'4099206e-d4d6-452e-9e4f-f3745b5ffd1c.png','4099206e-d4d6-452e-9e4f-f3745b5ffd1c.png',1,3,'2014-04-22',0),(25,'d28e7399-7d52-4f30-82e8-7b87c0554d92.png','d28e7399-7d52-4f30-82e8-7b87c0554d92.png',1,4,'2014-04-22',0),(27,'d200330b-5237-4362-b3fe-b85e2a73c319.png','d200330b-5237-4362-b3fe-b85e2a73c319.png',1,6,'2014-04-22',0),(28,'f2df5545-4b02-4e8c-8572-b89189446319.png','f2df5545-4b02-4e8c-8572-b89189446319.png',1,7,'2014-04-22',0),(29,'627aa4a4-2738-41fc-9490-caa7eb562279.png','627aa4a4-2738-41fc-9490-caa7eb562279.png',1,8,'2014-04-22',0),(30,'3a2a1d32-cbfc-467a-a8df-192de658a651.png','3a2a1d32-cbfc-467a-a8df-192de658a651.png',1,9,'2014-04-22',0),(47,'b2421404-32c6-4a31-a5b3-4bc9d18aaf9a.png','b2421404-32c6-4a31-a5b3-4bc9d18aaf9a.png',1,24,'2015-06-17',1),(33,'70deacef-e6a1-4d15-bc0f-60041997a26e.png','70deacef-e6a1-4d15-bc0f-60041997a26e.png',1,1,'2014-04-22',1),(11,'8b7d0519-f46c-481f-b765-64495ec9f65b.jpg','8b7d0519-f46c-481f-b765-64495ec9f65b.jpg',1,11,'2013-11-20',1),(45,'6e36e120-7f48-4785-84cf-d78c56652223.jpg','6e36e120-7f48-4785-84cf-d78c56652223.jpg',1,16,'2014-08-08',1),(13,'35a7186c-9a82-4f04-b5bf-2cc0c1497c1a.png','35a7186c-9a82-4f04-b5bf-2cc0c1497c1a.png',1,13,'2013-11-20',1),(14,'7c872cf7-741a-46ca-9a02-ff612368f219.png','7c872cf7-741a-46ca-9a02-ff612368f219.png',1,15,'2014-01-02',1),(17,'87805468-62e1-4c4f-b669-b78eac082d70.jpg','87805468-62e1-4c4f-b669-b78eac082d70.jpg',1,2,'2014-04-21',0),(35,'d2e5f526-12b2-47b0-bc14-7aa90e0b3c9d.png','d2e5f526-12b2-47b0-bc14-7aa90e0b3c9d.png',1,3,'2014-04-22',1),(31,'9f97b455-4143-4ca3-b8ff-73a3e6398e28.png','9f97b455-4143-4ca3-b8ff-73a3e6398e28.png',1,10,'2014-04-22',0),(20,'fd6bf95e-9999-43d7-857b-f1e54865de0b.png','fd6bf95e-9999-43d7-857b-f1e54865de0b.png',1,12,'2014-04-21',0),(48,'c71e1246-05d3-4337-8934-1f9cc4b0bf12.png','c71e1246-05d3-4337-8934-1f9cc4b0bf12.png',1,25,'2015-06-17',1),(21,'cdce3ae6-6e6d-4ab6-a2c7-22e8f1d8c5a0.jpg','cdce3ae6-6e6d-4ab6-a2c7-22e8f1d8c5a0.jpg',1,3,'2014-04-21',0),(36,'dc0a5994-d86c-4e1c-b11c-de5c4527d1d2.png','dc0a5994-d86c-4e1c-b11c-de5c4527d1d2.png',1,4,'2014-04-22',1),(34,'ea5d7d1b-28c1-4429-849a-45dce9b7e467.png','ea5d7d1b-28c1-4429-849a-45dce9b7e467.png',1,2,'2014-04-22',1),(37,'b7144fe7-9c90-4360-8b04-1692fa3a4488.png','b7144fe7-9c90-4360-8b04-1692fa3a4488.png',1,5,'2014-04-22',1),(38,'1188d8cc-582f-426d-be0e-ecf0543124d1.png','1188d8cc-582f-426d-be0e-ecf0543124d1.png',1,6,'2014-04-22',1),(39,'c936f4d8-c4b5-450b-87bc-47d5f159fb05.png','c936f4d8-c4b5-450b-87bc-47d5f159fb05.png',1,7,'2014-04-22',1),(40,'0a543378-9606-4c90-92b7-b43374e6131b.png','0a543378-9606-4c90-92b7-b43374e6131b.png',1,8,'2014-04-22',1),(41,'0e186f34-bfd9-45ce-bb9a-483c1e9f39e0.png','0e186f34-bfd9-45ce-bb9a-483c1e9f39e0.png',1,9,'2014-04-22',0),(42,'692f1083-844a-489e-882b-f36c08a137bf.png','692f1083-844a-489e-882b-f36c08a137bf.png',1,10,'2014-04-22',1);
/*!40000 ALTER TABLE `tblawardimages` ENABLE KEYS */;
UNLOCK TABLES;

--
-- Table structure for table `tblawards`
--

DROP TABLE IF EXISTS `tblawards`;
/*!40101 SET @saved_cs_client     = @@character_set_client */;
/*!40101 SET character_set_client = utf8 */;
CREATE TABLE `tblawards` (
  `Award_ID` int(11) NOT NULL AUTO_INCREMENT,
  `Award_Name` varchar(100) NOT NULL,
  `Award_Desc` varchar(200) DEFAULT NULL,
  `KPIID` int(11) DEFAULT NULL,
  `Target_Value` int(11) DEFAULT NULL,
  `Award_Manual` int(11) DEFAULT '0',
  `Active` tinyint(4) DEFAULT '1',
  `AwardCategoryID` int(11) DEFAULT NULL,
  PRIMARY KEY (`Award_ID`),
  UNIQUE KEY `Award_Name` (`Award_Name`)
) ENGINE=InnoDB AUTO_INCREMENT=27 DEFAULT CHARSET=latin1;
/*!40101 SET character_set_client = @saved_cs_client */;

--
-- Dumping data for table `tblawards`
--

LOCK TABLES `tblawards` WRITE;
/*!40000 ALTER TABLE `tblawards` DISABLE KEYS */;
INSERT INTO `tblawards` VALUES (1,'Above and Beyond','Above and Beyond',0,0,1,1,25),(2,'Employee of the Month','Employee of the Month',0,0,1,1,25),(3,'Exemplary Customer Service','Exemplary Customer Service',0,0,1,1,25),(4,'Sales Contest Gold','Sales Contest Gold',0,0,1,1,26),(5,'Sales Contest Silver','Sales Contest Silver',0,0,1,1,26),(6,'Sales Contest Bronze','Sales Contest Bronze',0,0,1,1,26),(7,'Team Leadership','Team Leadership',0,0,1,1,25),(8,'Welcome Aboard','Welcome Aboard',0,0,1,1,25),(9,'$1M Sales Milestone','$1M Sales Milestone',69,1000000,0,1,25),(10,'Perfect Attendance - 1 year','No days absent for 1 year',78,365,0,1,25),(11,'Tomax Certification','Tomax Certification',83,100,0,0,25),(12,'ASE Certification','ASE Certification',0,0,1,0,26),(13,'500 Tire Fittings','500 Tire Fittings',91,500,0,1,25),(15,'Milestone','100dollar',81,100,0,1,25),(16,'EA Award-Testing','EA Award Testing1',0,0,1,0,25),(17,'TestPixelWinner','test award',0,0,1,1,24),(18,'Positive Feedback','Receive 10 positive beedback cards',88,10,0,1,25),(19,'Sell $100 In One Day','Sell $100 worth of merchandise',69,100,0,1,25),(20,'Reward Card Seller','Sell 15 Reward cards',161,15,0,1,25),(21,'Gift Card Seller','Sell 100 gift cards',162,100,0,1,25),(22,'Shelf Stocker','Stock 10 shelves in a day',163,10,0,1,25),(23,'Sell $1000','Sell $1000',69,1000,0,1,25),(24,'Best Seller Award','for employee who have average highest bucket size.',168,150,0,1,26),(25,'Slurpee Refill Award','Who filled maximum number of times?',0,0,1,1,25),(26,'Most Rev Award','Make the most revenue',0,0,1,1,25);
/*!40000 ALTER TABLE `tblawards` ENABLE KEYS */;
UNLOCK TABLES;

--
-- Table structure for table `tblcontestlog`
--

DROP TABLE IF EXISTS `tblcontestlog`;
/*!40101 SET @saved_cs_client     = @@character_set_client */;
/*!40101 SET character_set_client = utf8 */;
CREATE TABLE `tblcontestlog` (
  `id` int(11) NOT NULL AUTO_INCREMENT,
  `lastrun` timestamp NULL DEFAULT NULL,
  PRIMARY KEY (`id`)
) ENGINE=InnoDB AUTO_INCREMENT=206 DEFAULT CHARSET=utf8;
/*!40101 SET character_set_client = @saved_cs_client */;

--
-- Dumping data for table `tblcontestlog`
--

LOCK TABLES `tblcontestlog` WRITE;
/*!40000 ALTER TABLE `tblcontestlog` DISABLE KEYS */;
INSERT INTO `tblcontestlog` VALUES (1,'2014-11-13 03:48:26'),(2,'2014-11-13 04:02:35'),(3,'2014-11-13 04:02:47'),(4,'2014-11-13 05:02:47'),(5,'2014-11-13 06:02:47'),(6,'2014-11-13 07:02:47'),(7,'2014-11-13 08:02:47'),(8,'2014-11-13 09:02:47'),(9,'2014-11-13 23:58:00'),(10,'2014-11-14 23:58:00'),(11,'2014-11-15 23:58:00'),(12,'2014-11-16 23:58:00'),(13,'2014-11-17 21:58:00'),(14,'2014-11-17 22:08:00'),(15,'2014-11-17 22:18:00'),(16,'2014-11-17 22:28:00'),(17,'2014-11-17 22:38:00'),(18,'2014-11-17 22:48:00'),(19,'2014-11-17 22:58:00'),(20,'2014-11-17 23:08:00'),(21,'2014-11-17 23:18:00'),(22,'2014-11-17 23:28:00'),(23,'2014-11-17 23:38:00'),(24,'2014-11-17 23:48:00'),(25,'2014-11-17 23:58:00'),(26,'2014-11-18 00:08:00'),(27,'2014-11-18 00:18:00'),(28,'2014-11-18 00:28:00'),(29,'2014-11-18 00:38:00'),(30,'2014-11-18 00:48:00'),(31,'2014-11-18 00:58:00'),(32,'2014-11-18 01:08:00'),(33,'2014-11-18 01:18:00'),(34,'2014-11-18 01:28:00'),(35,'2014-11-18 01:38:00'),(36,'2014-11-18 01:48:00'),(37,'2014-11-18 01:58:00'),(38,'2014-11-18 02:08:00'),(39,'2014-11-18 02:18:00'),(40,'2014-11-18 02:28:00'),(41,'2014-11-18 02:38:00'),(42,'2014-11-18 02:48:00'),(43,'2014-11-18 02:58:00'),(44,'2014-11-18 03:08:00'),(45,'2014-11-18 03:18:00'),(46,'2014-11-18 03:28:00'),(47,'2014-11-18 03:38:00'),(48,'2014-11-18 03:48:00'),(49,'2014-11-18 03:58:00'),(50,'2014-11-18 04:08:00'),(51,'2014-11-18 04:18:00'),(52,'2014-11-18 04:28:00'),(53,'2014-11-18 04:38:00'),(54,'2014-11-18 04:48:00'),(55,'2014-11-18 04:58:00'),(56,'2014-11-18 05:08:00'),(57,'2014-11-18 05:18:00'),(58,'2014-11-18 05:28:00'),(59,'2014-11-18 05:38:00'),(60,'2014-11-18 05:48:00'),(61,'2014-11-18 05:58:00'),(62,'2014-11-18 06:08:00'),(63,'2014-11-18 06:18:00'),(64,'2014-11-18 06:28:00'),(65,'2014-11-18 06:38:00'),(66,'2014-11-18 06:48:00'),(67,'2014-11-18 06:58:01'),(68,'2014-11-18 07:08:01'),(69,'2014-11-18 07:18:01'),(70,'2014-11-18 07:28:01'),(71,'2014-11-18 07:38:00'),(72,'2014-11-18 07:48:00'),(73,'2014-11-18 07:58:00'),(74,'2014-11-18 08:08:00'),(75,'2014-11-18 08:18:00'),(76,'2014-11-18 08:28:00'),(77,'2014-11-18 08:38:00'),(78,'2014-11-18 08:48:00'),(79,'2014-11-18 08:58:00'),(80,'2014-11-18 09:08:00'),(81,'2014-11-18 09:18:00'),(82,'2014-11-18 09:28:00'),(83,'2014-11-18 09:38:00'),(84,'2014-11-18 09:48:00'),(85,'2014-11-18 09:58:00'),(86,'2014-11-18 10:08:00'),(87,'2014-11-18 10:18:00'),(88,'2014-11-18 10:28:00'),(89,'2014-11-18 10:38:00'),(90,'2014-11-18 10:48:00'),(91,'2014-11-18 10:58:00'),(92,'2014-11-18 11:08:00'),(93,'2014-11-18 11:18:00'),(94,'2014-11-18 11:28:00'),(95,'2014-11-18 11:38:00'),(96,'2014-11-18 11:48:00'),(97,'2014-11-18 11:58:00'),(98,'2014-11-18 12:08:00'),(99,'2014-11-18 12:18:00'),(100,'2014-11-18 12:28:00'),(101,'2014-11-18 12:38:00'),(102,'2014-11-18 12:48:00'),(103,'2014-11-18 12:58:00'),(104,'2014-11-18 13:08:00'),(105,'2014-11-18 13:18:00'),(106,'2014-11-18 13:28:00'),(107,'2014-11-18 13:38:00'),(108,'2014-11-18 13:48:00'),(109,'2014-11-18 13:58:00'),(110,'2014-11-18 14:08:00'),(111,'2014-11-18 14:18:00'),(112,'2014-11-18 14:28:00'),(113,'2014-11-18 14:38:00'),(114,'2014-11-18 14:48:00'),(115,'2014-11-18 14:58:00'),(116,'2014-11-18 15:08:00'),(117,'2014-11-18 15:18:00'),(118,'2014-11-18 15:28:00'),(119,'2014-11-18 15:38:00'),(120,'2014-11-18 15:48:00'),(121,'2014-11-18 15:58:00'),(122,'2014-11-18 16:08:00'),(123,'2014-11-18 16:18:00'),(124,'2014-11-18 16:28:00'),(125,'2014-11-18 16:38:00'),(126,'2014-11-18 16:48:00'),(127,'2014-11-18 16:58:00'),(128,'2014-11-18 17:08:00'),(129,'2014-11-18 17:18:00'),(130,'2014-11-18 17:28:00'),(131,'2014-11-18 17:38:00'),(132,'2014-11-18 17:48:00'),(133,'2014-11-18 17:58:00'),(134,'2014-11-18 18:08:00'),(135,'2014-11-18 18:18:00'),(136,'2014-11-18 18:28:01'),(137,'2014-11-18 18:38:01'),(138,'2014-11-18 18:48:01'),(139,'2014-11-18 18:58:00'),(140,'2014-11-18 19:08:00'),(141,'2014-11-18 19:18:00'),(142,'2014-11-18 19:28:00'),(143,'2014-11-18 19:38:00'),(144,'2014-11-18 19:48:00'),(145,'2014-11-18 19:58:00'),(146,'2014-11-18 20:08:00'),(147,'2014-11-18 20:18:00'),(148,'2014-11-18 20:28:00'),(149,'2014-11-18 20:38:00'),(150,'2014-11-18 20:48:00'),(151,'2014-11-18 20:58:00'),(152,'2014-11-18 21:08:00'),(153,'2014-11-18 21:18:00'),(154,'2014-11-18 21:28:00'),(155,'2014-11-18 21:38:00'),(156,'2014-11-18 21:48:00'),(157,'2014-11-18 21:58:00'),(158,'2014-11-18 22:08:00'),(159,'2014-11-18 22:18:00'),(160,'2014-11-18 22:28:00'),(161,'2014-11-18 22:38:00'),(162,'2014-11-18 22:48:00'),(163,'2014-11-18 22:58:00'),(164,'2014-11-18 23:08:00'),(165,'2014-11-18 23:18:00'),(166,'2014-11-18 23:28:00'),(167,'2014-11-18 23:38:00'),(168,'2014-11-18 23:48:00'),(169,'2014-11-18 23:58:00'),(170,'2014-11-19 00:08:00'),(171,'2014-11-19 00:18:00'),(172,'2014-11-19 00:28:00'),(173,'2014-11-19 00:38:00'),(174,'2014-11-19 00:48:00'),(175,'2014-11-19 00:58:00'),(176,'2014-11-19 01:08:00'),(177,'2014-11-19 01:18:00'),(178,'2014-11-19 01:28:00'),(179,'2014-11-19 01:38:00'),(180,'2014-11-19 01:48:00'),(181,'2014-11-19 01:58:00'),(182,'2014-11-19 02:08:00'),(183,'2014-11-19 02:18:00'),(184,'2014-11-19 02:28:00'),(185,'2014-11-19 02:38:00'),(186,'2014-11-19 02:48:00'),(187,'2014-11-19 02:58:00'),(188,'2014-11-19 03:08:00'),(189,'2014-11-19 03:18:00'),(190,'2014-11-19 03:28:00'),(191,'2014-11-19 03:38:00'),(192,'2014-11-19 03:48:00'),(193,'2014-11-19 03:58:00'),(194,'2014-11-19 04:08:00'),(195,'2014-11-19 04:18:00'),(196,'2014-11-19 04:28:00'),(197,'2014-11-19 04:38:00'),(198,'2014-11-19 04:48:00'),(199,'2014-11-19 04:58:00'),(200,'2014-11-19 05:08:00'),(201,'2014-11-19 05:18:00'),(202,'2014-11-19 05:28:00'),(203,'2014-11-19 05:38:00'),(204,'2014-11-19 05:48:00'),(205,'2014-11-19 05:58:00');
/*!40000 ALTER TABLE `tblcontestlog` ENABLE KEYS */;
UNLOCK TABLES;

--
-- Table structure for table `tblcontestperformance`
--

DROP TABLE IF EXISTS `tblcontestperformance`;
/*!40101 SET @saved_cs_client     = @@character_set_client */;
/*!40101 SET character_set_client = utf8 */;
CREATE TABLE `tblcontestperformance` (
  `ContestID` int(11) NOT NULL,
  `UserID` int(11) NOT NULL,
  `KPI_ID` int(11) NOT NULL,
  `Value` int(11) NOT NULL,
  `LastUpdate` DATETIME NOT NULL,
  `CP_ID` int(11) NOT NULL AUTO_INCREMENT,
  PRIMARY KEY (`CP_ID`)
) ENGINE=InnoDB DEFAULT CHARSET=utf8;
/*!40101 SET character_set_client = @saved_cs_client */;

--
-- Dumping data for table `tblcontestperformance`
--

LOCK TABLES `tblcontestperformance` WRITE;
/*!40000 ALTER TABLE `tblcontestperformance` DISABLE KEYS */;
/*!40000 ALTER TABLE `tblcontestperformance` ENABLE KEYS */;
UNLOCK TABLES;

--
-- Table structure for table `tblcontestposition`
--

DROP TABLE IF EXISTS `tblcontestposition`;
/*!40101 SET @saved_cs_client     = @@character_set_client */;
/*!40101 SET character_set_client = utf8 */;
CREATE TABLE `tblcontestposition` (
  `ContestId` int(11) DEFAULT NULL,
  `Award_ID` int(11) DEFAULT NULL,
  `Position` int(11) DEFAULT NULL,
  `Points` int(11) DEFAULT NULL
) ENGINE=InnoDB DEFAULT CHARSET=utf8;
/*!40101 SET character_set_client = @saved_cs_client */;

--
-- Dumping data for table `tblcontestposition`
--

LOCK TABLES `tblcontestposition` WRITE;
/*!40000 ALTER TABLE `tblcontestposition` DISABLE KEYS */;
INSERT INTO `tblcontestposition` VALUES (3,1,0,100),(3,2,1,50),(3,3,2,25),(10,17,0,500),(10,0,1,300),(10,0,2,100),(13,13,0,100),(13,2,1,50),(13,3,2,25),(14,13,0,100),(14,2,1,50),(14,3,2,25),(15,1,0,100),(15,2,1,50),(15,3,2,25),(8,10,0,100),(8,11,1,50),(8,12,2,25),(9,1,0,100),(9,2,1,50),(9,3,2,25),(11,1,0,200),(11,2,1,100),(11,3,2,50),(12,13,0,100),(12,15,1,50),(12,16,2,25),(16,0,0,100),(16,0,1,75),(16,0,2,50),(17,0,0,500),(17,0,1,450),(17,0,2,400),(19,0,0,122),(19,0,1,12),(19,0,2,1),(20,0,0,200),(20,0,1,100),(20,0,2,75),(21,1,0,500),(21,2,1,250),(21,3,2,100),(22,4,0,500),(22,5,1,400),(22,6,2,300),(23,0,0,3),(23,0,1,2),(23,0,2,1),(25,0,0,300),(25,0,1,200),(25,0,2,100),(27,2,0,400),(27,1,1,300),(27,7,2,200),(28,1,0,100),(28,2,1,50),(28,3,2,25),(30,4,0,500),(30,5,1,400),(30,6,2,300),(31,1,0,100),(31,2,1,50),(31,3,2,25),(32,1,0,100),(32,2,1,50),(32,3,2,25),(29,1,0,400),(29,2,1,300),(29,3,2,200),(33,1,0,100),(33,2,1,50),(33,3,2,25),(34,4,0,1000),(34,5,1,500),(34,6,2,300),(24,4,0,300),(24,5,1,200),(24,6,2,100),(35,1,0,100),(35,2,1,50),(35,3,2,20),(36,1,0,500),(36,2,1,300),(36,3,2,100),(38,4,0,500),(38,5,1,200),(38,6,2,100),(39,4,0,3),(39,5,1,2),(39,6,2,1),(37,1,0,400),(37,3,1,300),(37,2,2,200),(41,3,0,400),(41,2,1,300),(41,1,2,200),(40,1,0,400),(40,2,1,300),(40,3,2,200),(42,6,0,500),(42,2,1,200),(42,1,2,100),(43,10,0,10),(43,8,1,100),(43,11,2,11111),(44,0,0,600),(44,0,1,475),(44,0,2,335),(26,2,0,500),(26,3,1,300),(26,1,2,150),(45,4,0,500),(45,5,1,300),(45,6,2,100),(46,1,0,100),(46,2,1,50),(46,3,2,25),(47,1,0,100),(47,2,1,50),(47,3,2,25),(48,0,0,500),(48,0,1,400),(48,0,2,200),(49,2,0,300),(49,3,1,200),(49,3,2,100),(50,4,0,100),(50,5,1,75),(50,6,2,50),(51,4,0,100),(51,5,1,50),(51,6,2,25),(52,4,0,500),(52,5,1,400),(52,6,2,300),(4,2,0,450),(4,3,1,400),(4,7,2,300),(53,2,0,500),(53,1,1,300),(53,1,2,100),(54,2,0,500),(54,1,1,400),(54,3,2,300),(55,0,0,222),(55,0,1,333),(55,0,2,444),(56,1,0,333),(56,1,1,222),(56,1,2,111),(57,4,0,1000),(57,5,1,500),(57,6,2,250),(58,4,0,1000),(58,5,1,500),(58,6,2,250),(60,1,0,333),(60,1,1,222),(60,1,2,111),(61,1,0,200),(61,2,1,100),(61,3,2,50),(59,1,0,555),(59,1,1,444),(59,1,2,333),(62,1,0,333),(62,1,1,222),(62,1,2,111),(63,0,0,333),(63,0,1,222),(63,0,2,111),(64,2,0,800),(64,3,1,700),(64,1,2,600),(65,1,0,100),(65,1,1,50),(65,1,2,25),(66,4,0,333),(66,5,1,222),(66,6,2,111),(67,4,0,300),(67,5,1,200),(67,6,2,100),(68,4,0,333),(68,5,1,222),(68,6,2,111),(69,4,0,333),(69,5,1,222),(69,6,2,111),(70,4,0,500),(70,5,1,200),(70,6,2,100),(71,0,0,333),(71,0,1,222),(71,0,2,111),(72,4,0,333),(72,5,1,222),(72,6,2,111),(73,4,0,333),(73,5,1,222),(73,6,2,111),(74,4,0,500),(74,5,1,200),(74,6,2,100),(75,4,0,500),(75,5,1,300),(75,6,2,200),(76,4,0,500),(76,5,1,200),(76,6,2,100),(77,4,0,500),(77,5,1,300),(77,6,2,100),(7,7,0,100),(7,8,1,50),(7,9,2,25),(78,4,0,333),(78,5,1,222),(78,6,2,111),(79,4,0,333),(79,5,1,222),(79,6,2,111),(80,4,0,300),(80,5,1,200),(80,6,2,100),(81,4,0,300),(81,5,1,200),(81,6,2,100),(82,4,0,300),(82,5,1,200),(82,6,2,100),(83,4,0,300),(83,5,1,200),(83,6,2,100),(85,1,0,444),(85,1,1,444),(85,1,2,444),(87,4,0,333),(87,5,1,222),(87,6,2,111),(86,4,0,333),(86,5,1,222),(86,6,2,111),(91,4,0,300),(91,5,1,200),(91,6,2,100),(88,0,0,100),(88,0,1,75),(88,0,2,50),(93,21,0,500),(93,21,1,250),(93,21,2,100),(95,0,0,1000),(95,0,1,500),(95,0,2,100),(89,4,0,300),(89,5,1,200),(89,6,2,100),(90,4,0,300),(90,5,1,200),(90,6,2,100),(92,4,0,300),(92,5,1,200),(92,6,2,100),(96,4,0,300),(96,5,1,200),(96,6,2,100),(97,4,0,300),(97,5,1,200),(97,6,2,100),(98,4,0,300),(98,5,1,200),(98,6,2,100),(99,4,0,300),(99,5,1,200),(99,6,2,100),(100,4,0,300),(100,5,1,200),(100,6,2,100),(101,4,0,300),(101,5,1,200),(101,6,2,100),(102,4,0,300),(102,5,1,200),(102,6,2,100),(94,4,0,1000),(94,0,1,250),(94,0,2,100),(84,1,0,333),(84,1,1,222),(84,1,2,111),(103,21,0,200),(103,5,1,300),(103,4,2,500),(105,1,0,200),(105,5,1,300),(105,4,2,500),(106,6,0,100),(106,5,1,200),(106,4,2,400),(104,4,0,1000),(104,5,1,800),(104,6,2,600),(109,4,0,1000),(109,5,1,800),(109,6,2,600),(108,4,0,899),(108,5,1,399),(108,6,2,233),(110,4,0,1000),(110,5,1,800),(110,6,2,600),(107,26,0,899),(107,2,1,399),(107,3,2,233),(111,19,0,23),(111,20,1,23),(111,15,2,54),(18,1,0,200),(18,2,1,100),(18,3,2,50),(112,6,0,100),(112,5,1,200),(112,4,2,400);
/*!40000 ALTER TABLE `tblcontestposition` ENABLE KEYS */;
UNLOCK TABLES;

--
-- Table structure for table `tblcontests`
--

DROP TABLE IF EXISTS `tblcontests`;
/*!40101 SET @saved_cs_client     = @@character_set_client */;
/*!40101 SET character_set_client = utf8 */;
CREATE TABLE `tblcontests` (
  `ContestId` int(11) NOT NULL AUTO_INCREMENT,
  `ContestName` varchar(255) NOT NULL,
  `FromDate` date DEFAULT NULL,
  `ToDate` date DEFAULT NULL,
  `KPI_ID` int(11) DEFAULT NULL,
  PRIMARY KEY (`ContestId`)
) ENGINE=InnoDB AUTO_INCREMENT=113 DEFAULT CHARSET=utf8;
/*!40101 SET character_set_client = @saved_cs_client */;

--
-- Dumping data for table `tblcontests`
--

LOCK TABLES `tblcontests` WRITE;
/*!40000 ALTER TABLE `tblcontests` DISABLE KEYS */;
INSERT INTO `tblcontests` VALUES (1,'Test','2014-10-15','2014-10-15',1),(2,'Test','2014-10-15','2014-10-15',67),(3,'Test','2014-10-15','2014-10-16',67),(4,'Denim Test Contest','2014-10-22','2014-12-05',124),(7,'Shoes Contest','2015-01-01','2015-01-31',69),(8,'Winter Apparel Contest','2014-10-15','2014-10-30',70),(9,'Back to School Contest','2014-10-16','2014-10-23',67),(10,'Antonio\'sTest','2014-10-15','2014-11-15',70),(11,'Ties Contest','2014-10-15','2014-10-21',67),(12,'Test 100','2014-10-22','2014-11-08',67),(13,'Test50','2014-11-03','2014-11-10',67),(14,'Test50 - Copy','2014-11-03','2014-11-10',67),(15,'Test 200','2014-11-03','2014-11-10',74),(16,'Celebrations Contest','2014-11-01','2014-12-05',67),(17,'Wood Floors Contest','2014-11-06','2014-12-19',67),(18,'Denim Test Contest November','2014-11-03','2014-12-10',67),(19,'Alvaro','2014-11-04','2014-11-11',67),(20,'TestAlvaro','2014-11-14','2014-11-15',69),(21,'Stuart\'s Contest','2014-11-13','2014-11-17',69),(22,'Stuart 3','2014-11-03','2014-11-24',69),(23,'date test','2014-11-04','2014-10-06',67),(24,'Stuart\'s Quiz Contest','2014-11-05','2014-11-24',72),(25,'testtest','2014-11-19','2014-11-03',69),(26,'The 8th test','2014-11-16','2014-11-25',73),(27,'11/19 test','2014-11-04','2014-11-19',69),(28,'Test Contest Add Players','2014-11-20','2014-11-27',68),(29,'Antonio-SellSellSell','2014-11-20','2014-11-21',69),(30,'Stuart 3 - Copy','2014-11-03','2014-11-24',69),(31,'Test date validation','2014-11-21','2014-11-20',67),(32,'Test Date Validation','2014-11-21','2014-11-22',67),(33,'Test Date Validation - Copy','2014-11-20','2014-11-20',67),(34,'Jessica-Sell','2014-11-21','2014-11-27',69),(35,'Test Create','2014-11-24','2014-12-01',67),(36,'Testing','2014-11-24','2014-11-24',67),(37,'TestContestCreation','2014-11-24','2014-11-26',67),(38,'stuart test3','2014-11-17','2014-11-25',69),(39,'stuart contest 3','2014-11-14','2014-11-25',69),(40,'November','2014-11-24','2014-11-24',73),(41,'khadijah','2014-11-24','2014-11-24',73),(42,'ContestOne','2014-11-24','2014-11-24',67),(43,'ContestTwo','2014-11-24','2014-11-24',67),(44,'antonio','2014-11-25','2014-12-05',69),(45,'Contest25','2014-11-24','2014-11-25',69),(46,'Test Role','2014-11-25','2014-11-25',67),(47,'Test Roles','2014-11-25','2014-11-25',67),(48,'Jessica1am','2014-11-26','2014-11-28',69),(49,'JessicaMorning','2014-11-26','2014-12-05',69),(50,'Stuart 4','2014-11-19','2014-11-26',72),(51,'Stuart 5','2014-11-12','2014-11-26',72),(52,'Jeffry Seas','2014-11-27','2014-11-28',69),(53,'Contest 12-1','2014-11-30','2014-12-01',72),(54,'Sales Goals','2014-12-01','2014-12-02',69),(55,'Testing 12.1.14','2014-12-01','2014-12-02',73),(56,'donald 12-1','2014-11-30','2014-12-01',68),(57,'December Sales Contest','2014-12-01','2014-12-31',69),(58,'Test Contest','2014-12-02','2014-12-03',73),(59,'donald 12-2','2014-12-01','2014-12-02',72),(60,'donald 12-3','2014-12-02','2014-12-03',72),(61,'Fabian Contest 12-03','2014-12-03','2014-12-04',68),(62,'donald 12-8','2014-12-07','2014-12-08',72),(63,'test contest Apparel','2014-11-30','2014-12-08',69),(64,'sales goal 12.8.14','2014-12-08','2014-12-10',69),(65,'AcmeTestContest','2014-12-09','2014-12-10',73),(66,'donald 12-9','2014-12-08','2014-12-09',69),(67,'SS App Contest 12/11','2014-12-01','2014-12-11',73),(68,'Balloon 12-15','2014-12-14','2014-12-15',72),(69,'Likes 12-16','2014-12-15','2014-12-16',72),(70,'New Year Hats','2014-12-01','2014-12-31',69),(71,'Holidays 12-23','2014-12-22','2014-12-23',69),(72,'Vacation 12-23','2014-12-22','2014-12-23',69),(73,'Weekend 12-23','2014-12-22','2014-12-24',73),(74,'Highest Quiz Score','2014-12-30','2014-12-31',72),(75,'Winter Contest','2015-01-05','2015-01-06',72),(76,'Winter Contest 2','2015-01-06','2015-01-07',72),(77,'Winter Contest 3','2015-01-06','2015-01-07',72),(78,'Winter Contest 1-26','2015-01-25','2015-01-26',72),(79,'Attendance','2015-01-25','2015-01-26',78),(80,'Reward Card Contest','2015-02-02','2015-02-03',161),(81,'Gift Card Contest','2015-02-10','2015-02-18',162),(82,'Company sales milestone','2015-02-17','2015-02-18',81),(83,'Store Wide Contest','2015-02-18','2015-02-19',78),(84,'Sales Contest','2015-02-11','2015-06-19',69),(85,'Sales Contest 2','2015-02-17','2015-02-19',69),(86,'Gift Card Contest','2015-02-23','2015-03-10',162),(87,'Shelf Stocking Contest','2015-02-23','2015-03-11',163),(88,'Test March','2015-03-01','2015-03-02',67),(89,'Gift Card Contest','2015-03-01','2015-03-02',162),(90,'Sales Contest','2015-03-01','2015-03-02',69),(91,'Sports Quiz Contest','2015-03-01','2015-03-31',125),(92,'Sales Contest 3-17','2015-03-01','2015-03-02',69),(93,'Spring Gift Card','2015-03-01','2015-04-30',162),(94,'Avon Walk Donations','2015-03-01','2015-05-31',164),(95,'1st Qtr Sales','2015-02-01','2015-05-01',69),(96,'Sales Contest 3-23','2015-03-23','2015-03-31',69),(97,'Sports Matching Game Contest','2015-03-24','2015-03-31',125),(98,'Grocery Matching Contest','2015-03-24','2015-03-31',72),(99,'Sales Contest 3-30','2015-03-30','2015-04-03',69),(100,'Sales Contest 2 3-30','2015-03-30','2015-04-03',69),(101,'Sales Contest 3 3-30','2015-03-30','2015-04-03',69),(102,'Sales Contest 4 3-30','2015-03-30','2015-04-03',69),(103,'Who can sell 10 pie of Pizza in one day?','2015-06-17','2015-06-17',168),(104,'Most Home Theater Rev','2015-06-24','2015-07-01',166),(105,'who fills sulrpee machine most?','2015-06-16','2015-06-18',167),(106,'who fill most?','2015-06-16','2015-06-17',167),(107,'rfuir','2015-06-22','2015-06-23',166),(108,'rfuir - Copy','2015-05-12','2015-05-18',166),(109,'Most Home Theater Rev - Copy','2015-06-24','2015-07-01',166),(110,'Most Home Theater Rev - Copy - Copy','2015-06-24','2015-07-01',166),(111,'dfvc','2015-06-25','2015-06-25',143),(112,'who fill most? - Copy','2015-06-16','2015-06-17',167);
/*!40000 ALTER TABLE `tblcontests` ENABLE KEYS */;
UNLOCK TABLES;

--
-- Table structure for table `tblcontestscores`
--

DROP TABLE IF EXISTS `tblcontestscores`;
/*!40101 SET @saved_cs_client     = @@character_set_client */;
/*!40101 SET character_set_client = utf8 */;
CREATE TABLE `tblcontestscores` (
  `User_ID` int(11) NOT NULL DEFAULT '0',
  `ContestId` int(11) NOT NULL DEFAULT '0',
  `Score` int(11) DEFAULT NULL,
  `Entry_Date` datetime DEFAULT NULL,
  PRIMARY KEY (`User_ID`,`ContestId`)
) ENGINE=InnoDB DEFAULT CHARSET=utf8;
/*!40101 SET character_set_client = @saved_cs_client */;

--
-- Dumping data for table `tblcontestscores`
--

LOCK TABLES `tblcontestscores` WRITE;
/*!40000 ALTER TABLE `tblcontestscores` DISABLE KEYS */;
INSERT INTO `tblcontestscores` VALUES (37,21,100,'2014-11-14 07:10:00'),(37,26,125,'2014-11-17 00:00:00'),(38,4,122,'2014-11-10 00:00:00'),(38,21,300,'2014-11-16 00:00:00'),(38,26,125,'2014-11-17 00:00:00'),(39,4,100,'2014-11-13 04:08:14'),(39,21,200,'2014-11-16 00:00:00'),(39,26,25,'2014-11-17 00:00:00'),(40,26,40,'2014-11-17 00:00:00'),(41,21,400,'2014-11-16 00:00:00'),(41,26,100,'2014-11-17 00:00:00'),(42,26,10,'2014-11-17 00:00:00'),(73,4,122,'2014-11-10 00:00:00'),(73,26,20,'2014-11-17 00:00:00'),(73,67,222,'2014-11-10 00:00:00'),(74,26,5,'2014-11-17 00:00:00');
/*!40000 ALTER TABLE `tblcontestscores` ENABLE KEYS */;
UNLOCK TABLES;

--
-- Table structure for table `tblcontestsroles`
--

DROP TABLE IF EXISTS `tblcontestsroles`;
/*!40101 SET @saved_cs_client     = @@character_set_client */;
/*!40101 SET character_set_client = utf8 */;
CREATE TABLE `tblcontestsroles` (
  `ContestId` int(11) DEFAULT NULL,
  `Role_Id` int(11) DEFAULT NULL
) ENGINE=InnoDB DEFAULT CHARSET=utf8;
/*!40101 SET character_set_client = @saved_cs_client */;

--
-- Dumping data for table `tblcontestsroles`
--

LOCK TABLES `tblcontestsroles` WRITE;
/*!40000 ALTER TABLE `tblcontestsroles` DISABLE KEYS */;
INSERT INTO `tblcontestsroles` VALUES (16,70),(21,70),(44,76),(49,0),(54,70),(55,70),(56,70),(57,80),(58,70),(61,70),(59,70),(62,70),(63,80),(64,70),(65,70),(66,70),(67,70),(68,70),(69,70),(70,70),(71,70),(72,70),(73,70),(74,70),(75,70),(76,70),(77,70),(7,70),(78,70),(79,70),(80,70),(81,70),(82,70),(83,70),(85,70),(91,70),(88,70),(93,80),(95,80),(89,70),(90,70),(92,70),(96,70),(97,70),(98,70),(99,70),(100,70),(101,70),(102,70),(94,80),(84,70),(103,82),(105,82),(106,82),(104,83),(109,83),(110,83),(111,83),(18,74);
/*!40000 ALTER TABLE `tblcontestsroles` ENABLE KEYS */;
UNLOCK TABLES;

--
-- Table structure for table `tblcontestssites`
--

DROP TABLE IF EXISTS `tblcontestssites`;
/*!40101 SET @saved_cs_client     = @@character_set_client */;
/*!40101 SET character_set_client = utf8 */;
CREATE TABLE `tblcontestssites` (
  `ContestId` int(11) DEFAULT NULL,
  `Site_Id` int(11) DEFAULT NULL
) ENGINE=InnoDB DEFAULT CHARSET=utf8;
/*!40101 SET character_set_client = @saved_cs_client */;

--
-- Dumping data for table `tblcontestssites`
--

LOCK TABLES `tblcontestssites` WRITE;
/*!40000 ALTER TABLE `tblcontestssites` DISABLE KEYS */;
INSERT INTO `tblcontestssites` VALUES (2,1),(16,1),(21,1),(44,1),(49,1),(54,1),(55,1),(56,1),(57,1),(58,1),(61,1),(59,1),(62,1),(63,1),(64,1),(65,1),(66,1),(67,1),(68,1),(69,1),(70,1),(71,1),(72,1),(73,1),(74,1),(75,1),(76,1),(77,1),(7,1),(78,1),(79,1),(80,1),(81,1),(82,1),(83,1),(85,1),(91,1),(88,1),(93,1),(95,1),(89,1),(90,1),(92,1),(96,1),(97,1),(98,1),(99,1),(100,1),(101,1),(102,1),(94,1),(84,1),(103,9),(105,9),(106,9),(104,10),(109,10),(110,10),(111,10),(18,8);
/*!40000 ALTER TABLE `tblcontestssites` ENABLE KEYS */;
UNLOCK TABLES;

--
-- Table structure for table `tbldataelement`
--

DROP TABLE IF EXISTS `tbldataelement`;
/*!40101 SET @saved_cs_client     = @@character_set_client */;
/*!40101 SET character_set_client = utf8 */;
CREATE TABLE `tbldataelement` (
  `ElementID` int(11) NOT NULL AUTO_INCREMENT,
  `MatchID` int(11) DEFAULT NULL,
  `ElementName` varchar(250) DEFAULT NULL,
  `IsPicture` int(11) DEFAULT '0',
  `CreatedDate` datetime DEFAULT NULL,
  PRIMARY KEY (`ElementID`)
) ENGINE=MyISAM AUTO_INCREMENT=53 DEFAULT CHARSET=latin1;
/*!40101 SET character_set_client = @saved_cs_client */;

--
-- Dumping data for table `tbldataelement`
--

LOCK TABLES `tbldataelement` WRITE;
/*!40000 ALTER TABLE `tbldataelement` DISABLE KEYS */;
INSERT INTO `tbldataelement` VALUES (15,14,'Picture',1,'2014-08-09 16:40:14'),(16,14,'Name',0,'2014-08-09 16:40:39'),(17,14,'Description',0,'2014-08-09 16:41:14'),(18,16,'Picture',1,'2014-08-22 18:40:10'),(19,16,'Name',0,'2014-08-22 18:40:17'),(20,16,'Sport',0,'2014-08-22 18:40:25'),(21,16,'Sales Fact',0,'2014-08-22 18:40:35'),(22,17,'Picture',1,'2014-08-22 18:45:47'),(23,17,'Sport',0,'2014-08-22 18:45:56'),(24,17,'Pricing',0,'2014-08-22 18:46:04'),(25,17,'Location',0,'2014-08-22 18:46:13'),(26,18,'Picture',1,'2014-08-23 17:54:12'),(27,18,'Manufacturer',0,'2014-08-23 17:54:50'),(28,18,'Price',0,'2014-08-23 17:57:51'),(29,18,'Target',0,'2014-08-23 18:01:37'),(30,19,'Picture',1,'2014-08-23 21:49:11'),(31,19,'Description',0,'2014-08-23 21:49:35'),(32,21,'Picture',1,'2014-08-26 18:27:38'),(33,21,'Description',0,'2014-08-26 18:27:56'),(34,21,'Product info',0,'2014-08-26 18:28:12'),(38,22,'Description',0,'2014-09-14 23:08:15'),(37,22,'Photo',1,'2014-09-14 23:08:01'),(39,22,'Feature 1',0,'2014-09-14 23:08:46'),(40,22,'Feature 2',0,'2014-09-14 23:09:01'),(41,25,'picture',1,'2014-10-13 18:53:35'),(42,36,'Name',0,'2014-11-13 09:02:20'),(43,36,'Description',0,'2014-11-13 09:02:35'),(44,36,'Logo',1,'2014-11-13 09:04:01'),(45,39,'Photo',1,'2014-12-01 23:40:15'),(46,39,'Name',0,'2014-12-01 23:40:35'),(47,39,'Department',0,'2014-12-01 23:40:49'),(48,40,'candy',1,'2015-06-17 21:02:34'),(49,40,'vendor',0,'2015-06-17 21:15:11'),(50,40,'shelf',0,'2015-06-17 21:18:16'),(51,41,'Headphones',1,'2015-06-17 21:48:37'),(52,41,'Brand',0,'2015-06-17 21:49:06');
/*!40000 ALTER TABLE `tbldataelement` ENABLE KEYS */;
UNLOCK TABLES;

--
-- Table structure for table `tblkpi`
--

DROP TABLE IF EXISTS `tblkpi`;
/*!40101 SET @saved_cs_client     = @@character_set_client */;
/*!40101 SET character_set_client = utf8 */;
CREATE TABLE `tblkpi` (
  `KPI_ID` int(11) NOT NULL AUTO_INCREMENT,
  `KPI_name` varchar(100) NOT NULL,
  `KPI_measure` varchar(100) DEFAULT NULL,
  `KPI_type` int(11) DEFAULT NULL,
  `Active` tinyint(4) DEFAULT '1',
  `KPI_Category` int(11) DEFAULT NULL,
  `KPI_Descp` varchar(500) DEFAULT NULL,
  `TipsDESC` varchar(500) DEFAULT NULL,
  `TipsLINK` varchar(500) DEFAULT NULL,
  `TypeLevel` varchar(10) DEFAULT NULL,
  `TypeAward` varchar(10) DEFAULT NULL,
  `TypeContest` varchar(10) DEFAULT NULL,
  PRIMARY KEY (`KPI_ID`),
  UNIQUE KEY `KPI_name` (`KPI_name`)
) ENGINE=InnoDB AUTO_INCREMENT=171 DEFAULT CHARSET=latin1;
/*!40101 SET character_set_client = @saved_cs_client */;

--
-- Dumping data for table `tblkpi`
--

LOCK TABLES `tblkpi` WRITE;
/*!40000 ALTER TABLE `tblkpi` DISABLE KEYS */;
INSERT INTO `tblkpi` VALUES (67,'Complete X Hours Receiving and Stocking','Hours',3,1,20,'The best way to learn how to win as a team is to understand the work each team member is responsible for. In this mission you will learn how the mdse is received and prepped before put on display.','Click here for more Info','https://www.google.com.pk/','Level','Award','Contest'),(68,'Complete X Training hours','Hours',4,1,19,'There is so much to know to be a great associate. How to sell better. How to help our customers. Why our products are the best.','Click here to learn more about being a great associate','www.training101.com','Level','Award','Contest'),(69,'Sell $ X - Any Merchandise in Store','USD',3,1,20,'Sell $ X - Any Merchandise in Store','Click here for more Info','https://www.google.com.pk/?gws_rd=cr,ssl&ei=-CX7U9-DD6O40QW-6YCIBA','Level','Award','Contest'),(70,'Complete Onboarding Forms','Unit',5,1,20,'Complete Onboarding Forms',NULL,NULL,'Level','Award','Contest'),(71,'Tour the Store','unit',5,1,19,'Tour the Store',NULL,NULL,'Level','Award','Contest'),(72,'Score X Points Grocery Quiz Game','Points',3,1,19,'Score X Points Grocery Quiz Game','Click here to play Grocery Quiz','http://demo.levelspro.com:8078/PlayerPanel/QuizPlay.aspx?quizid=1','Level','Award','Contest'),(73,'Score X Points Apparel Quiz Game','Points',3,1,19,'Score X Points Apparel Quiz Game','Click here to play Apparel Quiz','http://hallmark.levelspro.com:8079/PlayerPanel/QuizPlay.aspx?quizid=2','Level','Award','Contest'),(74,'Sign up X Loyalty Card Members','Members',3,1,20,'Sign up X Loyalty Card Members',NULL,NULL,'Level','Award','Contest'),(75,'Perform X Floor Set Changes','Number',3,1,20,'Perform X Floor Set Changes',NULL,NULL,'Level','Award','Contest'),(76,'Score X Points Acme Electronic Quiz Game','Points',3,1,19,'Score X Points Acme Electronic Quiz Game',NULL,NULL,'Level','Award','Contest'),(77,'Score X Points Acme Distribution Center Quiz Game','Points',3,1,19,'Score X Points Acme Distribution Center Quiz Game',NULL,NULL,'Level','Award','Contest'),(78,'X Days Perfect Attendance','Units',4,1,20,'X Days without absence','','','Level','Award','Contest'),(79,'Score High-Score of X Points in Quiz game','Units',4,1,19,'Play the quiz game and work very hard to get the highest score that you can. If you can score more than the required total, you will achieve the goal.',NULL,NULL,'Level','Award','Contest'),(80,'mechanic','X sells',3,1,20,'X sells',NULL,NULL,'Level','Award','Contest'),(81,'$1M Sales Milestone','USD',3,1,20,'$1M Sales Milestone',NULL,NULL,'Level','Award','Contest'),(82,'Score X Points in Car Care Quiz','Points',3,1,19,'Reinforce your knowledge about taking care of your customers and their cars',NULL,NULL,'Level','Award','Contest'),(83,'Score X Points in Tomax Quiz','points',4,1,19,'The Tomax Store systems provide the tools for you to provide great customer service. Demonstraate your knowledge of the Tomax Store systems.','','','Level','Award','Contest'),(84,'Upsell X Nitrogen Inflations','Unit',3,1,20,'Upsell X Nitrogen Inflations',NULL,NULL,'Level','Award','Contest'),(85,'Upsell X Lifetime Service Packs','Unit',3,1,20,'Upsell X Lifetime Service Packs',NULL,NULL,'Level','Award','Contest'),(86,'Complete X Fast Tire Changes','Unit',3,1,20,'Complete X Tire changes faster than the standard time. Remember, you must also score 100 pts on quality',NULL,NULL,'Level','Award','Contest'),(87,'Sell X sets Private Label Tires','Unit',3,1,20,'Sell X sets Private Label Tires',NULL,NULL,'Level','Award','Contest'),(88,'Receive X Positive Customer Feedback Cards','Unit',4,1,20,'Receive X Positive Customer Feedback Cards','','','Level','Award','Contest'),(89,'Tomax Certification','Points',4,1,20,'The Tomax Store systems provide the tools for you to provide great customer service. Earn your Tomax Store Systems Certificate.','','','Level','Award','Contest'),(90,'ASE Certification','Unit',5,1,20,'ASE Certification',NULL,NULL,'Level','Award','Contest'),(91,'500 Tire Fittings Milestone','Unit',3,1,20,'500 Tire Fittings Milestone',NULL,NULL,'Level','Award','Contest'),(92,'1000 Tire Fittings Milestone','Unit',3,1,20,'1000 Tire Fittings Milestone',NULL,NULL,'Level','Award','Contest'),(93,'KalTire Basic Training','Unit',5,1,19,'KalTire Basic Training',NULL,NULL,'Level','Award','Contest'),(94,'KalTire Master Training - Brakes','Unit',5,1,19,'KalTire Master Training - Brakes',NULL,NULL,'Level','Award','Contest'),(95,'KalTire Master Training - Tires','Unit',5,1,19,'KalTire Master Training - Tires',NULL,NULL,'Level','Award','Contest'),(96,'Repair 15 cars in 1 week','max',4,1,20,'Egg Selling',NULL,NULL,'Level','Award','Contest'),(97,'Sell X amount of dress shoes','Shoes',3,1,20,'Can\'t wear a suit without shoes, can you ?! Sell a pair of shoes with your suit. Get to know your guest. What type of suit will he be wearing ? Black and browns dress shoes are for more formal events.',NULL,NULL,'Level','Award','Contest'),(98,'Sell X amount of socks','socks',3,1,20,'ndfjkfdjfkiflkfkm',NULL,NULL,'Level','Award','Contest'),(99,'Complete X hours tailor training','Hours',3,1,19,'description',NULL,NULL,'Level','Award','Contest'),(100,'Score X Points on Pants-Suit Seperates Quiz','unit',4,1,19,'complete pant-suit separates quiz','Click here to play Pant-Separates Quiz Game','http://demo.levelspro.com:8078/PlayerPanel/QuizPlay.aspx?quizid=10','Level','Award','Contest'),(101,'Sell X amount of pant seperates','cumulative',3,1,20,'Most guys come in wanting just a pair of snazzy pants. Sell at least 5 pairs of pant suit-separates.',NULL,NULL,'Level','Award','Contest'),(102,'Score X Points on Sock Quiz','units',4,1,19,'Complete Socks Quiz','Click here to play the Socks Quiz Game','http://demo.levelspro.com:8078/PlayerPanel/QuizPlay.aspx?quizid=9','Level','Award','Contest'),(103,'Sell X amount of dress shirts','max',3,1,20,'this is a test 1',NULL,NULL,'Level','Award','Contest'),(104,'Score X Points on Dress Shoes Quiz','units',4,1,19,'Complete dress shoe quiz',NULL,NULL,'Level','Award','Contest'),(105,'Score X Points on Dress Shirt Quiz','Unit',4,1,19,'Complete Dress Shirt Quiz','Click here to play Dress Shirts Quiz Game','http://demo.levelspro.com:8078/PlayerPanel/QuizPlay.aspx?quizid=11','Level','Award','Contest'),(106,'Score X Points on Tie Quiz','Unit',4,1,19,'Complete Tie/Cuff link Quiz','Click here to play the Tie/Socks Quiz Game','http://demo.levelspro.com:8078/PlayerPanel/QuizPlay.aspx?quizid=12','Level','Award','Contest'),(107,'Score X Points on Blazer Quiz','Unit',4,1,19,'Complete Blazer Quiz','Click here to play Blazer/Suits Quiz Game','http://demo.levelspro.com:8078/PlayerPanel/QuizPlay.aspx?quizid=13','Level','Award','Contest'),(108,'Sell X amount of Cuff Links','Unit',3,1,20,'Cuff Links are a great accessory to a suit or a simple outfit with a dress shirt.',NULL,NULL,'Level','Award','Contest'),(110,'Sell X amount of Ties','Unit',3,1,20,'Ties are a major part of an outfit whether it be a suit or business casual outfit.',NULL,NULL,'Level','Award','Contest'),(111,'Sell X complete outfits','Unit',4,1,20,'This task consist of you the associate to sell 5 complete outfits this includes dress shoes, socks, a pant separate and blazer (or suit), dress shirt, tie or cufflinks.',NULL,NULL,'Level','Award','Contest'),(112,'Sell X Full Suits','Unit',4,1,20,'Sell 3 full suits. Business or Tuxedo.',NULL,NULL,'Level','Award','Contest'),(113,'Score X Points on Suits Quiz','Unit',4,1,19,'Complete Suits Quiz with a high score.',NULL,NULL,'Level','Award','Contest'),(114,'KPI test1','test',3,1,20,'This is just a test 1.',NULL,NULL,'Level','Award','Contest'),(115,'EA KPI- Testing','Maximum number of customer deals in X time Span',4,1,20,'Maximum number of customer deals per X Day in X minutes',NULL,NULL,'Level','Award','Contest'),(116,'Score 120 pts: \"Where in the Store?\" Game','Score',3,1,19,'\"excuse me ma\'am/sir, could you tell me where i can find...\" this has to be the most scariest question you get asked during your first week. This game is a fun way to help you answer some of the most asked questions like \"wheres woman shoes?\" or \"wheres the bathroom?\". You\'ll never be scared again !',NULL,NULL,'Level','Award','Contest'),(117,'KPI test','test',5,1,21,'This is a test',NULL,NULL,'Level','Award','Contest'),(119,'ttest','test',3,1,20,'test test',NULL,NULL,'Level','Award','Contest'),(120,'Score X Points Wood Flooring Match Game','Points',3,1,19,'Score X Points Wood Flooring Match Game',NULL,NULL,'Level','Award','Contest'),(121,'Score X Points Know your Mensweat Match Game','Points',3,1,19,'Score X Points Know your Mensweat Match Game',NULL,NULL,'Level','Award','Contest'),(122,'GoogleGame','Commulative',3,1,19,'checking Google Page in Tips & Tricks','Click here for more Info','https://www.google.com.pk','Level','Award','Contest'),(123,'FacbookGAME','Commulative',3,1,19,'checking Facebook link on Tips & Tricks','Click here for more Info','https://www.facebook.com/','Level','Award','Contest'),(124,'Score X Points on \"How well do you know Denim?\" Game','Points',3,1,20,'Complete Quiz','Click here for more Info','http://www.rawrdenim.com/2011/09/the-essential-raw-denim-breakdown-our-100th-article/','Level','Award','Contest'),(125,'Score X Points in Sports Game','Points',4,1,19,'Know your sports equipment','Click here to Play Sports Game','http://demo.levelspro.com:8078/PlayerPanel/MatchPlay.aspx?matchid=16','Level','Award','Contest'),(126,'Score X Points in Celebrations Game','Points',3,1,19,'Celebrations','','','Level','Award','Contest'),(127,'1. Review Welcome Aboard! Guide','Unit',5,1,21,'Welcome Aboard! We are excited that you have joined our team. Review this guide to make your transition to a successful team member as easy as pie.\r\n\r\nContact Rachel if you have any questions.','Link to the Wecome Aboard! Guide here.','http://www.levelspro.com','Level','Award','Contest'),(128,'2. Be a Great Merchandiser! Score X pts','Points',3,1,19,'Do you have what it takes to be a great merchandiser? Play this game to learn some of the key skills you will need to be successful.','Click here to play the Great Merchandiser Game','http://hallmark.levelspro.com:8079/PlayerPanel/QuizPlay.aspx?quizid=26','Level','Award','Contest'),(129,'3. Who\'s Who: Score X pts on Match Game','Points',3,1,19,'Know your Team. Play the Who\'s Who Match Game until you who\'s who and what they do','Click here to play the Who\'s Who Match Game','','Level','Award','Contest'),(130,'4. Complete Orientation Briefing','Unit',5,1,19,'Understand the basics. Learn to be successful. Call Rachel to  learn the details of when and where to attend your Orientation Briefing','','','Level','Award','Contest'),(131,'1.Training: How to work your Planogram','Unit',5,1,19,'Learn how to use your planogram to increase sales','Click here to learn about planograms','http://www.levelspro.com/','Level','Award','Contest'),(132,'2.Training: How to audit inventory','Unit',5,1,19,'Accurate inventory drives effective replenishment. Which means that our customers find the perfect cards that they are looking for.','Learn how to audit inventory','http://www.levelspro.com/','Level','Award','Contest'),(133,'3.Manage your Store Manager: Score X pts','Points',3,1,19,'Your Store Manager should be your best friend. Learn best practices in managing your manager','','','Level','Award','Contest'),(134,'4.Planogram 101: Score X pts','Points',3,1,19,'Learn how to boost sales using your planogram','','','Level','Award','Contest'),(135,'5.Audit Inventory X SKU\'s','Unit',3,1,20,'Accurate inventory is key to making sure that our customers find the perfect card for their loved ones','','','Level','Award','Contest'),(136,'6.Setup X Seasonal Card Display(s)','Unit',3,1,21,'Holidays drive traffic and 80% of our sales. Position holiday merchandise where our customers can find it','','','Level','Award','Contest'),(137,'7.Pass section inspection X times','Unit',3,1,21,'Planagrom compliance assures that we will sell more merchandise','','','Level','Award','Contest'),(138,'1.Training: Setup section to maximize sales','Unit',5,1,19,'Learn to setup you section','Click here','http://www.levelspro.com/','Level','Award','Contest'),(139,'2.Training: Advanced Planogram Techniques','Unit',5,1,19,'Learn the ins and outs to take advantage of your planogram','Click here','http://www.levelspro.com/','Level','Award','Contest'),(140,'3.Keeping the displays full: Score X pts','Points',3,1,19,'When your displays are fully stocked, customers have more choice and will buy more.','Click to Play','http://hallmark.levelspro.com:8079/PlayerPanel/QuizPlay.aspx?quizid=26','Level','Award','Contest'),(141,'4.Know your Merchandise: Score X pts','Points',4,1,19,'We provide great products and choices for our customers. Test your product knowledge here','Play Game','http://hallmark.levelspro.com:8079/PlayerPanel/MatchPlay.aspx?matchid=22','Level','Award','Contest'),(142,'6.Meet on-time performance X times','Unit',3,1,20,'The more stores that you can manage, the more money you can make. Start by improving your work times','','','Level','Award','Contest'),(143,'1.Watch customer service video','Unit',5,1,19,'Watch Customer Service Video','','','Level','Award','Contest'),(144,'2.New Items! Score X pts','Unit',4,1,19,'We have a great selection of new items that will be coming to the stores in 2 weeks','','','Level','Award','Contest'),(146,'4. X% Merchandisers level up on time','Percent',4,1,20,'X% Merchandisers level up on time','','','Level','Award','Contest'),(147,'5. X% On time team performance','Percent',4,1,20,'Team Productivity','','','Level','Award','Contest'),(148,'6. X% Sales Target','Percent',4,1,20,'Sales Productivity','','','Level','Award','Contest'),(149,'7.X Store Manager Commendation','Unit',3,1,21,'Store Manager Commendation','','','Level','Award','Contest'),(150,'Complete Welcome Aboard! Guide for new Sales Associates','Unit',5,1,19,'There\'s a lot to know about being a great sales associate. This course will help you get off to the right start','','','Level',' ',' '),(151,'Complete Onboarding Training Course','Points',5,1,19,'Start your career on the right foot','','','Level',' ',' '),(152,'Score X pts: \"Who\'s Who?\" Game','Points',3,1,19,'Contribute to the team. Learn who your partners are in delivering great customer service','','','Level',' ',' '),(153,'Attend Welcome Aboard! Orientation Briefing','Points',5,1,19,'The Welcome Aboard Briefing will introduce you to the following topics...','','','Level',' ',' '),(154,'1.4.Tour the Store','Unit',5,1,19,'There is so much that happens behind the scenes at our stores. See the Assistant Manager to get the Grand tour of your store. And be sure to ask about how our founder earned his first dollar.','','','Level',' ',' '),(155,'Complete Retail Fundamentals 101','Points',5,1,19,'Learn how to be a great Sales Associate','','','Level',' ',' '),(156,'Greeting Guests 101','Points',5,1,19,'When guests arrive at our stores, you should make them feel comfortable. See how to do that','','','Level',' ',' '),(157,'Score X Points in the Awesome Associate Game','Points',3,1,19,'Learn how to be an Awesome Associate. There are some simple things to do that will increase your ability to please your Guests','','','Level',' ',' '),(158,'Score X Points: Know your Team Matchgame','Points',4,1,19,'You can only win as a team if you know who you are playing with','','','Level',' ',' '),(159,'Sign Up X Guests for Loyalty Cards','Points',3,1,20,'Sign Up X Loyalty Card Members','','','Level',' ',' '),(160,'Shadow Mentor X times','Number',3,1,19,'Learn from your mentor','','','Level',' ',' '),(161,'Sell X reward cards','Cards',3,1,20,'Sell reward cards to customers','','','Level','Award','Contest'),(162,'Sell X Gift Cards','Cards',3,1,20,'Sell gift cards','','','Level','Award','Contest'),(163,'Stock X Shelves in a Day','Shelves',4,1,20,'Stock shelves','','','Level','Award','Contest'),(164,'Donor Commitments','USD',3,1,22,'Dollars committed to the charity','','','Level','Award','Contest'),(165,'Get x points on Home Theater Quiz','Points',4,1,19,'Get all correct','','','Level','Award','Contest'),(166,'Sell X amount of Home theater equipment','dollars',3,1,19,'Attach to sales to make this amount of Revenue','','','Level','Award','Contest'),(167,'Refill slurpee machine X times','Refillssss',3,1,20,'Follow the direction given on board.','','','Level','Award','Contest'),(168,'Score X points in 7 eleven quiz','points',4,1,19,'for each correct answer get points.','','','Level','Award','Contest'),(169,'Get all correct in Employee Behavior','points',4,1,19,'Must get all correct','','','Level','Award','Contest'),(170,'Sell X counts of Phone','xyz',4,1,19,'it is just experiment','','','Level','Award','Contest');
/*!40000 ALTER TABLE `tblkpi` ENABLE KEYS */;
UNLOCK TABLES;

--
-- Table structure for table `tblkpitemp`
--

DROP TABLE IF EXISTS `tblkpitemp`;
/*!40101 SET @saved_cs_client     = @@character_set_client */;
/*!40101 SET character_set_client = utf8 */;
CREATE TABLE `tblkpitemp` (
  `EMP_ID` int(11) NOT NULL,
  `ExtractionDate` datetime DEFAULT NULL,
  `KPI_ID` int(11) DEFAULT NULL,
  `Performance` int(11) DEFAULT NULL,
  `KPI_Type` varchar(200) DEFAULT NULL,
  PRIMARY KEY (`EMP_ID`)
) ENGINE=InnoDB DEFAULT CHARSET=utf8;
/*!40101 SET character_set_client = @saved_cs_client */;

--
-- Dumping data for table `tblkpitemp`
--

LOCK TABLES `tblkpitemp` WRITE;
/*!40000 ALTER TABLE `tblkpitemp` DISABLE KEYS */;
/*!40000 ALTER TABLE `tblkpitemp` ENABLE KEYS */;
UNLOCK TABLES;

--
-- Table structure for table `tbllevel`
--

DROP TABLE IF EXISTS `tbllevel`;
/*!40101 SET @saved_cs_client     = @@character_set_client */;
/*!40101 SET character_set_client = utf8 */;
CREATE TABLE `tbllevel` (
  `Level_ID` int(11) NOT NULL AUTO_INCREMENT,
  `Level_Name` varchar(100) DEFAULT NULL,
  `Role_ID` int(11) DEFAULT NULL,
  `Active` tinyint(1) DEFAULT '1',
  `Level_Position` tinyint(2) NOT NULL,
  `BaseHours` int(11) DEFAULT NULL,
  `Level_date` date DEFAULT NULL,
  `Points` int(11) DEFAULT NULL,
  `Reach` varchar(45) DEFAULT NULL,
  `CurrentlyIn` varchar(45) DEFAULT NULL,
  `Game` varchar(50) DEFAULT NULL,
  `ImageName` varchar(100) DEFAULT NULL,
  `ImageThumbnail` varchar(100) DEFAULT NULL,
  PRIMARY KEY (`Level_ID`),
  KEY `Role_ID` (`Role_ID`),
  CONSTRAINT `Role_ID` FOREIGN KEY (`Role_ID`) REFERENCES `tblroles` (`Role_ID`) ON DELETE CASCADE ON UPDATE CASCADE
) ENGINE=InnoDB AUTO_INCREMENT=229 DEFAULT CHARSET=latin1;
/*!40101 SET character_set_client = @saved_cs_client */;

--
-- Dumping data for table `tbllevel`
--

LOCK TABLES `tbllevel` WRITE;
/*!40000 ALTER TABLE `tbllevel` DISABLE KEYS */;
INSERT INTO `tbllevel` VALUES (158,'Sales Apprentice',70,1,1,80,'2013-11-13',300,'2','1','1','4d61b091-4b67-4d19-9cd9-85bef7318669.png','4d61b091-4b67-4d19-9cd9-85bef7318669.png'),(159,'Sales Assistant',70,1,2,120,'2013-11-13',500,'3','2','1','64535db3-dc55-4634-9229-cd44f0360ff3.png','64535db3-dc55-4634-9229-cd44f0360ff3.png'),(160,'Sales Associate',70,1,3,150,'2013-11-13',700,'27','3','1','85eadafe-f0eb-4714-b9f4-d2f779e1bf3b.png','85eadafe-f0eb-4714-b9f4-d2f779e1bf3b.png'),(161,'Sales Captain',70,1,4,400,'2013-11-13',800,'4','27','1','dc3ed986-c9ae-498d-84e5-689989e3275a.png','dc3ed986-c9ae-498d-84e5-689989e3275a.png'),(162,'Sales Mentor',70,1,5,400,'2013-11-13',10000,'7','4','1','efef5afb-f487-4b37-ba9a-e46549569709.png','efef5afb-f487-4b37-ba9a-e46549569709.png'),(163,'Junior',71,1,1,18,'2013-11-15',25,'9','8','2','e905a5ab-83a3-4850-954e-1056fb335460.png','e905a5ab-83a3-4850-954e-1056fb335460.png'),(164,'Manager',2,1,1,100,'2013-11-15',1000,'19','8','2',NULL,NULL),(165,'Level 2',71,1,2,80,'2013-11-18',200,'10','9','2',NULL,NULL),(166,'Level 3',71,1,3,80,'2013-11-18',200,'11','10','2',NULL,NULL),(167,'Level 4',71,1,4,80,'2013-11-18',200,'12','11','2',NULL,NULL),(168,'Level 5',71,1,5,80,'2013-11-18',200,'13','12','2',NULL,NULL),(169,'Level 6',71,1,6,80,'2013-11-18',200,'14','13','2',NULL,NULL),(170,'Level 7',71,1,7,80,'2013-11-18',200,'15','14','2',NULL,NULL),(171,'Level 8',71,1,8,80,'2013-11-18',200,'16','15','2',NULL,NULL),(173,'Level 9',71,1,9,80,'2013-11-18',200,'17','16','2',NULL,NULL),(174,'Level 10',71,1,10,80,'2013-11-18',200,'18','17','2',NULL,NULL),(176,'Level 11',71,1,11,80,'2013-11-18',200,'8','18','2',NULL,NULL),(177,'Finish',71,1,12,80,'2013-11-18',200,'0','0','2',NULL,NULL),(178,'Level 1',72,1,1,80,'2013-11-18',250,'10','8','2',NULL,NULL),(179,'Technician 2',72,1,5,200,'2013-11-20',500,'9','10','2',NULL,NULL),(180,'Technician 3',72,1,2,200,'2013-11-20',500,'11','9','2',NULL,NULL),(181,'Technician 4',72,1,3,200,'2013-11-20',1000,'12','11','2',NULL,NULL),(183,'Technician 5',72,1,4,400,'2013-11-20',10000,'13','12','2',NULL,NULL),(184,'Technician 6',72,1,6,400,'2013-11-20',10000,'14','13','2',NULL,NULL),(185,'Technician 7',72,1,7,400,'2013-11-20',10000,'15','14','2',NULL,NULL),(186,'Technician 8',72,1,8,400,'2013-11-20',10000,'16','15','2',NULL,NULL),(187,'Technician 9',72,1,9,400,'2013-11-20',10000,'17','16','2',NULL,NULL),(188,'Technician 10',72,1,10,400,'2013-11-20',10000,'18','17','2',NULL,NULL),(189,'Technician 11',72,1,11,400,'2013-11-20',10000,'19','18','2',NULL,NULL),(190,'Technician 12',72,1,12,400,'2013-11-20',10000,'8','19','2',NULL,NULL),(195,'Technician 13',72,1,13,400,'2013-11-20',10000,'0','0','2',NULL,NULL),(196,'Shoes',74,1,1,5,'2014-06-17',250,'25','26','3',NULL,NULL),(197,'Socks',74,1,2,5,'2014-06-17',250,'25','20','3',NULL,NULL),(198,'Pants',74,1,3,5,'2014-06-17',500,'25','21','3',NULL,NULL),(199,'Dress Shirt',74,1,4,5,'2014-06-17',1000,'25','22','3',NULL,NULL),(200,'Cuff Links/Ties',74,1,5,5,'2014-06-17',850,'25','24','3',NULL,NULL),(201,'Blazer',74,1,6,5,'2014-06-17',1000,'25','24','3',NULL,NULL),(210,'EA Level 1- Testing',75,1,2,30,'2014-08-08',100,'3','4','1','7caa50bc-8a38-459d-8324-889824973bce.png','7caa50bc-8a38-459d-8324-889824973bce.png'),(211,'EA Level 2- Testing',75,1,1,20,'2014-08-08',220,'6','2','1','e1047831-fb72-4dd4-929e-af2936082c7d.jpg','e1047831-fb72-4dd4-929e-af2936082c7d.jpg'),(212,'level15',71,1,13,120,'2014-09-10',240,'2','1','1','abf0406e-3d32-4aca-b1ec-d33dee529143.jpg','abf0406e-3d32-4aca-b1ec-d33dee529143.jpg'),(213,'Level 1 - Baby',76,1,1,40,'2014-09-12',1000,'32','31','5','1d7fea87-15c1-4f5a-af01-715f6b326998.png','1d7fea87-15c1-4f5a-af01-715f6b326998.png'),(214,'1st Birthday',76,1,2,50,'2014-09-12',1000,'33','32','5','79180a6d-db9a-48fb-b6ed-5354bf916aad.png','79180a6d-db9a-48fb-b6ed-5354bf916aad.png'),(215,'Teen',76,1,3,80,'2014-09-15',200,'34','33','5','d2c61122-d09c-41fa-bf28-1bbad74ea144.png','d2c61122-d09c-41fa-bf28-1bbad74ea144.png'),(216,'Baby',77,1,1,200,'2014-09-17',500,'32','31','5','c26f2a4c-942c-480b-949d-724e5e461b9c.png','c26f2a4c-942c-480b-949d-724e5e461b9c.png'),(217,'The Store',80,1,1,80,'2014-12-01',300,'39','38','6','f37cc99e-f814-4c98-878a-aa352d7bc629.png','f37cc99e-f814-4c98-878a-aa352d7bc629.png'),(218,'The Brand',80,1,2,200,'2014-12-01',500,'40','39','6','68bb8c9d-274a-4f61-9d50-362e0dc18ca3.png','68bb8c9d-274a-4f61-9d50-362e0dc18ca3.png'),(219,'Customer Experience',80,1,3,200,'2014-12-01',700,'41','40','6','70da6781-0536-417c-b90d-fabf96d96725.png','70da6781-0536-417c-b90d-fabf96d96725.png'),(220,'Mens Wear',80,1,4,400,'2014-12-01',800,'4','27','1','775405fd-961d-44e4-a2d2-7340047dfb06.png','775405fd-961d-44e4-a2d2-7340047dfb06.png'),(221,'Womens Wear',80,1,5,400,'2014-12-01',2500,'7','4','1','d039d1bc-78fd-4160-b149-1206b5e55202.png','d039d1bc-78fd-4160-b149-1206b5e55202.png'),(222,'Test Level',70,1,6,100,'2014-12-03',100,'2','1','1','feffe3d8-eecf-4892-ab2e-d28d466a77d5.png','feffe3d8-eecf-4892-ab2e-d28d466a77d5.png'),(223,'Start Here',82,1,1,40,'2015-06-15',200,'45','44','7','b5838c49-1516-4930-bdfd-2c370d3f9acd.png','b5838c49-1516-4930-bdfd-2c370d3f9acd.png'),(224,'1',83,1,1,15,'2015-06-16',250,'48','47','8','ee4e916b-1d4e-4891-a047-50c15bcceb49.jpg','ee4e916b-1d4e-4891-a047-50c15bcceb49.jpg'),(225,'Midpoint',82,1,2,40,'2015-06-16',250,'46','45','7','d8d14311-222b-4247-9ff2-8a20043e7291.png','d8d14311-222b-4247-9ff2-8a20043e7291.png'),(226,'Peak',82,1,3,40,'2015-06-16',400,'46','46','7','f6071462-1352-4ca8-b6ee-62a8f4f14113.png','f6071462-1352-4ca8-b6ee-62a8f4f14113.png'),(227,'2',83,1,2,25,'2015-06-16',500,'49','48','8','8dedaa2c-0e6b-4405-95b5-954cd177a01a.jpg','8dedaa2c-0e6b-4405-95b5-954cd177a01a.jpg'),(228,'3',83,1,3,40,'2015-06-16',750,'49','49','8','c1a6ee6a-30f3-4ddc-ad7e-cf4dc8916296.jpg','c1a6ee6a-30f3-4ddc-ad7e-cf4dc8916296.jpg');
/*!40000 ALTER TABLE `tbllevel` ENABLE KEYS */;
UNLOCK TABLES;

--
-- Table structure for table `tbllevelgame`
--

DROP TABLE IF EXISTS `tbllevelgame`;
/*!40101 SET @saved_cs_client     = @@character_set_client */;
/*!40101 SET character_set_client = utf8 */;
CREATE TABLE `tbllevelgame` (
  `GameID` int(11) NOT NULL AUTO_INCREMENT,
  `GameName` varchar(50) DEFAULT NULL,
  `Active` int(4) DEFAULT '1',
  PRIMARY KEY (`GameID`)
) ENGINE=MyISAM AUTO_INCREMENT=9 DEFAULT CHARSET=latin1;
/*!40101 SET character_set_client = @saved_cs_client */;

--
-- Dumping data for table `tbllevelgame`
--

LOCK TABLES `tbllevelgame` WRITE;
/*!40000 ALTER TABLE `tbllevelgame` DISABLE KEYS */;
INSERT INTO `tbllevelgame` VALUES (1,'Around world',1),(2,'Donnington Race Track',1),(3,'Dress Him Up!',1),(4,'Game1',1),(5,'Hallmark Mass',1),(6,'Apparel',1),(7,'Everest',1),(8,'Sales Ascension',1);
/*!40000 ALTER TABLE `tbllevelgame` ENABLE KEYS */;
UNLOCK TABLES;

--
-- Table structure for table `tbllevelgameddl`
--

DROP TABLE IF EXISTS `tbllevelgameddl`;
/*!40101 SET @saved_cs_client     = @@character_set_client */;
/*!40101 SET character_set_client = utf8 */;
CREATE TABLE `tbllevelgameddl` (
  `GameDropdownID` int(11) NOT NULL AUTO_INCREMENT,
  `GameDropdownName` varchar(50) DEFAULT NULL,
  `GameID` int(11) DEFAULT NULL,
  `Active` int(4) DEFAULT '1',
  PRIMARY KEY (`GameDropdownID`)
) ENGINE=MyISAM AUTO_INCREMENT=50 DEFAULT CHARSET=latin1;
/*!40101 SET character_set_client = @saved_cs_client */;

--
-- Dumping data for table `tbllevelgameddl`
--

LOCK TABLES `tbllevelgameddl` WRITE;
/*!40000 ALTER TABLE `tbllevelgameddl` DISABLE KEYS */;
INSERT INTO `tbllevelgameddl` VALUES (1,'San Francisco',1,1),(2,'New York',1,1),(3,'London',1,1),(4,'Dubai',1,1),(5,'Beijing',1,1),(6,'Sydney',1,1),(7,'Mumbai',1,1),(8,'Redgate',2,1),(9,'Hollywood',2,1),(10,'Craner Curves',2,1),(11,'Old Hairpin',2,1),(12,'Schwanz',2,1),(13,'Starkey\'s Bridge',2,1),(14,'McLean\'s',2,1),(15,'Coppice',2,1),(16,'Starkey\'s Straight',2,1),(17,'The Esses',2,1),(18,'Melbourne Hairpin',2,1),(19,'Melbourne Hairpin2',2,1),(20,'Socks',3,1),(21,'Slacks/Pants',3,1),(22,'Dress Shirt',3,1),(23,'Tie',3,1),(24,'Cuff Links',3,1),(25,'Blazer',3,1),(26,'Shoes',3,1),(27,'Moscow',1,1),(28,'Athens',1,1),(29,'Level 1',4,1),(30,'Level 2',4,1),(31,'Level 1 - Baby',5,1),(32,'Level 2 - 1st Birthday',5,1),(33,'Level 3 - Teen',5,1),(34,'Level 4 - Wedding',5,1),(35,'Level 5 - Anniversary',5,1),(36,'Level 6 - Grandpa',5,1),(37,'Level 7 - Retirement',5,1),(38,'Level 1 The Store',6,1),(39,'Level 2 The Brand',6,1),(40,'Level 3 Customer Experience',6,1),(41,'Level 4 Mens',6,1),(42,'Level 5 Womens',6,1),(43,'Level 6 Shoes',6,1),(44,'Base Camp1',7,1),(45,'Base Camp2',7,1),(46,'Peak',7,1),(47,'Rookie',8,1),(48,'Experienced',8,1),(49,'Expert',8,1);
/*!40000 ALTER TABLE `tbllevelgameddl` ENABLE KEYS */;
UNLOCK TABLES;

--
-- Table structure for table `tbllevelperformance`
--

DROP TABLE IF EXISTS `tbllevelperformance`;
/*!40101 SET @saved_cs_client     = @@character_set_client */;
/*!40101 SET character_set_client = utf8 */;
CREATE TABLE `tbllevelperformance` (
  `levelPerformanceId` int(11) NOT NULL AUTO_INCREMENT,
  `user_id` int(11) NOT NULL,
  `current_level` int(11) NOT NULL,
  `next_level` int(11) NOT NULL,
  `last_level` int(11) NOT NULL,
  `level_achieved` tinyint(4) NOT NULL,
  `achieved_date` date DEFAULT NULL,
  `target_scores` int(11) NOT NULL,
  `achieved_scores` int(11) NOT NULL,
  `popup_showed` tinyint(4) NOT NULL DEFAULT '0',
  `Worked_Hour` int(11) DEFAULT '0',
  PRIMARY KEY (`levelPerformanceId`)
) ENGINE=MyISAM AUTO_INCREMENT=191 DEFAULT CHARSET=latin1;
/*!40101 SET character_set_client = @saved_cs_client */;

--
-- Dumping data for table `tbllevelperformance`
--

LOCK TABLES `tbllevelperformance` WRITE;
/*!40000 ALTER TABLE `tbllevelperformance` DISABLE KEYS */;
INSERT INTO `tbllevelperformance` VALUES (123,70,159,160,158,0,NULL,0,0,0,0),(2,38,158,159,0,1,NULL,608,0,1,70),(3,39,158,159,0,1,NULL,608,0,1,50),(4,40,158,159,0,0,NULL,608,0,0,70),(5,41,158,159,0,1,NULL,608,0,1,70),(6,42,158,159,0,0,NULL,608,0,1,50),(7,43,163,164,0,0,NULL,0,0,0,0),(8,44,164,165,0,0,NULL,0,0,0,0),(9,2,164,165,0,0,NULL,0,0,0,0),(124,89,158,159,0,0,NULL,1008,0,0,5),(125,90,158,159,0,0,NULL,1108,0,0,0),(12,45,158,159,0,1,NULL,608,0,1,50),(13,46,163,164,0,1,NULL,0,0,0,0),(14,46,165,166,163,0,NULL,0,0,0,0),(15,47,164,165,0,0,NULL,0,0,0,0),(16,48,178,179,0,0,NULL,0,0,0,35),(17,49,178,179,0,1,NULL,0,0,1,0),(18,50,178,179,0,0,NULL,0,0,0,74),(19,51,178,179,0,0,NULL,0,0,0,60),(20,52,178,179,0,0,NULL,0,0,0,70),(21,45,159,160,158,1,NULL,0,0,1,5),(36,60,164,165,0,0,NULL,0,0,0,0),(23,49,179,180,178,1,NULL,0,0,1,0),(126,92,158,159,0,1,NULL,1108,0,1,10),(25,45,160,161,159,1,NULL,0,0,1,0),(37,61,158,159,0,0,NULL,608,0,0,0),(127,92,159,160,158,0,NULL,0,0,0,3),(28,49,178,179,179,0,NULL,225,0,0,75),(29,53,178,179,0,0,NULL,225,0,0,35),(30,54,164,165,0,0,NULL,0,0,0,0),(31,55,178,179,0,0,NULL,225,0,0,75),(32,56,178,179,0,0,NULL,225,0,0,74),(33,57,178,179,0,0,NULL,225,0,0,60),(34,58,178,179,0,0,NULL,225,0,0,70),(35,59,179,180,0,0,NULL,455,0,0,0),(39,63,164,165,0,0,NULL,0,0,0,0),(40,64,164,165,0,0,NULL,0,0,0,0),(41,65,158,159,0,1,NULL,608,0,1,30),(42,66,158,159,0,1,NULL,608,0,1,50),(43,67,158,159,0,0,NULL,608,0,0,70),(128,93,158,159,0,0,NULL,1108,0,0,0),(45,68,196,197,0,1,NULL,0,0,1,0),(46,68,197,198,196,1,NULL,0,0,1,0),(47,68,198,199,197,1,NULL,0,0,1,0),(48,45,161,162,160,1,NULL,0,0,1,2),(49,69,158,159,0,1,NULL,608,0,1,0),(50,69,159,160,158,1,NULL,0,0,1,0),(51,70,158,159,0,1,NULL,608,0,1,0),(52,71,210,211,0,0,NULL,300,0,0,0),(53,72,169,170,0,0,NULL,0,0,0,0),(54,73,178,179,0,1,NULL,225,0,1,0),(55,74,163,164,0,1,NULL,20,0,1,0),(56,75,196,197,0,1,NULL,5,0,1,0),(57,76,158,159,0,1,NULL,608,0,1,0),(58,77,181,182,0,1,NULL,0,0,1,0),(59,65,160,161,158,0,NULL,5226,0,0,30),(60,66,159,160,158,1,NULL,1226,0,1,50),(61,69,160,161,159,0,NULL,0,0,0,0),(62,66,160,161,159,0,NULL,5226,0,0,50),(63,78,158,159,0,1,NULL,808,0,1,0),(129,94,217,218,0,0,NULL,124,0,0,60),(130,95,218,219,0,0,NULL,209,0,0,180),(66,45,158,159,161,1,NULL,808,0,1,2),(67,45,161,162,158,0,NULL,0,0,1,2),(131,96,218,219,0,0,NULL,209,0,0,150),(132,97,217,218,0,0,NULL,124,0,0,45),(133,98,217,218,0,0,NULL,124,0,0,5),(134,99,164,165,0,0,NULL,0,0,0,0),(135,100,163,164,0,1,NULL,20,0,1,0),(136,101,158,159,0,0,NULL,1128,0,0,0),(137,102,158,159,0,0,NULL,1128,0,0,0),(138,91,158,159,0,0,NULL,746,0,0,4),(139,100,158,159,163,0,NULL,746,0,0,0),(140,104,158,159,0,0,NULL,746,0,0,6),(78,78,159,160,158,1,NULL,0,0,1,0),(141,105,158,159,0,0,NULL,746,0,0,2),(142,106,158,159,0,0,NULL,746,0,0,0),(82,78,160,161,159,0,NULL,0,0,0,0),(84,79,158,159,0,1,NULL,1108,0,1,0),(85,79,159,160,158,1,NULL,0,0,1,0),(86,79,160,161,159,1,NULL,0,0,1,0),(87,68,197,198,198,1,NULL,111,0,1,0),(88,68,198,199,197,1,NULL,114,0,1,0),(89,68,199,200,198,1,NULL,103,0,1,0),(90,68,200,201,199,1,NULL,108,0,1,0),(91,68,201,202,200,0,NULL,208,0,0,0),(92,80,163,164,0,0,NULL,20,0,0,0),(93,81,159,160,0,0,NULL,1626,0,0,0),(94,82,213,214,0,0,NULL,0,0,0,20),(95,83,214,215,0,0,NULL,0,0,0,22),(100,79,161,162,160,0,NULL,0,0,0,0),(101,84,214,215,0,1,NULL,0,0,1,0),(102,84,215,216,214,0,NULL,200,0,0,50),(104,85,164,165,0,0,NULL,0,0,0,0),(105,86,216,217,0,0,NULL,646,0,0,0),(106,73,158,159,178,0,NULL,1008,0,0,87),(107,39,159,160,158,1,NULL,1626,0,1,50),(108,39,160,161,159,1,NULL,5226,0,1,50),(109,39,159,160,160,0,NULL,1626,0,0,100),(110,87,158,159,0,1,NULL,1008,0,1,0),(111,87,159,160,158,1,NULL,0,0,1,0),(112,87,160,161,159,1,NULL,0,0,1,0),(113,87,161,162,160,0,NULL,0,0,0,0),(114,37,159,160,161,1,NULL,0,0,1,0),(115,74,158,159,163,0,NULL,1008,0,0,1),(116,75,159,160,196,1,NULL,1626,0,1,3),(117,76,160,161,158,1,NULL,5226,0,1,0),(118,77,161,162,181,1,NULL,0,0,1,0),(119,77,160,161,161,0,NULL,5226,0,0,0),(120,76,159,160,160,0,NULL,1626,0,0,0),(121,41,159,160,158,0,NULL,0,0,0,80),(122,37,158,159,0,0,NULL,1008,0,0,50),(143,107,158,159,0,0,NULL,0,0,0,7),(144,108,158,159,0,0,NULL,0,0,0,0),(145,109,158,159,0,0,NULL,0,0,0,0),(146,110,158,159,0,0,NULL,0,0,0,0),(147,111,158,159,0,0,NULL,0,0,0,0),(148,112,158,159,0,0,NULL,0,0,0,0),(149,113,158,159,0,0,NULL,0,0,0,0),(150,114,158,159,0,0,NULL,0,0,0,5),(151,115,158,159,0,0,NULL,0,0,0,3),(152,116,158,159,0,0,NULL,0,0,0,2),(153,117,158,159,0,0,NULL,0,0,0,5),(154,75,160,161,159,0,NULL,5226,0,0,3),(155,118,158,159,0,0,NULL,791,0,0,0),(156,38,159,160,158,0,NULL,0,0,0,0),(157,119,158,159,0,1,NULL,775,0,1,0),(158,120,158,159,0,1,NULL,775,0,1,0),(159,120,224,225,158,1,NULL,0,0,1,0),(160,119,223,224,158,1,NULL,0,0,1,0),(161,119,225,226,223,1,NULL,0,0,1,0),(162,120,227,228,224,1,NULL,0,0,1,0),(163,119,224,225,225,1,NULL,1650,0,1,0),(164,119,227,228,224,1,NULL,0,0,1,0),(165,119,226,227,227,1,NULL,0,0,1,0),(166,119,223,224,226,1,NULL,25,0,1,0),(167,125,223,224,0,1,NULL,25,0,1,0),(168,120,224,225,227,1,NULL,1650,0,1,0),(169,125,225,226,223,1,NULL,0,0,1,0),(170,126,224,225,0,0,NULL,1650,0,0,0),(171,125,223,224,225,1,NULL,25,0,1,0),(172,125,223,224,0,1,NULL,25,0,1,40),(173,119,225,226,0,1,NULL,0,0,1,40),(174,120,223,224,0,1,NULL,25,0,1,15),(175,119,224,225,225,1,NULL,2150,0,1,40),(176,120,224,225,223,1,NULL,2150,0,1,15),(177,119,223,224,224,1,NULL,25,0,1,40),(178,119,223,224,0,1,NULL,25,0,1,5),(179,125,224,225,223,1,NULL,2150,0,1,40),(180,125,227,228,224,1,NULL,0,0,1,0),(181,127,224,225,0,0,NULL,1800,0,0,0),(182,119,224,225,223,0,NULL,1800,0,0,5),(183,125,225,226,227,1,NULL,0,0,1,0),(184,125,227,228,225,1,NULL,2450,0,1,0),(185,125,225,226,227,1,NULL,0,0,1,0),(186,125,227,228,225,1,NULL,2450,0,1,0),(187,125,225,226,227,0,NULL,0,0,0,40),(188,120,223,224,0,1,NULL,25,0,1,15),(189,120,227,228,223,0,NULL,2450,0,0,15),(190,128,223,224,0,0,NULL,25,0,0,0);
/*!40000 ALTER TABLE `tbllevelperformance` ENABLE KEYS */;
UNLOCK TABLES;

--
-- Table structure for table `tbllifelines`
--

DROP TABLE IF EXISTS `tbllifelines`;
/*!40101 SET @saved_cs_client     = @@character_set_client */;
/*!40101 SET character_set_client = utf8 */;
CREATE TABLE `tbllifelines` (
  `LifeLine_ID` int(11) NOT NULL AUTO_INCREMENT,
  `UserID` int(11) DEFAULT NULL,
  `QuizID` int(11) DEFAULT NULL,
  `DateUsed` varchar(50) DEFAULT NULL,
  `ReduceChoices_LifeLine` int(11) DEFAULT NULL,
  `ReplaceQuestion_LifeLine` int(11) DEFAULT NULL,
  `AddCounter_LifeLine` int(11) DEFAULT NULL,
  PRIMARY KEY (`LifeLine_ID`)
) ENGINE=MyISAM AUTO_INCREMENT=79 DEFAULT CHARSET=latin1;
/*!40101 SET character_set_client = @saved_cs_client */;

--
-- Dumping data for table `tbllifelines`
--

LOCK TABLES `tbllifelines` WRITE;
/*!40000 ALTER TABLE `tbllifelines` DISABLE KEYS */;
INSERT INTO `tbllifelines` VALUES (1,37,2,'11/15/2013',0,1,0),(2,37,2,'11/15/2013',1,0,0),(3,37,1,'11/15/2013',0,0,1),(4,37,1,'11/15/2013',1,0,0),(5,37,1,'11/15/2013',0,1,0),(6,37,4,'11/15/2013',0,1,0),(7,37,3,'11/15/2013',0,1,0),(8,37,3,'11/15/2013',1,0,0),(9,37,3,'11/15/2013',0,0,1),(10,43,4,'11/15/2013',0,0,1),(11,43,4,'11/15/2013',0,1,0),(12,37,4,'11/15/2013',0,0,1),(13,37,1,'11/19/2013',0,1,0),(14,49,5,'11/25/2013',0,1,0),(15,49,5,'11/25/2013',1,0,0),(16,49,5,'11/26/2013',0,1,0),(17,40,1,'1/10/2014',0,0,1),(18,40,2,'3/14/2014',0,1,0),(19,39,1,'3/28/2014',0,0,1),(20,39,1,'3/28/2014',1,0,0),(21,40,2,'3/28/2014',0,0,1),(22,41,2,'3/28/2014',0,1,0),(23,41,2,'3/28/2014',1,0,0),(24,41,2,'3/28/2014',0,0,1),(25,39,2,'3/28/2014',0,1,0),(26,41,1,'3/28/2014',0,0,1),(27,61,1,'5/9/2014',1,0,0),(28,37,1,'6/10/2014',1,0,0),(29,40,1,'6/12/2014',0,0,1),(30,38,1,'7/11/2014',0,0,1),(31,68,10,'7/15/2014',0,0,1),(32,38,1,'7/16/2014',1,0,0),(33,38,1,'7/16/2014',0,0,1),(34,38,1,'7/23/2014',0,0,1),(35,38,1,'8/7/2014',1,0,0),(36,38,1,'8/7/2014',0,0,1),(37,69,2,'8/12/2014',0,1,0),(38,69,2,'8/12/2014',1,0,0),(39,37,1,'8/12/2014',0,0,1),(40,37,2,'8/21/2014',0,1,0),(41,69,2,'8/21/2014',1,0,0),(42,69,1,'8/22/2014',1,0,0),(43,69,1,'8/22/2014',0,0,1),(44,69,2,'8/22/2014',0,1,0),(45,69,2,'8/22/2014',0,0,1),(46,69,2,'8/22/2014',1,0,0),(47,78,2,'8/25/2014',1,0,0),(48,78,1,'8/25/2014',1,0,0),(49,37,1,'9/8/2014',0,0,1),(50,37,1,'9/8/2014',0,1,0),(51,37,1,'9/8/2014',1,0,0),(52,41,1,'9/9/2014',1,0,0),(53,40,1,'9/10/2014',1,0,0),(54,41,5,'9/10/2014',0,1,0),(55,41,5,'9/10/2014',1,0,0),(56,84,26,'9/20/2014',0,0,1),(57,84,26,'9/20/2014',0,1,0),(58,84,26,'9/20/2014',1,0,0),(59,84,26,'9/30/2014',1,0,0),(60,84,26,'10/29/2014',0,0,1),(61,84,26,'10/29/2014',1,0,0),(62,40,2,'11/19/2014',0,1,0),(63,38,2,'11/19/2014',0,1,0),(64,40,2,'11/19/2014',1,0,0),(65,38,2,'11/20/2014',1,0,0),(66,38,2,'11/20/2014',0,0,1),(67,96,2,'12/2/2014',0,1,0),(68,41,1,'12/17/2014',1,0,0),(69,39,27,'3/11/2015',0,1,0),(70,96,2,'5/12/2015',1,0,0),(71,119,28,'6/15/2015',1,0,0),(72,119,28,'6/15/2015',0,1,0),(73,119,28,'6/17/2015',1,0,0),(74,119,28,'6/17/2015',0,0,1),(75,119,28,'6/17/2015',0,1,0),(76,125,28,'6/17/2015',1,0,0),(77,125,28,'6/17/2015',0,1,0),(78,120,29,'6/18/2015',0,1,0);
/*!40000 ALTER TABLE `tbllifelines` ENABLE KEYS */;
UNLOCK TABLES;

--
-- Table structure for table `tbllog`
--

DROP TABLE IF EXISTS `tbllog`;
/*!40101 SET @saved_cs_client     = @@character_set_client */;
/*!40101 SET character_set_client = utf8 */;
CREATE TABLE `tbllog` (
  `id` int(11) NOT NULL AUTO_INCREMENT,
  `contestId` int(11) DEFAULT NULL,
  `description` varchar(500) DEFAULT NULL,
  `lastrun` datetime DEFAULT NULL,
  PRIMARY KEY (`id`),
  UNIQUE KEY `id_UNIQUE` (`id`)
) ENGINE=InnoDB AUTO_INCREMENT=15476 DEFAULT CHARSET=utf8;
/*!40101 SET character_set_client = @saved_cs_client */;

--
-- Dumping data for table `tbllog`
--

LOCK TABLES `tbllog` WRITE;
/*!40000 ALTER TABLE `tbllog` DISABLE KEYS */;
INSERT INTO `tbllog` VALUES (15107,61,'ContestLoop','2014-12-04 04:54:45'),(15108,61,'AwardLoop1','2014-12-04 04:54:45'),(15109,61,'UserID39','2014-12-04 04:54:45'),(15110,61,'AwardLoop2','2014-12-04 04:54:45'),(15111,61,'UserID38','2014-12-04 04:54:45'),(15112,61,'AwardLoop3','2014-12-04 04:54:45'),(15113,61,'UserID37','2014-12-04 04:54:45'),(15114,61,'ContestLoop','2014-12-04 23:58:01'),(15115,61,'AwardLoop1','2014-12-04 23:58:01'),(15116,61,'UserID39','2014-12-04 23:58:01'),(15117,61,'AwardLoop2','2014-12-04 23:58:01'),(15118,61,'UserID38','2014-12-04 23:58:01'),(15119,61,'AwardLoop3','2014-12-04 23:58:01'),(15120,61,'UserID37','2014-12-04 23:58:01'),(15121,4,'ContestLoop','2014-12-05 23:58:01'),(15122,4,'AwardLoop2','2014-12-05 23:58:01'),(15123,4,'UserID38','2014-12-05 23:58:01'),(15124,4,'UserID73','2014-12-05 23:58:01'),(15125,4,'AwardLoop3','2014-12-05 23:58:01'),(15126,4,'AwardLoop7','2014-12-05 23:58:01'),(15127,4,'UserID39','2014-12-05 23:58:01'),(15128,7,'ContestLoop','2014-12-05 23:58:01'),(15129,7,'AwardLoop7','2014-12-05 23:58:01'),(15130,7,'AwardLoop8','2014-12-05 23:58:01'),(15131,7,'AwardLoop9','2014-12-05 23:58:01'),(15132,16,'ContestLoop','2014-12-05 23:58:01'),(15133,16,'AwardLoop0','2014-12-05 23:58:01'),(15134,16,'AwardLoop0','2014-12-05 23:58:01'),(15135,16,'AwardLoop0','2014-12-05 23:58:01'),(15136,44,'ContestLoop','2014-12-05 23:58:01'),(15137,44,'AwardLoop0','2014-12-05 23:58:01'),(15138,44,'AwardLoop0','2014-12-05 23:58:01'),(15139,44,'AwardLoop0','2014-12-05 23:58:01'),(15140,49,'ContestLoop','2014-12-05 23:58:01'),(15141,49,'AwardLoop2','2014-12-05 23:58:01'),(15142,49,'UserID44','2014-12-05 23:58:01'),(15143,49,'AwardLoop3','2014-12-05 23:58:01'),(15144,49,'UserID37','2014-12-05 23:58:01'),(15145,49,'UserID42','2014-12-05 23:58:01'),(15146,49,'AwardLoop3','2014-12-05 23:58:01'),(15147,62,'ContestLoop','2014-12-08 23:58:01'),(15148,62,'AwardLoop1','2014-12-08 23:58:01'),(15149,62,'UserID37','2014-12-08 23:58:01'),(15150,62,'AwardLoop1','2014-12-08 23:58:01'),(15151,62,'UserID38','2014-12-08 23:58:01'),(15152,62,'AwardLoop1','2014-12-08 23:58:01'),(15153,62,'UserID73','2014-12-08 23:58:01'),(15154,63,'ContestLoop','2014-12-08 23:58:01'),(15155,63,'AwardLoop0','2014-12-08 23:58:01'),(15156,63,'AwardLoop0','2014-12-08 23:58:01'),(15157,63,'AwardLoop0','2014-12-08 23:58:01'),(15158,66,'ContestLoop','2014-12-09 23:58:01'),(15159,66,'AwardLoop4','2014-12-09 23:58:01'),(15160,66,'UserID37','2014-12-09 23:58:01'),(15161,66,'AwardLoop5','2014-12-09 23:58:01'),(15162,66,'UserID38','2014-12-09 23:58:01'),(15163,66,'AwardLoop6','2014-12-09 23:58:01'),(15164,66,'UserID73','2014-12-09 23:58:01'),(15165,64,'ContestLoop','2014-12-10 23:58:00'),(15166,64,'AwardLoop2','2014-12-10 23:58:00'),(15167,64,'AwardLoop3','2014-12-10 23:58:00'),(15168,64,'AwardLoop1','2014-12-10 23:58:00'),(15169,65,'ContestLoop','2014-12-10 23:58:00'),(15170,65,'AwardLoop1','2014-12-10 23:58:00'),(15171,65,'AwardLoop1','2014-12-10 23:58:00'),(15172,65,'AwardLoop1','2014-12-10 23:58:00'),(15173,67,'ContestLoop','2014-12-11 23:58:00'),(15174,67,'AwardLoop4','2014-12-11 23:58:00'),(15175,67,'UserID73','2014-12-11 23:58:00'),(15176,67,'AwardLoop5','2014-12-11 23:58:00'),(15177,67,'UserID37','2014-12-11 23:58:00'),(15178,67,'UserID39','2014-12-11 23:58:00'),(15179,67,'AwardLoop6','2014-12-11 23:58:00'),(15180,68,'ContestLoop','2014-12-15 23:58:00'),(15181,68,'AwardLoop4','2014-12-15 23:58:00'),(15182,68,'UserID39','2014-12-15 23:58:00'),(15183,68,'UserID40','2014-12-15 23:58:00'),(15184,68,'AwardLoop5','2014-12-15 23:58:00'),(15185,68,'AwardLoop6','2014-12-15 23:58:00'),(15186,68,'UserID38','2014-12-15 23:58:00'),(15187,69,'ContestLoop','2014-12-16 23:58:00'),(15188,69,'AwardLoop4','2014-12-16 23:58:00'),(15189,69,'UserID37','2014-12-16 23:58:00'),(15190,69,'AwardLoop5','2014-12-16 23:58:00'),(15191,69,'UserID38','2014-12-16 23:58:00'),(15192,69,'UserID39','2014-12-16 23:58:00'),(15193,69,'UserID40','2014-12-16 23:58:00'),(15194,69,'UserID41','2014-12-16 23:58:00'),(15195,69,'UserID42','2014-12-16 23:58:00'),(15196,69,'UserID45','2014-12-16 23:58:01'),(15197,69,'UserID65','2014-12-16 23:58:01'),(15198,69,'UserID66','2014-12-16 23:58:01'),(15199,69,'UserID67','2014-12-16 23:58:01'),(15200,69,'UserID73','2014-12-16 23:58:01'),(15201,69,'AwardLoop6','2014-12-16 23:58:01'),(15202,17,'ContestLoop','2014-12-19 23:58:00'),(15203,17,'AwardLoop0','2014-12-19 23:58:00'),(15204,17,'AwardLoop0','2014-12-19 23:58:00'),(15205,17,'AwardLoop0','2014-12-19 23:58:00'),(15206,71,'ContestLoop','2014-12-23 23:58:00'),(15207,71,'AwardLoop0','2014-12-23 23:58:00'),(15208,71,'UserID37','2014-12-23 23:58:00'),(15209,71,'UserID40','2014-12-23 23:58:00'),(15210,71,'AwardLoop0','2014-12-23 23:58:00'),(15211,71,'AwardLoop0','2014-12-23 23:58:00'),(15212,71,'UserID39','2014-12-23 23:58:00'),(15213,72,'ContestLoop','2014-12-23 23:58:00'),(15214,72,'AwardLoop4','2014-12-23 23:58:00'),(15215,72,'UserID40','2014-12-23 23:58:00'),(15216,72,'AwardLoop5','2014-12-23 23:58:00'),(15217,72,'UserID39','2014-12-23 23:58:00'),(15218,72,'AwardLoop6','2014-12-23 23:58:00'),(15219,72,'UserID38','2014-12-23 23:58:00'),(15220,73,'ContestLoop','2014-12-24 23:58:00'),(15221,73,'AwardLoop4','2014-12-24 23:58:00'),(15222,73,'UserID37','2014-12-24 23:58:00'),(15223,73,'AwardLoop5','2014-12-24 23:58:00'),(15224,73,'UserID38','2014-12-24 23:58:00'),(15225,73,'UserID39','2014-12-24 23:58:00'),(15226,73,'UserID40','2014-12-24 23:58:00'),(15227,73,'UserID41','2014-12-24 23:58:00'),(15228,73,'UserID42','2014-12-24 23:58:00'),(15229,73,'UserID45','2014-12-24 23:58:00'),(15230,73,'UserID65','2014-12-24 23:58:00'),(15231,73,'UserID66','2014-12-24 23:58:00'),(15232,73,'UserID67','2014-12-24 23:58:00'),(15233,73,'UserID73','2014-12-24 23:58:00'),(15234,73,'AwardLoop6','2014-12-24 23:58:00'),(15235,57,'ContestLoop','2014-12-31 23:58:01'),(15236,57,'AwardLoop4','2014-12-31 23:58:01'),(15237,57,'UserID97','2014-12-31 23:58:01'),(15238,57,'AwardLoop5','2014-12-31 23:58:01'),(15239,57,'UserID98','2014-12-31 23:58:01'),(15240,57,'AwardLoop6','2014-12-31 23:58:01'),(15241,57,'UserID95','2014-12-31 23:58:01'),(15242,70,'ContestLoop','2014-12-31 23:58:01'),(15243,70,'AwardLoop4','2014-12-31 23:58:01'),(15244,70,'AwardLoop5','2014-12-31 23:58:01'),(15245,70,'AwardLoop6','2014-12-31 23:58:01'),(15246,74,'ContestLoop','2014-12-31 23:58:01'),(15247,74,'AwardLoop4','2014-12-31 23:58:01'),(15248,74,'UserID37','2014-12-31 23:58:01'),(15249,74,'AwardLoop5','2014-12-31 23:58:01'),(15250,74,'UserID38','2014-12-31 23:58:01'),(15251,74,'UserID39','2014-12-31 23:58:01'),(15252,74,'UserID40','2014-12-31 23:58:01'),(15253,74,'UserID41','2014-12-31 23:58:01'),(15254,74,'UserID42','2014-12-31 23:58:02'),(15255,74,'UserID45','2014-12-31 23:58:02'),(15256,74,'UserID65','2014-12-31 23:58:02'),(15257,74,'UserID66','2014-12-31 23:58:02'),(15258,74,'UserID67','2014-12-31 23:58:02'),(15259,74,'UserID73','2014-12-31 23:58:02'),(15260,74,'AwardLoop6','2014-12-31 23:58:02'),(15261,75,'ContestLoop','2015-01-06 23:58:10'),(15262,75,'AwardLoop4','2015-01-06 23:58:10'),(15263,75,'AwardLoop5','2015-01-06 23:58:10'),(15264,75,'AwardLoop6','2015-01-06 23:58:10'),(15265,76,'ContestLoop','2015-01-07 23:58:00'),(15266,76,'AwardLoop4','2015-01-07 23:58:00'),(15267,76,'AwardLoop5','2015-01-07 23:58:00'),(15268,76,'AwardLoop6','2015-01-07 23:58:00'),(15269,77,'ContestLoop','2015-01-07 23:58:00'),(15270,77,'AwardLoop4','2015-01-07 23:58:00'),(15271,77,'AwardLoop5','2015-01-07 23:58:00'),(15272,77,'AwardLoop6','2015-01-07 23:58:00'),(15273,78,'ContestLoop','2015-01-26 23:58:01'),(15274,78,'AwardLoop4','2015-01-26 23:58:01'),(15275,78,'UserID73','2015-01-26 23:58:01'),(15276,78,'AwardLoop5','2015-01-26 23:58:01'),(15277,78,'UserID37','2015-01-26 23:58:01'),(15278,78,'UserID38','2015-01-26 23:58:01'),(15279,78,'UserID39','2015-01-26 23:58:01'),(15280,78,'UserID40','2015-01-26 23:58:01'),(15281,78,'UserID41','2015-01-26 23:58:01'),(15282,78,'UserID42','2015-01-26 23:58:01'),(15283,78,'UserID45','2015-01-26 23:58:01'),(15284,78,'UserID65','2015-01-26 23:58:01'),(15285,78,'UserID66','2015-01-26 23:58:01'),(15286,78,'UserID67','2015-01-26 23:58:01'),(15287,78,'AwardLoop6','2015-01-26 23:58:01'),(15288,79,'ContestLoop','2015-01-26 23:58:01'),(15289,79,'AwardLoop4','2015-01-26 23:58:01'),(15290,79,'UserID73','2015-01-26 23:58:01'),(15291,79,'AwardLoop5','2015-01-26 23:58:01'),(15292,79,'UserID37','2015-01-26 23:58:01'),(15293,79,'UserID38','2015-01-26 23:58:01'),(15294,79,'UserID39','2015-01-26 23:58:01'),(15295,79,'UserID40','2015-01-26 23:58:01'),(15296,79,'UserID41','2015-01-26 23:58:01'),(15297,79,'UserID42','2015-01-26 23:58:01'),(15298,79,'UserID45','2015-01-26 23:58:01'),(15299,79,'UserID65','2015-01-26 23:58:01'),(15300,79,'UserID66','2015-01-26 23:58:02'),(15301,79,'UserID67','2015-01-26 23:58:02'),(15302,79,'AwardLoop6','2015-01-26 23:58:02'),(15303,7,'ContestLoop','2015-01-31 23:58:01'),(15304,7,'AwardLoop7','2015-01-31 23:58:01'),(15305,7,'AwardLoop8','2015-01-31 23:58:01'),(15306,7,'AwardLoop9','2015-01-31 23:58:01'),(15307,80,'ContestLoop','2015-02-03 23:58:35'),(15308,80,'AwardLoop4','2015-02-03 23:58:35'),(15309,80,'AwardLoop5','2015-02-03 23:58:35'),(15310,80,'AwardLoop6','2015-02-03 23:58:35'),(15311,81,'ContestLoop','2015-02-18 23:58:01'),(15312,81,'AwardLoop4','2015-02-18 23:58:01'),(15313,81,'AwardLoop5','2015-02-18 23:58:01'),(15314,81,'AwardLoop6','2015-02-18 23:58:01'),(15315,82,'ContestLoop','2015-02-18 23:58:01'),(15316,82,'AwardLoop4','2015-02-18 23:58:01'),(15317,82,'AwardLoop5','2015-02-18 23:58:01'),(15318,82,'AwardLoop6','2015-02-18 23:58:01'),(15319,83,'ContestLoop','2015-02-19 23:58:01'),(15320,83,'AwardLoop4','2015-02-19 23:58:01'),(15321,83,'AwardLoop5','2015-02-19 23:58:01'),(15322,83,'AwardLoop6','2015-02-19 23:58:01'),(15323,84,'ContestLoop','2015-02-19 23:58:01'),(15324,84,'AwardLoop1','2015-02-19 23:58:01'),(15325,84,'AwardLoop1','2015-02-19 23:58:01'),(15326,84,'AwardLoop1','2015-02-19 23:58:01'),(15327,85,'ContestLoop','2015-02-19 23:58:01'),(15328,85,'AwardLoop1','2015-02-19 23:58:01'),(15329,85,'AwardLoop1','2015-02-19 23:58:01'),(15330,85,'AwardLoop1','2015-02-19 23:58:01'),(15331,86,'ContestLoop','2015-02-25 23:58:01'),(15332,86,'AwardLoop4','2015-02-25 23:58:01'),(15333,86,'AwardLoop5','2015-02-25 23:58:01'),(15334,86,'AwardLoop6','2015-02-25 23:58:02'),(15335,87,'ContestLoop','2015-02-25 23:58:02'),(15336,87,'AwardLoop4','2015-02-25 23:58:02'),(15337,87,'AwardLoop5','2015-02-25 23:58:02'),(15338,87,'AwardLoop6','2015-02-25 23:58:02'),(15339,87,'ContestLoop','2015-03-11 23:58:02'),(15340,87,'AwardLoop4','2015-03-11 23:58:02'),(15341,87,'AwardLoop5','2015-03-11 23:58:02'),(15342,87,'AwardLoop6','2015-03-11 23:58:02'),(15343,91,'ContestLoop','2015-03-31 23:58:03'),(15344,91,'AwardLoop4','2015-03-31 23:58:03'),(15345,91,'UserID39','2015-03-31 23:58:04'),(15346,91,'AwardLoop5','2015-03-31 23:58:04'),(15347,91,'UserID37','2015-03-31 23:58:04'),(15348,91,'AwardLoop6','2015-03-31 23:58:04'),(15349,91,'UserID41','2015-03-31 23:58:04'),(15350,96,'ContestLoop','2015-03-31 23:58:05'),(15351,96,'AwardLoop4','2015-03-31 23:58:05'),(15352,96,'UserID73','2015-03-31 23:58:05'),(15353,96,'AwardLoop5','2015-03-31 23:58:05'),(15354,96,'UserID37','2015-03-31 23:58:05'),(15355,96,'AwardLoop6','2015-03-31 23:58:05'),(15356,96,'UserID118','2015-03-31 23:58:05'),(15357,97,'ContestLoop','2015-03-31 23:58:05'),(15358,97,'AwardLoop4','2015-03-31 23:58:05'),(15359,97,'AwardLoop5','2015-03-31 23:58:05'),(15360,97,'AwardLoop6','2015-03-31 23:58:05'),(15361,98,'ContestLoop','2015-03-31 23:58:05'),(15362,98,'AwardLoop4','2015-03-31 23:58:05'),(15363,98,'UserID73','2015-03-31 23:58:05'),(15364,98,'AwardLoop5','2015-03-31 23:58:06'),(15365,98,'UserID37','2015-03-31 23:58:06'),(15366,98,'UserID39','2015-03-31 23:58:06'),(15367,98,'UserID40','2015-03-31 23:58:06'),(15368,98,'UserID41','2015-03-31 23:58:06'),(15369,98,'UserID42','2015-03-31 23:58:06'),(15370,98,'UserID45','2015-03-31 23:58:06'),(15371,98,'UserID65','2015-03-31 23:58:06'),(15372,98,'UserID66','2015-03-31 23:58:06'),(15373,98,'UserID67','2015-03-31 23:58:07'),(15374,98,'UserID74','2015-03-31 23:58:07'),(15375,98,'UserID75','2015-03-31 23:58:07'),(15376,98,'UserID91','2015-03-31 23:58:07'),(15377,98,'UserID92','2015-03-31 23:58:07'),(15378,98,'UserID100','2015-03-31 23:58:07'),(15379,98,'UserID101','2015-03-31 23:58:07'),(15380,98,'UserID102','2015-03-31 23:58:08'),(15381,98,'UserID104','2015-03-31 23:58:08'),(15382,98,'UserID105','2015-03-31 23:58:08'),(15383,98,'UserID106','2015-03-31 23:58:08'),(15384,98,'UserID107','2015-03-31 23:58:09'),(15385,98,'UserID108','2015-03-31 23:58:09'),(15386,98,'UserID109','2015-03-31 23:58:10'),(15387,98,'UserID110','2015-03-31 23:58:10'),(15388,98,'UserID111','2015-03-31 23:58:10'),(15389,98,'UserID112','2015-03-31 23:58:10'),(15390,98,'UserID113','2015-03-31 23:58:10'),(15391,98,'UserID114','2015-03-31 23:58:10'),(15392,98,'UserID115','2015-03-31 23:58:11'),(15393,98,'UserID116','2015-03-31 23:58:11'),(15394,98,'UserID117','2015-03-31 23:58:11'),(15395,98,'UserID118','2015-03-31 23:58:11'),(15396,98,'AwardLoop6','2015-03-31 23:58:11'),(15397,99,'ContestLoop','2015-04-03 23:58:03'),(15398,99,'AwardLoop4','2015-04-03 23:58:04'),(15399,99,'UserID73','2015-04-03 23:58:04'),(15400,99,'AwardLoop5','2015-04-03 23:58:04'),(15401,99,'UserID74','2015-04-03 23:58:04'),(15402,99,'AwardLoop6','2015-04-03 23:58:04'),(15403,99,'UserID91','2015-04-03 23:58:04'),(15404,100,'ContestLoop','2015-04-03 23:58:04'),(15405,100,'AwardLoop4','2015-04-03 23:58:04'),(15406,100,'UserID73','2015-04-03 23:58:04'),(15407,100,'AwardLoop5','2015-04-03 23:58:04'),(15408,100,'UserID74','2015-04-03 23:58:04'),(15409,100,'AwardLoop6','2015-04-03 23:58:04'),(15410,100,'UserID91','2015-04-03 23:58:04'),(15411,101,'ContestLoop','2015-04-03 23:58:04'),(15412,101,'AwardLoop4','2015-04-03 23:58:04'),(15413,101,'UserID73','2015-04-03 23:58:04'),(15414,101,'AwardLoop5','2015-04-03 23:58:04'),(15415,101,'UserID74','2015-04-03 23:58:04'),(15416,101,'AwardLoop6','2015-04-03 23:58:04'),(15417,101,'UserID91','2015-04-03 23:58:04'),(15418,102,'ContestLoop','2015-04-03 23:58:04'),(15419,102,'AwardLoop4','2015-04-03 23:58:04'),(15420,102,'UserID73','2015-04-03 23:58:04'),(15421,102,'AwardLoop5','2015-04-03 23:58:04'),(15422,102,'UserID74','2015-04-03 23:58:04'),(15423,102,'AwardLoop6','2015-04-03 23:58:05'),(15424,102,'UserID91','2015-04-03 23:58:05'),(15425,93,'ContestLoop','2015-04-30 23:58:07'),(15426,93,'AwardLoop21','2015-04-30 23:58:08'),(15427,93,'UserID95','2015-04-30 23:58:08'),(15428,93,'AwardLoop21','2015-04-30 23:58:08'),(15429,93,'UserID97','2015-04-30 23:58:08'),(15430,93,'AwardLoop21','2015-04-30 23:58:08'),(15431,93,'UserID98','2015-04-30 23:58:08'),(15432,94,'ContestLoop','2015-05-01 23:58:05'),(15433,94,'AwardLoop4','2015-05-01 23:58:05'),(15434,94,'UserID97','2015-05-01 23:58:05'),(15435,94,'AwardLoop0','2015-05-01 23:58:05'),(15436,94,'UserID95','2015-05-01 23:58:05'),(15437,94,'AwardLoop0','2015-05-01 23:58:05'),(15438,94,'UserID94','2015-05-01 23:58:05'),(15439,95,'ContestLoop','2015-05-01 23:58:05'),(15440,95,'AwardLoop0','2015-05-01 23:58:05'),(15441,95,'UserID98','2015-05-01 23:58:05'),(15442,95,'AwardLoop0','2015-05-01 23:58:06'),(15443,95,'UserID97','2015-05-01 23:58:06'),(15444,95,'AwardLoop0','2015-05-01 23:58:06'),(15445,95,'UserID95','2015-05-01 23:58:06'),(15446,94,'ContestLoop','2015-05-31 23:58:04'),(15447,94,'AwardLoop4','2015-05-31 23:58:05'),(15448,94,'UserID97','2015-05-31 23:58:05'),(15449,94,'AwardLoop0','2015-05-31 23:58:06'),(15450,94,'UserID95','2015-05-31 23:58:06'),(15451,94,'AwardLoop0','2015-05-31 23:58:07'),(15452,94,'UserID94','2015-05-31 23:58:07'),(15453,103,'ContestLoop','2015-06-17 23:58:03'),(15454,103,'AwardLoop21','2015-06-17 23:58:03'),(15455,103,'AwardLoop5','2015-06-17 23:58:03'),(15456,103,'AwardLoop4','2015-06-17 23:58:03'),(15457,106,'ContestLoop','2015-06-17 23:58:03'),(15458,106,'AwardLoop6','2015-06-17 23:58:03'),(15459,106,'UserID125','2015-06-17 23:58:03'),(15460,106,'AwardLoop5','2015-06-17 23:58:03'),(15461,106,'UserID119','2015-06-17 23:58:03'),(15462,106,'AwardLoop4','2015-06-17 23:58:04'),(15463,105,'ContestLoop','2015-06-18 23:58:02'),(15464,105,'AwardLoop1','2015-06-18 23:58:02'),(15465,105,'UserID125','2015-06-18 23:58:02'),(15466,105,'AwardLoop5','2015-06-18 23:58:02'),(15467,105,'UserID119','2015-06-18 23:58:02'),(15468,105,'AwardLoop4','2015-06-18 23:58:03'),(15469,84,'ContestLoop','2015-06-19 23:58:04'),(15470,84,'AwardLoop1','2015-06-19 23:58:04'),(15471,84,'UserID98','2015-06-19 23:58:04'),(15472,84,'AwardLoop1','2015-06-19 23:58:04'),(15473,84,'UserID97','2015-06-19 23:58:04'),(15474,84,'AwardLoop1','2015-06-19 23:58:04'),(15475,84,'UserID95','2015-06-19 23:58:04');
/*!40000 ALTER TABLE `tbllog` ENABLE KEYS */;
UNLOCK TABLES;

--
-- Table structure for table `tblmap`
--

DROP TABLE IF EXISTS `tblmap`;
/*!40101 SET @saved_cs_client     = @@character_set_client */;
/*!40101 SET character_set_client = utf8 */;
CREATE TABLE `tblmap` (
  `Role_ID` int(11) DEFAULT NULL,
  `Level_ID` int(11) DEFAULT NULL,
  `Dimension_top` int(11) DEFAULT NULL,
  `Dimension_left` int(11) DEFAULT NULL
) ENGINE=MyISAM DEFAULT CHARSET=latin1;
/*!40101 SET character_set_client = @saved_cs_client */;

--
-- Dumping data for table `tblmap`
--

LOCK TABLES `tblmap` WRITE;
/*!40000 ALTER TABLE `tblmap` DISABLE KEYS */;
/*!40000 ALTER TABLE `tblmap` ENABLE KEYS */;
UNLOCK TABLES;

--
-- Table structure for table `tblmapping`
--

DROP TABLE IF EXISTS `tblmapping`;
/*!40101 SET @saved_cs_client     = @@character_set_client */;
/*!40101 SET character_set_client = utf8 */;
CREATE TABLE `tblmapping` (
  `User_ID` int(11) NOT NULL,
  `MappingTable_ID` int(11) NOT NULL,
  `Type` varchar(50) DEFAULT NULL,
  PRIMARY KEY (`User_ID`,`MappingTable_ID`)
) ENGINE=MyISAM DEFAULT CHARSET=latin1;
/*!40101 SET character_set_client = @saved_cs_client */;

--
-- Dumping data for table `tblmapping`
--

LOCK TABLES `tblmapping` WRITE;
/*!40000 ALTER TABLE `tblmapping` DISABLE KEYS */;
/*!40000 ALTER TABLE `tblmapping` ENABLE KEYS */;
UNLOCK TABLES;

--
-- Table structure for table `tblmatch`
--

DROP TABLE IF EXISTS `tblmatch`;
/*!40101 SET @saved_cs_client     = @@character_set_client */;
/*!40101 SET character_set_client = utf8 */;
CREATE TABLE `tblmatch` (
  `MatchID` int(11) NOT NULL AUTO_INCREMENT,
  `MatchName` varchar(250) DEFAULT NULL,
  `PointsForCompletation` int(11) DEFAULT NULL,
  `MaxPlaysPerDay` int(11) DEFAULT NULL,
  `NoOfDataSet` int(11) DEFAULT NULL,
  `NoOfRounds` int(11) DEFAULT NULL,
  `CreatedDate` datetime DEFAULT NULL,
  `MatchImage` varchar(100) DEFAULT NULL,
  `MatchImageThumbnail` varchar(100) DEFAULT NULL,
  `KPI_ID` int(11) DEFAULT NULL,
  PRIMARY KEY (`MatchID`)
) ENGINE=MyISAM AUTO_INCREMENT=43 DEFAULT CHARSET=latin1;
/*!40101 SET character_set_client = @saved_cs_client */;

--
-- Dumping data for table `tblmatch`
--

LOCK TABLES `tblmatch` WRITE;
/*!40000 ALTER TABLE `tblmatch` DISABLE KEYS */;
INSERT INTO `tblmatch` VALUES (14,'Know your Menswear',100,50,4,4,'2014-08-09 08:09:58','2053dcb2-75a1-4c1b-8c62-4178343022d2.jpg','2053dcb2-75a1-4c1b-8c62-4178343022d2.jpg',121),(16,'A Question Of Sport',100,20,4,2,'2014-08-22 18:39:43','0efde8d3-0ef0-4451-a129-4784ca3dd192.jpg','0efde8d3-0ef0-4451-a129-4784ca3dd192.jpg',125),(17,'A Load of Balls',100,5,4,4,'2014-08-22 18:45:23','28f33889-90d0-4185-b405-a5410b2dac90.png','28f33889-90d0-4185-b405-a5410b2dac90.png',121),(18,'A good Walk Ruined',100,5,4,2,'2014-08-23 17:52:31','3c620537-76af-4c97-8259-4d807a0c6535.jpeg','3c620537-76af-4c97-8259-4d807a0c6535.jpeg',121),(19,'Wood Floors',100,5,2,2,'2014-08-23 21:47:35','8e7687d2-c074-4df0-86d7-f478d897db4a.jpg','8e7687d2-c074-4df0-86d7-f478d897db4a.jpg',120),(21,'How well do you know Denim ?',50,200000,3,3,'2014-08-26 16:26:50','70ca7e6b-e81b-4a2b-8bda-13bab3ca6479.jpg','70ca7e6b-e81b-4a2b-8bda-13bab3ca6479.jpg',124),(22,'Celebrations',200,10,4,3,'2014-09-14 22:53:31','a724a6d2-1c75-4541-aa59-9b58cdfb7532.jpg','a724a6d2-1c75-4541-aa59-9b58cdfb7532.jpg',141),(25,'Game',50,5,3,2,'2014-10-13 18:48:09','Null','Null',67),(26,'Game1',50,5,3,2,'2014-10-13 18:49:07','Null','Null',67),(27,'namegame',50,5,3,2,'2014-10-13 18:49:32','Null','Null',67),(40,'Rock On',200,100,3,1,'2015-06-17 21:02:00','fcc9e4e9-3cae-476a-add5-6716b6dba8b2.png','fcc9e4e9-3cae-476a-add5-6716b6dba8b2.png',162),(39,'Who\'s Who',300,10,3,2,'2014-12-01 23:39:49','c53fc5f8-4686-4357-904f-a9171a05126a.png','c53fc5f8-4686-4357-904f-a9171a05126a.png',152),(41,'Essentials',500,100,2,1,'2015-06-17 21:47:58','1b235ef3-64d8-4d76-b595-fc9a231b0161.jpg','1b235ef3-64d8-4d76-b595-fc9a231b0161.jpg',165);
/*!40000 ALTER TABLE `tblmatch` ENABLE KEYS */;
UNLOCK TABLES;

--
-- Table structure for table `tblmatchdatasetlevels`
--

DROP TABLE IF EXISTS `tblmatchdatasetlevels`;
/*!40101 SET @saved_cs_client     = @@character_set_client */;
/*!40101 SET character_set_client = utf8 */;
CREATE TABLE `tblmatchdatasetlevels` (
  `DataSetID` int(11) DEFAULT NULL,
  `RoleID` int(11) DEFAULT NULL,
  `LevelID` int(11) DEFAULT NULL
) ENGINE=MyISAM DEFAULT CHARSET=latin1;
/*!40101 SET character_set_client = @saved_cs_client */;

--
-- Dumping data for table `tblmatchdatasetlevels`
--

LOCK TABLES `tblmatchdatasetlevels` WRITE;
/*!40000 ALTER TABLE `tblmatchdatasetlevels` DISABLE KEYS */;
INSERT INTO `tblmatchdatasetlevels` VALUES (73,76,215),(65,70,162),(65,70,161),(65,70,160),(65,70,159),(73,76,214),(66,70,161),(66,70,160),(66,70,159),(66,70,158),(67,70,162),(67,70,161),(67,70,160),(67,70,159),(67,70,158),(68,70,162),(68,70,161),(68,70,160),(68,70,159),(68,70,158),(69,70,162),(69,70,161),(69,70,160),(69,70,159),(69,70,158),(70,70,162),(70,70,161),(70,70,160),(70,70,159),(70,70,158),(71,70,162),(71,70,161),(71,70,160),(71,70,159),(71,70,158),(72,70,158),(72,70,159),(72,70,160),(72,70,161),(72,70,162),(65,70,158),(74,76,215),(75,76,215),(76,76,215),(77,76,215),(78,70,161),(79,70,161),(80,70,161),(81,70,161),(82,70,161),(83,70,158),(84,70,158),(85,70,161),(86,70,158),(87,70,158),(88,70,158),(89,70,158),(90,70,158),(91,70,158),(92,70,158),(93,70,162),(93,70,161),(93,70,160),(93,70,159),(93,70,158),(94,70,162),(94,70,161),(94,70,160),(94,70,159),(94,70,158),(95,70,162),(95,70,161),(95,70,160),(95,70,159),(95,70,158),(96,70,161),(96,70,160),(96,70,159),(96,70,158),(73,76,213),(73,70,161),(74,76,214),(74,76,213),(74,70,161),(75,76,214),(75,76,213),(75,70,161),(76,76,214),(76,76,213),(76,75,211),(76,70,162),(76,70,161),(77,76,214),(77,76,213),(77,70,161),(78,70,160),(78,70,159),(78,70,158),(79,70,160),(79,70,159),(79,70,158),(80,70,160),(80,70,159),(80,70,158),(81,70,160),(81,70,159),(81,70,158),(82,70,160),(82,70,159),(82,70,158),(83,70,159),(83,70,160),(83,70,161),(84,70,159),(84,70,160),(84,70,161),(85,70,160),(85,70,159),(85,70,158),(86,70,159),(86,70,160),(86,70,161),(87,70,159),(87,70,160),(87,70,161),(88,70,159),(88,70,160),(88,70,161),(89,70,159),(89,70,160),(89,70,161),(90,70,159),(90,70,160),(90,70,161),(91,70,159),(91,70,160),(91,70,161),(92,70,159),(92,70,160),(92,70,161),(77,70,160),(77,70,159),(77,70,158),(76,70,160),(75,70,160),(76,70,159),(76,70,158),(74,70,160),(74,70,159),(73,70,160),(73,70,159),(73,70,158),(98,76,215),(75,70,159),(75,70,158),(98,76,214),(74,70,158),(97,76,215),(100,76,215),(100,76,214),(97,76,214),(99,76,215),(99,76,214),(101,76,215),(101,76,214),(97,76,213),(98,76,213),(99,76,213),(100,76,213),(101,76,213),(78,76,213),(78,76,214),(78,76,215),(79,76,213),(79,76,214),(79,76,215),(80,76,213),(80,76,214),(80,76,215),(81,76,213),(81,76,214),(81,76,215),(82,76,213),(82,76,214),(82,76,215),(102,70,158),(102,70,159),(102,80,217),(102,80,218),(103,70,158),(103,70,159),(103,80,217),(103,80,218),(104,70,158),(104,70,159),(104,80,217),(104,80,218),(105,70,158),(105,70,159),(105,80,217),(105,80,218),(106,70,158),(106,70,159),(106,80,217),(106,80,218),(73,80,217),(73,80,218),(74,80,217),(74,80,218),(75,80,217),(75,80,218),(76,80,217),(76,80,218),(77,80,217),(77,80,218),(107,82,223),(108,82,223),(109,82,223),(110,83,227),(111,83,227);
/*!40000 ALTER TABLE `tblmatchdatasetlevels` ENABLE KEYS */;
UNLOCK TABLES;

--
-- Table structure for table `tblmatchdatasets`
--

DROP TABLE IF EXISTS `tblmatchdatasets`;
/*!40101 SET @saved_cs_client     = @@character_set_client */;
/*!40101 SET character_set_client = utf8 */;
CREATE TABLE `tblmatchdatasets` (
  `DataSetID` int(11) NOT NULL AUTO_INCREMENT,
  `DataSetElementsData` varchar(500) DEFAULT NULL,
  `SiteID` int(11) DEFAULT NULL,
  `MatchID` int(11) NOT NULL,
  `CreatedDate` datetime DEFAULT NULL,
  `DataSetImage` varchar(100) DEFAULT NULL,
  `DataSetImageThumbnail` varchar(100) DEFAULT NULL,
  PRIMARY KEY (`DataSetID`)
) ENGINE=MyISAM AUTO_INCREMENT=112 DEFAULT CHARSET=latin1;
/*!40101 SET character_set_client = @saved_cs_client */;

--
-- Dumping data for table `tblmatchdatasets`
--

LOCK TABLES `tblmatchdatasets` WRITE;
/*!40000 ALTER TABLE `tblmatchdatasets` DISABLE KEYS */;
INSERT INTO `tblmatchdatasets` VALUES (65,'Matching vest, pants and jacket|3 Piece Suit|',1,14,'2014-08-16 00:50:39','b59f0f76-5be7-4412-be2f-9b6d36b46dd4.jpg','b59f0f76-5be7-4412-be2f-9b6d36b46dd4.jpg'),(66,'Used to personalize a shirt or suit|Tie|',1,14,'2014-08-16 00:56:06','96941e60-35ab-4c2b-b33f-75948b5bf558.jpg','96941e60-35ab-4c2b-b33f-75948b5bf558.jpg'),(67,'Must be worn at formal occasion|Suit Pants|',1,14,'2014-08-16 00:57:25','e0133c21-e462-4bd4-b87b-d0f0ff5e50d1.jpg','e0133c21-e462-4bd4-b87b-d0f0ff5e50d1.jpg'),(68,'They have long sleeves|Dress Shirt|',1,14,'2014-08-16 00:59:40','e234fc3e-0b38-4532-9ce4-6e96f1c2a1d0.jpg','e234fc3e-0b38-4532-9ce4-6e96f1c2a1d0.jpg'),(69,'Lace up or slip on|Shoes|',1,14,'2014-08-16 01:00:52','a513faeb-3152-4e56-9a0e-4301491bff28.jpg','a513faeb-3152-4e56-9a0e-4301491bff28.jpg'),(70,'Holds your pants up|Belt|',1,14,'2014-08-16 01:01:31','feb0b129-f8e3-4a85-b674-ef2a62c517b8.jpg','feb0b129-f8e3-4a85-b674-ef2a62c517b8.jpg'),(71,'Come in 2 and 3 button styles|Suit Jacket|',1,14,'2014-08-16 01:03:30','90f4ebf8-cf4f-4bec-8ab3-392fd96a93fd.jpg','90f4ebf8-cf4f-4bec-8ab3-392fd96a93fd.jpg'),(72,'It is used in the arm|Watch|',1,14,'2014-08-16 01:05:45','8c9d6662-c71e-42a8-9482-6811f2cc8b41.jpg','8c9d6662-c71e-42a8-9482-6811f2cc8b41.jpg'),(73,'Quality ones made from real feathers.|Badminton|Shuttlecock|',1,16,'2014-08-22 18:42:40','5330b057-c7af-4996-83f0-b71d65e32331.jpg','5330b057-c7af-4996-83f0-b71d65e32331.jpg'),(74,'To size, add 1/2 inch length for fingers|Soccer|Goalie Gloves|',1,16,'2014-08-22 18:43:08','5629acdd-004c-45dd-96be-8f78246d3f42.jpg','5629acdd-004c-45dd-96be-8f78246d3f42.jpg'),(75,'Different pads for right and left feet|Cricket|Pads|',1,16,'2014-08-22 18:43:35','c07d2b18-337a-47f5-b779-b76cbf1cbdf3.jpg','c07d2b18-337a-47f5-b779-b76cbf1cbdf3.jpg'),(97,'Personalize cover|Up to 200 4X6 photos|Photo Album|',0,22,'2014-09-14 23:05:23','548a49d6-a72d-45f6-9a12-238f5c2757ec.jpg','548a49d6-a72d-45f6-9a12-238f5c2757ec.jpg'),(76,'Provides protection in a clash of heads|Rugby|Scrum Cap|',1,16,'2014-08-22 18:44:10','068982bb-013d-4055-9b7b-beb29428f1a1.jpg','068982bb-013d-4055-9b7b-beb29428f1a1.jpg'),(77,'Safer than snap-gates but cost more|Mountaineering|Screw-Gate Carabiner|',1,16,'2014-08-22 18:44:37','1905779e-cf5a-4904-b1c1-ef245c06772f.jpg','1905779e-cf5a-4904-b1c1-ef245c06772f.jpg'),(78,'Back Wall|$12 - $125|Soccer|',0,17,'2014-08-22 18:47:59','dd1833a1-e0cc-4e8b-9e48-e1ce6a8efafd.jpg','dd1833a1-e0cc-4e8b-9e48-e1ce6a8efafd.jpg'),(79,'Aisle 12 (Front)|$5 - $25|Cricket|',0,17,'2014-08-22 18:48:26','5b013cc1-9d23-450f-bc12-0f3385f250f8.jpg','5b013cc1-9d23-450f-bc12-0f3385f250f8.jpg'),(80,'Aisle 2|$30 for Tube of 6|Tennis|',0,17,'2014-08-22 18:49:03','841c40a3-7d05-43cf-8041-1491e343fdb1.jpg','841c40a3-7d05-43cf-8041-1491e343fdb1.jpg'),(81,'Basement|$30 for box of 12|Golf|',0,17,'2014-08-22 18:49:48','b61315b0-184d-4533-96a6-f3737f50b642.jpg','b61315b0-184d-4533-96a6-f3737f50b642.jpg'),(82,'Aisle 12 (Rear)|$8|Lacrosse|',0,17,'2014-08-22 19:04:20','087b02cf-9270-481e-8558-400559070803.jpg','087b02cf-9270-481e-8558-400559070803.jpg'),(83,'Pro or very good Amateur|$48.95|Titleist|',0,18,'2014-08-23 18:00:22','4cf3b45c-106d-495e-8a48-882a1c0d3fe5.jpg','4cf3b45c-106d-495e-8a48-882a1c0d3fe5.jpg'),(84,'Players needing extra spin|$31.99  HOT DEAL!!!!|Calla',0,18,'2014-08-23 18:10:44','4eeb7da1-4ebe-4e02-b915-c0d5221361b2.jpg','4eeb7da1-4ebe-4e02-b915-c0d5221361b2.jpg'),(85,'Seniors / players with slow swing speed|$44.99|Srixon|',0,18,'2014-08-23 18:12:58','00759db6-974a-446c-a9f1-394aecf0738d.jpg','00759db6-974a-446c-a9f1-394aecf0738d.jpg'),(86,'Beginners|$14.99|Noodle|',0,18,'2014-08-23 18:14:13','ffab6ec4-8bfb-4300-9651-ff215e9dc46b.jpg','ffab6ec4-8bfb-4300-9651-ff215e9dc46b.jpg'),(87,'Lady Golfers|$12.99|Wilson|',0,18,'2014-08-23 18:15:34','4429506e-752d-4970-8f0c-62571d7bce81.jpg','4429506e-752d-4970-8f0c-62571d7bce81.jpg'),(88,'Protects wood, masonry and metal|',1,19,'2014-08-23 21:52:37','1ef32b03-499b-4a09-b2b0-56ba581e7a6f.jpg','1ef32b03-499b-4a09-b2b0-56ba581e7a6f.jpg'),(89,'Protects wood|',1,19,'2014-08-23 21:53:26','e0fab9aa-3ac9-4400-b2fd-3770eba6602e.png','e0fab9aa-3ac9-4400-b2fd-3770eba6602e.png'),(90,'Hard-shell protection for cars|',1,19,'2014-08-23 21:54:16','52479515-558c-4664-861b-270abb04f5bc.jpg','52479515-558c-4664-861b-270abb04f5bc.jpg'),(91,'Non-stick wax finish for fiberglass|',1,19,'2014-08-24 01:18:59','6bceaeff-0c55-47f7-a766-31c8e1c4b4d1.jpg','6bceaeff-0c55-47f7-a766-31c8e1c4b4d1.jpg'),(92,'Polish and preserve wooden floors|',1,19,'2014-08-24 01:21:25','b61a1091-5b0a-4c18-a14c-35004a235da2.jpg','b61a1091-5b0a-4c18-a14c-35004a235da2.jpg'),(93,'Fits closer and tighter from the knee to the ankle|Skinny Jeans|',1,21,'2014-08-26 19:15:15','1387654f-0f6f-49f5-9c2d-f3c78ce6632e.jpg','1387654f-0f6f-49f5-9c2d-f3c78ce6632e.jpg'),(94,'Tapered jeans are roomier at the top and narrower towards the ankle.|Tapered Denim|',1,21,'2014-08-27 17:06:07','56f18cf5-aa37-4a49-868d-e7f7b8828ead.jpg','56f18cf5-aa37-4a49-868d-e7f7b8828ead.jpg'),(95,'A style of pants that becomes wider from the knees downward.|Boot Cut Denim|',1,21,'2014-08-27 17:11:30','e0b6311d-b801-4058-a63e-e2d489c8de62.jpg','e0b6311d-b801-4058-a63e-e2d489c8de62.jpg'),(96,'The diameter of the leg opening is almost exactly the same from the knee down to the ankle.|Straight Leg Denim|',1,21,'2014-08-27 17:13:19','50dfd6bb-330d-4ef7-8c96-6f7f4176a62d.jpeg','50dfd6bb-330d-4ef7-8c96-6f7f4176a62d.jpeg'),(98,'Marvel Superhero September Event|Collectibles for kids|Itty Bittys|',0,22,'2014-09-15 00:16:59','b2fe5913-f77e-4567-b264-93d3ec9f31d1.jpg','b2fe5913-f77e-4567-b264-93d3ec9f31d1.jpg'),(99,'Motion activated messages|Hanging plastic motormouth|Trick or Treat Greeter|',0,22,'2014-09-15 00:18:45','db638f64-69af-4472-b89b-5d606019de54.jpg','db638f64-69af-4472-b89b-5d606019de54.jpg'),(100,'Choice of limited edition items|Club members earn points|Keepsake Ornament Club|',0,22,'2014-09-15 00:21:54','e6e65bad-a842-4663-8dee-dcab8e9cc04a.jpg','e6e65bad-a842-4663-8dee-dcab8e9cc04a.jpg'),(101,'Can be delivered direct to recipient|Custom Name, Message, Picture|Personalized Greeting Card|',0,22,'2014-09-15 00:24:45','1717e446-1bef-4e61-a9bc-cff4038a6bd1.jpg','1717e446-1bef-4e61-a9bc-cff4038a6bd1.jpg'),(102,'Sales Associate|Angela Chang|',1,39,'2014-12-01 23:44:25','5de94d86-bb05-4455-a040-04696d137fe2.jpg','5de94d86-bb05-4455-a040-04696d137fe2.jpg'),(103,'Receiving|George Dunn|',1,39,'2014-12-01 23:45:41','b3a01404-a1eb-4078-b604-c59bc595c1f7.jpg','b3a01404-a1eb-4078-b604-c59bc595c1f7.jpg'),(104,'Sales Associate|Jordan Brown|',0,39,'2014-12-01 23:46:40','21cdf6ab-784e-4b34-8bf1-fd127d9a68be.png','21cdf6ab-784e-4b34-8bf1-fd127d9a68be.png'),(105,'HR|Karen Hopp|',1,39,'2014-12-01 23:47:35','1ceab102-fc19-47cd-9b6e-d5340ac67681.png','1ceab102-fc19-47cd-9b6e-d5340ac67681.png'),(106,'Store Manager|Linda Norris|',1,39,'2014-12-01 23:48:31','6c6cd32c-c64e-48d0-89e9-0dd0aded1133.png','6c6cd32c-c64e-48d0-89e9-0dd0aded1133.png'),(107,'1st row|7 Select Brand|',9,40,'2015-06-17 21:06:57','43a67ca3-b043-4f63-bdbc-c94473dc22e6.png','43a67ca3-b043-4f63-bdbc-c94473dc22e6.png'),(108,'2nd|fruitolay|',0,40,'2015-06-17 21:07:45','77584ec8-0cf5-46b1-a532-16697605f30d.png','77584ec8-0cf5-46b1-a532-16697605f30d.png'),(109,'3rd|Entenmann\'s|',0,40,'2015-06-17 21:08:11','162af394-677e-410b-b4c1-c8bc53c49c87.png','162af394-677e-410b-b4c1-c8bc53c49c87.png'),(110,'Able Planet|',10,41,'2015-06-17 21:53:32','a88cd2d8-c5f1-44b9-84d6-0c04269b6ce7.jpg','a88cd2d8-c5f1-44b9-84d6-0c04269b6ce7.jpg');
/*!40000 ALTER TABLE `tblmatchdatasets` ENABLE KEYS */;
UNLOCK TABLES;

--
-- Table structure for table `tblmatchlevels`
--

DROP TABLE IF EXISTS `tblmatchlevels`;
/*!40101 SET @saved_cs_client     = @@character_set_client */;
/*!40101 SET character_set_client = utf8 */;
CREATE TABLE `tblmatchlevels` (
  `MatchID` int(11) DEFAULT NULL,
  `RoleID` int(11) DEFAULT NULL,
  `LevelID` int(11) DEFAULT NULL
) ENGINE=InnoDB DEFAULT CHARSET=utf8;
/*!40101 SET character_set_client = @saved_cs_client */;

--
-- Dumping data for table `tblmatchlevels`
--

LOCK TABLES `tblmatchlevels` WRITE;
/*!40000 ALTER TABLE `tblmatchlevels` DISABLE KEYS */;
INSERT INTO `tblmatchlevels` VALUES (28,70,158),(28,70,159),(28,70,160),(28,72,178),(14,70,158),(14,70,159),(14,70,160),(14,70,161),(14,70,162),(14,74,196),(14,74,197),(14,74,198),(14,74,199),(14,74,200),(14,74,201),(33,70,158),(33,70,159),(33,70,160),(33,70,161),(33,70,162),(34,70,158),(34,70,159),(34,70,160),(34,70,161),(34,70,162),(35,70,158),(35,70,159),(35,70,160),(35,70,161),(35,70,162),(36,70,158),(36,70,159),(36,70,160),(36,70,161),(36,70,162),(37,70,158),(37,70,159),(37,70,160),(38,70,158),(38,70,159),(38,70,160),(17,70,158),(17,70,159),(17,70,160),(21,70,158),(21,70,159),(21,70,160),(21,70,161),(21,70,162),(16,70,158),(16,70,159),(16,70,160),(16,80,217),(16,80,218),(39,70,158),(39,70,159),(39,80,217),(39,80,218),(39,82,223),(40,70,158),(40,70,159),(40,80,217),(40,80,218),(40,82,223),(41,83,227),(42,82,223);
/*!40000 ALTER TABLE `tblmatchlevels` ENABLE KEYS */;
UNLOCK TABLES;

--
-- Table structure for table `tblmatchplaylog`
--

DROP TABLE IF EXISTS `tblmatchplaylog`;
/*!40101 SET @saved_cs_client     = @@character_set_client */;
/*!40101 SET character_set_client = utf8 */;
CREATE TABLE `tblmatchplaylog` (
  `LogID` int(11) NOT NULL AUTO_INCREMENT,
  `UserID` int(11) DEFAULT NULL,
  `MatchID` int(11) DEFAULT NULL,
  `MatchTime` varchar(100) DEFAULT NULL,
  `MatchPlays` int(11) DEFAULT '0',
  PRIMARY KEY (`LogID`)
) ENGINE=MyISAM AUTO_INCREMENT=1351 DEFAULT CHARSET=latin1;
/*!40101 SET character_set_client = @saved_cs_client */;

--
-- Dumping data for table `tblmatchplaylog`
--

LOCK TABLES `tblmatchplaylog` WRITE;
/*!40000 ALTER TABLE `tblmatchplaylog` DISABLE KEYS */;
INSERT INTO `tblmatchplaylog` VALUES (258,39,19,'8/24/2014',1),(259,39,19,'8/24/2014',1),(260,39,19,'8/24/2014',1),(261,39,14,'8/24/2014',1),(262,39,14,'8/24/2014',1),(263,39,14,'8/24/2014',1),(264,39,19,'8/24/2014',1),(265,39,19,'8/24/2014',1),(266,39,16,'8/24/2014',1),(267,39,16,'8/24/2014',1),(268,39,16,'8/24/2014',1),(269,40,19,'8/24/2014',1),(270,40,19,'8/25/2014',1),(271,40,14,'8/25/2014',1),(272,40,17,'8/25/2014',1),(273,39,14,'8/24/2014',1),(274,39,18,'8/24/2014',1),(275,39,18,'8/24/2014',1),(276,40,19,'8/24/2014',1),(277,40,19,'8/24/2014',1),(278,40,19,'8/24/2014',1),(279,40,19,'8/24/2014',1),(280,40,14,'8/24/2014',1),(281,40,14,'8/24/2014',1),(282,40,14,'8/24/2014',1),(283,40,14,'8/24/2014',1),(284,40,14,'8/24/2014',1),(285,40,14,'8/24/2014',1),(286,40,14,'8/24/2014',1),(287,40,14,'8/24/2014',1),(288,40,14,'8/24/2014',1),(289,40,14,'8/24/2014',1),(290,39,14,'8/25/2014',1),(291,39,14,'8/25/2014',1),(292,39,14,'8/25/2014',1),(293,1,14,'8/25/2014',1),(294,39,14,'8/25/2014',1),(295,39,14,'8/25/2014',1),(296,39,14,'8/25/2014',1),(297,39,14,'8/25/2014',1),(298,39,14,'8/25/2014',1),(299,39,14,'8/25/2014',1),(300,39,14,'8/25/2014',1),(301,39,14,'8/25/2014',1),(302,39,14,'8/25/2014',1),(303,39,14,'8/25/2014',1),(304,39,14,'8/25/2014',1),(305,39,14,'8/25/2014',1),(306,39,14,'8/25/2014',1),(307,39,14,'8/25/2014',1),(308,39,14,'8/25/2014',1),(309,39,14,'8/25/2014',1),(310,1,14,'8/25/2014',1),(311,1,14,'8/25/2014',1),(312,37,16,'8/25/2014',1),(313,37,16,'8/25/2014',1),(314,37,16,'8/25/2014',1),(315,37,14,'8/25/2014',1),(316,37,14,'8/25/2014',1),(317,37,14,'8/25/2014',1),(318,37,14,'8/25/2014',1),(319,37,14,'8/25/2014',1),(320,37,14,'8/25/2014',1),(321,37,14,'8/25/2014',1),(322,39,19,'8/25/2014',1),(323,39,14,'8/25/2014',1),(324,39,19,'8/25/2014',1),(325,39,19,'8/25/2014',1),(326,39,19,'8/25/2014',1),(327,39,19,'8/25/2014',1),(328,39,19,'8/25/2014',1),(329,39,19,'8/26/2014',1),(330,39,19,'8/26/2014',1),(331,39,19,'8/26/2014',1),(332,39,19,'8/26/2014',1),(333,39,19,'8/26/2014',1),(334,39,14,'8/26/2014',1),(335,39,14,'8/26/2014',1),(336,39,21,'8/27/2014',1),(337,39,19,'8/27/2014',1),(338,39,19,'8/27/2014',1),(339,39,18,'8/27/2014',1),(340,39,16,'8/27/2014',1),(341,39,16,'8/27/2014',1),(342,37,21,'8/27/2014',1),(343,37,21,'8/27/2014',1),(344,37,21,'8/27/2014',1),(345,39,16,'8/27/2014',1),(346,39,16,'8/27/2014',1),(347,39,16,'8/27/2014',1),(348,37,16,'8/27/2014',1),(349,37,16,'8/27/2014',1),(350,37,18,'8/27/2014',1),(351,37,17,'8/27/2014',1),(352,41,19,'8/27/2014',1),(353,41,14,'8/27/2014',1),(354,41,14,'8/27/2014',1),(355,41,14,'8/27/2014',1),(356,41,14,'8/27/2014',1),(357,41,14,'8/27/2014',1),(358,41,16,'8/27/2014',1),(359,41,16,'8/27/2014',1),(360,37,21,'8/27/2014',1),(361,37,21,'8/27/2014',1),(362,37,21,'8/27/2014',1),(363,37,14,'8/27/2014',1),(364,37,14,'8/27/2014',1),(365,37,14,'8/27/2014',1),(366,37,16,'8/27/2014',1),(367,37,16,'8/27/2014',1),(368,37,16,'8/27/2014',1),(369,37,16,'8/27/2014',1),(370,37,16,'8/27/2014',1),(371,37,16,'8/27/2014',1),(372,37,16,'8/27/2014',1),(373,37,16,'8/27/2014',1),(374,39,19,'8/29/2014',1),(375,39,14,'8/29/2014',1),(376,39,19,'8/29/2014',1),(377,39,14,'8/29/2014',1),(378,39,19,'8/29/2014',1),(379,39,21,'8/29/2014',1),(380,39,19,'8/29/2014',1),(381,39,21,'9/1/2014',1),(382,39,19,'9/1/2014',1),(383,39,19,'9/1/2014',1),(384,39,21,'9/1/2014',1),(385,39,18,'9/1/2014',1),(386,39,18,'9/1/2014',1),(387,39,17,'9/1/2014',1),(388,39,17,'9/1/2014',1),(389,39,17,'9/1/2014',1),(390,39,16,'9/1/2014',1),(391,39,16,'9/1/2014',1),(392,39,21,'9/1/2014',1),(393,39,16,'9/1/2014',1),(394,39,21,'9/1/2014',1),(395,39,21,'9/1/2014',1),(396,39,16,'9/1/2014',1),(397,39,16,'9/1/2014',1),(398,39,19,'9/1/2014',1),(399,39,16,'9/1/2014',1),(400,39,16,'9/2/2014',1),(401,39,17,'9/2/2014',1),(402,39,18,'9/2/2014',1),(403,39,19,'9/2/2014',1),(404,39,19,'9/2/2014',1),(405,39,16,'9/2/2014',1),(406,39,16,'9/2/2014',1),(407,39,14,'9/2/2014',1),(408,39,18,'9/3/2014',1),(409,39,21,'9/3/2014',1),(410,39,16,'9/3/2014',1),(411,39,17,'9/3/2014',1),(412,39,18,'9/3/2014',1),(413,39,14,'9/2/2014',1),(414,39,21,'9/3/2014',1),(415,39,21,'9/3/2014',1),(416,39,19,'9/2/2014',1),(417,39,17,'9/2/2014',1),(418,39,19,'9/2/2014',1),(419,39,19,'9/2/2014',1),(420,39,18,'9/2/2014',1),(421,39,17,'9/2/2014',1),(422,39,21,'9/2/2014',1),(423,39,19,'9/2/2014',1),(424,39,21,'9/2/2014',1),(425,39,19,'9/2/2014',1),(426,39,18,'9/2/2014',1),(427,39,17,'9/2/2014',1),(428,39,16,'9/2/2014',1),(429,40,19,'9/2/2014',1),(430,39,21,'9/3/2014',1),(431,39,19,'9/3/2014',1),(432,39,18,'9/3/2014',1),(433,39,17,'9/3/2014',1),(434,39,19,'9/3/2014',1),(435,39,21,'9/3/2014',1),(436,39,17,'9/3/2014',1),(437,39,19,'9/3/2014',1),(438,39,19,'9/3/2014',1),(439,39,19,'9/3/2014',1),(440,39,17,'9/3/2014',1),(441,39,21,'9/3/2014',1),(442,39,18,'9/3/2014',1),(443,39,14,'9/3/2014',1),(444,39,19,'9/3/2014',1),(445,39,14,'9/3/2014',1),(446,39,14,'9/3/2014',1),(447,39,21,'9/3/2014',1),(448,39,19,'9/3/2014',1),(449,39,14,'9/3/2014',1),(450,39,21,'9/3/2014',1),(451,40,21,'9/3/2014',1),(452,39,19,'9/3/2014',1),(453,39,19,'9/3/2014',1),(454,39,21,'9/3/2014',1),(455,39,21,'9/3/2014',1),(456,39,19,'9/3/2014',1),(457,39,21,'9/3/2014',1),(458,39,14,'9/3/2014',1),(459,39,17,'9/3/2014',1),(460,39,18,'9/3/2014',1),(461,39,19,'9/3/2014',1),(462,39,14,'9/3/2014',1),(463,39,14,'9/3/2014',1),(467,41,16,'9/10/2014',1),(468,41,19,'9/10/2014',1),(469,41,18,'9/10/2014',1),(470,41,19,'9/10/2014',1),(471,40,18,'9/10/2014',1),(472,39,21,'9/10/2014',1),(473,40,16,'9/10/2014',1),(474,40,16,'9/10/2014',1),(475,40,19,'9/10/2014',1),(476,40,17,'9/10/2014',1),(477,39,14,'9/10/2014',1),(478,39,14,'9/10/2014',1),(479,40,18,'9/10/2014',1),(480,39,14,'9/10/2014',1),(481,40,16,'9/10/2014',1),(482,41,17,'9/11/2014',1),(483,41,17,'9/11/2014',1),(484,41,21,'9/11/2014',1),(485,41,16,'9/11/2014',1),(486,41,18,'9/11/2014',1),(487,38,19,'9/11/2014',1),(488,38,18,'9/11/2014',1),(489,38,18,'9/11/2014',1),(490,38,18,'9/11/2014',1),(491,40,16,'9/12/2014',1),(492,82,22,'9/14/2014',1),(493,82,22,'9/15/2014',1),(494,82,22,'9/15/2014',1),(495,82,22,'9/15/2014',1),(496,82,22,'9/15/2014',1),(497,82,22,'9/15/2014',1),(498,40,16,'9/15/2014',1),(499,40,16,'9/15/2014',1),(500,40,16,'9/15/2014',1),(501,40,17,'9/15/2014',1),(502,82,22,'9/15/2014',1),(503,84,22,'9/15/2014',1),(504,40,22,'9/15/2014',1),(505,40,22,'9/15/2014',1),(506,37,22,'9/15/2014',1),(507,37,22,'9/15/2014',1),(508,84,22,'9/15/2014',1),(509,82,22,'9/16/2014',1),(510,82,22,'9/16/2014',1),(511,82,22,'9/16/2014',1),(512,82,22,'9/16/2014',1),(513,39,21,'9/16/2014',1),(514,39,19,'9/16/2014',1),(515,39,18,'9/16/2014',1),(516,39,14,'9/16/2014',1),(517,39,21,'9/16/2014',1),(518,82,22,'9/16/2014',1),(519,82,22,'9/16/2014',1),(520,39,18,'9/16/2014',1),(521,39,21,'9/17/2014',1),(522,39,19,'9/16/2014',1),(523,39,19,'9/16/2014',1),(524,39,18,'9/16/2014',1),(525,39,17,'9/16/2014',1),(526,39,14,'9/16/2014',1),(527,40,21,'9/17/2014',1),(528,40,21,'9/17/2014',1),(529,40,21,'9/17/2014',1),(530,84,22,'9/17/2014',1),(531,40,21,'9/18/2014',1),(532,40,21,'9/18/2014',1),(533,83,22,'9/18/2014',1),(534,83,17,'9/18/2014',1),(535,39,17,'9/18/2014',1),(536,40,22,'9/18/2014',1),(537,84,22,'9/18/2014',1),(538,84,22,'9/18/2014',1),(539,39,22,'9/18/2014',1),(540,40,22,'9/18/2014',1),(541,40,22,'9/18/2014',1),(542,40,22,'9/18/2014',1),(543,40,22,'9/18/2014',1),(544,40,22,'9/18/2014',1),(545,40,22,'9/18/2014',1),(546,40,22,'9/18/2014',1),(547,40,22,'9/18/2014',1),(548,40,22,'9/18/2014',1),(549,40,21,'9/18/2014',1),(550,84,22,'9/18/2014',1),(551,84,22,'9/18/2014',1),(552,84,22,'9/19/2014',1),(553,84,16,'9/19/2014',1),(554,84,17,'9/19/2014',1),(555,40,21,'9/19/2014',1),(556,84,22,'9/20/2014',1),(557,84,22,'9/20/2014',1),(558,84,22,'9/22/2014',1),(559,82,17,'9/22/2014',1),(560,84,22,'9/22/2014',1),(561,84,16,'9/22/2014',1),(562,84,17,'9/22/2014',1),(563,84,17,'9/22/2014',1),(564,40,21,'9/22/2014',1),(565,40,21,'9/22/2014',1),(566,84,22,'9/22/2014',1),(567,87,16,'9/22/2014',1),(568,87,16,'9/22/2014',1),(569,87,16,'9/22/2014',1),(570,73,21,'9/23/2014',1),(571,73,21,'9/23/2014',1),(572,73,21,'9/23/2014',1),(573,73,21,'9/23/2014',1),(574,73,21,'9/23/2014',1),(575,73,21,'9/23/2014',1),(576,73,21,'9/23/2014',1),(577,73,21,'9/23/2014',1),(578,73,21,'9/23/2014',1),(579,73,21,'9/23/2014',1),(580,73,21,'9/23/2014',1),(581,73,21,'9/23/2014',1),(582,73,21,'9/23/2014',1),(583,73,21,'9/23/2014',1),(584,73,21,'9/23/2014',1),(585,73,21,'9/23/2014',1),(586,73,21,'9/23/2014',1),(587,73,21,'9/23/2014',1),(588,73,21,'9/23/2014',1),(589,73,21,'9/23/2014',1),(590,73,21,'9/23/2014',1),(591,73,21,'9/23/2014',1),(592,73,21,'9/23/2014',1),(593,73,21,'9/23/2014',1),(594,73,21,'9/23/2014',1),(595,73,21,'9/23/2014',1),(596,73,21,'9/23/2014',1),(597,73,21,'9/23/2014',1),(598,73,21,'9/23/2014',1),(599,73,21,'9/23/2014',1),(600,73,21,'9/23/2014',1),(601,73,21,'9/23/2014',1),(602,73,21,'9/23/2014',1),(603,73,21,'9/23/2014',1),(604,73,21,'9/23/2014',1),(605,73,21,'9/23/2014',1),(606,73,21,'9/23/2014',1),(607,73,21,'9/23/2014',1),(608,73,21,'9/23/2014',1),(609,73,21,'9/23/2014',1),(610,73,21,'9/23/2014',1),(611,73,21,'9/23/2014',1),(612,73,21,'9/23/2014',1),(613,73,21,'9/23/2014',1),(614,73,21,'9/23/2014',1),(615,73,21,'9/23/2014',1),(616,73,21,'9/23/2014',1),(617,73,21,'9/23/2014',1),(618,73,21,'9/23/2014',1),(619,73,21,'9/23/2014',1),(620,73,21,'9/23/2014',1),(621,73,21,'9/23/2014',1),(622,73,21,'9/23/2014',1),(623,73,21,'9/23/2014',1),(624,73,21,'9/23/2014',1),(625,73,21,'9/23/2014',1),(626,73,21,'9/23/2014',1),(627,73,21,'9/23/2014',1),(628,73,21,'9/23/2014',1),(629,73,21,'9/23/2014',1),(630,73,21,'9/23/2014',1),(631,73,21,'9/23/2014',1),(632,73,21,'9/23/2014',1),(633,73,21,'9/23/2014',1),(634,73,21,'9/23/2014',1),(635,73,21,'9/23/2014',1),(636,73,21,'9/23/2014',1),(637,73,21,'9/23/2014',1),(638,73,21,'9/23/2014',1),(639,73,21,'9/23/2014',1),(640,73,21,'9/23/2014',1),(641,73,21,'9/23/2014',1),(642,73,21,'9/23/2014',1),(643,73,21,'9/23/2014',1),(644,73,21,'9/23/2014',1),(645,73,21,'9/23/2014',1),(646,73,21,'9/23/2014',1),(647,73,21,'9/23/2014',1),(648,73,21,'9/23/2014',1),(649,73,21,'9/23/2014',1),(650,73,21,'9/23/2014',1),(651,73,21,'9/23/2014',1),(652,73,21,'9/23/2014',1),(653,73,21,'9/23/2014',1),(654,73,21,'9/23/2014',1),(655,73,21,'9/23/2014',1),(656,73,21,'9/23/2014',1),(657,73,21,'9/23/2014',1),(658,73,21,'9/23/2014',1),(659,73,21,'9/23/2014',1),(660,73,21,'9/23/2014',1),(661,73,21,'9/23/2014',1),(662,73,21,'9/23/2014',1),(663,73,21,'9/23/2014',1),(664,73,21,'9/23/2014',1),(665,73,21,'9/23/2014',1),(666,73,21,'9/23/2014',1),(667,73,21,'9/23/2014',1),(668,73,21,'9/23/2014',1),(669,73,21,'9/23/2014',1),(670,73,21,'9/23/2014',1),(671,73,21,'9/23/2014',1),(672,73,21,'9/23/2014',1),(673,73,21,'9/23/2014',1),(674,73,21,'9/23/2014',1),(675,73,21,'9/23/2014',1),(676,73,21,'9/23/2014',1),(677,73,21,'9/23/2014',1),(678,73,21,'9/23/2014',1),(679,73,21,'9/23/2014',1),(680,73,21,'9/23/2014',1),(681,73,21,'9/23/2014',1),(682,73,21,'9/23/2014',1),(683,73,21,'9/23/2014',1),(684,73,21,'9/23/2014',1),(685,73,21,'9/23/2014',1),(686,73,21,'9/23/2014',1),(687,73,21,'9/23/2014',1),(688,73,21,'9/23/2014',1),(689,73,21,'9/23/2014',1),(690,73,21,'9/23/2014',1),(691,73,21,'9/23/2014',1),(692,73,21,'9/23/2014',1),(693,73,21,'9/23/2014',1),(694,73,21,'9/23/2014',1),(695,73,21,'9/23/2014',1),(696,73,21,'9/23/2014',1),(697,73,21,'9/23/2014',1),(698,73,21,'9/23/2014',1),(699,73,21,'9/23/2014',1),(700,73,21,'9/23/2014',1),(701,73,21,'9/23/2014',1),(702,73,21,'9/23/2014',1),(703,73,21,'9/23/2014',1),(704,73,21,'9/23/2014',1),(705,73,21,'9/23/2014',1),(706,73,21,'9/23/2014',1),(707,73,21,'9/23/2014',1),(708,73,21,'9/23/2014',1),(709,73,21,'9/23/2014',1),(710,73,21,'9/23/2014',1),(711,73,21,'9/23/2014',1),(712,73,21,'9/23/2014',1),(713,73,21,'9/23/2014',1),(714,73,21,'9/23/2014',1),(715,73,21,'9/23/2014',1),(716,73,21,'9/23/2014',1),(717,73,21,'9/23/2014',1),(718,73,21,'9/23/2014',1),(719,73,21,'9/23/2014',1),(720,73,21,'9/23/2014',1),(721,73,21,'9/23/2014',1),(722,73,21,'9/23/2014',1),(723,73,21,'9/23/2014',1),(724,73,21,'9/23/2014',1),(725,73,21,'9/23/2014',1),(726,73,21,'9/23/2014',1),(727,73,21,'9/23/2014',1),(728,73,21,'9/23/2014',1),(729,73,21,'9/23/2014',1),(730,73,21,'9/23/2014',1),(731,73,21,'9/23/2014',1),(732,73,21,'9/23/2014',1),(733,73,21,'9/23/2014',1),(734,73,21,'9/23/2014',1),(735,73,21,'9/23/2014',1),(736,73,21,'9/23/2014',1),(737,73,21,'9/23/2014',1),(738,73,21,'9/23/2014',1),(739,73,21,'9/23/2014',1),(740,73,21,'9/23/2014',1),(741,73,21,'9/23/2014',1),(742,73,21,'9/23/2014',1),(743,73,21,'9/23/2014',1),(744,73,21,'9/23/2014',1),(745,73,21,'9/23/2014',1),(746,73,21,'9/23/2014',1),(747,73,21,'9/23/2014',1),(748,73,21,'9/23/2014',1),(749,73,21,'9/23/2014',1),(750,73,21,'9/23/2014',1),(751,73,21,'9/23/2014',1),(752,73,21,'9/23/2014',1),(753,73,21,'9/23/2014',1),(754,73,21,'9/23/2014',1),(755,73,21,'9/23/2014',1),(756,73,21,'9/23/2014',1),(757,73,21,'9/23/2014',1),(758,73,21,'9/23/2014',1),(759,73,21,'9/23/2014',1),(760,73,21,'9/23/2014',1),(761,73,21,'9/23/2014',1),(762,73,21,'9/23/2014',1),(763,73,21,'9/23/2014',1),(764,73,21,'9/23/2014',1),(765,73,21,'9/23/2014',1),(766,73,21,'9/23/2014',1),(767,73,21,'9/23/2014',1),(768,73,21,'9/23/2014',1),(769,73,21,'9/23/2014',1),(770,73,21,'9/23/2014',1),(771,73,21,'9/23/2014',1),(772,87,14,'9/23/2014',1),(773,87,19,'9/23/2014',1),(774,87,18,'9/23/2014',1),(775,87,22,'9/23/2014',1),(776,73,21,'9/23/2014',1),(777,73,21,'9/23/2014',1),(778,73,21,'9/23/2014',1),(779,73,21,'9/23/2014',1),(780,73,21,'9/23/2014',1),(781,73,21,'9/23/2014',1),(782,73,21,'9/23/2014',1),(783,73,21,'9/23/2014',1),(784,73,21,'9/23/2014',1),(785,73,21,'9/23/2014',1),(786,73,21,'9/23/2014',1),(787,73,21,'9/23/2014',1),(788,73,21,'9/23/2014',1),(789,73,21,'9/23/2014',1),(790,73,21,'9/23/2014',1),(791,73,21,'9/23/2014',1),(792,73,21,'9/23/2014',1),(793,73,21,'9/23/2014',1),(794,73,21,'9/23/2014',1),(795,73,21,'9/23/2014',1),(796,73,21,'9/23/2014',1),(797,73,21,'9/23/2014',1),(798,73,21,'9/23/2014',1),(799,73,21,'9/23/2014',1),(800,73,21,'9/23/2014',1),(801,73,21,'9/23/2014',1),(802,73,21,'9/23/2014',1),(803,73,21,'9/23/2014',1),(804,73,21,'9/23/2014',1),(805,73,21,'9/23/2014',1),(806,73,21,'9/23/2014',1),(807,73,21,'9/23/2014',1),(808,73,21,'9/23/2014',1),(809,73,21,'9/23/2014',1),(810,73,21,'9/23/2014',1),(811,73,21,'9/23/2014',1),(812,73,21,'9/23/2014',1),(813,73,21,'9/23/2014',1),(814,73,21,'9/23/2014',1),(815,73,21,'9/23/2014',1),(816,73,21,'9/23/2014',1),(817,73,21,'9/23/2014',1),(818,73,21,'9/23/2014',1),(819,73,21,'9/23/2014',1),(820,73,21,'9/23/2014',1),(821,73,21,'9/23/2014',1),(822,73,21,'9/23/2014',1),(823,73,21,'9/23/2014',1),(824,73,21,'9/23/2014',1),(825,73,21,'9/23/2014',1),(826,73,21,'9/23/2014',1),(827,73,21,'9/23/2014',1),(828,73,21,'9/23/2014',1),(829,73,21,'9/23/2014',1),(830,73,21,'9/23/2014',1),(831,73,21,'9/23/2014',1),(832,73,21,'9/23/2014',1),(833,73,21,'9/23/2014',1),(834,73,21,'9/23/2014',1),(835,73,21,'9/23/2014',1),(836,73,21,'9/23/2014',1),(837,73,21,'9/23/2014',1),(838,73,21,'9/23/2014',1),(839,73,21,'9/23/2014',1),(840,73,21,'9/23/2014',1),(841,73,21,'9/23/2014',1),(842,73,21,'9/23/2014',1),(843,73,21,'9/23/2014',1),(844,73,21,'9/23/2014',1),(845,73,21,'9/23/2014',1),(846,73,21,'9/23/2014',1),(847,73,21,'9/23/2014',1),(848,73,21,'9/23/2014',1),(849,73,21,'9/23/2014',1),(850,73,21,'9/23/2014',1),(851,73,21,'9/23/2014',1),(852,73,21,'9/23/2014',1),(853,73,21,'9/23/2014',1),(854,73,21,'9/23/2014',1),(855,73,21,'9/23/2014',1),(856,73,21,'9/23/2014',1),(857,73,21,'9/23/2014',1),(858,73,21,'9/23/2014',1),(859,73,21,'9/23/2014',1),(860,73,21,'9/23/2014',1),(861,73,21,'9/23/2014',1),(862,73,21,'9/23/2014',1),(863,73,21,'9/23/2014',1),(864,73,21,'9/23/2014',1),(865,73,21,'9/23/2014',1),(866,73,21,'9/23/2014',1),(867,73,21,'9/23/2014',1),(868,73,21,'9/23/2014',1),(869,73,21,'9/23/2014',1),(870,73,21,'9/23/2014',1),(871,73,21,'9/23/2014',1),(872,73,21,'9/23/2014',1),(873,73,21,'9/23/2014',1),(874,73,21,'9/23/2014',1),(875,73,21,'9/23/2014',1),(876,73,21,'9/23/2014',1),(877,73,21,'9/23/2014',1),(878,73,21,'9/23/2014',1),(879,73,21,'9/23/2014',1),(880,73,21,'9/23/2014',1),(881,73,21,'9/23/2014',1),(882,73,21,'9/23/2014',1),(883,73,21,'9/23/2014',1),(884,73,21,'9/23/2014',1),(885,73,21,'9/23/2014',1),(886,73,21,'9/23/2014',1),(887,73,21,'9/23/2014',1),(888,73,21,'9/23/2014',1),(889,73,21,'9/23/2014',1),(890,73,21,'9/23/2014',1),(891,73,21,'9/23/2014',1),(892,73,21,'9/23/2014',1),(893,73,21,'9/23/2014',1),(894,73,21,'9/23/2014',1),(895,73,21,'9/23/2014',1),(896,73,21,'9/23/2014',1),(897,73,21,'9/23/2014',1),(898,73,21,'9/23/2014',1),(899,73,21,'9/23/2014',1),(900,73,21,'9/23/2014',1),(901,73,21,'9/23/2014',1),(902,73,21,'9/23/2014',1),(903,73,21,'9/23/2014',1),(904,73,21,'9/23/2014',1),(905,73,21,'9/23/2014',1),(906,73,21,'9/23/2014',1),(907,73,21,'9/23/2014',1),(908,73,21,'9/23/2014',1),(909,73,21,'9/23/2014',1),(910,73,21,'9/23/2014',1),(911,73,21,'9/23/2014',1),(912,73,21,'9/23/2014',1),(913,73,21,'9/23/2014',1),(914,73,21,'9/23/2014',1),(915,73,21,'9/23/2014',1),(916,73,21,'9/23/2014',1),(917,73,21,'9/23/2014',1),(918,73,21,'9/23/2014',1),(919,73,21,'9/23/2014',1),(920,73,21,'9/23/2014',1),(921,73,21,'9/23/2014',1),(922,73,21,'9/23/2014',1),(923,73,21,'9/23/2014',1),(924,73,21,'9/23/2014',1),(925,73,21,'9/23/2014',1),(926,73,21,'9/23/2014',1),(927,73,21,'9/23/2014',1),(928,73,21,'9/23/2014',1),(929,73,21,'9/23/2014',1),(930,73,21,'9/23/2014',1),(931,73,21,'9/23/2014',1),(932,73,21,'9/23/2014',1),(933,73,21,'9/23/2014',1),(934,73,21,'9/23/2014',1),(935,73,21,'9/23/2014',1),(936,73,21,'9/23/2014',1),(937,73,21,'9/23/2014',1),(938,73,21,'9/23/2014',1),(939,73,21,'9/23/2014',1),(940,73,21,'9/23/2014',1),(941,73,21,'9/23/2014',1),(942,73,21,'9/23/2014',1),(943,73,21,'9/23/2014',1),(944,73,21,'9/23/2014',1),(945,73,21,'9/23/2014',1),(946,73,21,'9/23/2014',1),(947,73,21,'9/23/2014',1),(948,73,21,'9/23/2014',1),(949,73,21,'9/23/2014',1),(950,73,21,'9/23/2014',1),(951,73,21,'9/23/2014',1),(952,73,21,'9/23/2014',1),(953,73,21,'9/23/2014',1),(954,73,21,'9/23/2014',1),(955,73,21,'9/23/2014',1),(956,73,21,'9/23/2014',1),(957,73,21,'9/23/2014',1),(958,73,21,'9/23/2014',1),(959,73,21,'9/23/2014',1),(960,73,21,'9/23/2014',1),(961,73,21,'9/23/2014',1),(962,73,21,'9/23/2014',1),(963,73,21,'9/23/2014',1),(964,73,21,'9/23/2014',1),(965,73,21,'9/23/2014',1),(966,73,21,'9/23/2014',1),(967,73,21,'9/23/2014',1),(968,73,21,'9/23/2014',1),(969,73,21,'9/23/2014',1),(970,73,21,'9/23/2014',1),(971,73,21,'9/23/2014',1),(972,73,21,'9/23/2014',1),(973,73,21,'9/23/2014',1),(974,73,21,'9/23/2014',1),(975,73,21,'9/23/2014',1),(976,73,21,'9/23/2014',1),(977,73,21,'9/23/2014',1),(978,73,21,'9/23/2014',1),(979,73,21,'9/23/2014',1),(980,73,21,'9/23/2014',1),(981,73,21,'9/23/2014',1),(982,73,21,'9/23/2014',1),(983,73,21,'9/23/2014',1),(984,73,21,'9/23/2014',1),(985,73,21,'9/23/2014',1),(986,73,21,'9/23/2014',1),(987,73,21,'9/23/2014',1),(988,73,21,'9/23/2014',1),(989,73,21,'9/23/2014',1),(990,73,21,'9/23/2014',1),(991,73,21,'9/23/2014',1),(992,73,21,'9/23/2014',1),(993,73,21,'9/23/2014',1),(994,73,21,'9/23/2014',1),(995,73,21,'9/23/2014',1),(996,73,21,'9/23/2014',1),(997,73,21,'9/23/2014',1),(998,73,21,'9/23/2014',1),(999,73,21,'9/23/2014',1),(1000,73,21,'9/23/2014',1),(1001,73,21,'9/23/2014',1),(1002,73,21,'9/23/2014',1),(1003,73,21,'9/23/2014',1),(1004,73,21,'9/23/2014',1),(1005,73,21,'9/23/2014',1),(1006,73,21,'9/23/2014',1),(1007,73,21,'9/23/2014',1),(1008,73,21,'9/23/2014',1),(1009,73,21,'9/23/2014',1),(1010,73,21,'9/23/2014',1),(1011,73,22,'9/23/2014',1),(1012,73,17,'9/23/2014',1),(1013,74,17,'9/23/2014',1),(1014,74,17,'9/23/2014',1),(1015,74,22,'9/23/2014',1),(1016,74,21,'9/23/2014',1),(1017,74,21,'9/23/2014',1),(1018,74,22,'9/23/2014',1),(1019,74,19,'9/23/2014',1),(1020,74,17,'9/23/2014',1),(1021,73,22,'9/23/2014',1),(1022,73,19,'9/23/2014',1),(1023,73,18,'9/23/2014',1),(1024,73,17,'9/23/2014',1),(1025,73,16,'9/23/2014',1),(1026,73,14,'9/23/2014',1),(1027,73,14,'9/23/2014',1),(1028,75,16,'9/23/2014',1),(1029,73,21,'9/23/2014',1),(1030,73,21,'9/23/2014',1),(1031,73,21,'9/23/2014',1),(1032,73,21,'9/23/2014',1),(1033,73,21,'9/23/2014',1),(1034,73,21,'9/23/2014',1),(1035,73,21,'9/23/2014',1),(1036,73,21,'9/23/2014',1),(1037,73,21,'9/23/2014',1),(1038,73,21,'9/23/2014',1),(1039,73,21,'9/23/2014',1),(1040,73,21,'9/23/2014',1),(1041,73,21,'9/23/2014',1),(1042,73,21,'9/23/2014',1),(1043,73,21,'9/23/2014',1),(1044,73,21,'9/23/2014',1),(1045,73,21,'9/23/2014',1),(1046,73,21,'9/23/2014',1),(1047,73,21,'9/23/2014',1),(1048,73,21,'9/23/2014',1),(1049,73,21,'9/23/2014',1),(1050,73,21,'9/23/2014',1),(1051,73,21,'9/23/2014',1),(1052,73,21,'9/23/2014',1),(1053,73,21,'9/23/2014',1),(1054,73,21,'9/23/2014',1),(1055,73,21,'9/23/2014',1),(1056,73,21,'9/23/2014',1),(1057,73,21,'9/23/2014',1),(1058,73,21,'9/23/2014',1),(1059,73,21,'9/23/2014',1),(1060,73,21,'9/23/2014',1),(1061,73,21,'9/23/2014',1),(1062,73,21,'9/23/2014',1),(1063,73,21,'9/23/2014',1),(1064,73,21,'9/23/2014',1),(1065,73,21,'9/23/2014',1),(1066,73,21,'9/23/2014',1),(1067,73,21,'9/23/2014',1),(1068,73,21,'9/23/2014',1),(1069,73,21,'9/23/2014',1),(1070,73,21,'9/23/2014',1),(1071,73,21,'9/23/2014',1),(1072,73,21,'9/23/2014',1),(1073,73,21,'9/23/2014',1),(1074,73,21,'9/23/2014',1),(1075,73,21,'9/23/2014',1),(1076,73,21,'9/23/2014',1),(1077,73,21,'9/23/2014',1),(1078,73,21,'9/23/2014',1),(1079,73,21,'9/23/2014',1),(1080,73,21,'9/23/2014',1),(1081,73,21,'9/23/2014',1),(1082,73,21,'9/23/2014',1),(1083,73,21,'9/23/2014',1),(1084,73,21,'9/23/2014',1),(1085,73,21,'9/23/2014',1),(1086,73,21,'9/23/2014',1),(1087,73,21,'9/23/2014',1),(1088,73,21,'9/23/2014',1),(1089,73,21,'9/23/2014',1),(1090,73,21,'9/23/2014',1),(1091,73,21,'9/23/2014',1),(1092,73,21,'9/23/2014',1),(1093,73,21,'9/23/2014',1),(1094,73,21,'9/23/2014',1),(1095,73,21,'9/23/2014',1),(1096,73,21,'9/23/2014',1),(1097,73,21,'9/23/2014',1),(1098,73,21,'9/23/2014',1),(1099,73,21,'9/23/2014',1),(1100,73,21,'9/23/2014',1),(1101,73,21,'9/23/2014',1),(1102,73,21,'9/23/2014',1),(1103,73,21,'9/23/2014',1),(1104,73,21,'9/23/2014',1),(1105,73,21,'9/23/2014',1),(1106,73,21,'9/23/2014',1),(1107,73,21,'9/23/2014',1),(1108,73,21,'9/23/2014',1),(1109,73,21,'9/23/2014',1),(1110,73,21,'9/23/2014',1),(1111,73,21,'9/23/2014',1),(1112,73,21,'9/23/2014',1),(1113,73,21,'9/23/2014',1),(1114,73,21,'9/23/2014',1),(1115,73,21,'9/23/2014',1),(1116,73,21,'9/23/2014',1),(1117,73,21,'9/23/2014',1),(1118,73,21,'9/23/2014',1),(1119,73,21,'9/23/2014',1),(1120,73,21,'9/23/2014',1),(1121,73,21,'9/23/2014',1),(1122,73,21,'9/23/2014',1),(1123,73,21,'9/23/2014',1),(1124,73,21,'9/23/2014',1),(1125,73,21,'9/23/2014',1),(1126,73,21,'9/23/2014',1),(1127,73,21,'9/23/2014',1),(1128,73,21,'9/23/2014',1),(1129,73,21,'9/23/2014',1),(1130,37,22,'9/23/2014',1),(1131,37,21,'9/23/2014',1),(1132,37,19,'9/23/2014',1),(1133,37,18,'9/23/2014',1),(1134,37,18,'9/23/2014',1),(1135,73,17,'9/23/2014',1),(1136,40,21,'9/23/2014',1),(1137,40,21,'9/24/2014',1),(1138,40,21,'9/24/2014',1),(1139,41,21,'9/24/2014',1),(1140,41,19,'9/24/2014',1),(1141,41,21,'9/24/2014',1),(1142,41,19,'9/24/2014',1),(1143,74,21,'9/24/2014',1),(1144,74,21,'9/24/2014',1),(1145,73,21,'9/24/2014',1),(1146,73,21,'9/24/2014',1),(1147,73,21,'9/24/2014',1),(1148,73,21,'9/24/2014',1),(1149,39,21,'9/25/2014',1),(1150,84,21,'9/30/2014',1),(1151,84,22,'9/30/2014',1),(1152,84,19,'9/30/2014',1),(1153,84,21,'9/30/2014',1),(1154,84,22,'9/30/2014',1),(1155,84,19,'9/30/2014',1),(1156,73,21,'9/30/2014',1),(1157,73,21,'10/1/2014',1),(1158,73,21,'10/1/2014',1),(1159,73,21,'10/1/2014',1),(1160,40,21,'10/2/2014',1),(1161,40,21,'10/2/2014',1),(1162,73,22,'10/2/2014',1),(1163,73,16,'10/2/2014',1),(1164,73,21,'10/2/2014',1),(1165,73,21,'10/2/2014',1),(1166,73,21,'10/2/2014',1),(1167,39,21,'10/3/2014',1),(1168,39,21,'10/6/2014',1),(1169,39,21,'10/6/2014',1),(1170,39,21,'10/6/2014',1),(1171,39,19,'10/6/2014',1),(1172,73,22,'10/6/2014',1),(1173,73,19,'10/6/2014',1),(1174,73,18,'10/6/2014',1),(1175,73,17,'10/6/2014',1),(1176,73,22,'10/6/2014',1),(1177,73,22,'10/6/2014',1),(1178,74,22,'10/6/2014',1),(1179,37,22,'10/6/2014',1),(1180,37,16,'10/7/2014',1),(1181,40,21,'10/9/2014',1),(1182,40,22,'10/9/2014',1),(1183,40,19,'10/9/2014',1),(1184,40,17,'10/9/2014',1),(1185,40,14,'10/9/2014',1),(1186,40,21,'10/10/2014',1),(1187,40,21,'10/10/2014',1),(1188,40,21,'10/10/2014',1),(1189,40,21,'10/10/2014',1),(1190,40,21,'10/10/2014',1),(1191,40,21,'10/10/2014',1),(1192,37,21,'10/20/2014',1),(1193,37,21,'10/20/2014',1),(1194,37,21,'10/20/2014',1),(1195,37,21,'10/20/2014',1),(1196,37,21,'10/20/2014',1),(1197,37,21,'10/20/2014',1),(1198,37,21,'10/20/2014',1),(1199,40,21,'10/20/2014',1),(1200,37,19,'10/22/2014',1),(1201,37,16,'10/22/2014',1),(1202,37,21,'10/22/2014',1),(1203,73,21,'10/22/2014',1),(1204,73,21,'10/22/2014',1),(1205,84,22,'10/23/2014',1),(1206,40,21,'10/27/2014',1),(1207,40,21,'10/27/2014',1),(1208,40,19,'10/27/2014',1),(1209,40,22,'10/27/2014',1),(1210,40,19,'10/27/2014',1),(1211,40,21,'10/27/2014',1),(1212,37,16,'10/27/2014',1),(1213,37,16,'10/27/2014',1),(1214,73,22,'10/27/2014',1),(1215,84,22,'10/28/2014',1),(1216,84,22,'10/29/2014',1),(1217,84,22,'10/29/2014',1),(1218,84,22,'10/29/2014',1),(1219,84,22,'10/29/2014',1),(1220,84,21,'10/29/2014',1),(1221,84,22,'10/29/2014',1),(1222,73,22,'10/29/2014',1),(1223,37,16,'29/10/2014',1),(1224,37,16,'29/10/2014',1),(1225,38,21,'10/30/2014',1),(1226,38,17,'10/30/2014',1),(1227,38,21,'10/30/2014',1),(1228,38,21,'10/30/2014',1),(1229,38,22,'10/30/2014',1),(1230,38,14,'10/30/2014',1),(1231,39,19,'11/3/2014',1),(1232,84,22,'11/7/2014',1),(1233,84,22,'11/7/2014',1),(1234,84,22,'11/7/2014',1),(1235,84,22,'11/7/2014',1),(1236,39,16,'11/11/2014',1),(1237,39,16,'11/12/2014',1),(1238,40,19,'11/12/2014',1),(1239,40,22,'11/12/2014',1),(1240,40,22,'11/12/2014',1),(1241,39,14,'11/13/2014',1),(1242,40,36,'11/17/2014',1),(1243,40,36,'11/17/2014',1),(1244,40,14,'11/17/2014',1),(1245,38,16,'11/18/2014',1),(1248,37,16,'11/19/2014',1),(1249,37,21,'11/19/2014',1),(1250,37,21,'11/19/2014',1),(1251,38,21,'11/19/2014',1),(1252,38,21,'11/19/2014',1),(1253,37,21,'11/19/2014',1),(1254,39,21,'11/19/2014',1),(1255,39,21,'11/19/2014',1),(1256,38,21,'11/19/2014',1),(1257,38,16,'11/24/2014',1),(1258,40,21,'11/25/2014',1),(1259,40,14,'11/25/2014',1),(1260,40,16,'11/27/2014',1),(1261,96,39,'12/1/2014',1),(1262,96,39,'12/2/2014',1),(1263,96,39,'12/2/2014',1),(1264,96,16,'12/2/2014',1),(1265,98,39,'12/5/2014',1),(1266,94,39,'12/5/2014',1),(1267,94,16,'12/5/2014',1),(1268,41,16,'12/11/2014',1),(1269,39,39,'12/11/2014',1),(1270,40,39,'12/15/2014',1),(1271,40,16,'12/15/2014',1),(1272,94,39,'12/17/2014',1),(1273,37,39,'12/18/2014',1),(1274,37,17,'12/18/2014',1),(1275,37,39,'12/18/2014',1),(1276,37,16,'12/18/2014',1),(1277,37,16,'1/4/2015',1),(1278,37,39,'1/4/2015',1),(1279,37,39,'1/5/2015',1),(1280,37,39,'1/5/2015',1),(1281,37,39,'1/5/2015',1),(1282,37,39,'1/5/2015',1),(1283,37,39,'1/5/2015',1),(1284,37,39,'1/5/2015',1),(1285,37,39,'1/5/2015',1),(1286,37,39,'1/5/2015',1),(1287,37,39,'1/5/2015',1),(1288,37,39,'1/5/2015',1),(1289,37,39,'1/5/2015',1),(1290,39,16,'2/4/2015',1),(1291,39,39,'3/11/2015',1),(1292,39,39,'3/11/2015',1),(1293,39,16,'3/11/2015',1),(1294,94,39,'3/18/2015',1),(1295,94,39,'3/18/2015',1),(1296,94,39,'3/18/2015',1),(1297,94,16,'3/18/2015',1),(1298,96,39,'3/19/2015',1),(1299,73,16,'3/24/2015',1),(1300,37,16,'4/30/2015',1),(1301,96,39,'5/5/2015',1),(1302,96,39,'5/5/2015',1),(1303,96,39,'5/12/2015',1),(1304,40,16,'5/12/2015',1),(1305,40,16,'5/12/2015',1),(1306,40,16,'5/12/2015',1),(1307,37,17,'6/15/2015',1),(1308,37,39,'6/15/2015',1),(1309,37,16,'6/15/2015',1),(1310,37,39,'6/17/2015',1),(1311,37,39,'6/17/2015',1),(1312,37,39,'6/17/2015',1),(1313,128,40,'6/17/2015',1),(1314,128,40,'6/17/2015',1),(1315,128,40,'6/17/2015',1),(1316,128,40,'6/17/2015',1),(1317,120,41,'6/17/2015',1),(1318,120,41,'6/17/2015',1),(1319,120,41,'6/18/2015',1),(1320,128,40,'6/18/2015',1),(1321,128,40,'6/23/2015',1),(1322,128,40,'6/23/2015',1),(1323,128,40,'6/23/2015',1),(1324,128,40,'6/23/2015',1),(1325,128,40,'6/24/2015',1),(1326,128,40,'6/24/2015',1),(1327,128,40,'6/24/2015',1),(1328,128,40,'6/24/2015',1),(1329,128,40,'6/24/2015',1),(1330,128,40,'6/24/2015',1),(1331,128,40,'6/24/2015',1),(1332,128,40,'6/24/2015',1),(1333,128,40,'6/24/2015',1),(1334,128,40,'6/24/2015',1),(1335,128,40,'6/24/2015',1),(1336,128,40,'6/24/2015',1),(1337,128,40,'6/24/2015',1),(1338,128,40,'6/24/2015',1),(1339,128,40,'6/24/2015',1),(1340,128,40,'6/24/2015',1),(1341,128,40,'6/24/2015',1),(1342,128,40,'6/24/2015',1),(1343,128,40,'6/24/2015',1),(1344,128,40,'6/24/2015',1),(1345,128,40,'6/24/2015',1),(1346,128,40,'6/24/2015',1),(1347,128,40,'6/24/2015',1),(1348,128,40,'6/24/2015',1),(1349,128,40,'6/24/2015',1),(1350,128,40,'6/24/2015',1);
/*!40000 ALTER TABLE `tblmatchplaylog` ENABLE KEYS */;
UNLOCK TABLES;

--
-- Table structure for table `tblmessages`
--

DROP TABLE IF EXISTS `tblmessages`;
/*!40101 SET @saved_cs_client     = @@character_set_client */;
/*!40101 SET character_set_client = utf8 */;
CREATE TABLE `tblmessages` (
  `ID` int(11) NOT NULL AUTO_INCREMENT,
  `From_UserID` int(11) DEFAULT NULL,
  `To_UserID` int(11) DEFAULT NULL,
  `Message_Subject` varchar(100) DEFAULT NULL,
  `Message_Text` varchar(1000) DEFAULT NULL,
  `Sent_Date` datetime DEFAULT NULL,
  `IsRead` tinyint(1) DEFAULT '0',
  `IsReply` tinyint(1) DEFAULT '0',
  `RepliedMessageID` int(11) DEFAULT NULL,
  `Active` tinyint(1) DEFAULT '1',
  PRIMARY KEY (`ID`)
) ENGINE=MyISAM AUTO_INCREMENT=1319 DEFAULT CHARSET=latin1;
/*!40101 SET character_set_client = @saved_cs_client */;

--
-- Dumping data for table `tblmessages`
--

LOCK TABLES `tblmessages` WRITE;
/*!40000 ALTER TABLE `tblmessages` DISABLE KEYS */;
INSERT INTO `tblmessages` VALUES (1,37,1,'Award achieved','Angela Chang ( 99999 ) in Acme Sales Assoc at Acme - Broad St has successfully won Above and Beyond  at 11/15/2013 9:09:21 PM','2013-11-15 21:09:21',0,0,NULL,1),(2,37,2,'Award achieved','Angela Chang ( 99999 ) in Acme Sales Assoc at Acme - Broad St has successfully won Above and Beyond  at 11/15/2013 9:09:21 PM','2013-11-15 21:09:21',0,0,NULL,1),(3,37,1,'Award achieved','Angela Chang ( 99999 ) in Acme Sales Assoc at Acme - Broad St has successfully won Welcome Aboard  at 11/15/2013 9:09:24 PM','2013-11-15 21:09:24',0,0,NULL,1),(4,37,2,'Award achieved','Angela Chang ( 99999 ) in Acme Sales Assoc at Acme - Broad St has successfully won Welcome Aboard  at 11/15/2013 9:09:24 PM','2013-11-15 21:09:24',0,0,NULL,1),(5,38,1,'Award achieved','Ricky Avila ( 33333 ) in Acme Sales Assoc at Acme - Broad St has successfully won Above and Beyond  at 11/15/2013 9:24:05 PM','2013-11-15 21:24:05',0,0,NULL,1),(6,38,44,'Award achieved','Ricky Avila ( 33333 ) in Acme Sales Assoc at Acme - Broad St has successfully won Above and Beyond  at 11/15/2013 9:24:05 PM','2013-11-15 21:24:05',1,0,NULL,1),(7,38,1,'Award achieved','Ricky Avila ( 33333 ) in Acme Sales Assoc at Acme - Broad St has successfully won Welcome Aboard  at 11/15/2013 9:24:07 PM','2013-11-15 21:24:07',0,0,NULL,1),(8,38,44,'Award achieved','Ricky Avila ( 33333 ) in Acme Sales Assoc at Acme - Broad St has successfully won Welcome Aboard  at 11/15/2013 9:24:07 PM','2013-11-15 21:24:07',0,0,NULL,1),(9,37,1,'Level achieved','Angela Chang ( 99999 ) in Acme Sales Assoc at Acme - Broad St has successfully achieved Level 0 at 11/15/2013 9:40:13 PM','2013-11-15 21:40:13',0,0,NULL,1),(10,37,44,'Level achieved','Angela Chang ( 99999 ) in Acme Sales Assoc at Acme - Broad St has successfully achieved Level 0 at 11/15/2013 9:40:13 PM','2013-11-15 21:40:13',1,0,NULL,1),(11,37,1,'Level achieved','Angela Chang ( 99999 ) in Acme Sales Assoc at Acme - Broad St has successfully achieved Level 0 at 11/15/2013 9:40:15 PM','2013-11-15 21:40:15',0,0,NULL,1),(12,37,44,'Level achieved','Angela Chang ( 99999 ) in Acme Sales Assoc at Acme - Broad St has successfully achieved Level 0 at 11/15/2013 9:40:15 PM','2013-11-15 21:40:15',0,0,NULL,1),(13,37,1,'Level achieved','Angela Chang ( 99999 ) in Acme Sales Assoc at Acme - Broad St has successfully achieved Level 1 at 11/15/2013 9:42:24 PM','2013-11-15 21:42:24',0,0,NULL,1),(14,37,44,'Level achieved','Angela Chang ( 99999 ) in Acme Sales Assoc at Acme - Broad St has successfully achieved Level 1 at 11/15/2013 9:42:24 PM','2013-11-15 21:42:24',0,0,NULL,1),(15,37,1,'Points redeemed for reward','Angela Chang ( 99999 ) in Acme Sales Assoc at Acme - Broad St has redeemed Logo T-shirt for points 250 at 11/15/2013 9:49:22 PM','2013-11-15 21:49:22',0,0,NULL,1),(16,37,44,'Points redeemed for reward','Angela Chang ( 99999 ) in Acme Sales Assoc at Acme - Broad St has redeemed Logo T-shirt for points 250 at 11/15/2013 9:49:22 PM','2013-11-15 21:49:22',0,0,NULL,1),(17,39,1,'Reset Password','44444 has reset their password at 11/15/2013 10:01:29 PM','2013-11-15 22:01:29',1,0,NULL,1),(18,1,39,'Re: Reset Password','','2013-11-15 22:02:29',1,1,17,1),(19,39,1,'Award achieved','Jordan Brown ( 44444 ) in Acme Sales Assoc at Acme - Broad St has successfully won Employee of the Month  at 11/15/2013 10:03:38 PM','2013-11-15 22:03:38',0,0,NULL,1),(20,39,44,'Award achieved','Jordan Brown ( 44444 ) in Acme Sales Assoc at Acme - Broad St has successfully won Employee of the Month  at 11/15/2013 10:03:38 PM','2013-11-15 22:03:38',0,0,NULL,1),(21,39,1,'Award achieved','Jordan Brown ( 44444 ) in Acme Sales Assoc at Acme - Broad St has successfully won Welcome Aboard  at 11/15/2013 10:03:45 PM','2013-11-15 22:03:45',0,0,NULL,1),(22,39,44,'Award achieved','Jordan Brown ( 44444 ) in Acme Sales Assoc at Acme - Broad St has successfully won Welcome Aboard  at 11/15/2013 10:03:45 PM','2013-11-15 22:03:45',0,0,NULL,1),(23,42,1,'Award achieved','Jessica Ashah ( 77777 ) in Acme Sales Assoc at Acme - Broad St has successfully won Welcome Aboard  at 11/15/2013 10:05:46 PM','2013-11-15 22:05:46',0,0,NULL,1),(24,42,44,'Award achieved','Jessica Ashah ( 77777 ) in Acme Sales Assoc at Acme - Broad St has successfully won Welcome Aboard  at 11/15/2013 10:05:46 PM','2013-11-15 22:05:46',0,0,NULL,1),(25,37,1,'Award achieved','Angela Chang ( 99999 ) in Acme Sales Assoc at Acme - Broad St has successfully won Perfect Attendance - 1 year  at 11/15/2013 10:10:50 PM','2013-11-15 22:10:50',1,0,NULL,1),(26,37,44,'Award achieved','Angela Chang ( 99999 ) in Acme Sales Assoc at Acme - Broad St has successfully won Perfect Attendance - 1 year  at 11/15/2013 10:10:50 PM','2013-11-15 22:10:50',0,0,NULL,1),(27,44,41,'sssss','ssssssssw','2013-11-15 22:48:05',1,0,NULL,1),(28,44,37,'hi','hi','2013-11-15 22:49:03',1,0,NULL,1),(29,42,39,'heloo','hey what\'s up?','2013-11-15 22:49:22',1,0,NULL,1),(30,37,44,'Re: hi','hi','2013-11-15 22:49:37',1,1,28,1),(31,39,1,'Points redeemed for reward','Jordan Brown ( 44444 ) in Acme Sales Assoc at Acme - Broad St has redeemed Logo T-shirt for points 250 at 11/18/2013 8:02:31 AM','2013-11-18 08:02:31',0,0,NULL,1),(32,39,44,'Points redeemed for reward','Jordan Brown ( 44444 ) in Acme Sales Assoc at Acme - Broad St has redeemed Logo T-shirt for points 250 at 11/18/2013 8:02:31 AM','2013-11-18 08:02:31',0,0,NULL,1),(33,39,1,'Award achieved','Jordan Brown ( 44444 ) in Acme Sales Assoc at Acme - Broad St has successfully won Employee of the Month  at 11/18/2013 8:10:36 AM','2013-11-18 08:10:36',0,0,NULL,1),(34,39,44,'Award achieved','Jordan Brown ( 44444 ) in Acme Sales Assoc at Acme - Broad St has successfully won Employee of the Month  at 11/18/2013 8:10:36 AM','2013-11-18 08:10:36',0,0,NULL,1),(35,39,1,'Award achieved','Jordan Brown ( 44444 ) in Acme Sales Assoc at Acme - Broad St has successfully won $1M Sales Milestone  at 11/18/2013 7:41:55 PM','2013-11-18 19:41:55',0,0,NULL,1),(36,39,44,'Award achieved','Jordan Brown ( 44444 ) in Acme Sales Assoc at Acme - Broad St has successfully won $1M Sales Milestone  at 11/18/2013 7:41:55 PM','2013-11-18 19:41:55',0,0,NULL,1),(37,42,1,'Award achieved','Jessica Ashah ( 77777 ) in Acme Sales Assoc at Acme - Broad St has successfully won $1M Sales Milestone  at 11/18/2013 7:50:26 PM','2013-11-18 19:50:26',0,0,NULL,1),(38,42,44,'Award achieved','Jessica Ashah ( 77777 ) in Acme Sales Assoc at Acme - Broad St has successfully won $1M Sales Milestone  at 11/18/2013 7:50:26 PM','2013-11-18 19:50:26',0,0,NULL,1),(39,45,1,'Level achieved','Abdul Haseeb ( haseeb ) in Acme Sales Assoc at Acme - Broad St has successfully achieved Level 0 at 11/19/2013 12:10:47 PM','2013-11-19 12:10:47',0,0,NULL,1),(40,45,44,'Level achieved','Abdul Haseeb ( haseeb ) in Acme Sales Assoc at Acme - Broad St has successfully achieved Level 0 at 11/19/2013 12:10:47 PM','2013-11-19 12:10:47',0,0,NULL,1),(41,45,1,'Award achieved','Abdul Haseeb ( haseeb ) in Acme Sales Assoc at Acme - Broad St has successfully won Employee of the Month  at 11/19/2013 12:14:28 PM','2013-11-19 12:14:28',0,0,NULL,1),(42,45,44,'Award achieved','Abdul Haseeb ( haseeb ) in Acme Sales Assoc at Acme - Broad St has successfully won Employee of the Month  at 11/19/2013 12:14:28 PM','2013-11-19 12:14:28',1,0,NULL,1),(43,45,1,'Award achieved','Abdul Haseeb ( haseeb ) in Acme Sales Assoc at Acme - Broad St has successfully won Employee of the Month  at 11/19/2013 12:23:53 PM','2013-11-19 12:23:53',0,0,NULL,1),(44,45,44,'Award achieved','Abdul Haseeb ( haseeb ) in Acme Sales Assoc at Acme - Broad St has successfully won Employee of the Month  at 11/19/2013 12:23:53 PM','2013-11-19 12:23:53',0,0,NULL,1),(45,45,1,'Level achieved','Abdul Haseeb ( haseeb ) in Acme Sales Assoc at Acme - Broad St has successfully achieved Level 0 at 11/19/2013 12:38:50 PM','2013-11-19 12:38:50',0,0,NULL,1),(46,45,44,'Level achieved','Abdul Haseeb ( haseeb ) in Acme Sales Assoc at Acme - Broad St has successfully achieved Level 0 at 11/19/2013 12:38:50 PM','2013-11-19 12:38:50',0,0,NULL,1),(47,37,1,'Award achieved','Angela Chang ( 99999 ) in Acme Sales Assoc at Acme - Broad St has successfully won Exemplary Customer Service  at 11/19/2013 7:30:31 PM','2013-11-19 19:30:31',0,0,NULL,1),(48,37,44,'Award achieved','Angela Chang ( 99999 ) in Acme Sales Assoc at Acme - Broad St has successfully won Exemplary Customer Service  at 11/19/2013 7:30:31 PM','2013-11-19 19:30:31',0,0,NULL,1),(49,39,1,'Level achieved','Jordan Brown ( 44444 ) in Acme Sales Assoc at Acme - Broad St has successfully achieved Level 0 at 11/19/2013 7:57:18 PM','2013-11-19 19:57:18',0,0,NULL,1),(50,39,44,'Level achieved','Jordan Brown ( 44444 ) in Acme Sales Assoc at Acme - Broad St has successfully achieved Level 0 at 11/19/2013 7:57:18 PM','2013-11-19 19:57:18',0,0,NULL,1),(51,49,1,'Level achieved','Eric Olafson ( 222 ) in Technician at 718-Saskatoon has successfully achieved Level 0 at 11/20/2013 2:24:15 AM','2013-11-20 02:24:15',0,0,NULL,1),(52,49,47,'Level achieved','Eric Olafson ( 222 ) in Technician at 718-Saskatoon has successfully achieved Level 0 at 11/20/2013 2:24:15 AM','2013-11-20 02:24:15',0,0,NULL,1),(53,49,1,'Level achieved','Eric Olafson ( 222 ) in Technician at 718-Saskatoon has successfully achieved Level 0 at 11/20/2013 2:24:16 AM','2013-11-20 02:24:16',0,0,NULL,1),(54,49,47,'Level achieved','Eric Olafson ( 222 ) in Technician at 718-Saskatoon has successfully achieved Level 0 at 11/20/2013 2:24:16 AM','2013-11-20 02:24:16',0,0,NULL,1),(55,45,1,'Award achieved','Abdul Haseeb ( haseeb ) in Acme Sales Assoc at Acme - Broad St has successfully won Employee of the Month  at 11/20/2013 8:47:37 AM','2013-11-20 08:47:37',0,0,NULL,1),(56,45,44,'Award achieved','Abdul Haseeb ( haseeb ) in Acme Sales Assoc at Acme - Broad St has successfully won Employee of the Month  at 11/20/2013 8:47:37 AM','2013-11-20 08:47:37',0,0,NULL,1),(57,45,1,'Level achieved','Abdul Haseeb ( haseeb ) in Acme Sales Assoc at Acme - Broad St has successfully achieved Level 1 at 11/20/2013 8:47:51 AM','2013-11-20 08:47:51',0,0,NULL,1),(58,45,44,'Level achieved','Abdul Haseeb ( haseeb ) in Acme Sales Assoc at Acme - Broad St has successfully achieved Level 1 at 11/20/2013 8:47:51 AM','2013-11-20 08:47:51',0,0,NULL,1),(59,45,1,'Award achieved','Abdul Haseeb ( haseeb ) in Acme Sales Assoc at Acme - Broad St has successfully won Employee of the Month  at 11/20/2013 9:20:42 AM','2013-11-20 09:20:42',0,0,NULL,1),(60,45,44,'Award achieved','Abdul Haseeb ( haseeb ) in Acme Sales Assoc at Acme - Broad St has successfully won Employee of the Month  at 11/20/2013 9:20:42 AM','2013-11-20 09:20:42',0,0,NULL,1),(61,37,1,'Level achieved','Angela Chang ( 99999 ) in Acme Sales Assoc at Acme - Broad St has successfully achieved Level 0 at 11/20/2013 12:17:51 PM','2013-11-20 12:17:51',0,0,NULL,1),(62,37,44,'Level achieved','Angela Chang ( 99999 ) in Acme Sales Assoc at Acme - Broad St has successfully achieved Level 0 at 11/20/2013 12:17:51 PM','2013-11-20 12:17:51',0,0,NULL,1),(63,49,1,'Award achieved','Eric Olafson ( 222 ) in Technician at 718-Saskatoon has successfully won Welcome Aboard  at 11/20/2013 2:58:27 PM','2013-11-20 14:58:27',0,0,NULL,1),(64,49,47,'Award achieved','Eric Olafson ( 222 ) in Technician at 718-Saskatoon has successfully won Welcome Aboard  at 11/20/2013 2:58:27 PM','2013-11-20 14:58:27',0,0,NULL,1),(65,49,1,'Award achieved','Eric Olafson ( 222 ) in Technician at 718-Saskatoon has successfully won Sales Contest Gold  at 11/20/2013 2:58:30 PM','2013-11-20 14:58:30',0,0,NULL,1),(66,49,47,'Award achieved','Eric Olafson ( 222 ) in Technician at 718-Saskatoon has successfully won Sales Contest Gold  at 11/20/2013 2:58:30 PM','2013-11-20 14:58:30',0,0,NULL,1),(67,49,1,'Award achieved','Eric Olafson ( 222 ) in Technician at 718-Saskatoon has successfully won Above and Beyond  at 11/20/2013 2:58:34 PM','2013-11-20 14:58:34',0,0,NULL,1),(68,49,47,'Award achieved','Eric Olafson ( 222 ) in Technician at 718-Saskatoon has successfully won Above and Beyond  at 11/20/2013 2:58:34 PM','2013-11-20 14:58:34',0,0,NULL,1),(69,49,1,'Award achieved','Eric Olafson ( 222 ) in Technician at 718-Saskatoon has successfully won ASE Certification  at 11/20/2013 2:58:37 PM','2013-11-20 14:58:37',0,0,NULL,1),(70,49,47,'Award achieved','Eric Olafson ( 222 ) in Technician at 718-Saskatoon has successfully won ASE Certification  at 11/20/2013 2:58:37 PM','2013-11-20 14:58:37',0,0,NULL,1),(71,48,1,'Award achieved','Donald James ( 221 ) in Technician at 718-Saskatoon has successfully won Team Leadership  at 11/20/2013 7:54:37 PM','2013-11-20 19:54:37',0,0,NULL,1),(72,48,47,'Award achieved','Donald James ( 221 ) in Technician at 718-Saskatoon has successfully won Team Leadership  at 11/20/2013 7:54:37 PM','2013-11-20 19:54:37',0,0,NULL,1),(73,48,1,'Award achieved','Donald James ( 221 ) in Technician at 718-Saskatoon has successfully won ASE Certification  at 11/20/2013 7:54:39 PM','2013-11-20 19:54:39',0,0,NULL,1),(74,48,47,'Award achieved','Donald James ( 221 ) in Technician at 718-Saskatoon has successfully won ASE Certification  at 11/20/2013 7:54:39 PM','2013-11-20 19:54:39',0,0,NULL,1),(75,48,1,'Award achieved','Donald James ( 221 ) in Technician at 718-Saskatoon has successfully won Welcome Aboard  at 11/20/2013 7:54:40 PM','2013-11-20 19:54:40',0,0,NULL,1),(76,48,47,'Award achieved','Donald James ( 221 ) in Technician at 718-Saskatoon has successfully won Welcome Aboard  at 11/20/2013 7:54:40 PM','2013-11-20 19:54:40',0,0,NULL,1),(77,52,1,'Award achieved','Robert Morris ( 225 ) in Technician at 718-Saskatoon has successfully won Sales Contest Bronze  at 11/20/2013 8:29:37 PM','2013-11-20 20:29:37',0,0,NULL,1),(78,52,47,'Award achieved','Robert Morris ( 225 ) in Technician at 718-Saskatoon has successfully won Sales Contest Bronze  at 11/20/2013 8:29:37 PM','2013-11-20 20:29:37',0,0,NULL,1),(79,52,1,'Award achieved','Robert Morris ( 225 ) in Technician at 718-Saskatoon has successfully won ASE Certification  at 11/20/2013 8:29:38 PM','2013-11-20 20:29:38',0,0,NULL,1),(80,52,47,'Award achieved','Robert Morris ( 225 ) in Technician at 718-Saskatoon has successfully won ASE Certification  at 11/20/2013 8:29:38 PM','2013-11-20 20:29:38',0,0,NULL,1),(81,52,1,'Award achieved','Robert Morris ( 225 ) in Technician at 718-Saskatoon has successfully won Welcome Aboard  at 11/20/2013 8:29:38 PM','2013-11-20 20:29:38',0,0,NULL,1),(82,52,47,'Award achieved','Robert Morris ( 225 ) in Technician at 718-Saskatoon has successfully won Welcome Aboard  at 11/20/2013 8:29:38 PM','2013-11-20 20:29:38',0,0,NULL,1),(83,45,1,'Level achieved','Abdul Haseeb ( haseeb ) in Acme Sales Assoc at Acme - Broad St has successfully achieved Level 1 at 11/21/2013 10:10:36 AM','2013-11-21 10:10:36',0,0,NULL,1),(84,45,44,'Level achieved','Abdul Haseeb ( haseeb ) in Acme Sales Assoc at Acme - Broad St has successfully achieved Level 1 at 11/21/2013 10:10:36 AM','2013-11-21 10:10:36',0,0,NULL,1),(85,45,1,'Level achieved','Abdul Haseeb ( haseeb ) in Acme Sales Assoc at Acme - Broad St has successfully achieved Level 1 at 11/21/2013 10:10:46 AM','2013-11-21 10:10:46',0,0,NULL,1),(86,45,44,'Level achieved','Abdul Haseeb ( haseeb ) in Acme Sales Assoc at Acme - Broad St has successfully achieved Level 1 at 11/21/2013 10:10:46 AM','2013-11-21 10:10:46',0,0,NULL,1),(87,45,1,'Level achieved','Abdul Haseeb ( haseeb ) in Acme Sales Assoc at Acme - Broad St has successfully achieved Level 1 at 11/21/2013 10:11:56 AM','2013-11-21 10:11:56',0,0,NULL,1),(88,45,44,'Level achieved','Abdul Haseeb ( haseeb ) in Acme Sales Assoc at Acme - Broad St has successfully achieved Level 1 at 11/21/2013 10:11:56 AM','2013-11-21 10:11:56',0,0,NULL,1),(89,45,1,'Level achieved','Abdul Haseeb ( haseeb ) in Acme Sales Assoc at Acme - Broad St has successfully achieved Level 1 at 11/21/2013 10:11:56 AM','2013-11-21 10:11:56',0,0,NULL,1),(90,45,44,'Level achieved','Abdul Haseeb ( haseeb ) in Acme Sales Assoc at Acme - Broad St has successfully achieved Level 1 at 11/21/2013 10:11:56 AM','2013-11-21 10:11:56',0,0,NULL,1),(91,45,1,'Level achieved','Abdul Haseeb ( haseeb ) in Acme Sales Assoc at Acme - Broad St has successfully achieved Level 1 at 11/21/2013 10:11:56 AM','2013-11-21 10:11:56',0,0,NULL,1),(92,45,44,'Level achieved','Abdul Haseeb ( haseeb ) in Acme Sales Assoc at Acme - Broad St has successfully achieved Level 1 at 11/21/2013 10:11:56 AM','2013-11-21 10:11:56',0,0,NULL,1),(93,45,1,'Level achieved','Abdul Haseeb ( haseeb ) in Acme Sales Assoc at Acme - Broad St has successfully achieved Level 1 at 11/21/2013 10:12:30 AM','2013-11-21 10:12:30',0,0,NULL,1),(94,45,44,'Level achieved','Abdul Haseeb ( haseeb ) in Acme Sales Assoc at Acme - Broad St has successfully achieved Level 1 at 11/21/2013 10:12:30 AM','2013-11-21 10:12:30',0,0,NULL,1),(95,45,1,'Level achieved','Abdul Haseeb ( haseeb ) in Acme Sales Assoc at Acme - Broad St has successfully achieved Level 1 at 11/21/2013 10:12:31 AM','2013-11-21 10:12:31',0,0,NULL,1),(96,45,44,'Level achieved','Abdul Haseeb ( haseeb ) in Acme Sales Assoc at Acme - Broad St has successfully achieved Level 1 at 11/21/2013 10:12:31 AM','2013-11-21 10:12:31',0,0,NULL,1),(97,45,1,'Level achieved','Abdul Haseeb ( haseeb ) in Acme Sales Assoc at Acme - Broad St has successfully achieved Level 1 at 11/21/2013 10:12:31 AM','2013-11-21 10:12:31',0,0,NULL,1),(98,45,44,'Level achieved','Abdul Haseeb ( haseeb ) in Acme Sales Assoc at Acme - Broad St has successfully achieved Level 1 at 11/21/2013 10:12:31 AM','2013-11-21 10:12:31',0,0,NULL,1),(99,45,1,'Level achieved','Abdul Haseeb ( haseeb ) in Acme Sales Assoc at Acme - Broad St has successfully achieved Level 1 at 11/21/2013 10:12:31 AM','2013-11-21 10:12:31',0,0,NULL,1),(100,45,44,'Level achieved','Abdul Haseeb ( haseeb ) in Acme Sales Assoc at Acme - Broad St has successfully achieved Level 1 at 11/21/2013 10:12:31 AM','2013-11-21 10:12:31',0,0,NULL,1),(101,49,1,'Level achieved','Eric Olafson ( 222 ) in Technician at 718-Saskatoon has successfully achieved Level 1 at 11/21/2013 6:20:38 PM','2013-11-21 18:20:38',0,0,NULL,1),(102,49,47,'Level achieved','Eric Olafson ( 222 ) in Technician at 718-Saskatoon has successfully achieved Level 1 at 11/21/2013 6:20:38 PM','2013-11-21 18:20:38',0,0,NULL,1),(103,49,1,'Award achieved','Eric Olafson ( 222 ) in Technician at 718-Saskatoon has successfully won Tomax Certification  at 11/21/2013 6:52:22 PM','2013-11-21 18:52:22',0,0,NULL,1),(104,49,47,'Award achieved','Eric Olafson ( 222 ) in Technician at 718-Saskatoon has successfully won Tomax Certification  at 11/21/2013 6:52:22 PM','2013-11-21 18:52:22',0,0,NULL,1),(105,37,1,'Level achieved','Angela Chang ( 99999 ) in Acme Sales Assoc at Acme - Broad St has successfully achieved Level 1 at 11/22/2013 7:32:32 AM','2013-11-22 07:32:32',0,0,NULL,1),(106,37,44,'Level achieved','Angela Chang ( 99999 ) in Acme Sales Assoc at Acme - Broad St has successfully achieved Level 1 at 11/22/2013 7:32:32 AM','2013-11-22 07:32:32',0,0,NULL,1),(107,45,1,'Level achieved','Abdul Haseeb ( haseeb ) in Acme Sales Assoc at Acme - Broad St has successfully achieved Level 1 at 11/22/2013 8:12:02 AM','2013-11-22 08:12:02',0,0,NULL,1),(108,45,44,'Level achieved','Abdul Haseeb ( haseeb ) in Acme Sales Assoc at Acme - Broad St has successfully achieved Level 1 at 11/22/2013 8:12:02 AM','2013-11-22 08:12:02',0,0,NULL,1),(109,45,1,'Level achieved','Abdul Haseeb ( haseeb ) in Acme Sales Assoc at Acme - Broad St has successfully achieved Level 1 at 11/22/2013 8:12:24 AM','2013-11-22 08:12:24',0,0,NULL,1),(110,45,44,'Level achieved','Abdul Haseeb ( haseeb ) in Acme Sales Assoc at Acme - Broad St has successfully achieved Level 1 at 11/22/2013 8:12:24 AM','2013-11-22 08:12:24',0,0,NULL,1),(111,58,1,'Award achieved','Kathy McCarthy ( McCarthyK ) in Technician at 718-Saskatoon has successfully won Sales Contest Gold  at 11/22/2013 6:59:43 PM','2013-11-22 18:59:43',0,0,NULL,1),(112,58,54,'Award achieved','Kathy McCarthy ( McCarthyK ) in Technician at 718-Saskatoon has successfully won Sales Contest Gold  at 11/22/2013 6:59:43 PM','2013-11-22 18:59:43',0,0,NULL,1),(113,58,1,'Award achieved','Kathy McCarthy ( McCarthyK ) in Technician at 718-Saskatoon has successfully won Team Leadership  at 11/22/2013 6:59:45 PM','2013-11-22 18:59:45',0,0,NULL,1),(114,58,54,'Award achieved','Kathy McCarthy ( McCarthyK ) in Technician at 718-Saskatoon has successfully won Team Leadership  at 11/22/2013 6:59:45 PM','2013-11-22 18:59:45',0,0,NULL,1),(115,58,1,'Award achieved','Kathy McCarthy ( McCarthyK ) in Technician at 718-Saskatoon has successfully won ASE Certification  at 11/22/2013 6:59:47 PM','2013-11-22 18:59:47',0,0,NULL,1),(116,58,54,'Award achieved','Kathy McCarthy ( McCarthyK ) in Technician at 718-Saskatoon has successfully won ASE Certification  at 11/22/2013 6:59:47 PM','2013-11-22 18:59:47',0,0,NULL,1),(117,58,1,'Award achieved','Kathy McCarthy ( McCarthyK ) in Technician at 718-Saskatoon has successfully won Welcome Aboard  at 11/22/2013 6:59:49 PM','2013-11-22 18:59:49',0,0,NULL,1),(118,58,54,'Award achieved','Kathy McCarthy ( McCarthyK ) in Technician at 718-Saskatoon has successfully won Welcome Aboard  at 11/22/2013 6:59:49 PM','2013-11-22 18:59:49',0,0,NULL,1),(119,57,1,'Award achieved','Kathryn Murphy ( MurphyK ) in Technician at 718-Saskatoon has successfully won Tomax Certification  at 11/22/2013 7:01:42 PM','2013-11-22 19:01:42',0,0,NULL,1),(120,57,54,'Award achieved','Kathryn Murphy ( MurphyK ) in Technician at 718-Saskatoon has successfully won Tomax Certification  at 11/22/2013 7:01:42 PM','2013-11-22 19:01:42',0,0,NULL,1),(121,57,1,'Award achieved','Kathryn Murphy ( MurphyK ) in Technician at 718-Saskatoon has successfully won Above and Beyond  at 11/22/2013 7:01:44 PM','2013-11-22 19:01:44',0,0,NULL,1),(122,57,54,'Award achieved','Kathryn Murphy ( MurphyK ) in Technician at 718-Saskatoon has successfully won Above and Beyond  at 11/22/2013 7:01:44 PM','2013-11-22 19:01:44',0,0,NULL,1),(123,57,1,'Award achieved','Kathryn Murphy ( MurphyK ) in Technician at 718-Saskatoon has successfully won Team Leadership  at 11/22/2013 7:01:45 PM','2013-11-22 19:01:45',0,0,NULL,1),(124,57,54,'Award achieved','Kathryn Murphy ( MurphyK ) in Technician at 718-Saskatoon has successfully won Team Leadership  at 11/22/2013 7:01:45 PM','2013-11-22 19:01:45',0,0,NULL,1),(125,57,1,'Award achieved','Kathryn Murphy ( MurphyK ) in Technician at 718-Saskatoon has successfully won Welcome Aboard  at 11/22/2013 7:01:47 PM','2013-11-22 19:01:47',0,0,NULL,1),(126,57,54,'Award achieved','Kathryn Murphy ( MurphyK ) in Technician at 718-Saskatoon has successfully won Welcome Aboard  at 11/22/2013 7:01:47 PM','2013-11-22 19:01:47',0,0,NULL,1),(127,57,1,'Award achieved','Kathryn Murphy ( MurphyK ) in Technician at 718-Saskatoon has successfully won ASE Certification  at 11/22/2013 7:01:49 PM','2013-11-22 19:01:49',0,0,NULL,1),(128,57,54,'Award achieved','Kathryn Murphy ( MurphyK ) in Technician at 718-Saskatoon has successfully won ASE Certification  at 11/22/2013 7:01:49 PM','2013-11-22 19:01:49',0,0,NULL,1),(129,53,1,'Award achieved','Bill Kennedy ( KennedyB ) in Technician at 718-Saskatoon has successfully won Exemplary Customer Service  at 11/22/2013 7:03:26 PM','2013-11-22 19:03:26',0,0,NULL,1),(130,53,54,'Award achieved','Bill Kennedy ( KennedyB ) in Technician at 718-Saskatoon has successfully won Exemplary Customer Service  at 11/22/2013 7:03:26 PM','2013-11-22 19:03:26',0,0,NULL,1),(131,53,1,'Award achieved','Bill Kennedy ( KennedyB ) in Technician at 718-Saskatoon has successfully won ASE Certification  at 11/22/2013 7:03:29 PM','2013-11-22 19:03:29',0,0,NULL,1),(132,53,54,'Award achieved','Bill Kennedy ( KennedyB ) in Technician at 718-Saskatoon has successfully won ASE Certification  at 11/22/2013 7:03:29 PM','2013-11-22 19:03:29',0,0,NULL,1),(133,53,1,'Award achieved','Bill Kennedy ( KennedyB ) in Technician at 718-Saskatoon has successfully won Above and Beyond  at 11/22/2013 7:03:30 PM','2013-11-22 19:03:30',0,0,NULL,1),(134,53,54,'Award achieved','Bill Kennedy ( KennedyB ) in Technician at 718-Saskatoon has successfully won Above and Beyond  at 11/22/2013 7:03:30 PM','2013-11-22 19:03:30',0,0,NULL,1),(135,53,1,'Award achieved','Bill Kennedy ( KennedyB ) in Technician at 718-Saskatoon has successfully won Welcome Aboard  at 11/22/2013 7:03:32 PM','2013-11-22 19:03:32',0,0,NULL,1),(136,53,54,'Award achieved','Bill Kennedy ( KennedyB ) in Technician at 718-Saskatoon has successfully won Welcome Aboard  at 11/22/2013 7:03:32 PM','2013-11-22 19:03:32',0,0,NULL,1),(137,55,1,'Award achieved','Eric Olafson ( OlafsonE ) in Technician at 718-Saskatoon has successfully won Sales Contest Bronze  at 11/22/2013 7:06:21 PM','2013-11-22 19:06:21',0,0,NULL,1),(138,55,54,'Award achieved','Eric Olafson ( OlafsonE ) in Technician at 718-Saskatoon has successfully won Sales Contest Bronze  at 11/22/2013 7:06:21 PM','2013-11-22 19:06:21',0,0,NULL,1),(139,55,1,'Award achieved','Eric Olafson ( OlafsonE ) in Technician at 718-Saskatoon has successfully won ASE Certification  at 11/22/2013 7:06:23 PM','2013-11-22 19:06:23',0,0,NULL,1),(140,55,54,'Award achieved','Eric Olafson ( OlafsonE ) in Technician at 718-Saskatoon has successfully won ASE Certification  at 11/22/2013 7:06:23 PM','2013-11-22 19:06:23',0,0,NULL,1),(141,55,1,'Award achieved','Eric Olafson ( OlafsonE ) in Technician at 718-Saskatoon has successfully won Welcome Aboard  at 11/22/2013 7:06:24 PM','2013-11-22 19:06:24',0,0,NULL,1),(142,55,54,'Award achieved','Eric Olafson ( OlafsonE ) in Technician at 718-Saskatoon has successfully won Welcome Aboard  at 11/22/2013 7:06:24 PM','2013-11-22 19:06:24',0,0,NULL,1),(143,56,1,'Award achieved','Jaye Olafson ( OlafsonJ ) in Technician at 718-Saskatoon has successfully won Exemplary Customer Service  at 11/22/2013 7:09:36 PM','2013-11-22 19:09:36',0,0,NULL,1),(144,56,54,'Award achieved','Jaye Olafson ( OlafsonJ ) in Technician at 718-Saskatoon has successfully won Exemplary Customer Service  at 11/22/2013 7:09:36 PM','2013-11-22 19:09:36',0,0,NULL,1),(145,56,1,'Award achieved','Jaye Olafson ( OlafsonJ ) in Technician at 718-Saskatoon has successfully won Sales Contest Silver  at 11/22/2013 7:09:38 PM','2013-11-22 19:09:38',0,0,NULL,1),(146,56,54,'Award achieved','Jaye Olafson ( OlafsonJ ) in Technician at 718-Saskatoon has successfully won Sales Contest Silver  at 11/22/2013 7:09:38 PM','2013-11-22 19:09:38',0,0,NULL,1),(147,56,1,'Award achieved','Jaye Olafson ( OlafsonJ ) in Technician at 718-Saskatoon has successfully won Team Leadership  at 11/22/2013 7:09:39 PM','2013-11-22 19:09:39',0,0,NULL,1),(148,56,54,'Award achieved','Jaye Olafson ( OlafsonJ ) in Technician at 718-Saskatoon has successfully won Team Leadership  at 11/22/2013 7:09:39 PM','2013-11-22 19:09:39',0,0,NULL,1),(149,56,1,'Award achieved','Jaye Olafson ( OlafsonJ ) in Technician at 718-Saskatoon has successfully won ASE Certification  at 11/22/2013 7:09:40 PM','2013-11-22 19:09:40',0,0,NULL,1),(150,56,54,'Award achieved','Jaye Olafson ( OlafsonJ ) in Technician at 718-Saskatoon has successfully won ASE Certification  at 11/22/2013 7:09:40 PM','2013-11-22 19:09:40',0,0,NULL,1),(151,56,1,'Award achieved','Jaye Olafson ( OlafsonJ ) in Technician at 718-Saskatoon has successfully won Welcome Aboard  at 11/22/2013 7:09:41 PM','2013-11-22 19:09:41',0,0,NULL,1),(152,56,54,'Award achieved','Jaye Olafson ( OlafsonJ ) in Technician at 718-Saskatoon has successfully won Welcome Aboard  at 11/22/2013 7:09:41 PM','2013-11-22 19:09:41',0,0,NULL,1),(153,50,1,'Award achieved','Jaye Olafson Test ( 223 ) in Technician at 718-Saskatoon has successfully won Employee of the Month  at 11/22/2013 9:55:52 PM','2013-11-22 21:55:52',0,0,NULL,1),(154,50,47,'Award achieved','Jaye Olafson Test ( 223 ) in Technician at 718-Saskatoon has successfully won Employee of the Month  at 11/22/2013 9:55:52 PM','2013-11-22 21:55:52',0,0,NULL,1),(155,50,1,'Award achieved','Jaye Olafson Test ( 223 ) in Technician at 718-Saskatoon has successfully won Exemplary Customer Service  at 11/22/2013 9:55:53 PM','2013-11-22 21:55:53',0,0,NULL,1),(156,50,47,'Award achieved','Jaye Olafson Test ( 223 ) in Technician at 718-Saskatoon has successfully won Exemplary Customer Service  at 11/22/2013 9:55:53 PM','2013-11-22 21:55:53',0,0,NULL,1),(157,50,1,'Award achieved','Jaye Olafson Test ( 223 ) in Technician at 718-Saskatoon has successfully won ASE Certification  at 11/22/2013 9:55:54 PM','2013-11-22 21:55:54',0,0,NULL,1),(158,50,47,'Award achieved','Jaye Olafson Test ( 223 ) in Technician at 718-Saskatoon has successfully won ASE Certification  at 11/22/2013 9:55:54 PM','2013-11-22 21:55:54',0,0,NULL,1),(159,50,1,'Award achieved','Jaye Olafson Test ( 223 ) in Technician at 718-Saskatoon has successfully won Welcome Aboard  at 11/22/2013 9:55:55 PM','2013-11-22 21:55:55',0,0,NULL,1),(160,50,47,'Award achieved','Jaye Olafson Test ( 223 ) in Technician at 718-Saskatoon has successfully won Welcome Aboard  at 11/22/2013 9:55:55 PM','2013-11-22 21:55:55',0,0,NULL,1),(161,50,1,'Award achieved','Jaye Olafson Test ( 223 ) in Technician at 718-Saskatoon has successfully won Tomax Certification  at 11/25/2013 3:24:07 PM','2013-11-25 15:24:07',0,0,NULL,1),(162,50,47,'Award achieved','Jaye Olafson Test ( 223 ) in Technician at 718-Saskatoon has successfully won Tomax Certification  at 11/25/2013 3:24:07 PM','2013-11-25 15:24:07',0,0,NULL,1),(163,55,1,'Award achieved','Eric Olafson ( olaFSONE ) in Technician at 718-Saskatoon has successfully won Tomax Certification  at 11/28/2013 9:32:37 PM','2013-11-28 21:32:37',0,0,NULL,1),(164,55,54,'Award achieved','Eric Olafson ( olaFSONE ) in Technician at 718-Saskatoon has successfully won Tomax Certification  at 11/28/2013 9:32:37 PM','2013-11-28 21:32:37',0,0,NULL,1),(165,45,1,'Points redeemed for reward','Abdul Haseeb ( haseeb ) in Acme Sales Assoc at Acme - Broad St has redeemed Logo T-shirt for points 250 at 12/2/2013 4:31:07 AM','2013-12-02 04:31:07',0,0,NULL,1),(166,45,44,'Points redeemed for reward','Abdul Haseeb ( haseeb ) in Acme Sales Assoc at Acme - Broad St has redeemed Logo T-shirt for points 250 at 12/2/2013 4:31:07 AM','2013-12-02 04:31:07',0,0,NULL,1),(167,37,1,'Award achieved','Angela Chang ( 99999 ) in Acme Sales Assoc at Acme - Broad St has successfully won TestMileStone  at 12/2/2013 3:52:19 PM','2013-12-02 15:52:19',0,0,NULL,1),(168,37,44,'Award achieved','Angela Chang ( 99999 ) in Acme Sales Assoc at Acme - Broad St has successfully won TestMileStone  at 12/2/2013 3:52:19 PM','2013-12-02 15:52:19',0,0,NULL,1),(169,39,1,'Award achieved','Jordan Brown ( 44444 ) in Acme Sales Assoc at Acme - Broad St has successfully won TestMileStone  at 12/4/2013 9:09:25 PM','2013-12-04 21:09:25',0,0,NULL,1),(170,39,44,'Award achieved','Jordan Brown ( 44444 ) in Acme Sales Assoc at Acme - Broad St has successfully won TestMileStone  at 12/4/2013 9:09:25 PM','2013-12-04 21:09:25',0,0,NULL,1),(171,42,1,'Award achieved','Jessica Ashah ( 77777 ) in Acme Sales Assoc at Acme - Broad St has successfully won TestMileStone  at 12/9/2013 3:23:26 PM','2013-12-09 15:23:26',0,0,NULL,1),(172,42,44,'Award achieved','Jessica Ashah ( 77777 ) in Acme Sales Assoc at Acme - Broad St has successfully won TestMileStone  at 12/9/2013 3:23:26 PM','2013-12-09 15:23:26',0,0,NULL,1),(173,42,1,'Level achieved','Jessica Ashah ( 77777 ) in Acme Sales Assoc at Acme - Broad St has successfully achieved Level 0 at 12/9/2013 3:23:31 PM','2013-12-09 15:23:31',0,0,NULL,1),(174,42,44,'Level achieved','Jessica Ashah ( 77777 ) in Acme Sales Assoc at Acme - Broad St has successfully achieved Level 0 at 12/9/2013 3:23:31 PM','2013-12-09 15:23:31',0,0,NULL,1),(175,40,1,'Award achieved','Daniella Harvey ( 55555 ) in Acme Sales Assoc at Acme - Broad St has successfully won Team Leadership  at 12/9/2013 5:05:26 PM','2013-12-09 17:05:26',0,0,NULL,1),(176,40,44,'Award achieved','Daniella Harvey ( 55555 ) in Acme Sales Assoc at Acme - Broad St has successfully won Team Leadership  at 12/9/2013 5:05:26 PM','2013-12-09 17:05:26',0,0,NULL,1),(177,40,1,'Award achieved','Daniella Harvey ( 55555 ) in Acme Sales Assoc at Acme - Broad St has successfully won Sales Contest Silver  at 12/9/2013 5:05:27 PM','2013-12-09 17:05:27',0,0,NULL,1),(178,40,44,'Award achieved','Daniella Harvey ( 55555 ) in Acme Sales Assoc at Acme - Broad St has successfully won Sales Contest Silver  at 12/9/2013 5:05:27 PM','2013-12-09 17:05:27',0,0,NULL,1),(179,40,1,'Award achieved','Daniella Harvey ( 55555 ) in Acme Sales Assoc at Acme - Broad St has successfully won Welcome Aboard  at 12/9/2013 5:05:28 PM','2013-12-09 17:05:28',0,0,NULL,1),(180,40,44,'Award achieved','Daniella Harvey ( 55555 ) in Acme Sales Assoc at Acme - Broad St has successfully won Welcome Aboard  at 12/9/2013 5:05:28 PM','2013-12-09 17:05:28',0,0,NULL,1),(181,41,1,'Award achieved','Santiago Cruz ( 66666 ) in Acme Sales Assoc at Acme - Broad St has successfully won Team Leadership  at 12/9/2013 5:05:56 PM','2013-12-09 17:05:56',0,0,NULL,1),(182,41,44,'Award achieved','Santiago Cruz ( 66666 ) in Acme Sales Assoc at Acme - Broad St has successfully won Team Leadership  at 12/9/2013 5:05:56 PM','2013-12-09 17:05:56',0,0,NULL,1),(183,41,1,'Award achieved','Santiago Cruz ( 66666 ) in Acme Sales Assoc at Acme - Broad St has successfully won Above and Beyond  at 12/9/2013 5:05:57 PM','2013-12-09 17:05:57',0,0,NULL,1),(184,41,44,'Award achieved','Santiago Cruz ( 66666 ) in Acme Sales Assoc at Acme - Broad St has successfully won Above and Beyond  at 12/9/2013 5:05:57 PM','2013-12-09 17:05:57',0,0,NULL,1),(185,41,1,'Award achieved','Santiago Cruz ( 66666 ) in Acme Sales Assoc at Acme - Broad St has successfully won Welcome Aboard  at 12/9/2013 5:05:58 PM','2013-12-09 17:05:58',0,0,NULL,1),(186,41,44,'Award achieved','Santiago Cruz ( 66666 ) in Acme Sales Assoc at Acme - Broad St has successfully won Welcome Aboard  at 12/9/2013 5:05:58 PM','2013-12-09 17:05:58',0,0,NULL,1),(187,42,1,'Award achieved','Jessica Ashah ( 77777 ) in Acme Sales Assoc at Acme - Broad St has successfully won Employee of the Month  at 12/9/2013 5:06:21 PM','2013-12-09 17:06:21',0,0,NULL,1),(188,42,44,'Award achieved','Jessica Ashah ( 77777 ) in Acme Sales Assoc at Acme - Broad St has successfully won Employee of the Month  at 12/9/2013 5:06:21 PM','2013-12-09 17:06:21',0,0,NULL,1),(189,42,1,'Award achieved','Jessica Ashah ( 77777 ) in Acme Sales Assoc at Acme - Broad St has successfully won Exemplary Customer Service  at 12/9/2013 5:06:22 PM','2013-12-09 17:06:22',0,0,NULL,1),(190,42,44,'Award achieved','Jessica Ashah ( 77777 ) in Acme Sales Assoc at Acme - Broad St has successfully won Exemplary Customer Service  at 12/9/2013 5:06:22 PM','2013-12-09 17:06:22',0,0,NULL,1),(191,42,1,'Award achieved','Jessica Ashah ( 77777 ) in Acme Sales Assoc at Acme - Broad St has successfully won Welcome Aboard  at 12/9/2013 5:06:23 PM','2013-12-09 17:06:23',0,0,NULL,1),(192,42,44,'Award achieved','Jessica Ashah ( 77777 ) in Acme Sales Assoc at Acme - Broad St has successfully won Welcome Aboard  at 12/9/2013 5:06:23 PM','2013-12-09 17:06:23',0,0,NULL,1),(193,37,1,'Award achieved','Angela Chang ( 99999 ) in Acme Sales Assoc at Acme - Broad St has successfully won Sales Contest Silver  at 12/9/2013 5:14:15 PM','2013-12-09 17:14:15',0,0,NULL,1),(194,37,44,'Award achieved','Angela Chang ( 99999 ) in Acme Sales Assoc at Acme - Broad St has successfully won Sales Contest Silver  at 12/9/2013 5:14:15 PM','2013-12-09 17:14:15',0,0,NULL,1),(195,37,1,'Award achieved','Angela Chang ( 99999 ) in Acme Sales Assoc at Acme - Broad St has successfully won Sales Contest Silver  at 12/9/2013 5:14:15 PM','2013-12-09 17:14:15',0,0,NULL,1),(196,37,44,'Award achieved','Angela Chang ( 99999 ) in Acme Sales Assoc at Acme - Broad St has successfully won Sales Contest Silver  at 12/9/2013 5:14:15 PM','2013-12-09 17:14:15',0,0,NULL,1),(197,37,1,'Award achieved','Angela Chang ( 99999 ) in Acme Sales Assoc at Acme - Broad St has successfully won Welcome Aboard  at 12/9/2013 5:14:15 PM','2013-12-09 17:14:15',0,0,NULL,1),(198,37,44,'Award achieved','Angela Chang ( 99999 ) in Acme Sales Assoc at Acme - Broad St has successfully won Welcome Aboard  at 12/9/2013 5:14:15 PM','2013-12-09 17:14:15',0,0,NULL,1),(199,37,1,'Award achieved','Angela Chang ( 99999 ) in Acme Sales Assoc at Acme - Broad St has successfully won Welcome Aboard  at 12/9/2013 5:14:16 PM','2013-12-09 17:14:16',0,0,NULL,1),(200,37,44,'Award achieved','Angela Chang ( 99999 ) in Acme Sales Assoc at Acme - Broad St has successfully won Welcome Aboard  at 12/9/2013 5:14:16 PM','2013-12-09 17:14:16',0,0,NULL,1),(201,37,1,'Award achieved','Angela Chang ( 99999 ) in Acme Sales Assoc at Acme - Broad St has successfully won Welcome Aboard  at 12/9/2013 5:14:16 PM','2013-12-09 17:14:16',0,0,NULL,1),(202,37,44,'Award achieved','Angela Chang ( 99999 ) in Acme Sales Assoc at Acme - Broad St has successfully won Welcome Aboard  at 12/9/2013 5:14:16 PM','2013-12-09 17:14:16',0,0,NULL,1),(203,37,1,'Award achieved','Angela Chang ( 99999 ) in Acme Sales Assoc at Acme - Broad St has successfully won Welcome Aboard  at 12/9/2013 5:14:17 PM','2013-12-09 17:14:17',0,0,NULL,1),(204,37,44,'Award achieved','Angela Chang ( 99999 ) in Acme Sales Assoc at Acme - Broad St has successfully won Welcome Aboard  at 12/9/2013 5:14:17 PM','2013-12-09 17:14:17',0,0,NULL,1),(205,38,1,'Award achieved','Ricky Avila ( 33333 ) in Acme Sales Assoc at Acme - Broad St has successfully won Employee of the Month  at 12/9/2013 5:15:54 PM','2013-12-09 17:15:54',0,0,NULL,1),(206,38,44,'Award achieved','Ricky Avila ( 33333 ) in Acme Sales Assoc at Acme - Broad St has successfully won Employee of the Month  at 12/9/2013 5:15:54 PM','2013-12-09 17:15:54',0,0,NULL,1),(207,38,1,'Award achieved','Ricky Avila ( 33333 ) in Acme Sales Assoc at Acme - Broad St has successfully won Sales Contest Bronze  at 12/9/2013 5:15:54 PM','2013-12-09 17:15:54',0,0,NULL,1),(208,38,44,'Award achieved','Ricky Avila ( 33333 ) in Acme Sales Assoc at Acme - Broad St has successfully won Sales Contest Bronze  at 12/9/2013 5:15:54 PM','2013-12-09 17:15:54',0,0,NULL,1),(209,38,1,'Award achieved','Ricky Avila ( 33333 ) in Acme Sales Assoc at Acme - Broad St has successfully won Welcome Aboard  at 12/9/2013 5:15:55 PM','2013-12-09 17:15:55',0,0,NULL,1),(210,38,44,'Award achieved','Ricky Avila ( 33333 ) in Acme Sales Assoc at Acme - Broad St has successfully won Welcome Aboard  at 12/9/2013 5:15:55 PM','2013-12-09 17:15:55',0,0,NULL,1),(211,38,1,'Award achieved','Ricky Avila ( 33333 ) in Acme Sales Assoc at Acme - Broad St has successfully won Welcome Aboard  at 12/9/2013 5:15:55 PM','2013-12-09 17:15:55',0,0,NULL,1),(212,38,44,'Award achieved','Ricky Avila ( 33333 ) in Acme Sales Assoc at Acme - Broad St has successfully won Welcome Aboard  at 12/9/2013 5:15:55 PM','2013-12-09 17:15:55',0,0,NULL,1),(213,38,1,'Award achieved','Ricky Avila ( 33333 ) in Acme Sales Assoc at Acme - Broad St has successfully won Welcome Aboard  at 12/9/2013 5:15:55 PM','2013-12-09 17:15:55',0,0,NULL,1),(214,38,44,'Award achieved','Ricky Avila ( 33333 ) in Acme Sales Assoc at Acme - Broad St has successfully won Welcome Aboard  at 12/9/2013 5:15:55 PM','2013-12-09 17:15:55',0,0,NULL,1),(215,37,1,'Points redeemed for reward','Angela Chang ( 99999 ) in Acme Sales Assoc at Acme - Broad St has redeemed Logo T-shirt for points 250 at 12/19/2013 6:23:19 PM','2013-12-19 18:23:19',0,0,NULL,1),(216,37,44,'Points redeemed for reward','Angela Chang ( 99999 ) in Acme Sales Assoc at Acme - Broad St has redeemed Logo T-shirt for points 250 at 12/19/2013 6:23:19 PM','2013-12-19 18:23:19',0,0,NULL,1),(217,37,1,'Award achieved','Angela Chang ( 99999 ) in Acme Sales Assoc at Acme - Broad St has successfully won Sales Contest Gold  at 12/24/2013 9:04:49 PM','2013-12-24 21:04:49',0,0,NULL,1),(218,37,44,'Award achieved','Angela Chang ( 99999 ) in Acme Sales Assoc at Acme - Broad St has successfully won Sales Contest Gold  at 12/24/2013 9:04:49 PM','2013-12-24 21:04:49',0,0,NULL,1),(219,40,37,'Are you on shift tomorrow','RSVP please','2014-01-02 18:48:05',1,0,NULL,1),(220,38,37,'Thank you','Thank you for helping me with that training','2014-01-02 18:48:52',1,0,NULL,1),(221,37,1,'Award achieved','Angela Chang ( 99999 ) in Acme Sales Assoc at Acme - Broad St has successfully won Sales Contest Gold  at 1/6/2014 8:40:22 PM','2014-01-06 20:40:22',0,0,NULL,1),(222,37,44,'Award achieved','Angela Chang ( 99999 ) in Acme Sales Assoc at Acme - Broad St has successfully won Sales Contest Gold  at 1/6/2014 8:40:22 PM','2014-01-06 20:40:22',0,0,NULL,1),(223,37,1,'Award achieved','Angela Chang ( 99999 ) in Acme Sales Assoc at Acme - Broad St has successfully won Above and Beyond  at 1/8/2014 3:01:56 AM','2014-01-08 03:01:56',0,0,NULL,1),(224,37,44,'Award achieved','Angela Chang ( 99999 ) in Acme Sales Assoc at Acme - Broad St has successfully won Above and Beyond  at 1/8/2014 3:01:56 AM','2014-01-08 03:01:56',0,0,NULL,1),(225,39,1,'Award achieved','Jordan Brown ( 44444 ) in Acme Sales Assoc at Acme - Broad St has successfully won Sales Contest Gold  at 1/8/2014 7:45:37 PM','2014-01-08 19:45:37',0,0,NULL,1),(226,39,44,'Award achieved','Jordan Brown ( 44444 ) in Acme Sales Assoc at Acme - Broad St has successfully won Sales Contest Gold  at 1/8/2014 7:45:37 PM','2014-01-08 19:45:37',0,0,NULL,1),(227,39,1,'Award achieved','Jordan Brown ( 44444 ) in Acme Sales Assoc at Acme - Broad St has successfully won Employee of the Month  at 1/8/2014 7:45:40 PM','2014-01-08 19:45:40',0,0,NULL,1),(228,39,44,'Award achieved','Jordan Brown ( 44444 ) in Acme Sales Assoc at Acme - Broad St has successfully won Employee of the Month  at 1/8/2014 7:45:40 PM','2014-01-08 19:45:40',0,0,NULL,1),(229,39,1,'Award achieved','Jordan Brown ( 44444 ) in Acme Sales Assoc at Acme - Broad St has successfully won Welcome Aboard  at 1/8/2014 7:45:42 PM','2014-01-08 19:45:42',0,0,NULL,1),(230,39,44,'Award achieved','Jordan Brown ( 44444 ) in Acme Sales Assoc at Acme - Broad St has successfully won Welcome Aboard  at 1/8/2014 7:45:42 PM','2014-01-08 19:45:42',0,0,NULL,1),(231,44,37,'good job','good job','2014-01-08 19:46:54',1,0,NULL,1),(232,37,1,'Award achieved','Angela Chang ( 99999 ) in Acme Sales Assoc at Acme - Broad St has successfully won Team Leadership  at 1/8/2014 7:48:10 PM','2014-01-08 19:48:10',0,0,NULL,1),(233,37,44,'Award achieved','Angela Chang ( 99999 ) in Acme Sales Assoc at Acme - Broad St has successfully won Team Leadership  at 1/8/2014 7:48:10 PM','2014-01-08 19:48:10',0,0,NULL,1),(234,53,1,'Award achieved','Bill Kennedy ( kennedyb ) in Technician at 718-Saskatoon has successfully won ASE Certification  at 1/9/2014 9:00:38 PM','2014-01-09 21:00:38',0,0,NULL,1),(235,53,54,'Award achieved','Bill Kennedy ( kennedyb ) in Technician at 718-Saskatoon has successfully won ASE Certification  at 1/9/2014 9:00:38 PM','2014-01-09 21:00:38',0,0,NULL,1),(236,44,40,'get better','Messag \nhere','2014-01-10 14:21:26',0,0,NULL,1),(237,40,1,'Award achieved','Sandra Harvey ( 55555 ) in Acme Sales Assoc at Acme - Broad St has successfully won Exemplary Customer Service  at 1/14/2014 4:17:33 PM','2014-01-14 16:17:33',0,0,NULL,1),(238,40,44,'Award achieved','Sandra Harvey ( 55555 ) in Acme Sales Assoc at Acme - Broad St has successfully won Exemplary Customer Service  at 1/14/2014 4:17:33 PM','2014-01-14 16:17:33',0,0,NULL,1),(239,40,1,'Award achieved','Sandra Harvey ( 55555 ) in Acme Sales Assoc at Acme - Broad St has successfully won ASE Certification  at 1/18/2014 10:36:02 AM','2014-01-18 10:36:02',0,0,NULL,1),(240,40,44,'Award achieved','Sandra Harvey ( 55555 ) in Acme Sales Assoc at Acme - Broad St has successfully won ASE Certification  at 1/18/2014 10:36:02 AM','2014-01-18 10:36:02',0,0,NULL,1),(241,37,1,'Award achieved','Angela Chang ( 99999 ) in Acme Sales Assoc at Acme - Broad St has successfully won Team Leadership  at 1/20/2014 7:36:28 PM','2014-01-20 19:36:28',0,0,NULL,1),(242,37,44,'Award achieved','Angela Chang ( 99999 ) in Acme Sales Assoc at Acme - Broad St has successfully won Team Leadership  at 1/20/2014 7:36:28 PM','2014-01-20 19:36:28',0,0,NULL,1),(243,40,1,'Award achieved','Sandra Harvey ( 55555 ) in Acme Sales Assoc at Acme - Broad St has successfully won Employee of the Month  at 1/23/2014 12:26:06 AM','2014-01-23 00:26:06',0,0,NULL,1),(244,40,44,'Award achieved','Sandra Harvey ( 55555 ) in Acme Sales Assoc at Acme - Broad St has successfully won Employee of the Month  at 1/23/2014 12:26:06 AM','2014-01-23 00:26:06',1,0,NULL,1),(245,44,41,'message for santi','message for santi','2014-03-28 15:48:11',1,0,NULL,1),(246,41,1,'Award achieved','Santiago Cruz ( 66666 ) in Acme Sales Assoc at Acme - Broad St has successfully won Above and Beyond  at 3/28/2014 3:50:08 PM','2014-03-28 15:50:08',0,0,NULL,1),(247,41,44,'Award achieved','Santiago Cruz ( 66666 ) in Acme Sales Assoc at Acme - Broad St has successfully won Above and Beyond  at 3/28/2014 3:50:08 PM','2014-03-28 15:50:08',0,0,NULL,1),(248,40,1,'Points redeemed for reward','Sandra Harvey ( 55555 ) in Acme Sales Assoc at Acme - Broad St has redeemed Logo T-shirt for points 250 at 3/28/2014 4:05:18 PM','2014-03-28 16:05:18',0,0,NULL,1),(249,40,44,'Points redeemed for reward','Sandra Harvey ( 55555 ) in Acme Sales Assoc at Acme - Broad St has redeemed Logo T-shirt for points 250 at 3/28/2014 4:05:18 PM','2014-03-28 16:05:18',0,0,NULL,1),(250,44,39,'hi jordan','good job','2014-03-28 19:34:31',1,0,NULL,1),(251,39,1,'Award achieved','Jordan Brown ( 44444 ) in Acme Sales Assoc at Acme - Broad St has successfully won Sales Contest Bronze  at 3/28/2014 9:32:21 PM','2014-03-28 21:32:21',0,0,NULL,1),(252,39,44,'Award achieved','Jordan Brown ( 44444 ) in Acme Sales Assoc at Acme - Broad St has successfully won Sales Contest Bronze  at 3/28/2014 9:32:21 PM','2014-03-28 21:32:21',0,0,NULL,1),(253,39,1,'Points redeemed for reward','Jordan Brown ( 44444 ) in Acme Sales Assoc at Acme - Broad St has redeemed Logo T-shirt for points 250 at 3/28/2014 9:35:49 PM','2014-03-28 21:35:49',0,0,NULL,1),(254,39,44,'Points redeemed for reward','Jordan Brown ( 44444 ) in Acme Sales Assoc at Acme - Broad St has redeemed Logo T-shirt for points 250 at 3/28/2014 9:35:49 PM','2014-03-28 21:35:49',0,0,NULL,1),(255,39,1,'Award achieved','Jordan Brown ( 44444 ) in Acme Sales Assoc at Acme - Broad St has successfully won Team Leadership  at 3/28/2014 9:55:06 PM','2014-03-28 21:55:06',0,0,NULL,1),(256,39,44,'Award achieved','Jordan Brown ( 44444 ) in Acme Sales Assoc at Acme - Broad St has successfully won Team Leadership  at 3/28/2014 9:55:06 PM','2014-03-28 21:55:06',0,0,NULL,1),(257,40,1,'Award achieved','Sandra Harvey ( 55555 ) in Acme Sales Assoc at Acme - Broad St has successfully won Sales Contest Gold  at 4/21/2014 3:26:19 PM','2014-04-21 15:26:19',0,0,NULL,1),(258,40,44,'Award achieved','Sandra Harvey ( 55555 ) in Acme Sales Assoc at Acme - Broad St has successfully won Sales Contest Gold  at 4/21/2014 3:26:19 PM','2014-04-21 15:26:19',0,0,NULL,1),(259,38,1,'Award achieved','Ricky Avila ( 33333 ) in Acme Sales Assoc at Acme - Broad St has successfully won Sales Contest Gold  at 4/21/2014 3:32:12 PM','2014-04-21 15:32:12',0,0,NULL,1),(260,38,44,'Award achieved','Ricky Avila ( 33333 ) in Acme Sales Assoc at Acme - Broad St has successfully won Sales Contest Gold  at 4/21/2014 3:32:12 PM','2014-04-21 15:32:12',0,0,NULL,1),(261,37,1,'Award achieved','Angela Chang ( 99999 ) in Acme Sales Assoc at Acme - Broad St has successfully won Employee of the Month  at 4/22/2014 1:12:04 AM','2014-04-22 01:12:04',0,0,NULL,1),(262,37,44,'Award achieved','Angela Chang ( 99999 ) in Acme Sales Assoc at Acme - Broad St has successfully won Employee of the Month  at 4/22/2014 1:12:04 AM','2014-04-22 01:12:04',0,0,NULL,1),(263,37,1,'Award achieved','Angela Chang ( 99999 ) in Acme Sales Assoc at Acme - Broad St has successfully won Above and Beyond  at 4/22/2014 1:12:07 AM','2014-04-22 01:12:07',0,0,NULL,1),(264,37,44,'Award achieved','Angela Chang ( 99999 ) in Acme Sales Assoc at Acme - Broad St has successfully won Above and Beyond  at 4/22/2014 1:12:07 AM','2014-04-22 01:12:07',0,0,NULL,1),(265,61,60,'Help','Hi Peter,\r\nI think that I need some help with the quiz. Can we meet?\r\nThanks, Sanjaya','2014-04-25 15:00:21',1,0,NULL,1),(266,60,61,'Re: Help','just do it','2014-04-26 15:30:19',0,1,265,1),(267,61,1,'Award achieved','Sanjaya Nath ( sanjayan ) in Acme Sales Assoc at Tucson Store has successfully won Welcome Aboard  at 4/26/2014 3:32:32 PM','2014-04-26 15:32:32',1,0,NULL,1),(268,61,60,'Award achieved','Sanjaya Nath ( sanjayan ) in Acme Sales Assoc at Tucson Store has successfully won Welcome Aboard  at 4/26/2014 3:32:32 PM','2014-04-26 15:32:32',0,0,NULL,1),(269,60,61,'Re: Help','','2014-05-09 22:09:36',0,1,265,1),(270,60,61,'Quiz help','Yes. Drop by my office','2014-05-09 22:10:10',1,0,NULL,1),(271,61,1,'Award achieved','Sanjaya Nath ( sanjayan ) in Acme Sales Assoc at Tucson Store has successfully won Above and Beyond  at 5/9/2014 10:11:42 PM','2014-05-09 22:11:42',0,0,NULL,1),(272,61,60,'Award achieved','Sanjaya Nath ( sanjayan ) in Acme Sales Assoc at Tucson Store has successfully won Above and Beyond  at 5/9/2014 10:11:42 PM','2014-05-09 22:11:42',1,0,NULL,1),(273,44,41,'you are not doing enough','you are not going to reach your level on time. see me and maybe I can help','2014-05-27 16:31:17',1,0,NULL,1),(274,37,1,'Award achieved','Angela Chang ( 99999 ) in Acme Sales Assoc at Acme - Broad St has successfully won Above and Beyond  at 5/27/2014 4:33:01 PM','2014-05-27 16:33:01',0,0,NULL,1),(275,37,44,'Award achieved','Angela Chang ( 99999 ) in Acme Sales Assoc at Acme - Broad St has successfully won Above and Beyond  at 5/27/2014 4:33:01 PM','2014-05-27 16:33:01',0,0,NULL,1),(277,37,1,'Award achieved','Angela Chang ( 99999 ) in Acme Sales Assoc at Acme - Broad St has successfully won Team Leadership  at 6/9/2014 6:00:37 PM','2014-06-09 18:00:37',0,0,NULL,1),(278,37,44,'Award achieved','Angela Chang ( 99999 ) in Acme Sales Assoc at Acme - Broad St has successfully won Team Leadership  at 6/9/2014 6:00:37 PM','2014-06-09 18:00:37',0,0,NULL,1),(279,65,1,'Award achieved','Michael Hendrix ( I002 ) in Acme Sales Assoc at Acme - Broad St has successfully won Welcome Aboard  at 6/9/2014 9:06:44 PM','2014-06-09 21:06:44',0,0,NULL,1),(280,65,64,'Award achieved','Michael Hendrix ( I002 ) in Acme Sales Assoc at Acme - Broad St has successfully won Welcome Aboard  at 6/9/2014 9:06:44 PM','2014-06-09 21:06:44',0,0,NULL,1),(281,66,1,'Award achieved','Holly Benson ( I003 ) in Acme Sales Assoc at Acme - Broad St has successfully won Welcome Aboard  at 6/9/2014 9:12:35 PM','2014-06-09 21:12:35',0,0,NULL,1),(282,66,64,'Award achieved','Holly Benson ( I003 ) in Acme Sales Assoc at Acme - Broad St has successfully won Welcome Aboard  at 6/9/2014 9:12:35 PM','2014-06-09 21:12:35',0,0,NULL,1),(283,67,1,'Award achieved','Rudi Lehman ( I004 ) in Acme Sales Assoc at Acme - Broad St has successfully won Welcome Aboard  at 6/9/2014 9:13:55 PM','2014-06-09 21:13:55',0,0,NULL,1),(284,67,64,'Award achieved','Rudi Lehman ( I004 ) in Acme Sales Assoc at Acme - Broad St has successfully won Welcome Aboard  at 6/9/2014 9:13:55 PM','2014-06-09 21:13:55',0,0,NULL,1),(285,37,1,'Level achieved','Angela Chang ( 99999 ) in Acme Sales Assoc at Acme - Broad St has successfully achieved Level 0 at 6/10/2014 6:05:54 PM','2014-06-10 18:05:54',0,0,NULL,1),(286,37,44,'Level achieved','Angela Chang ( 99999 ) in Acme Sales Assoc at Acme - Broad St has successfully achieved Level 0 at 6/10/2014 6:05:54 PM','2014-06-10 18:05:54',0,0,NULL,1),(319,37,1,'Points redeemed for reward','Angela Chang ( 99999 ) in Acme Sales Assoc at Acme - Broad St has redeemed Logo T-shirt for points 25 at 6/18/2014 7:14:10 PM','2014-06-18 19:14:10',0,0,NULL,1),(287,37,38,'Re: Thank you','You are Welcome','2014-06-10 21:18:10',0,1,220,1),(288,39,1,'Award achieved','Jordan Brown ( 44444 ) in Acme Sales Assoc at Acme - Broad St has successfully won Above and Beyond  at 6/12/2014 7:55:50 PM','2014-06-12 19:55:50',0,0,NULL,1),(289,39,44,'Award achieved','Jordan Brown ( 44444 ) in Acme Sales Assoc at Acme - Broad St has successfully won Above and Beyond  at 6/12/2014 7:55:50 PM','2014-06-12 19:55:50',0,0,NULL,1),(290,64,66,'Catching up','Hi Holly. Glad to see you doing so well.','2014-06-13 14:21:42',0,0,NULL,1),(291,64,67,'rcvg and stocking','just do it','2014-06-13 18:10:48',1,0,NULL,1),(292,67,1,'Award achieved','Rudi Lehman ( rudi ) in Acme Sales Assoc at Acme - Broad St has successfully won Above and Beyond  at 6/13/2014 6:12:44 PM','2014-06-13 18:12:44',0,0,NULL,1),(293,67,64,'Award achieved','Rudi Lehman ( rudi ) in Acme Sales Assoc at Acme - Broad St has successfully won Above and Beyond  at 6/13/2014 6:12:44 PM','2014-06-13 18:12:44',0,0,NULL,1),(294,53,1,'Award achieved','Bill Kennedy ( kennedyb ) in Technician at 718-Saskatoon has successfully won Team Leadership  at 6/13/2014 7:16:08 PM','2014-06-13 19:16:08',0,0,NULL,1),(295,53,54,'Award achieved','Bill Kennedy ( kennedyb ) in Technician at 718-Saskatoon has successfully won Team Leadership  at 6/13/2014 7:16:08 PM','2014-06-13 19:16:08',0,0,NULL,1),(296,40,1,'Award achieved','Sandra Harvey ( 55555 ) in Acme Sales Assoc at Acme - Broad St has successfully won Above and Beyond  at 6/16/2014 3:04:16 PM','2014-06-16 15:04:16',0,0,NULL,1),(297,40,44,'Award achieved','Sandra Harvey ( 55555 ) in Acme Sales Assoc at Acme - Broad St has successfully won Above and Beyond  at 6/16/2014 3:04:16 PM','2014-06-16 15:04:16',0,0,NULL,1),(298,41,1,'Award achieved','Santiago Cruz ( 66666 ) in Acme Sales Assoc at Acme - Broad St has successfully won Exemplary Customer Service  at 6/16/2014 4:56:17 PM','2014-06-16 16:56:17',0,0,NULL,1),(299,41,44,'Award achieved','Santiago Cruz ( 66666 ) in Acme Sales Assoc at Acme - Broad St has successfully won Exemplary Customer Service  at 6/16/2014 4:56:17 PM','2014-06-16 16:56:17',0,0,NULL,1),(300,41,1,'Award achieved','Santiago Cruz ( 66666 ) in Acme Sales Assoc at Acme - Broad St has successfully won Sales Contest Gold  at 6/16/2014 4:56:21 PM','2014-06-16 16:56:21',0,0,NULL,1),(301,41,44,'Award achieved','Santiago Cruz ( 66666 ) in Acme Sales Assoc at Acme - Broad St has successfully won Sales Contest Gold  at 6/16/2014 4:56:21 PM','2014-06-16 16:56:21',0,0,NULL,1),(302,44,41,'Good effort..','I see you\'re doing well in the games. And I appreciate the effort but let\'s try to get these contest challenges done.','2014-06-16 21:58:17',1,0,NULL,1),(303,41,1,'Award achieved','Santiago Cruz ( 66666 ) in Acme Sales Assoc at Acme - Broad St has successfully won Above and Beyond  at 6/17/2014 2:46:49 PM','2014-06-17 14:46:49',0,0,NULL,1),(304,41,44,'Award achieved','Santiago Cruz ( 66666 ) in Acme Sales Assoc at Acme - Broad St has successfully won Above and Beyond  at 6/17/2014 2:46:49 PM','2014-06-17 14:46:49',0,0,NULL,1),(305,41,1,'Award achieved','Santiago Cruz ( 66666 ) in Acme Sales Assoc at Acme - Broad St has successfully won Exemplary Customer Service  at 6/17/2014 2:46:51 PM','2014-06-17 14:46:51',0,0,NULL,1),(306,41,44,'Award achieved','Santiago Cruz ( 66666 ) in Acme Sales Assoc at Acme - Broad St has successfully won Exemplary Customer Service  at 6/17/2014 2:46:51 PM','2014-06-17 14:46:51',0,0,NULL,1),(307,68,1,'Level achieved','ashely fletcher ( 2345 ) in Suit Sales Specialist at Acme - Broad St has successfully achieved Level 0 at 6/18/2014 3:50:49 PM','2014-06-18 15:50:49',0,0,NULL,1),(308,68,44,'Level achieved','ashely fletcher ( 2345 ) in Suit Sales Specialist at Acme - Broad St has successfully achieved Level 0 at 6/18/2014 3:50:49 PM','2014-06-18 15:50:49',0,0,NULL,1),(309,44,1,'Reset Password','22222 has reset their password at 6/18/2014 5:44:50 PM','2014-06-18 17:44:50',0,0,NULL,1),(310,44,1,'Reset Password','22222 has reset their password at 6/18/2014 5:44:51 PM','2014-06-18 17:44:51',0,0,NULL,1),(311,44,1,'Reset Password','22222 has reset their password at 6/18/2014 5:44:52 PM','2014-06-18 17:44:52',0,0,NULL,1),(312,44,1,'Reset Password','22222 has reset their password at 6/18/2014 5:44:52 PM','2014-06-18 17:44:52',0,0,NULL,1),(313,44,1,'Reset Password','22222 has reset their password at 6/18/2014 5:44:52 PM','2014-06-18 17:44:52',0,0,NULL,1),(314,44,1,'Reset Password','22222 has reset their password at 6/18/2014 5:44:53 PM','2014-06-18 17:44:53',0,0,NULL,1),(315,44,1,'Reset Password','22222 has reset their password at 6/18/2014 5:44:55 PM','2014-06-18 17:44:55',0,0,NULL,1),(316,44,1,'Reset Password','22222 has reset their password at 6/18/2014 5:44:57 PM','2014-06-18 17:44:57',0,0,NULL,1),(317,44,1,'Reset Password','22222 has reset their password at 6/18/2014 5:44:58 PM','2014-06-18 17:44:58',0,0,NULL,1),(318,37,44,'Re: congratulations','','2014-06-18 18:18:06',0,1,276,1),(320,37,44,'Points redeemed for reward','Angela Chang ( 99999 ) in Acme Sales Assoc at Acme - Broad St has redeemed Logo T-shirt for points 25 at 6/18/2014 7:14:10 PM','2014-06-18 19:14:10',0,0,NULL,1),(321,37,1,'Points redeemed for reward','Angela Chang ( 99999 ) in Acme Sales Assoc at Acme - Broad St has redeemed Logo T-shirt for points 25 at 6/18/2014 7:14:21 PM','2014-06-18 19:14:21',0,0,NULL,1),(322,37,44,'Points redeemed for reward','Angela Chang ( 99999 ) in Acme Sales Assoc at Acme - Broad St has redeemed Logo T-shirt for points 25 at 6/18/2014 7:14:21 PM','2014-06-18 19:14:21',0,0,NULL,1),(323,37,1,'Points redeemed for reward','Angela Chang ( 99999 ) in Acme Sales Assoc at Acme - Broad St has redeemed Logo T-shirt for points 25 at 6/18/2014 7:52:18 PM','2014-06-18 19:52:18',0,0,NULL,1),(324,37,44,'Points redeemed for reward','Angela Chang ( 99999 ) in Acme Sales Assoc at Acme - Broad St has redeemed Logo T-shirt for points 25 at 6/18/2014 7:52:18 PM','2014-06-18 19:52:18',0,0,NULL,1),(325,60,61,'Re: Award achieved','','2014-06-18 22:54:38',0,1,272,1),(326,66,1,'Award achieved','Holly Benson ( Holly ) in Acme Sales Assoc at Acme - Broad St has successfully won Exemplary Customer Service  at 6/23/2014 1:37:06 PM','2014-06-23 13:37:06',0,0,NULL,1),(327,66,64,'Award achieved','Holly Benson ( Holly ) in Acme Sales Assoc at Acme - Broad St has successfully won Exemplary Customer Service  at 6/23/2014 1:37:06 PM','2014-06-23 13:37:06',0,0,NULL,1),(328,68,1,'Award achieved','Ashely Fletcher ( 2345 ) in Suit Sales Specialist at Acme - Broad St has successfully won Sales Contest Silver  at 6/25/2014 5:14:22 PM','2014-06-25 17:14:22',0,0,NULL,1),(329,68,44,'Award achieved','Ashely Fletcher ( 2345 ) in Suit Sales Specialist at Acme - Broad St has successfully won Sales Contest Silver  at 6/25/2014 5:14:22 PM','2014-06-25 17:14:22',0,0,NULL,1),(330,68,1,'Award achieved','Ashely Fletcher ( 2345 ) in Suit Sales Specialist at Acme - Broad St has successfully won Exemplary Customer Service  at 6/25/2014 5:14:24 PM','2014-06-25 17:14:24',0,0,NULL,1),(331,68,44,'Award achieved','Ashely Fletcher ( 2345 ) in Suit Sales Specialist at Acme - Broad St has successfully won Exemplary Customer Service  at 6/25/2014 5:14:24 PM','2014-06-25 17:14:24',0,0,NULL,1),(332,68,1,'Award achieved','Ashely Fletcher ( 2345 ) in Suit Sales Specialist at Acme - Broad St has successfully won Above and Beyond  at 6/25/2014 5:14:26 PM','2014-06-25 17:14:26',0,0,NULL,1),(333,68,44,'Award achieved','Ashely Fletcher ( 2345 ) in Suit Sales Specialist at Acme - Broad St has successfully won Above and Beyond  at 6/25/2014 5:14:26 PM','2014-06-25 17:14:26',0,0,NULL,1),(334,68,1,'Level achieved','Ashely Fletcher ( 2345 ) in Suit Sales Specialist at Acme - Broad St has successfully achieved Level 1 at 6/25/2014 5:14:35 PM','2014-06-25 17:14:35',0,0,NULL,1),(335,68,44,'Level achieved','Ashely Fletcher ( 2345 ) in Suit Sales Specialist at Acme - Broad St has successfully achieved Level 1 at 6/25/2014 5:14:35 PM','2014-06-25 17:14:36',0,0,NULL,1),(336,37,1,'Award achieved','Angela Chang ( 99999 ) in Acme Sales Assoc at Acme - Broad St has successfully won Sales Contest Silver  at 6/30/2014 4:36:48 PM','2014-06-30 16:36:49',0,0,NULL,1),(337,37,44,'Award achieved','Angela Chang ( 99999 ) in Acme Sales Assoc at Acme - Broad St has successfully won Sales Contest Silver  at 6/30/2014 4:36:49 PM','2014-06-30 16:36:49',0,0,NULL,1),(338,66,1,'Points redeemed for reward','Holly Benson ( holly ) in Acme Sales Assoc at Acme - Broad St has redeemed Logo T-shirt for points 25 at 6/30/2014 9:48:15 PM','2014-06-30 21:48:15',0,0,NULL,1),(339,66,64,'Points redeemed for reward','Holly Benson ( holly ) in Acme Sales Assoc at Acme - Broad St has redeemed Logo T-shirt for points 25 at 6/30/2014 9:48:15 PM','2014-06-30 21:48:15',0,0,NULL,1),(340,44,39,'message to Jordan','Good job today','2014-07-08 15:29:36',0,0,NULL,1),(341,45,1,'Award achieved','Abdul Haseeb ( haseeb ) in Acme Sales Assoc at Acme - Broad St has successfully won Sales Contest Silver  at 7/9/2014 10:18:16 AM','2014-07-09 10:18:16',0,0,NULL,1),(342,45,44,'Award achieved','Abdul Haseeb ( haseeb ) in Acme Sales Assoc at Acme - Broad St has successfully won Sales Contest Silver  at 7/9/2014 10:18:16 AM','2014-07-09 10:18:16',0,0,NULL,1),(343,45,1,'Award achieved','Abdul Haseeb ( haseeb ) in Acme Sales Assoc at Acme - Broad St has successfully won Above and Beyond  at 7/9/2014 10:18:24 AM','2014-07-09 10:18:24',0,0,NULL,1),(344,45,44,'Award achieved','Abdul Haseeb ( haseeb ) in Acme Sales Assoc at Acme - Broad St has successfully won Above and Beyond  at 7/9/2014 10:18:24 AM','2014-07-09 10:18:24',0,0,NULL,1),(345,68,1,'Award achieved','Ashely Fletcher ( 2345 ) in Suit Sales Specialist at Acme - Broad St has successfully won Welcome Aboard  at 7/14/2014 4:31:43 PM','2014-07-14 16:31:43',0,0,NULL,1),(346,68,44,'Award achieved','Ashely Fletcher ( 2345 ) in Suit Sales Specialist at Acme - Broad St has successfully won Welcome Aboard  at 7/14/2014 4:31:43 PM','2014-07-14 16:31:43',0,0,NULL,1),(347,68,1,'Award achieved','Ashely Fletcher ( 2345 ) in Suit Sales Specialist at Acme - Broad St has successfully won Welcome Aboard  at 7/14/2014 4:31:43 PM','2014-07-14 16:31:43',0,0,NULL,1),(348,68,44,'Award achieved','Ashely Fletcher ( 2345 ) in Suit Sales Specialist at Acme - Broad St has successfully won Welcome Aboard  at 7/14/2014 4:31:43 PM','2014-07-14 16:31:43',0,0,NULL,1),(349,68,1,'Award achieved','Ashely Fletcher ( 2345 ) in Suit Sales Specialist at Acme - Broad St has successfully won Welcome Aboard  at 7/14/2014 4:31:43 PM','2014-07-14 16:31:43',0,0,NULL,1),(350,68,44,'Award achieved','Ashely Fletcher ( 2345 ) in Suit Sales Specialist at Acme - Broad St has successfully won Welcome Aboard  at 7/14/2014 4:31:43 PM','2014-07-14 16:31:43',0,0,NULL,1),(351,68,1,'Award achieved','Ashely Fletcher ( 2345 ) in Suit Sales Specialist at Acme - Broad St has successfully won Welcome Aboard  at 7/14/2014 4:31:43 PM','2014-07-14 16:31:43',0,0,NULL,1),(352,68,44,'Award achieved','Ashely Fletcher ( 2345 ) in Suit Sales Specialist at Acme - Broad St has successfully won Welcome Aboard  at 7/14/2014 4:31:43 PM','2014-07-14 16:31:43',0,0,NULL,1),(353,39,1,'Award achieved','Jordan Brown ( 44444 ) in Acme Sales Assoc at Acme - Broad St has successfully won Employee of the Month  at 7/15/2014 9:13:06 PM','2014-07-15 21:13:06',0,0,NULL,1),(354,39,44,'Award achieved','Jordan Brown ( 44444 ) in Acme Sales Assoc at Acme - Broad St has successfully won Employee of the Month  at 7/15/2014 9:13:06 PM','2014-07-15 21:13:06',1,0,NULL,1),(355,44,41,'sales help','lets chat about how to sell better','2014-07-18 14:21:38',1,0,NULL,1),(356,37,1,'Award achieved','Angela Chang ( 99999 ) in Acme Sales Assoc at Acme - Broad St has successfully won Above and Beyond  at 7/24/2014 4:38:20 PM','2014-07-24 16:38:20',0,0,NULL,1),(357,37,44,'Award achieved','Angela Chang ( 99999 ) in Acme Sales Assoc at Acme - Broad St has successfully won Above and Beyond  at 7/24/2014 4:38:20 PM','2014-07-24 16:38:20',0,0,NULL,1),(358,37,1,'Award achieved','Angela Chang ( 99999 ) in Acme Sales Assoc at Acme - Broad St has successfully won Above and Beyond  at 7/24/2014 4:38:49 PM','2014-07-24 16:38:49',0,0,NULL,1),(359,37,44,'Award achieved','Angela Chang ( 99999 ) in Acme Sales Assoc at Acme - Broad St has successfully won Above and Beyond  at 7/24/2014 4:38:49 PM','2014-07-24 16:38:49',0,0,NULL,1),(360,37,1,'Award achieved','Angela Chang ( 99999 ) in Acme Sales Assoc at Acme - Broad St has successfully won Above and Beyond  at 7/24/2014 4:38:57 PM','2014-07-24 16:38:57',0,0,NULL,1),(361,37,44,'Award achieved','Angela Chang ( 99999 ) in Acme Sales Assoc at Acme - Broad St has successfully won Above and Beyond  at 7/24/2014 4:38:58 PM','2014-07-24 16:38:58',0,0,NULL,1),(362,37,1,'Award achieved','Angela Chang ( 99999 ) in Acme Sales Assoc at Acme - Broad St has successfully won Above and Beyond  at 7/24/2014 4:39:04 PM','2014-07-24 16:39:04',0,0,NULL,1),(363,37,44,'Award achieved','Angela Chang ( 99999 ) in Acme Sales Assoc at Acme - Broad St has successfully won Above and Beyond  at 7/24/2014 4:39:04 PM','2014-07-24 16:39:04',0,0,NULL,1),(364,37,1,'Award achieved','Angela Chang ( 99999 ) in Acme Sales Assoc at Acme - Broad St has successfully won Above and Beyond  at 7/24/2014 4:39:10 PM','2014-07-24 16:39:10',0,0,NULL,1),(365,37,44,'Award achieved','Angela Chang ( 99999 ) in Acme Sales Assoc at Acme - Broad St has successfully won Above and Beyond  at 7/24/2014 4:39:10 PM','2014-07-24 16:39:10',0,0,NULL,1),(366,37,1,'Award achieved','Angela Chang ( 99999 ) in Acme Sales Assoc at Acme - Broad St has successfully won Above and Beyond  at 7/24/2014 4:39:16 PM','2014-07-24 16:39:16',0,0,NULL,1),(367,37,44,'Award achieved','Angela Chang ( 99999 ) in Acme Sales Assoc at Acme - Broad St has successfully won Above and Beyond  at 7/24/2014 4:39:16 PM','2014-07-24 16:39:16',0,0,NULL,1),(368,37,1,'Award achieved','Angela Chang ( 99999 ) in Acme Sales Assoc at Acme - Broad St has successfully won Above and Beyond  at 7/24/2014 4:39:36 PM','2014-07-24 16:39:36',0,0,NULL,1),(369,37,44,'Award achieved','Angela Chang ( 99999 ) in Acme Sales Assoc at Acme - Broad St has successfully won Above and Beyond  at 7/24/2014 4:39:36 PM','2014-07-24 16:39:36',0,0,NULL,1),(370,40,1,'Award achieved','Sandra Harvey ( 55555 ) in Acme Sales Assoc at Acme - Broad St has successfully won Above and Beyond  at 7/24/2014 4:40:28 PM','2014-07-24 16:40:28',0,0,NULL,1),(371,40,44,'Award achieved','Sandra Harvey ( 55555 ) in Acme Sales Assoc at Acme - Broad St has successfully won Above and Beyond  at 7/24/2014 4:40:28 PM','2014-07-24 16:40:28',0,0,NULL,1),(372,40,1,'Award achieved','Sandra Harvey ( 55555 ) in Acme Sales Assoc at Acme - Broad St has successfully won Above and Beyond  at 7/24/2014 4:40:32 PM','2014-07-24 16:40:32',0,0,NULL,1),(373,40,44,'Award achieved','Sandra Harvey ( 55555 ) in Acme Sales Assoc at Acme - Broad St has successfully won Above and Beyond  at 7/24/2014 4:40:32 PM','2014-07-24 16:40:32',0,0,NULL,1),(374,45,1,'Award achieved','Abdul Haseeb ( haseeb ) in Acme Sales Assoc at Acme - Broad St has successfully won Sales Contest Silver  at 7/25/2014 9:52:29 AM','2014-07-25 09:52:29',0,0,NULL,1),(375,45,44,'Award achieved','Abdul Haseeb ( haseeb ) in Acme Sales Assoc at Acme - Broad St has successfully won Sales Contest Silver  at 7/25/2014 9:52:29 AM','2014-07-25 09:52:29',0,0,NULL,1),(376,69,1,'Award achieved','Aun Haider ( aun ) in Acme Sales Assoc at Acme - Broad St has successfully won Employee of the Month  at 7/25/2014 10:08:41 AM','2014-07-25 10:08:41',0,0,NULL,1),(377,69,44,'Award achieved','Aun Haider ( aun ) in Acme Sales Assoc at Acme - Broad St has successfully won Employee of the Month  at 7/25/2014 10:08:41 AM','2014-07-25 10:08:41',0,0,NULL,1),(378,69,1,'Award achieved','Aun Haider ( aun ) in Acme Sales Assoc at Acme - Broad St has successfully won Exemplary Customer Service  at 7/25/2014 10:37:26 AM','2014-07-25 10:37:26',0,0,NULL,1),(379,69,44,'Award achieved','Aun Haider ( aun ) in Acme Sales Assoc at Acme - Broad St has successfully won Exemplary Customer Service  at 7/25/2014 10:37:26 AM','2014-07-25 10:37:26',0,0,NULL,1),(380,69,1,'Level achieved','Aun Haider ( aun ) in Acme Sales Assoc at Acme - Broad St has successfully achieved Level 0 at 7/25/2014 3:45:20 PM','2014-07-25 10:45:37',0,0,NULL,1),(381,69,44,'Level achieved','Aun Haider ( aun ) in Acme Sales Assoc at Acme - Broad St has successfully achieved Level 0 at 7/25/2014 3:45:27 PM','2014-07-25 10:45:44',1,0,NULL,1),(382,69,1,'Level achieved','Aun Haider ( aun ) in Acme Sales Assoc at Acme - Broad St has successfully achieved Level 0 at 7/25/2014 5:59:55 PM','2014-07-25 13:00:11',0,0,NULL,1),(383,69,44,'Level achieved','Aun Haider ( aun ) in Acme Sales Assoc at Acme - Broad St has successfully achieved Level 0 at 7/25/2014 5:59:56 PM','2014-07-25 13:00:12',0,0,NULL,1),(384,41,1,'Award achieved','Santiago Cruz ( 66666 ) in Acme Sales Assoc at Acme - Broad St has successfully won Sales Contest Bronze  at 7/26/2014 8:45:03 PM','2014-07-26 20:45:03',0,0,NULL,1),(385,41,44,'Award achieved','Santiago Cruz ( 66666 ) in Acme Sales Assoc at Acme - Broad St has successfully won Sales Contest Bronze  at 7/26/2014 8:45:03 PM','2014-07-26 20:45:03',0,0,NULL,1),(386,69,1,'Level achieved','Aun Haider ( aun ) in Acme Sales Assoc at Acme - Broad St has successfully achieved Level 0 at 7/28/2014 11:07:50 AM','2014-07-28 06:08:07',1,0,NULL,1),(387,69,44,'Level achieved','Aun Haider ( aun ) in Acme Sales Assoc at Acme - Broad St has successfully achieved Level 0 at 7/28/2014 11:07:52 AM','2014-07-28 06:08:08',0,0,NULL,1),(388,69,1,'Award achieved','Aun Haider ( aun ) in Acme Sales Assoc at Acme - Broad St has successfully won Exemplary Customer Service  at 7/28/2014 11:11:41 AM','2014-07-28 06:11:57',0,0,NULL,1),(389,69,44,'Award achieved','Aun Haider ( aun ) in Acme Sales Assoc at Acme - Broad St has successfully won Exemplary Customer Service  at 7/28/2014 11:11:41 AM','2014-07-28 06:11:58',0,0,NULL,1),(390,69,1,'Level achieved','Aun Haider ( aun ) in Acme Sales Assoc at Acme - Broad St has successfully achieved Level 0 at 7/28/2014 11:13:41 AM','2014-07-28 06:13:57',0,0,NULL,1),(391,69,44,'Level achieved','Aun Haider ( aun ) in Acme Sales Assoc at Acme - Broad St has successfully achieved Level 0 at 7/28/2014 11:13:42 AM','2014-07-28 06:13:58',0,0,NULL,1),(392,37,1,'Award achieved','Angela Chang ( 99999 ) in Acme Sales Assoc at Acme - Broad St has successfully won Above and Beyond  at 7/29/2014 8:37:20 PM','2014-07-29 20:37:20',1,0,NULL,1),(393,37,44,'Award achieved','Angela Chang ( 99999 ) in Acme Sales Assoc at Acme - Broad St has successfully won Above and Beyond  at 7/29/2014 8:37:20 PM','2014-07-29 20:37:20',0,0,NULL,1),(394,69,1,'Level achieved','Aun Haider ( aun ) in Acme Sales Assoc at Acme - Broad St has successfully achieved Level 0 at 8/7/2014 12:46:22 PM','2014-08-07 12:46:22',1,0,NULL,1),(395,69,44,'Level achieved','Aun Haider ( aun ) in Acme Sales Assoc at Acme - Broad St has successfully achieved Level 0 at 8/7/2014 12:46:22 PM','2014-08-07 12:46:23',0,0,NULL,1),(396,69,1,'Level achieved','Aun Haider ( aun ) in Acme Sales Assoc at Acme - Broad St has successfully achieved Level 0 at 8/7/2014 12:46:40 PM','2014-08-07 12:46:40',1,0,NULL,1),(397,69,44,'Level achieved','Aun Haider ( aun ) in Acme Sales Assoc at Acme - Broad St has successfully achieved Level 0 at 8/7/2014 12:46:40 PM','2014-08-07 12:46:40',0,0,NULL,1),(398,1,69,'Re: Level achieved','asda','2014-08-07 13:40:03',1,1,396,1),(399,1,37,'Re: Award achieved','asda','2014-08-07 13:41:03',1,1,392,1),(400,69,1,'Points redeemed for reward','Aun Haider ( aun ) in Acme Sales Assoc at Acme - Broad St has redeemed Logo T-shirt for points 25 at 8/7/2014 2:25:05 PM','2014-08-07 14:25:05',0,0,NULL,1),(401,69,44,'Points redeemed for reward','Aun Haider ( aun ) in Acme Sales Assoc at Acme - Broad St has redeemed Logo T-shirt for points 25 at 8/7/2014 2:25:05 PM','2014-08-07 14:25:05',0,0,NULL,1),(402,69,1,'Points redeemed for reward','Aun Haider ( aun ) in Acme Sales Assoc at Acme - Broad St has redeemed Logo T-shirt for points 25 at 8/7/2014 2:25:09 PM','2014-08-07 14:25:09',0,0,NULL,1),(403,69,44,'Points redeemed for reward','Aun Haider ( aun ) in Acme Sales Assoc at Acme - Broad St has redeemed Logo T-shirt for points 25 at 8/7/2014 2:25:09 PM','2014-08-07 14:25:09',0,0,NULL,1),(404,69,1,'Points redeemed for reward','Aun Haider ( aun ) in Acme Sales Assoc at Acme - Broad St has redeemed Logo T-shirt for points 25 at 8/7/2014 2:25:14 PM','2014-08-07 14:25:14',0,0,NULL,1),(405,69,44,'Points redeemed for reward','Aun Haider ( aun ) in Acme Sales Assoc at Acme - Broad St has redeemed Logo T-shirt for points 25 at 8/7/2014 2:25:14 PM','2014-08-07 14:25:14',0,0,NULL,1),(406,69,1,'Level achieved','Aun Haider ( aun ) in Acme Sales Assoc at Acme - Broad St has successfully achieved Level 0 at 8/8/2014 5:07:46 PM','2014-08-08 12:06:53',0,0,NULL,1),(407,69,44,'Level achieved','Aun Haider ( aun ) in Acme Sales Assoc at Acme - Broad St has successfully achieved Level 0 at 8/8/2014 5:07:47 PM','2014-08-08 12:06:54',0,0,NULL,1),(408,69,1,'Level achieved','Aun Haider ( aun ) in Acme Sales Assoc at Acme - Broad St has successfully achieved Level 0 at 8/8/2014 5:35:35 PM','2014-08-08 12:34:43',0,0,NULL,1),(409,69,44,'Level achieved','Aun Haider ( aun ) in Acme Sales Assoc at Acme - Broad St has successfully achieved Level 0 at 8/8/2014 5:35:37 PM','2014-08-08 12:34:44',0,0,NULL,1),(410,38,1,'Reset Password','33333 has reset their password at 8/11/2014 11:04:51 AM','2014-08-11 11:04:51',0,0,NULL,1),(411,38,1,'Reset Password','33333 has reset their password at 8/11/2014 11:04:55 AM','2014-08-11 11:04:55',0,0,NULL,1),(412,38,1,'Reset Password','33333 has reset their password at 8/11/2014 11:05:00 AM','2014-08-11 11:05:00',0,0,NULL,1),(413,38,1,'Reset Password','33333 has reset their password at 8/11/2014 11:05:16 AM','2014-08-11 11:05:16',0,0,NULL,1),(414,44,1,'Reset Password','22222 has reset their password at 8/11/2014 11:11:28 AM','2014-08-11 11:11:28',0,0,NULL,1),(415,44,1,'Reset Password','22222 has reset their password at 8/11/2014 11:38:50 AM','2014-08-11 11:38:50',0,0,NULL,1),(416,44,1,'Reset Password','22222 has reset their password at 8/11/2014 11:38:55 AM','2014-08-11 11:38:55',0,0,NULL,1),(417,44,1,'Reset Password','22222 has reset their password at 8/11/2014 11:38:57 AM','2014-08-11 11:38:57',0,0,NULL,1),(418,38,1,'Reset Password','33333 has reset their password at 8/11/2014 11:39:05 AM','2014-08-11 11:39:05',0,0,NULL,1),(419,38,1,'Reset Password','33333 has reset their password at 8/11/2014 11:39:09 AM','2014-08-11 11:39:09',0,0,NULL,1),(420,39,1,'Reset Password','44444 has reset their password at 8/11/2014 11:39:18 AM','2014-08-11 11:39:18',0,0,NULL,1),(421,39,1,'Reset Password','44444 has reset their password at 8/11/2014 11:39:23 AM','2014-08-11 11:39:23',0,0,NULL,1),(422,44,1,'Reset Password','22222 has reset their password at 8/11/2014 11:39:40 AM','2014-08-11 11:39:40',0,0,NULL,1),(423,44,1,'Reset Password','22222 has reset their password at 8/11/2014 11:44:59 AM','2014-08-11 11:44:59',0,0,NULL,1),(424,1,71,'EA-Test mail','Hi,\r\nIts Test Email from EA.\r\nRegards,\r\nTester','2014-08-12 12:27:51',0,0,NULL,1),(425,37,1,'Re: Re: Award achieved','Okay','2014-08-12 19:57:27',0,1,399,1),(426,37,1,'Award achieved','Angela Chang ( 99999 ) in Acme Sales Assoc at Acme - Broad St has successfully won Exemplary Customer Service  at 8/21/2014 1:53:40 AM','2014-08-21 01:53:40',0,0,NULL,1),(427,37,44,'Award achieved','Angela Chang ( 99999 ) in Acme Sales Assoc at Acme - Broad St has successfully won Exemplary Customer Service  at 8/21/2014 1:53:40 AM','2014-08-21 01:53:40',0,0,NULL,1),(428,69,1,'Points redeemed for reward','Aun Haider ( aun ) in Acme Sales Assoc at Acme - Broad St has redeemed Logo T-shirt for points 25 at 8/21/2014 10:50:25 AM','2014-08-21 10:50:25',0,0,NULL,1),(429,69,44,'Points redeemed for reward','Aun Haider ( aun ) in Acme Sales Assoc at Acme - Broad St has redeemed Logo T-shirt for points 25 at 8/21/2014 10:50:25 AM','2014-08-21 10:50:25',0,0,NULL,1),(430,69,1,'Points redeemed for reward','Aun Haider ( aun ) in Acme Sales Assoc at Acme - Broad St has redeemed Logo T-shirt for points 25 at 8/21/2014 10:50:39 AM','2014-08-21 10:50:39',0,0,NULL,1),(431,69,44,'Points redeemed for reward','Aun Haider ( aun ) in Acme Sales Assoc at Acme - Broad St has redeemed Logo T-shirt for points 25 at 8/21/2014 10:50:39 AM','2014-08-21 10:50:39',0,0,NULL,1),(432,69,1,'Points redeemed for reward','Aun Haider ( aun ) in Acme Sales Assoc at Acme - Broad St has redeemed Logo T-shirt for points 25 at 8/21/2014 4:56:47 PM','2014-08-21 11:56:56',0,0,NULL,1),(433,69,44,'Points redeemed for reward','Aun Haider ( aun ) in Acme Sales Assoc at Acme - Broad St has redeemed Logo T-shirt for points 25 at 8/21/2014 4:56:48 PM','2014-08-21 11:56:57',0,0,NULL,1),(434,69,1,'Points redeemed for reward','Aun Haider ( aun ) in Acme Sales Assoc at Acme - Broad St has redeemed Logo T-shirt for points 25 at 8/21/2014 5:19:22 PM','2014-08-21 12:19:32',0,0,NULL,1),(435,69,44,'Points redeemed for reward','Aun Haider ( aun ) in Acme Sales Assoc at Acme - Broad St has redeemed Logo T-shirt for points 25 at 8/21/2014 5:19:24 PM','2014-08-21 12:19:33',0,0,NULL,1),(436,66,1,'Level achieved','Holly Benson ( Holly ) in Acme Sales Assoc at Acme - Broad St has successfully achieved Level 0 at 8/21/2014 6:42:19 PM','2014-08-21 18:42:19',0,0,NULL,1),(437,66,64,'Level achieved','Holly Benson ( Holly ) in Acme Sales Assoc at Acme - Broad St has successfully achieved Level 0 at 8/21/2014 6:42:19 PM','2014-08-21 18:42:19',0,0,NULL,1),(438,65,1,'Level achieved','Michael Hendrix ( michael ) in Acme Sales Assoc at Acme - Broad St has successfully achieved Level 0 at 8/21/2014 6:43:16 PM','2014-08-21 18:43:16',0,0,NULL,1),(439,65,64,'Level achieved','Michael Hendrix ( michael ) in Acme Sales Assoc at Acme - Broad St has successfully achieved Level 0 at 8/21/2014 6:43:16 PM','2014-08-21 18:43:16',0,0,NULL,1),(440,69,1,'Award achieved','Aun Haider ( aun ) in Acme Sales Assoc at Acme - Broad St has successfully won Team Leadership  at 8/22/2014 7:14:09 AM','2014-08-22 07:14:09',0,0,NULL,1),(441,69,44,'Award achieved','Aun Haider ( aun ) in Acme Sales Assoc at Acme - Broad St has successfully won Team Leadership  at 8/22/2014 7:14:09 AM','2014-08-22 07:14:09',0,0,NULL,1),(442,69,1,'Award achieved','Aun Haider ( aun ) in Acme Sales Assoc at Acme - Broad St has successfully won EA Award-Testing  at 8/22/2014 11:50:36 AM','2014-08-22 11:50:36',0,0,NULL,1),(443,69,44,'Award achieved','Aun Haider ( aun ) in Acme Sales Assoc at Acme - Broad St has successfully won EA Award-Testing  at 8/22/2014 11:50:36 AM','2014-08-22 11:50:36',0,0,NULL,1),(444,69,1,'Award achieved','Aun Haider ( aun ) in Acme Sales Assoc at Acme - Broad St has successfully won Employee of the Month  at 8/22/2014 12:15:01 PM','2014-08-22 12:15:01',0,0,NULL,1),(445,69,44,'Award achieved','Aun Haider ( aun ) in Acme Sales Assoc at Acme - Broad St has successfully won Employee of the Month  at 8/22/2014 12:15:01 PM','2014-08-22 12:15:01',0,0,NULL,1),(446,69,1,'Award achieved','Aun Haider ( aun ) in Acme Sales Assoc at Acme - Broad St has successfully won Welcome Aboard  at 8/22/2014 12:17:19 PM','2014-08-22 12:17:19',0,0,NULL,1),(447,69,44,'Award achieved','Aun Haider ( aun ) in Acme Sales Assoc at Acme - Broad St has successfully won Welcome Aboard  at 8/22/2014 12:17:19 PM','2014-08-22 12:17:19',0,0,NULL,1),(448,69,1,'Level achieved','Aun Haider ( aun ) in Acme Sales Assoc at Acme - Broad St has successfully achieved Level 1 at 8/22/2014 12:25:29 PM','2014-08-22 12:25:29',0,0,NULL,1),(449,69,44,'Level achieved','Aun Haider ( aun ) in Acme Sales Assoc at Acme - Broad St has successfully achieved Level 1 at 8/22/2014 12:25:29 PM','2014-08-22 12:25:29',0,0,NULL,1),(450,69,1,'Level achieved','Aun Haider ( aun ) in Acme Sales Assoc at Acme - Broad St has successfully achieved Level 1 at 8/22/2014 12:30:02 PM','2014-08-22 12:30:02',0,0,NULL,1),(451,69,44,'Level achieved','Aun Haider ( aun ) in Acme Sales Assoc at Acme - Broad St has successfully achieved Level 1 at 8/22/2014 12:30:02 PM','2014-08-22 12:30:02',0,0,NULL,1),(452,66,1,'Level achieved','Holly Benson ( holly ) in Acme Sales Assoc at Acme - Broad St has successfully achieved Level 1 at 8/22/2014 6:43:45 PM','2014-08-22 18:43:45',0,0,NULL,1),(453,66,64,'Level achieved','Holly Benson ( holly ) in Acme Sales Assoc at Acme - Broad St has successfully achieved Level 1 at 8/22/2014 6:43:45 PM','2014-08-22 18:43:45',0,0,NULL,1),(454,69,1,'Award achieved','Aun Haider ( aun ) in Acme Sales Assoc at Acme - Broad St has successfully won Above and Beyond  at 8/25/2014 5:50:25 PM','2014-08-25 12:50:20',0,0,NULL,1),(455,69,44,'Award achieved','Aun Haider ( aun ) in Acme Sales Assoc at Acme - Broad St has successfully won Above and Beyond  at 8/25/2014 5:50:27 PM','2014-08-25 12:50:20',0,0,NULL,1),(456,37,1,'Award achieved','Angela Chang ( 99999 ) in Acme Sales Assoc at Acme - Broad St has successfully won Exemplary Customer Service  at 8/25/2014 3:42:23 PM','2014-08-25 15:42:23',0,0,NULL,1),(457,37,44,'Award achieved','Angela Chang ( 99999 ) in Acme Sales Assoc at Acme - Broad St has successfully won Exemplary Customer Service  at 8/25/2014 3:42:23 PM','2014-08-25 15:42:23',0,0,NULL,1),(458,37,1,'Award achieved','Angela Chang ( 99999 ) in Acme Sales Assoc at Acme - Broad St has successfully won Above and Beyond  at 8/25/2014 4:22:01 PM','2014-08-25 16:22:01',0,0,NULL,1),(459,37,44,'Award achieved','Angela Chang ( 99999 ) in Acme Sales Assoc at Acme - Broad St has successfully won Above and Beyond  at 8/25/2014 4:22:01 PM','2014-08-25 16:22:01',0,0,NULL,1),(460,37,1,'Level achieved','Angela Chang ( 99999 ) in Acme Sales Assoc at Acme - Broad St has successfully achieved Level 1 at 8/25/2014 6:30:47 PM','2014-08-25 18:30:39',0,0,NULL,1),(461,37,44,'Level achieved','Angela Chang ( 99999 ) in Acme Sales Assoc at Acme - Broad St has successfully achieved Level 1 at 8/25/2014 6:30:47 PM','2014-08-25 18:30:40',0,0,NULL,1),(462,37,1,'Level achieved','Angela Chang ( 99999 ) in Acme Sales Assoc at Acme - Broad St has successfully achieved Level 1 at 8/25/2014 6:30:52 PM','2014-08-25 18:30:45',0,0,NULL,1),(463,37,44,'Level achieved','Angela Chang ( 99999 ) in Acme Sales Assoc at Acme - Broad St has successfully achieved Level 1 at 8/25/2014 6:30:52 PM','2014-08-25 18:30:45',0,0,NULL,1),(464,37,1,'Level achieved','Angela Chang ( 99999 ) in Acme Sales Assoc at Acme - Broad St has successfully achieved Level 1 at 8/25/2014 6:30:54 PM','2014-08-25 18:30:46',0,0,NULL,1),(465,37,44,'Level achieved','Angela Chang ( 99999 ) in Acme Sales Assoc at Acme - Broad St has successfully achieved Level 1 at 8/25/2014 6:30:54 PM','2014-08-25 18:30:46',0,0,NULL,1),(466,37,1,'Level achieved','Angela Chang ( 99999 ) in Acme Sales Assoc at Acme - Broad St has successfully achieved Level 1 at 8/25/2014 6:30:55 PM','2014-08-25 18:30:48',0,0,NULL,1),(467,37,44,'Level achieved','Angela Chang ( 99999 ) in Acme Sales Assoc at Acme - Broad St has successfully achieved Level 1 at 8/25/2014 6:30:55 PM','2014-08-25 18:30:48',0,0,NULL,1),(468,37,1,'Level achieved','Angela Chang ( 99999 ) in Acme Sales Assoc at Acme - Broad St has successfully achieved Level 1 at 8/25/2014 6:30:57 PM','2014-08-25 18:30:50',0,0,NULL,1),(469,37,44,'Level achieved','Angela Chang ( 99999 ) in Acme Sales Assoc at Acme - Broad St has successfully achieved Level 1 at 8/25/2014 6:30:57 PM','2014-08-25 18:30:50',0,0,NULL,1),(470,37,1,'Level achieved','Angela Chang ( 99999 ) in Acme Sales Assoc at Acme - Broad St has successfully achieved Level 1 at 8/25/2014 6:30:59 PM','2014-08-25 18:30:51',0,0,NULL,1),(471,37,44,'Level achieved','Angela Chang ( 99999 ) in Acme Sales Assoc at Acme - Broad St has successfully achieved Level 1 at 8/25/2014 6:30:59 PM','2014-08-25 18:30:51',0,0,NULL,1),(472,37,1,'Level achieved','Angela Chang ( 99999 ) in Acme Sales Assoc at Acme - Broad St has successfully achieved Level 1 at 8/25/2014 6:31:00 PM','2014-08-25 18:30:53',0,0,NULL,1),(473,37,44,'Level achieved','Angela Chang ( 99999 ) in Acme Sales Assoc at Acme - Broad St has successfully achieved Level 1 at 8/25/2014 6:31:01 PM','2014-08-25 18:30:53',0,0,NULL,1),(474,37,1,'Level achieved','Angela Chang ( 99999 ) in Acme Sales Assoc at Acme - Broad St has successfully achieved Level 1 at 8/25/2014 6:31:02 PM','2014-08-25 18:30:55',0,0,NULL,1),(475,37,44,'Level achieved','Angela Chang ( 99999 ) in Acme Sales Assoc at Acme - Broad St has successfully achieved Level 1 at 8/25/2014 6:31:02 PM','2014-08-25 18:30:55',0,0,NULL,1),(476,37,1,'Level achieved','Angela Chang ( 99999 ) in Acme Sales Assoc at Acme - Broad St has successfully achieved Level 1 at 8/25/2014 6:31:04 PM','2014-08-25 18:30:56',0,0,NULL,1),(477,37,44,'Level achieved','Angela Chang ( 99999 ) in Acme Sales Assoc at Acme - Broad St has successfully achieved Level 1 at 8/25/2014 6:31:04 PM','2014-08-25 18:30:56',0,0,NULL,1),(478,37,1,'Level achieved','Angela Chang ( 99999 ) in Acme Sales Assoc at Acme - Broad St has successfully achieved Level 1 at 8/25/2014 6:31:05 PM','2014-08-25 18:30:58',0,0,NULL,1),(479,37,44,'Level achieved','Angela Chang ( 99999 ) in Acme Sales Assoc at Acme - Broad St has successfully achieved Level 1 at 8/25/2014 6:31:06 PM','2014-08-25 18:30:58',0,0,NULL,1),(480,37,1,'Level achieved','Angela Chang ( 99999 ) in Acme Sales Assoc at Acme - Broad St has successfully achieved Level 1 at 8/25/2014 6:31:07 PM','2014-08-25 18:31:00',0,0,NULL,1),(481,37,44,'Level achieved','Angela Chang ( 99999 ) in Acme Sales Assoc at Acme - Broad St has successfully achieved Level 1 at 8/25/2014 6:31:07 PM','2014-08-25 18:31:00',0,0,NULL,1),(482,37,1,'Level achieved','Angela Chang ( 99999 ) in Acme Sales Assoc at Acme - Broad St has successfully achieved Level 1 at 8/25/2014 6:31:09 PM','2014-08-25 18:31:01',0,0,NULL,1),(483,37,44,'Level achieved','Angela Chang ( 99999 ) in Acme Sales Assoc at Acme - Broad St has successfully achieved Level 1 at 8/25/2014 6:31:09 PM','2014-08-25 18:31:02',0,0,NULL,1),(484,37,1,'Level achieved','Angela Chang ( 99999 ) in Acme Sales Assoc at Acme - Broad St has successfully achieved Level 1 at 8/25/2014 6:31:10 PM','2014-08-25 18:31:03',0,0,NULL,1),(485,37,44,'Level achieved','Angela Chang ( 99999 ) in Acme Sales Assoc at Acme - Broad St has successfully achieved Level 1 at 8/25/2014 6:31:11 PM','2014-08-25 18:31:03',0,0,NULL,1),(486,37,1,'Level achieved','Angela Chang ( 99999 ) in Acme Sales Assoc at Acme - Broad St has successfully achieved Level 1 at 8/25/2014 6:31:12 PM','2014-08-25 18:31:05',0,0,NULL,1),(487,37,44,'Level achieved','Angela Chang ( 99999 ) in Acme Sales Assoc at Acme - Broad St has successfully achieved Level 1 at 8/25/2014 6:31:12 PM','2014-08-25 18:31:05',0,0,NULL,1),(488,37,1,'Level achieved','Angela Chang ( 99999 ) in Acme Sales Assoc at Acme - Broad St has successfully achieved Level 1 at 8/25/2014 6:31:14 PM','2014-08-25 18:31:06',0,0,NULL,1),(489,37,44,'Level achieved','Angela Chang ( 99999 ) in Acme Sales Assoc at Acme - Broad St has successfully achieved Level 1 at 8/25/2014 6:31:14 PM','2014-08-25 18:31:07',0,0,NULL,1),(490,37,1,'Level achieved','Angela Chang ( 99999 ) in Acme Sales Assoc at Acme - Broad St has successfully achieved Level 1 at 8/25/2014 6:31:16 PM','2014-08-25 18:31:08',0,0,NULL,1),(491,37,44,'Level achieved','Angela Chang ( 99999 ) in Acme Sales Assoc at Acme - Broad St has successfully achieved Level 1 at 8/25/2014 6:31:16 PM','2014-08-25 18:31:08',0,0,NULL,1),(492,37,1,'Level achieved','Angela Chang ( 99999 ) in Acme Sales Assoc at Acme - Broad St has successfully achieved Level 1 at 8/25/2014 6:31:17 PM','2014-08-25 18:31:10',0,0,NULL,1),(493,37,44,'Level achieved','Angela Chang ( 99999 ) in Acme Sales Assoc at Acme - Broad St has successfully achieved Level 1 at 8/25/2014 6:31:18 PM','2014-08-25 18:31:10',0,0,NULL,1),(494,37,1,'Level achieved','Angela Chang ( 99999 ) in Acme Sales Assoc at Acme - Broad St has successfully achieved Level 1 at 8/25/2014 6:31:25 PM','2014-08-25 18:31:18',1,0,NULL,1),(495,37,44,'Level achieved','Angela Chang ( 99999 ) in Acme Sales Assoc at Acme - Broad St has successfully achieved Level 1 at 8/25/2014 6:31:26 PM','2014-08-25 18:31:18',0,0,NULL,1),(496,1,37,'Re: Level achieved','','2014-08-26 14:01:36',1,1,494,1),(497,44,69,'check you','hello how r u','2014-08-26 14:09:16',1,0,NULL,1),(498,69,44,'Re: check you','good how ru','2014-08-26 14:09:57',1,1,497,1),(499,37,1,'Level achieved','Angela Chang ( 99999 ) in Acme Sales Assoc at Acme - Broad St has successfully achieved Level 2 at 8/26/2014 4:16:16 PM','2014-08-26 16:16:16',0,0,NULL,1),(500,37,44,'Level achieved','Angela Chang ( 99999 ) in Acme Sales Assoc at Acme - Broad St has successfully achieved Level 2 at 8/26/2014 4:16:16 PM','2014-08-26 16:16:16',0,0,NULL,1),(501,37,1,'Level achieved','Angela Chang ( 99999 ) in Acme Sales Assoc at Acme - Broad St has successfully achieved Level 3 at 8/26/2014 4:16:19 PM','2014-08-26 16:16:19',0,0,NULL,1),(502,37,44,'Level achieved','Angela Chang ( 99999 ) in Acme Sales Assoc at Acme - Broad St has successfully achieved Level 3 at 8/26/2014 4:16:19 PM','2014-08-26 16:16:19',0,0,NULL,1),(503,37,1,'Level achieved','Angela Chang ( 99999 ) in Acme Sales Assoc at Acme - Broad St has successfully achieved Level 1 at 8/26/2014 5:48:30 PM','2014-08-26 17:48:30',0,0,NULL,1),(504,37,44,'Level achieved','Angela Chang ( 99999 ) in Acme Sales Assoc at Acme - Broad St has successfully achieved Level 1 at 8/26/2014 5:48:30 PM','2014-08-26 17:48:30',0,0,NULL,1),(505,37,1,'Level achieved','Angela Chang ( 99999 ) in Acme Sales Assoc at Acme - Broad St has successfully achieved Level 2 at 8/26/2014 6:08:59 PM','2014-08-26 18:08:59',0,0,NULL,1),(506,37,44,'Level achieved','Angela Chang ( 99999 ) in Acme Sales Assoc at Acme - Broad St has successfully achieved Level 2 at 8/26/2014 6:08:59 PM','2014-08-26 18:08:59',0,0,NULL,1),(507,37,1,'Level achieved','Angela Chang ( 99999 ) in Acme Sales Assoc at Acme - Broad St has successfully achieved Level 1 at 8/26/2014 6:11:17 PM','2014-08-26 18:11:17',0,0,NULL,1),(508,37,44,'Level achieved','Angela Chang ( 99999 ) in Acme Sales Assoc at Acme - Broad St has successfully achieved Level 1 at 8/26/2014 6:11:17 PM','2014-08-26 18:11:17',0,0,NULL,1),(509,37,1,'Level achieved','Angela Chang ( 99999 ) in Acme Sales Assoc at Acme - Broad St has successfully achieved Level 2 at 8/26/2014 6:11:48 PM','2014-08-26 18:11:48',0,0,NULL,1),(510,37,44,'Level achieved','Angela Chang ( 99999 ) in Acme Sales Assoc at Acme - Broad St has successfully achieved Level 2 at 8/26/2014 6:11:48 PM','2014-08-26 18:11:48',0,0,NULL,1),(511,37,1,'Level achieved','Angela Chang ( 99999 ) in Acme Sales Assoc at Acme - Broad St has successfully achieved Level 1 at 8/26/2014 6:14:06 PM','2014-08-26 18:14:06',0,0,NULL,1),(512,37,44,'Level achieved','Angela Chang ( 99999 ) in Acme Sales Assoc at Acme - Broad St has successfully achieved Level 1 at 8/26/2014 6:14:06 PM','2014-08-26 18:14:06',0,0,NULL,1),(513,37,1,'Level achieved','Angela Chang ( 99999 ) in Acme Sales Assoc at Acme - Broad St has successfully achieved Level 2 at 8/26/2014 6:14:11 PM','2014-08-26 18:14:11',0,0,NULL,1),(514,37,44,'Level achieved','Angela Chang ( 99999 ) in Acme Sales Assoc at Acme - Broad St has successfully achieved Level 2 at 8/26/2014 6:14:11 PM','2014-08-26 18:14:11',0,0,NULL,1),(515,40,1,'Points redeemed for reward','Sandra Harvey ( 55555 ) in Acme Sales Assoc at Acme - Broad St has redeemed Logo T-shirt for points 25 at 8/27/2014 8:24:40 AM','2014-08-27 08:24:40',0,0,NULL,1),(516,40,44,'Points redeemed for reward','Sandra Harvey ( 55555 ) in Acme Sales Assoc at Acme - Broad St has redeemed Logo T-shirt for points 25 at 8/27/2014 8:24:40 AM','2014-08-27 08:24:40',0,0,NULL,1),(517,40,1,'Points redeemed for reward','Sandra Harvey ( 55555 ) in Acme Sales Assoc at Acme - Broad St has redeemed Logo T-shirt for points 25 at 8/27/2014 8:25:18 AM','2014-08-27 08:25:18',0,0,NULL,1),(518,40,44,'Points redeemed for reward','Sandra Harvey ( 55555 ) in Acme Sales Assoc at Acme - Broad St has redeemed Logo T-shirt for points 25 at 8/27/2014 8:25:18 AM','2014-08-27 08:25:18',0,0,NULL,1),(519,78,1,'Level achieved','Salman Lone ( makh ) in Acme Sales Assoc at Acme - Broad St has successfully achieved Level 1 at 8/27/2014 2:05:18 PM','2014-08-27 14:05:18',0,0,NULL,1),(520,78,44,'Level achieved','Salman Lone ( makh ) in Acme Sales Assoc at Acme - Broad St has successfully achieved Level 1 at 8/27/2014 2:05:18 PM','2014-08-27 14:05:18',0,0,NULL,1),(521,78,1,'Level achieved','Salman Lone ( makh ) in Acme Sales Assoc at Acme - Broad St has successfully achieved Level 1 at 8/27/2014 2:48:01 PM','2014-08-27 14:48:01',0,0,NULL,1),(522,78,44,'Level achieved','Salman Lone ( makh ) in Acme Sales Assoc at Acme - Broad St has successfully achieved Level 1 at 8/27/2014 2:48:01 PM','2014-08-27 14:48:01',0,0,NULL,1),(523,78,1,'Level achieved','Salman Lone ( makh ) in Acme Sales Assoc at Acme - Broad St has successfully achieved Level 3 at 8/27/2014 2:52:29 PM','2014-08-27 14:52:29',0,0,NULL,1),(524,78,44,'Level achieved','Salman Lone ( makh ) in Acme Sales Assoc at Acme - Broad St has successfully achieved Level 3 at 8/27/2014 2:52:29 PM','2014-08-27 14:52:29',0,0,NULL,1),(525,78,1,'Level achieved','Salman Lone ( makh ) in Acme Sales Assoc at Acme - Broad St has successfully achieved Level 2 at 8/27/2014 2:52:37 PM','2014-08-27 14:52:37',0,0,NULL,1),(526,78,44,'Level achieved','Salman Lone ( makh ) in Acme Sales Assoc at Acme - Broad St has successfully achieved Level 2 at 8/27/2014 2:52:37 PM','2014-08-27 14:52:37',0,0,NULL,1),(527,78,1,'Level achieved','Salman Lone ( makh ) in Acme Sales Assoc at Acme - Broad St has successfully achieved Level 2 at 8/27/2014 2:59:15 PM','2014-08-27 14:59:15',0,0,NULL,1),(528,78,44,'Level achieved','Salman Lone ( makh ) in Acme Sales Assoc at Acme - Broad St has successfully achieved Level 2 at 8/27/2014 2:59:15 PM','2014-08-27 14:59:15',0,0,NULL,1),(529,37,1,'Level achieved','Angela Chang ( 99999 ) in Acme Sales Assoc at Acme - Broad St has successfully achieved Level 3 at 8/27/2014 3:00:31 PM','2014-08-27 15:00:31',0,0,NULL,1),(530,37,44,'Level achieved','Angela Chang ( 99999 ) in Acme Sales Assoc at Acme - Broad St has successfully achieved Level 3 at 8/27/2014 3:00:31 PM','2014-08-27 15:00:31',0,0,NULL,1),(531,69,1,'Level achieved','Aun Haider ( aun ) in Acme Sales Assoc at Acme - Broad St has successfully achieved Level 2 at 8/28/2014 12:07:32 PM','2014-08-28 07:07:27',0,0,NULL,1),(532,69,44,'Level achieved','Aun Haider ( aun ) in Acme Sales Assoc at Acme - Broad St has successfully achieved Level 2 at 8/28/2014 12:07:34 PM','2014-08-28 07:07:28',0,0,NULL,1),(533,78,1,'Level achieved','Salman Lone ( makh ) in Acme Sales Assoc at Acme - Broad St has successfully achieved Level 2 at 8/28/2014 2:20:08 PM','2014-08-28 14:20:08',0,0,NULL,1),(534,78,44,'Level achieved','Salman Lone ( makh ) in Acme Sales Assoc at Acme - Broad St has successfully achieved Level 2 at 8/28/2014 2:20:08 PM','2014-08-28 14:20:08',0,0,NULL,1),(535,79,1,'Level achieved','Shah sherazi ( shah ) in Acme Sales Assoc at Acme - Broad St has successfully achieved Level 1 at 8/28/2014 7:59:49 AM','2014-08-28 14:59:45',0,0,NULL,1),(536,79,44,'Level achieved','Shah sherazi ( shah ) in Acme Sales Assoc at Acme - Broad St has successfully achieved Level 1 at 8/28/2014 7:59:51 AM','2014-08-28 14:59:46',0,0,NULL,1),(537,79,1,'Level achieved','Shah sherazi ( shah ) in Acme Sales Assoc at Acme - Broad St has successfully achieved Level 2 at 8/28/2014 8:00:11 AM','2014-08-28 15:00:06',0,0,NULL,1),(538,79,44,'Level achieved','Shah sherazi ( shah ) in Acme Sales Assoc at Acme - Broad St has successfully achieved Level 2 at 8/28/2014 8:00:12 AM','2014-08-28 15:00:07',0,0,NULL,1),(539,68,1,'Level achieved','Ashely Fletcher ( 2345 ) in Suit Sales Specialist at Acme - Broad St has successfully achieved Level 3 at 9/3/2014 4:02:29 PM','2014-09-03 16:02:29',0,0,NULL,1),(540,68,44,'Level achieved','Ashely Fletcher ( 2345 ) in Suit Sales Specialist at Acme - Broad St has successfully achieved Level 3 at 9/3/2014 4:02:29 PM','2014-09-03 16:02:29',0,0,NULL,1),(541,68,1,'Level achieved','Ashely Fletcher ( 2345 ) in Suit Sales Specialist at Acme - Broad St has successfully achieved Level 2 at 9/3/2014 4:02:36 PM','2014-09-03 16:02:36',0,0,NULL,1),(542,68,44,'Level achieved','Ashely Fletcher ( 2345 ) in Suit Sales Specialist at Acme - Broad St has successfully achieved Level 2 at 9/3/2014 4:02:36 PM','2014-09-03 16:02:36',0,0,NULL,1),(543,68,1,'Level achieved','Ashely Fletcher ( 2345 ) in Suit Sales Specialist at Acme - Broad St has successfully achieved Level 4 at 9/3/2014 4:16:51 PM','2014-09-03 16:16:51',0,0,NULL,1),(544,68,44,'Level achieved','Ashely Fletcher ( 2345 ) in Suit Sales Specialist at Acme - Broad St has successfully achieved Level 4 at 9/3/2014 4:16:51 PM','2014-09-03 16:16:51',0,0,NULL,1),(545,68,1,'Level achieved','Ashely Fletcher ( 2345 ) in Suit Sales Specialist at Acme - Broad St has successfully achieved Level 5 at 9/3/2014 4:19:45 PM','2014-09-03 16:19:45',0,0,NULL,1),(546,68,44,'Level achieved','Ashely Fletcher ( 2345 ) in Suit Sales Specialist at Acme - Broad St has successfully achieved Level 5 at 9/3/2014 4:19:45 PM','2014-09-03 16:19:45',0,0,NULL,1),(547,37,1,'Reset Password','99999 has reset their password at 9/3/2014 5:38:03 PM','2014-09-03 17:38:03',1,0,NULL,1),(548,37,1,'Reset Password','99999 has reset their password at 9/3/2014 5:40:48 PM','2014-09-03 17:40:48',0,0,NULL,1),(549,37,1,'Reset Password','99999 has reset their password at 9/3/2014 6:01:03 PM','2014-09-03 18:01:03',0,0,NULL,1),(550,37,1,'Reset Password','99999 has reset their password at 9/3/2014 6:01:27 PM','2014-09-03 18:01:27',0,0,NULL,1),(551,37,1,'Reset Password','99999 has reset their password at 9/3/2014 6:31:59 PM','2014-09-03 18:31:59',0,0,NULL,1),(552,37,1,'Reset Password','99999 has reset their password at 9/3/2014 6:36:23 PM','2014-09-03 18:36:23',0,0,NULL,1),(553,37,1,'Reset Password','99999 has reset their password at 9/3/2014 6:38:15 PM','2014-09-03 18:38:15',0,0,NULL,1),(554,40,1,'Points redeemed for reward','Sandy ( 55555 ) in Acme Sales Assoc at Acme - Broad St has redeemed Logo T-shirt for points 25 at 9/10/2014 2:30:33 AM','2014-09-10 02:30:33',0,0,NULL,1),(555,40,44,'Points redeemed for reward','Sandy ( 55555 ) in Acme Sales Assoc at Acme - Broad St has redeemed Logo T-shirt for points 25 at 9/10/2014 2:30:33 AM','2014-09-10 02:30:33',0,0,NULL,1),(556,40,1,'Points redeemed for reward','Sandy ( 55555 ) in Acme Sales Assoc at Acme - Broad St has redeemed Logo T-shirt for points 25 at 9/11/2014 2:04:42 PM','2014-09-11 09:04:46',0,0,NULL,1),(557,40,44,'Points redeemed for reward','Sandy ( 55555 ) in Acme Sales Assoc at Acme - Broad St has redeemed Logo T-shirt for points 25 at 9/11/2014 2:04:43 PM','2014-09-11 09:04:47',0,0,NULL,1),(558,41,44,'Re: sales help','','2014-09-11 11:42:44',0,1,355,1),(559,41,44,'Re: message for santi','dddd','2014-09-11 11:43:04',0,1,245,1),(560,41,1,'Points redeemed for reward','Santiago Cruz ( 66666 ) in Acme Sales Assoc at Acme - Broad St has redeemed Logo T-shirt for points 25 at 9/11/2014 11:54:17 AM','2014-09-11 11:54:17',1,0,NULL,1),(561,41,44,'Points redeemed for reward','Santiago Cruz ( 66666 ) in Acme Sales Assoc at Acme - Broad St has redeemed Logo T-shirt for points 25 at 9/11/2014 11:54:17 AM','2014-09-11 11:54:17',0,0,NULL,1),(562,38,1,'Points redeemed for reward','Ricky Avila ( 33333 ) in Acme Sales Assoc at Tucson Store has redeemed Logo T-shirt for points 25 at 9/11/2014 8:39:56 PM','2014-09-11 20:39:56',0,0,NULL,1),(563,38,44,'Points redeemed for reward','Ricky Avila ( 33333 ) in Acme Sales Assoc at Tucson Store has redeemed Logo T-shirt for points 25 at 9/11/2014 8:39:56 PM','2014-09-11 20:39:56',0,0,NULL,1),(564,84,1,'Level achieved','Holt Marcus ( hm3 ) in Merchandiser at Tucson Store has successfully achieved Level 2 at 9/15/2014 6:51:12 PM','2014-09-15 18:51:12',0,0,NULL,1),(565,84,44,'Level achieved','Holt Marcus ( hm3 ) in Merchandiser at Tucson Store has successfully achieved Level 2 at 9/15/2014 6:51:12 PM','2014-09-15 18:51:12',0,0,NULL,1),(566,37,1,'Points redeemed for reward','Angela Chang ( 99999 ) in Acme Sales Assoc at Acme - Broad St has redeemed Logo T-shirt for points 25 at 9/15/2014 9:02:51 PM','2014-09-15 21:02:51',0,0,NULL,1),(567,37,44,'Points redeemed for reward','Angela Chang ( 99999 ) in Acme Sales Assoc at Acme - Broad St has redeemed Logo T-shirt for points 25 at 9/15/2014 9:02:51 PM','2014-09-15 21:02:51',0,0,NULL,1),(568,40,1,'Points redeemed for reward','Sandy ( 55555 ) in Acme Sales Assoc at Acme - Broad St has redeemed Logo T-shirt for points 25 at 9/16/2014 9:01:40 AM','2014-09-16 09:01:40',0,0,NULL,1),(569,40,44,'Points redeemed for reward','Sandy ( 55555 ) in Acme Sales Assoc at Acme - Broad St has redeemed Logo T-shirt for points 25 at 9/16/2014 9:01:40 AM','2014-09-16 09:01:40',0,0,NULL,1),(570,40,1,'Points redeemed for reward','Sandy ( 55555 ) in Acme Sales Assoc at Acme - Broad St has redeemed Logo T-shirt for points 25 at 9/17/2014 8:23:58 AM','2014-09-16 15:23:57',0,0,NULL,1),(571,40,44,'Points redeemed for reward','Sandy ( 55555 ) in Acme Sales Assoc at Acme - Broad St has redeemed Logo T-shirt for points 25 at 9/17/2014 8:23:59 AM','2014-09-16 15:23:58',0,0,NULL,1),(572,40,1,'Points redeemed for reward','Sandy ( 55555 ) in Acme Sales Assoc at Acme - Broad St has redeemed Logo T-shirt for points 25 at 9/17/2014 8:31:30 AM','2014-09-16 15:31:29',0,0,NULL,1),(573,40,44,'Points redeemed for reward','Sandy ( 55555 ) in Acme Sales Assoc at Acme - Broad St has redeemed Logo T-shirt for points 25 at 9/17/2014 8:31:31 AM','2014-09-16 15:31:30',0,0,NULL,1),(574,40,1,'Points redeemed for reward','Sandy ( 55555 ) in Acme Sales Assoc at Acme - Broad St has redeemed Logo T-shirt for points 25 at 9/17/2014 8:38:53 AM','2014-09-16 15:38:52',0,0,NULL,1),(575,40,44,'Points redeemed for reward','Sandy ( 55555 ) in Acme Sales Assoc at Acme - Broad St has redeemed Logo T-shirt for points 25 at 9/17/2014 8:38:54 AM','2014-09-16 15:38:53',0,0,NULL,1),(576,40,1,'Points redeemed for reward','Sandy ( 55555 ) in Acme Sales Assoc at Acme - Broad St has redeemed Logo T-shirt for points 25 at 9/16/2014 4:10:25 PM','2014-09-16 16:10:25',0,0,NULL,1),(577,40,44,'Points redeemed for reward','Sandy ( 55555 ) in Acme Sales Assoc at Acme - Broad St has redeemed Logo T-shirt for points 25 at 9/16/2014 4:10:25 PM','2014-09-16 16:10:25',0,0,NULL,1),(578,40,1,'Points redeemed for reward','Sandy ( 55555 ) in Acme Sales Assoc at Acme - Broad St has redeemed Logo T-shirt for points 25 at 9/16/2014 10:50:07 PM','2014-09-16 17:50:11',0,0,NULL,1),(579,40,44,'Points redeemed for reward','Sandy ( 55555 ) in Acme Sales Assoc at Acme - Broad St has redeemed Logo T-shirt for points 25 at 9/16/2014 10:50:09 PM','2014-09-16 17:50:12',0,0,NULL,1),(580,40,1,'Points redeemed for reward','Sandy ( 55555 ) in Acme Sales Assoc at Acme - Broad St has redeemed Logo T-shirt for points 25 at 9/16/2014 6:05:31 PM','2014-09-16 18:05:31',0,0,NULL,1),(581,40,44,'Points redeemed for reward','Sandy ( 55555 ) in Acme Sales Assoc at Acme - Broad St has redeemed Logo T-shirt for points 25 at 9/16/2014 6:05:31 PM','2014-09-16 18:05:31',0,0,NULL,1),(582,82,1,'Award achieved','Hal Markham ( hm1 ) in Merchandiser at Salt lake city has successfully won Team Leadership  at 9/17/2014 8:49:18 PM','2014-09-17 20:49:18',0,0,NULL,1),(583,82,85,'Award achieved','Hal Markham ( hm1 ) in Merchandiser at Salt lake city has successfully won Team Leadership  at 9/17/2014 8:49:18 PM','2014-09-17 20:49:18',0,0,NULL,1),(584,82,1,'Award achieved','Hal Markham ( hm1 ) in Merchandiser at Salt lake city has successfully won Welcome Aboard  at 9/17/2014 8:49:25 PM','2014-09-17 20:49:25',0,0,NULL,1),(585,82,85,'Award achieved','Hal Markham ( hm1 ) in Merchandiser at Salt lake city has successfully won Welcome Aboard  at 9/17/2014 8:49:25 PM','2014-09-17 20:49:25',0,0,NULL,1),(586,83,1,'Award achieved','Holly Morris ( HM2 ) in Merchandiser at Salt lake city has successfully won Above and Beyond  at 9/18/2014 9:18:36 AM','2014-09-18 09:18:36',0,0,NULL,1),(587,83,85,'Award achieved','Holly Morris ( HM2 ) in Merchandiser at Salt lake city has successfully won Above and Beyond  at 9/18/2014 9:18:36 AM','2014-09-18 09:18:36',0,0,NULL,1),(588,83,1,'Award achieved','Holly Morris ( HM2 ) in Merchandiser at Salt lake city has successfully won Welcome Aboard  at 9/18/2014 9:18:58 AM','2014-09-18 09:18:58',0,0,NULL,1),(589,83,85,'Award achieved','Holly Morris ( HM2 ) in Merchandiser at Salt lake city has successfully won Welcome Aboard  at 9/18/2014 9:18:58 AM','2014-09-18 09:18:58',0,0,NULL,1),(590,83,1,'Award achieved','Holly Morris ( HM2 ) in Merchandiser at Salt lake city has successfully won Welcome Aboard  at 9/18/2014 9:18:59 AM','2014-09-18 09:18:59',0,0,NULL,1),(591,83,85,'Award achieved','Holly Morris ( HM2 ) in Merchandiser at Salt lake city has successfully won Welcome Aboard  at 9/18/2014 9:18:59 AM','2014-09-18 09:18:59',0,0,NULL,1),(592,82,1,'Award achieved','Harry Markham ( HM1 ) in Merchandiser at Salt lake city has successfully won Employee of the Month  at 9/18/2014 9:46:16 AM','2014-09-18 09:46:16',0,0,NULL,1),(593,82,85,'Award achieved','Harry Markham ( HM1 ) in Merchandiser at Salt lake city has successfully won Employee of the Month  at 9/18/2014 9:46:16 AM','2014-09-18 09:46:16',0,0,NULL,1),(594,82,1,'Award achieved','Harry Markham ( hm1 ) in Merchandiser at Salt lake city has successfully won Sales Contest Bronze  at 9/18/2014 2:23:12 PM','2014-09-18 14:23:12',0,0,NULL,1),(595,82,85,'Award achieved','Harry Markham ( hm1 ) in Merchandiser at Salt lake city has successfully won Sales Contest Bronze  at 9/18/2014 2:23:12 PM','2014-09-18 14:23:12',0,0,NULL,1),(596,82,1,'Points redeemed for reward','Harry Markham ( hm1 ) in Merchandiser at Salt lake city has redeemed Logo T-shirt for points 25 at 9/18/2014 3:10:54 PM','2014-09-18 15:10:54',0,0,NULL,1),(597,82,85,'Points redeemed for reward','Harry Markham ( hm1 ) in Merchandiser at Salt lake city has redeemed Logo T-shirt for points 25 at 9/18/2014 3:10:54 PM','2014-09-18 15:10:54',0,0,NULL,1),(598,82,1,'Points redeemed for reward','Harry Markham ( hm1 ) in Merchandiser at Salt lake city has redeemed Logo T-shirt for points 25 at 9/18/2014 3:11:31 PM','2014-09-18 15:11:31',0,0,NULL,1),(599,82,85,'Points redeemed for reward','Harry Markham ( hm1 ) in Merchandiser at Salt lake city has redeemed Logo T-shirt for points 25 at 9/18/2014 3:11:31 PM','2014-09-18 15:11:31',0,0,NULL,1),(600,39,1,'Points redeemed for reward','Jordan Brown ( 44444 ) in Acme Sales Assoc at Acme - Broad St has redeemed Logo T-shirt for points 25 at 9/18/2014 3:12:54 PM','2014-09-18 15:12:54',0,0,NULL,1),(601,39,44,'Points redeemed for reward','Jordan Brown ( 44444 ) in Acme Sales Assoc at Acme - Broad St has redeemed Logo T-shirt for points 25 at 9/18/2014 3:12:54 PM','2014-09-18 15:12:54',0,0,NULL,1),(602,84,1,'Award achieved','Hap Martinez ( hm3 ) in Merchandiser at Tucson Store has successfully won Above and Beyond  at 9/18/2014 5:03:37 PM','2014-09-18 17:03:37',0,0,NULL,1),(603,84,85,'Award achieved','Hap Martinez ( hm3 ) in Merchandiser at Tucson Store has successfully won Above and Beyond  at 9/18/2014 5:03:37 PM','2014-09-18 17:03:37',0,0,NULL,1),(604,84,1,'Award achieved','Hap Martinez ( hm3 ) in Merchandiser at Tucson Store has successfully won Welcome Aboard  at 9/18/2014 5:03:50 PM','2014-09-18 17:03:50',0,0,NULL,1),(605,84,85,'Award achieved','Hap Martinez ( hm3 ) in Merchandiser at Tucson Store has successfully won Welcome Aboard  at 9/18/2014 5:03:50 PM','2014-09-18 17:03:50',0,0,NULL,1),(611,44,69,'check return to which page','buah','2014-09-19 06:50:45',0,0,NULL,1),(608,85,84,'See me','Time is running out','2014-09-18 17:47:39',0,0,NULL,1),(609,84,1,'Award achieved','Hap Martinez ( hm3 ) in Merchandiser at Tucson Store has successfully won Exemplary Customer Service  at 9/18/2014 5:48:31 PM','2014-09-18 17:48:31',0,0,NULL,1),(610,84,85,'Award achieved','Hap Martinez ( hm3 ) in Merchandiser at Tucson Store has successfully won Exemplary Customer Service  at 9/18/2014 5:48:31 PM','2014-09-18 17:48:31',0,0,NULL,1),(612,44,69,'check return to which page','buah','2014-09-19 06:51:05',0,0,NULL,1),(613,44,40,'check','by manger','2014-09-19 06:52:09',1,0,NULL,1),(614,44,40,'check local','harvey','2014-09-19 06:57:18',0,0,NULL,1),(615,44,69,'hello','hi','2014-09-19 12:11:34',0,0,NULL,1),(616,85,84,'time is running out','see me','2014-09-19 14:36:56',0,0,NULL,1),(617,84,1,'Award achieved','Hap Martinez ( hm3 ) in Merchandiser at Tucson Store has successfully won Above and Beyond  at 9/19/2014 2:38:38 PM','2014-09-19 14:38:38',0,0,NULL,1),(618,84,85,'Award achieved','Hap Martinez ( hm3 ) in Merchandiser at Tucson Store has successfully won Above and Beyond  at 9/19/2014 2:38:38 PM','2014-09-19 14:38:38',0,0,NULL,1),(619,84,1,'Award achieved','Hap Martinez ( hm3 ) in Merchandiser at Tucson Store has successfully won Above and Beyond  at 9/20/2014 2:22:44 PM','2014-09-20 14:22:44',0,0,NULL,1),(620,84,85,'Award achieved','Hap Martinez ( hm3 ) in Merchandiser at Tucson Store has successfully won Above and Beyond  at 9/20/2014 2:22:44 PM','2014-09-20 14:22:44',0,0,NULL,1),(621,85,84,'need to speed up','come see me','2014-09-22 02:06:13',0,0,NULL,1),(622,84,1,'Award achieved','Hap Martinez ( hm3 ) in Merchandiser at Tucson Store has successfully won Exemplary Customer Service  at 9/22/2014 2:07:26 AM','2014-09-22 02:07:26',0,0,NULL,1),(623,84,85,'Award achieved','Hap Martinez ( hm3 ) in Merchandiser at Tucson Store has successfully won Exemplary Customer Service  at 9/22/2014 2:07:26 AM','2014-09-22 02:07:26',0,0,NULL,1),(624,40,1,'Points redeemed for reward','Sandy ( 55555 ) in Acme Sales Assoc at Acme - Broad St has redeemed Logo T-shirt for points 25 at 9/22/2014 7:19:50 PM','2014-09-22 14:20:10',0,0,NULL,1),(625,40,44,'Points redeemed for reward','Sandy ( 55555 ) in Acme Sales Assoc at Acme - Broad St has redeemed Logo T-shirt for points 25 at 9/22/2014 7:19:51 PM','2014-09-22 14:20:11',0,0,NULL,1),(626,85,84,'running out of time','see me on tuesday','2014-09-22 15:40:43',0,0,NULL,1),(627,84,1,'Award achieved','Hap Martinez ( hm3 ) in Merchandiser at Tucson Store has successfully won Exemplary Customer Service  at 9/22/2014 3:41:54 PM','2014-09-22 15:41:54',0,0,NULL,1),(628,84,85,'Award achieved','Hap Martinez ( hm3 ) in Merchandiser at Tucson Store has successfully won Exemplary Customer Service  at 9/22/2014 3:41:54 PM','2014-09-22 15:41:54',1,0,NULL,1),(629,73,1,'Level achieved','Joseph Johnson ( tester1 ) in Acme Sales Assoc at Acme - Broad St has successfully achieved Level 1 at 9/22/2014 5:21:04 PM','2014-09-22 17:21:04',0,0,NULL,1),(630,73,54,'Level achieved','Joseph Johnson ( tester1 ) in Acme Sales Assoc at Acme - Broad St has successfully achieved Level 1 at 9/22/2014 5:21:04 PM','2014-09-22 17:21:04',0,0,NULL,1),(631,39,1,'Level achieved','Jordan Brown ( 44444 ) in Acme Sales Assoc at Acme - Broad St has successfully achieved Level 2 at 9/22/2014 6:37:28 PM','2014-09-22 18:37:28',0,0,NULL,1),(632,39,44,'Level achieved','Jordan Brown ( 44444 ) in Acme Sales Assoc at Acme - Broad St has successfully achieved Level 2 at 9/22/2014 6:37:28 PM','2014-09-22 18:37:28',0,0,NULL,1),(633,73,1,'Points redeemed for reward','Joseph Johnson ( tester1 ) in Acme Sales Assoc at Acme - Broad St has redeemed Logo T-shirt for points 25 at 9/22/2014 6:37:56 PM','2014-09-22 18:37:56',0,0,NULL,1),(634,73,54,'Points redeemed for reward','Joseph Johnson ( tester1 ) in Acme Sales Assoc at Acme - Broad St has redeemed Logo T-shirt for points 25 at 9/22/2014 6:37:56 PM','2014-09-22 18:37:56',0,0,NULL,1),(635,73,1,'Points redeemed for reward','Joseph Johnson ( tester1 ) in Acme Sales Assoc at Acme - Broad St has redeemed Logo T-shirt for points 25 at 9/22/2014 6:38:07 PM','2014-09-22 18:38:07',0,0,NULL,1),(636,73,54,'Points redeemed for reward','Joseph Johnson ( tester1 ) in Acme Sales Assoc at Acme - Broad St has redeemed Logo T-shirt for points 25 at 9/22/2014 6:38:07 PM','2014-09-22 18:38:07',0,0,NULL,1),(637,73,1,'Points redeemed for reward','Joseph Johnson ( tester1 ) in Acme Sales Assoc at Acme - Broad St has redeemed Logo T-shirt for points 25 at 9/22/2014 6:38:15 PM','2014-09-22 18:38:15',0,0,NULL,1),(638,73,54,'Points redeemed for reward','Joseph Johnson ( tester1 ) in Acme Sales Assoc at Acme - Broad St has redeemed Logo T-shirt for points 25 at 9/22/2014 6:38:15 PM','2014-09-22 18:38:15',0,0,NULL,1),(639,73,1,'Points redeemed for reward','Joseph Johnson ( tester1 ) in Acme Sales Assoc at Acme - Broad St has redeemed Logo T-shirt for points 25 at 9/22/2014 6:38:19 PM','2014-09-22 18:38:19',0,0,NULL,1),(640,73,54,'Points redeemed for reward','Joseph Johnson ( tester1 ) in Acme Sales Assoc at Acme - Broad St has redeemed Logo T-shirt for points 25 at 9/22/2014 6:38:19 PM','2014-09-22 18:38:19',0,0,NULL,1),(641,39,1,'Level achieved','Jordan Brown ( 44444 ) in Acme Sales Assoc at Acme - Broad St has successfully achieved Level 3 at 9/22/2014 6:45:48 PM','2014-09-22 18:45:48',0,0,NULL,1),(642,39,44,'Level achieved','Jordan Brown ( 44444 ) in Acme Sales Assoc at Acme - Broad St has successfully achieved Level 3 at 9/22/2014 6:45:48 PM','2014-09-22 18:45:48',0,0,NULL,1),(643,73,1,'Points redeemed for reward','Joseph Johnson ( tester1 ) in Acme Sales Assoc at Acme - Broad St has redeemed Logo T-shirt for points 25 at 9/22/2014 6:46:37 PM','2014-09-22 18:46:37',0,0,NULL,1),(644,73,54,'Points redeemed for reward','Joseph Johnson ( tester1 ) in Acme Sales Assoc at Acme - Broad St has redeemed Logo T-shirt for points 25 at 9/22/2014 6:46:37 PM','2014-09-22 18:46:37',0,0,NULL,1),(645,73,1,'Points redeemed for reward','Joseph Johnson ( tester1 ) in Acme Sales Assoc at Acme - Broad St has redeemed Logo T-shirt for points 25 at 9/22/2014 6:46:46 PM','2014-09-22 18:46:46',0,0,NULL,1),(646,73,54,'Points redeemed for reward','Joseph Johnson ( tester1 ) in Acme Sales Assoc at Acme - Broad St has redeemed Logo T-shirt for points 25 at 9/22/2014 6:46:46 PM','2014-09-22 18:46:46',0,0,NULL,1),(647,73,1,'Points redeemed for reward','Joseph Johnson ( tester1 ) in Acme Sales Assoc at Acme - Broad St has redeemed Logo T-shirt for points 25 at 9/22/2014 6:47:21 PM','2014-09-22 18:47:21',0,0,NULL,1),(648,73,54,'Points redeemed for reward','Joseph Johnson ( tester1 ) in Acme Sales Assoc at Acme - Broad St has redeemed Logo T-shirt for points 25 at 9/22/2014 6:47:21 PM','2014-09-22 18:47:21',0,0,NULL,1),(649,73,1,'Points redeemed for reward','Joseph Johnson ( tester1 ) in Acme Sales Assoc at Acme - Broad St has redeemed Logo T-shirt for points 25 at 9/22/2014 6:48:29 PM','2014-09-22 18:48:29',0,0,NULL,1),(650,73,54,'Points redeemed for reward','Joseph Johnson ( tester1 ) in Acme Sales Assoc at Acme - Broad St has redeemed Logo T-shirt for points 25 at 9/22/2014 6:48:29 PM','2014-09-22 18:48:29',0,0,NULL,1),(651,73,1,'Points redeemed for reward','Joseph Johnson ( tester1 ) in Acme Sales Assoc at Acme - Broad St has redeemed Logo T-shirt for points 25 at 9/22/2014 6:50:22 PM','2014-09-22 18:50:22',0,0,NULL,1),(652,73,54,'Points redeemed for reward','Joseph Johnson ( tester1 ) in Acme Sales Assoc at Acme - Broad St has redeemed Logo T-shirt for points 25 at 9/22/2014 6:50:22 PM','2014-09-22 18:50:22',0,0,NULL,1),(653,73,1,'Points redeemed for reward','Joseph Johnson ( tester1 ) in Acme Sales Assoc at Acme - Broad St has redeemed Logo T-shirt for points 25 at 9/22/2014 6:50:38 PM','2014-09-22 18:50:38',0,0,NULL,1),(654,73,54,'Points redeemed for reward','Joseph Johnson ( tester1 ) in Acme Sales Assoc at Acme - Broad St has redeemed Logo T-shirt for points 25 at 9/22/2014 6:50:38 PM','2014-09-22 18:50:38',0,0,NULL,1),(655,87,1,'Level achieved','Khadijah Okoh ( Dee ) in Acme Sales Assoc at Acme - Broad St has successfully achieved Level 1 at 9/22/2014 7:06:33 PM','2014-09-22 19:06:33',0,0,NULL,1),(656,87,44,'Level achieved','Khadijah Okoh ( Dee ) in Acme Sales Assoc at Acme - Broad St has successfully achieved Level 1 at 9/22/2014 7:06:33 PM','2014-09-22 19:06:33',0,0,NULL,1),(657,73,1,'Award achieved','Joseph Johnson ( tester1 ) in Acme Sales Assoc at Acme - Broad St has successfully won EA Award-Testing  at 9/22/2014 7:15:11 PM','2014-09-22 19:15:11',0,0,NULL,1),(658,73,54,'Award achieved','Joseph Johnson ( tester1 ) in Acme Sales Assoc at Acme - Broad St has successfully won EA Award-Testing  at 9/22/2014 7:15:11 PM','2014-09-22 19:15:11',0,0,NULL,1),(659,73,1,'Award achieved','Joseph Johnson ( tester1 ) in Acme Sales Assoc at Acme - Broad St has successfully won ASE Certification  at 9/22/2014 7:15:14 PM','2014-09-22 19:15:14',0,0,NULL,1),(660,73,54,'Award achieved','Joseph Johnson ( tester1 ) in Acme Sales Assoc at Acme - Broad St has successfully won ASE Certification  at 9/22/2014 7:15:14 PM','2014-09-22 19:15:14',0,0,NULL,1),(661,73,1,'Award achieved','Joseph Johnson ( tester1 ) in Acme Sales Assoc at Acme - Broad St has successfully won Welcome Aboard  at 9/22/2014 7:15:20 PM','2014-09-22 19:15:20',0,0,NULL,1),(662,73,54,'Award achieved','Joseph Johnson ( tester1 ) in Acme Sales Assoc at Acme - Broad St has successfully won Welcome Aboard  at 9/22/2014 7:15:20 PM','2014-09-22 19:15:20',0,0,NULL,1),(663,73,1,'Award achieved','Joseph Johnson ( tester1 ) in Acme Sales Assoc at Acme - Broad St has successfully won Team Leadership  at 9/22/2014 7:15:22 PM','2014-09-22 19:15:22',0,0,NULL,1),(664,73,54,'Award achieved','Joseph Johnson ( tester1 ) in Acme Sales Assoc at Acme - Broad St has successfully won Team Leadership  at 9/22/2014 7:15:22 PM','2014-09-22 19:15:22',0,0,NULL,1),(665,73,1,'Award achieved','Joseph Johnson ( tester1 ) in Acme Sales Assoc at Acme - Broad St has successfully won Sales Contest Bronze  at 9/22/2014 7:15:25 PM','2014-09-22 19:15:25',0,0,NULL,1),(666,73,54,'Award achieved','Joseph Johnson ( tester1 ) in Acme Sales Assoc at Acme - Broad St has successfully won Sales Contest Bronze  at 9/22/2014 7:15:25 PM','2014-09-22 19:15:25',0,0,NULL,1),(667,73,1,'Award achieved','Joseph Johnson ( tester1 ) in Acme Sales Assoc at Acme - Broad St has successfully won Sales Contest Silver  at 9/22/2014 7:15:26 PM','2014-09-22 19:15:26',0,0,NULL,1),(668,73,54,'Award achieved','Joseph Johnson ( tester1 ) in Acme Sales Assoc at Acme - Broad St has successfully won Sales Contest Silver  at 9/22/2014 7:15:26 PM','2014-09-22 19:15:26',0,0,NULL,1),(669,73,1,'Award achieved','Joseph Johnson ( tester1 ) in Acme Sales Assoc at Acme - Broad St has successfully won Sales Contest Gold  at 9/22/2014 7:15:28 PM','2014-09-22 19:15:28',0,0,NULL,1),(670,73,54,'Award achieved','Joseph Johnson ( tester1 ) in Acme Sales Assoc at Acme - Broad St has successfully won Sales Contest Gold  at 9/22/2014 7:15:28 PM','2014-09-22 19:15:28',0,0,NULL,1),(671,73,1,'Award achieved','Joseph Johnson ( tester1 ) in Acme Sales Assoc at Acme - Broad St has successfully won Exemplary Customer Service  at 9/22/2014 7:15:33 PM','2014-09-22 19:15:33',0,0,NULL,1),(672,73,54,'Award achieved','Joseph Johnson ( tester1 ) in Acme Sales Assoc at Acme - Broad St has successfully won Exemplary Customer Service  at 9/22/2014 7:15:33 PM','2014-09-22 19:15:33',0,0,NULL,1),(673,73,1,'Award achieved','Joseph Johnson ( tester1 ) in Acme Sales Assoc at Acme - Broad St has successfully won Employee of the Month  at 9/22/2014 7:15:36 PM','2014-09-22 19:15:36',0,0,NULL,1),(674,73,54,'Award achieved','Joseph Johnson ( tester1 ) in Acme Sales Assoc at Acme - Broad St has successfully won Employee of the Month  at 9/22/2014 7:15:36 PM','2014-09-22 19:15:36',0,0,NULL,1),(675,73,1,'Award achieved','Joseph Johnson ( tester1 ) in Acme Sales Assoc at Acme - Broad St has successfully won Above and Beyond  at 9/22/2014 7:15:39 PM','2014-09-22 19:15:39',0,0,NULL,1),(676,73,54,'Award achieved','Joseph Johnson ( tester1 ) in Acme Sales Assoc at Acme - Broad St has successfully won Above and Beyond  at 9/22/2014 7:15:39 PM','2014-09-22 19:15:39',0,0,NULL,1),(677,87,1,'Level achieved','Khadijah Okoh ( dee ) in Acme Sales Assoc at Acme - Broad St has successfully achieved Level 2 at 9/22/2014 7:28:16 PM','2014-09-22 19:28:16',0,0,NULL,1),(678,87,44,'Level achieved','Khadijah Okoh ( dee ) in Acme Sales Assoc at Acme - Broad St has successfully achieved Level 2 at 9/22/2014 7:28:16 PM','2014-09-22 19:28:16',0,0,NULL,1),(679,73,1,'Points redeemed for reward','Joseph Johnson ( tester1 ) in Acme Sales Assoc at Acme - Broad St has redeemed Logo T-shirt for points 25 at 9/22/2014 7:39:49 PM','2014-09-22 19:39:49',0,0,NULL,1),(680,73,54,'Points redeemed for reward','Joseph Johnson ( tester1 ) in Acme Sales Assoc at Acme - Broad St has redeemed Logo T-shirt for points 25 at 9/22/2014 7:39:49 PM','2014-09-22 19:39:49',0,0,NULL,1),(681,87,1,'Level achieved','Khadijah Okoh ( dee ) in Acme Sales Assoc at Acme - Broad St has successfully achieved Level 3 at 9/22/2014 7:44:47 PM','2014-09-22 19:44:47',0,0,NULL,1),(682,87,44,'Level achieved','Khadijah Okoh ( dee ) in Acme Sales Assoc at Acme - Broad St has successfully achieved Level 3 at 9/22/2014 7:44:47 PM','2014-09-22 19:44:47',0,0,NULL,1),(683,38,1,'Points redeemed for reward','Ricky Avila ( 33333 ) in Acme Sales Assoc at Tucson Store has redeemed Logo T-shirt for points 25 at 9/22/2014 7:47:31 PM','2014-09-22 19:47:31',0,0,NULL,1),(684,38,44,'Points redeemed for reward','Ricky Avila ( 33333 ) in Acme Sales Assoc at Tucson Store has redeemed Logo T-shirt for points 25 at 9/22/2014 7:47:31 PM','2014-09-22 19:47:31',0,0,NULL,1),(685,73,1,'Points redeemed for reward','Joseph Johnson ( tester1 ) in Acme Sales Assoc at Acme - Broad St has redeemed Logo T-shirt for points 25 at 9/22/2014 7:54:48 PM','2014-09-22 19:54:48',0,0,NULL,1),(686,73,54,'Points redeemed for reward','Joseph Johnson ( tester1 ) in Acme Sales Assoc at Acme - Broad St has redeemed Logo T-shirt for points 25 at 9/22/2014 7:54:48 PM','2014-09-22 19:54:48',0,0,NULL,1),(687,73,1,'Points redeemed for reward','Joseph Johnson ( tester1 ) in Acme Sales Assoc at Acme - Broad St has redeemed Logo T-shirt for points 25 at 9/22/2014 8:01:01 PM','2014-09-22 20:01:01',0,0,NULL,1),(688,73,54,'Points redeemed for reward','Joseph Johnson ( tester1 ) in Acme Sales Assoc at Acme - Broad St has redeemed Logo T-shirt for points 25 at 9/22/2014 8:01:01 PM','2014-09-22 20:01:01',0,0,NULL,1),(689,40,1,'Points redeemed for reward','Sandy ( 55555 ) in Acme Sales Assoc at Acme - Broad St has redeemed Logo T-shirt for points 25 at 9/23/2014 7:06:30 AM','2014-09-23 07:06:30',0,0,NULL,1),(690,40,44,'Points redeemed for reward','Sandy ( 55555 ) in Acme Sales Assoc at Acme - Broad St has redeemed Logo T-shirt for points 25 at 9/23/2014 7:06:30 AM','2014-09-23 07:06:30',0,0,NULL,1),(691,40,1,'Points redeemed for reward','Sandy ( 55555 ) in Acme Sales Assoc at Acme - Broad St has redeemed Logo T-shirt for points 25 at 9/23/2014 12:12:56 PM','2014-09-23 07:13:17',0,0,NULL,1),(692,40,44,'Points redeemed for reward','Sandy ( 55555 ) in Acme Sales Assoc at Acme - Broad St has redeemed Logo T-shirt for points 25 at 9/23/2014 12:12:57 PM','2014-09-23 07:13:18',0,0,NULL,1),(693,40,1,'Points redeemed for reward','Sandy ( 55555 ) in Acme Sales Assoc at Acme - Broad St has redeemed Logo T-shirt for points 25 at 9/23/2014 12:08:13 PM','2014-09-23 12:08:13',0,0,NULL,1),(694,40,44,'Points redeemed for reward','Sandy ( 55555 ) in Acme Sales Assoc at Acme - Broad St has redeemed Logo T-shirt for points 25 at 9/23/2014 12:08:13 PM','2014-09-23 12:08:13',0,0,NULL,1),(695,37,1,'Level achieved','Angela Chang ( 99999 ) in Acme Sales Assoc at Acme - Broad St has successfully achieved Level 1 at 9/23/2014 3:53:02 PM','2014-09-23 15:53:02',0,0,NULL,1),(696,37,44,'Level achieved','Angela Chang ( 99999 ) in Acme Sales Assoc at Acme - Broad St has successfully achieved Level 1 at 9/23/2014 3:53:02 PM','2014-09-23 15:53:02',0,0,NULL,1),(697,74,1,'Level achieved','Micheal Davidson ( tester2 ) in Acme Sales Assoc at Salt lake city has successfully achieved Level 1 at 9/23/2014 6:02:46 PM','2014-09-23 18:02:46',0,0,NULL,1),(698,74,60,'Level achieved','Micheal Davidson ( tester2 ) in Acme Sales Assoc at Salt lake city has successfully achieved Level 1 at 9/23/2014 6:02:46 PM','2014-09-23 18:02:46',0,0,NULL,1),(699,73,1,'Points redeemed for reward','Joseph Johnson ( tester1 ) in Acme Sales Assoc at Acme - Broad St has redeemed Logo T-shirt for points 25 at 9/23/2014 6:09:32 PM','2014-09-23 18:09:32',0,0,NULL,1),(700,73,54,'Points redeemed for reward','Joseph Johnson ( tester1 ) in Acme Sales Assoc at Acme - Broad St has redeemed Logo T-shirt for points 25 at 9/23/2014 6:09:32 PM','2014-09-23 18:09:32',0,0,NULL,1),(701,75,1,'Level achieved','Anne Richardson ( tester3 ) in Acme Sales Assoc at 718-Saskatoon has successfully achieved Level 1 at 9/23/2014 6:15:28 PM','2014-09-23 18:15:28',0,0,NULL,1),(702,75,64,'Level achieved','Anne Richardson ( tester3 ) in Acme Sales Assoc at 718-Saskatoon has successfully achieved Level 1 at 9/23/2014 6:15:28 PM','2014-09-23 18:15:28',0,0,NULL,1),(703,76,1,'Level achieved','Bob Smith ( tester4 ) in Acme Sales Assoc at Acme - Broad St has successfully achieved Level 1 at 9/23/2014 6:26:33 PM','2014-09-23 18:26:33',0,0,NULL,1),(704,76,2,'Level achieved','Bob Smith ( tester4 ) in Acme Sales Assoc at Acme - Broad St has successfully achieved Level 1 at 9/23/2014 6:26:33 PM','2014-09-23 18:26:33',0,0,NULL,1),(705,76,1,'Level achieved','Tester Four ( tester4 ) in Acme Sales Assoc at Acme - Broad St has successfully achieved Level 3 at 9/23/2014 7:31:11 PM','2014-09-23 19:31:11',0,0,NULL,1),(706,76,2,'Level achieved','Tester Four ( tester4 ) in Acme Sales Assoc at Acme - Broad St has successfully achieved Level 3 at 9/23/2014 7:31:11 PM','2014-09-23 19:31:11',0,0,NULL,1),(707,77,1,'Level achieved','Tester Five ( tester5 ) in Acme Sales Assoc at Tucson Store has successfully achieved Level 3 at 9/23/2014 7:31:19 PM','2014-09-23 19:31:19',0,0,NULL,1),(708,77,64,'Level achieved','Tester Five ( tester5 ) in Acme Sales Assoc at Tucson Store has successfully achieved Level 3 at 9/23/2014 7:31:19 PM','2014-09-23 19:31:19',0,0,NULL,1),(709,77,1,'Level achieved','Tester Five ( tester5 ) in Acme Sales Assoc at Tucson Store has successfully achieved Level 4 at 9/23/2014 7:31:21 PM','2014-09-23 19:31:21',0,0,NULL,1),(710,77,64,'Level achieved','Tester Five ( tester5 ) in Acme Sales Assoc at Tucson Store has successfully achieved Level 4 at 9/23/2014 7:31:21 PM','2014-09-23 19:31:21',0,0,NULL,1),(711,41,1,'Level achieved','Santiago Cruz ( 66666 ) in Acme Sales Assoc at Acme - Broad St has successfully achieved Level 1 at 9/24/2014 10:32:34 AM','2014-09-24 10:32:34',0,0,NULL,1),(712,41,44,'Level achieved','Santiago Cruz ( 66666 ) in Acme Sales Assoc at Acme - Broad St has successfully achieved Level 1 at 9/24/2014 10:32:34 AM','2014-09-24 10:32:34',0,0,NULL,1),(713,73,1,'Points redeemed for reward','Tester One ( tester1 ) in Acme Sales Assoc at Acme - Broad St has redeemed Logo T-shirt for points 25 at 9/24/2014 5:22:56 PM','2014-09-24 17:22:56',0,0,NULL,1),(714,73,54,'Points redeemed for reward','Tester One ( tester1 ) in Acme Sales Assoc at Acme - Broad St has redeemed Logo T-shirt for points 25 at 9/24/2014 5:22:56 PM','2014-09-24 17:22:56',0,0,NULL,1),(715,73,74,'Test subject','Test message','2014-09-24 20:01:05',1,0,NULL,1),(716,74,73,'Re: Test subject','Test reply','2014-09-24 20:01:40',1,1,715,1),(717,69,1,'Award achieved','Aun Haider ( Aun ) in Acme Sales Assoc at Acme - Broad St has successfully won ASE Certification  at 9/25/2014 6:53:02 AM','2014-09-25 06:53:02',0,0,NULL,1),(718,69,44,'Award achieved','Aun Haider ( Aun ) in Acme Sales Assoc at Acme - Broad St has successfully won ASE Certification  at 9/25/2014 6:53:02 AM','2014-09-25 06:53:02',0,0,NULL,1),(719,69,1,'Reset Password','aun has reset their password at 9/25/2014 12:08:57 PM','2014-09-25 07:09:24',0,0,NULL,1),(720,69,1,'Reset Password','Aun has reset their password at 9/25/2014 7:13:43 AM','2014-09-25 07:13:43',0,0,NULL,1),(721,79,1,'Award achieved','Shah sherazi ( shah ) in Acme Sales Assoc at Acme - Broad St has successfully won Sales Contest Gold  at 9/25/2014 12:39:32 PM','2014-09-25 07:39:59',0,0,NULL,1),(722,79,44,'Award achieved','Shah sherazi ( shah ) in Acme Sales Assoc at Acme - Broad St has successfully won Sales Contest Gold  at 9/25/2014 12:39:33 PM','2014-09-25 07:40:00',0,0,NULL,1),(723,79,1,'Level achieved','Shah sherazi ( shah ) in Acme Sales Assoc at Acme - Broad St has successfully achieved Level 2 at 9/25/2014 12:41:10 PM','2014-09-25 07:41:37',0,0,NULL,1),(724,79,44,'Level achieved','Shah sherazi ( shah ) in Acme Sales Assoc at Acme - Broad St has successfully achieved Level 2 at 9/25/2014 12:41:11 PM','2014-09-25 07:41:38',0,0,NULL,1),(725,79,1,'Level achieved','Shah sherazi ( shah ) in Acme Sales Assoc at Acme - Broad St has successfully achieved Level 3 at 9/25/2014 12:41:29 PM','2014-09-25 07:41:56',0,0,NULL,1),(726,79,44,'Level achieved','Shah sherazi ( shah ) in Acme Sales Assoc at Acme - Broad St has successfully achieved Level 3 at 9/25/2014 12:41:30 PM','2014-09-25 07:41:56',0,0,NULL,1),(727,69,1,'Reset Password','Aun has reset their password at 9/25/2014 8:17:08 AM','2014-09-25 08:17:08',0,0,NULL,1),(728,73,1,'Points redeemed for reward','Tester One ( tester1 ) in Acme Sales Assoc at Acme - Broad St has redeemed Logo T-shirt for points 25 at 9/30/2014 10:09:31 PM','2014-09-30 22:09:31',0,0,NULL,1),(729,73,54,'Points redeemed for reward','Tester One ( tester1 ) in Acme Sales Assoc at Acme - Broad St has redeemed Logo T-shirt for points 25 at 9/30/2014 10:09:31 PM','2014-09-30 22:09:31',0,0,NULL,1),(730,73,1,'Points redeemed for reward','Tester One ( tester1 ) in Acme Sales Assoc at Acme - Broad St has redeemed Logo T-shirt for points 25 at 9/30/2014 10:09:38 PM','2014-09-30 22:09:38',0,0,NULL,1),(731,73,54,'Points redeemed for reward','Tester One ( tester1 ) in Acme Sales Assoc at Acme - Broad St has redeemed Logo T-shirt for points 25 at 9/30/2014 10:09:38 PM','2014-09-30 22:09:38',0,0,NULL,1),(732,37,1,'Award achieved','Angela Chang ( 99999 ) in Acme Sales Assoc at Acme - Broad St has successfully won Sales Contest Silver  at 10/13/2014 8:08:04 PM','2014-10-13 20:08:04',0,0,NULL,1),(733,37,44,'Award achieved','Angela Chang ( 99999 ) in Acme Sales Assoc at Acme - Broad St has successfully won Sales Contest Silver  at 10/13/2014 8:08:04 PM','2014-10-13 20:08:04',0,0,NULL,1),(734,37,1,'Award achieved','Angela Chang ( 99999 ) in Acme Sales Assoc at Acme - Broad St has successfully won Sales Contest Silver  at 10/13/2014 8:15:24 PM','2014-10-13 20:15:24',0,0,NULL,1),(735,37,44,'Award achieved','Angela Chang ( 99999 ) in Acme Sales Assoc at Acme - Broad St has successfully won Sales Contest Silver  at 10/13/2014 8:15:24 PM','2014-10-13 20:15:24',0,0,NULL,1),(736,37,1,'Reset Password','99999 has reset their password at 10/13/2014 8:16:37 PM','2014-10-13 20:16:37',0,0,NULL,1),(737,73,1,'Reset Password','tester1 has reset their password at 10/13/2014 8:16:39 PM','2014-10-13 20:16:39',0,0,NULL,1),(738,37,1,'Reset Password','99999 has reset their password at 10/13/2014 8:18:19 PM','2014-10-13 20:18:19',0,0,NULL,1),(739,70,1,'Award achieved','Aleksandra Player ( AleksP ) in Acme Sales Assoc at Acme - Broad St has successfully won Above and Beyond  at 10/13/2014 10:28:27 PM','2014-10-13 22:28:27',0,0,NULL,1),(740,70,44,'Award achieved','Aleksandra Player ( AleksP ) in Acme Sales Assoc at Acme - Broad St has successfully won Above and Beyond  at 10/13/2014 10:28:27 PM','2014-10-13 22:28:27',0,0,NULL,1),(741,40,1,'Reset Password','55555 has reset their password at 10/14/2014 9:06:49 AM','2014-10-14 09:06:49',0,0,NULL,1),(742,69,1,'Award achieved','Aun Haider ( aun ) in Acme Sales Assoc at Acme - Broad St has successfully won Exemplary Customer Service  at 10/14/2014 9:46:38 AM','2014-10-14 09:46:38',0,0,NULL,1),(743,69,44,'Award achieved','Aun Haider ( aun ) in Acme Sales Assoc at Acme - Broad St has successfully won Exemplary Customer Service  at 10/14/2014 9:46:38 AM','2014-10-14 09:46:38',0,0,NULL,1),(744,73,1,'Points redeemed for reward','Tester One ( tester1 ) in Acme Sales Assoc at Acme - Broad St has redeemed Logo T-shirt for points 25 at 10/14/2014 8:53:21 PM','2014-10-14 20:53:21',0,0,NULL,1),(745,73,54,'Points redeemed for reward','Tester One ( tester1 ) in Acme Sales Assoc at Acme - Broad St has redeemed Logo T-shirt for points 25 at 10/14/2014 8:53:21 PM','2014-10-14 20:53:21',0,0,NULL,1),(746,73,1,'Points redeemed for reward','Tester One ( tester1 ) in Acme Sales Assoc at Acme - Broad St has redeemed Logo T-shirt for points 25 at 10/14/2014 8:53:45 PM','2014-10-14 20:53:45',0,0,NULL,1),(747,73,54,'Points redeemed for reward','Tester One ( tester1 ) in Acme Sales Assoc at Acme - Broad St has redeemed Logo T-shirt for points 25 at 10/14/2014 8:53:45 PM','2014-10-14 20:53:45',0,0,NULL,1),(748,41,1,'Award achieved','Santiago Cruz ( 66666 ) in Acme Sales Assoc at Acme - Broad St has successfully won Above and Beyond  at 10/15/2014 8:49:35 AM','2014-10-15 08:49:35',0,0,NULL,1),(749,41,44,'Award achieved','Santiago Cruz ( 66666 ) in Acme Sales Assoc at Acme - Broad St has successfully won Above and Beyond  at 10/15/2014 8:49:35 AM','2014-10-15 08:49:35',0,0,NULL,1),(750,41,1,'Award achieved','Santiago Cruz ( 66666 ) in Acme Sales Assoc at Acme - Broad St has successfully won Above and Beyond  at 10/15/2014 8:49:46 AM','2014-10-15 08:49:46',0,0,NULL,1),(751,41,44,'Award achieved','Santiago Cruz ( 66666 ) in Acme Sales Assoc at Acme - Broad St has successfully won Above and Beyond  at 10/15/2014 8:49:46 AM','2014-10-15 08:49:46',0,0,NULL,1),(752,41,1,'Award achieved','Santiago Cruz ( 66666 ) in Acme Sales Assoc at Acme - Broad St has successfully won Above and Beyond  at 10/15/2014 9:26:31 AM','2014-10-15 09:26:31',0,0,NULL,1),(753,41,44,'Award achieved','Santiago Cruz ( 66666 ) in Acme Sales Assoc at Acme - Broad St has successfully won Above and Beyond  at 10/15/2014 9:26:31 AM','2014-10-15 09:26:31',0,0,NULL,1),(754,41,1,'Award achieved','Santiago Cruz ( 66666 ) in Acme Sales Assoc at Acme - Broad St has successfully won Above and Beyond  at 10/15/2014 9:26:54 AM','2014-10-15 09:26:54',0,0,NULL,1),(755,41,44,'Award achieved','Santiago Cruz ( 66666 ) in Acme Sales Assoc at Acme - Broad St has successfully won Above and Beyond  at 10/15/2014 9:26:54 AM','2014-10-15 09:26:54',0,0,NULL,1),(756,39,1,'Award achieved','Jordan Brown ( 44444 ) in Acme Sales Assoc at Acme - Broad St has successfully won Sales Contest Gold  at 10/20/2014 4:03:39 PM','2014-10-20 11:06:00',0,0,NULL,1),(757,39,44,'Award achieved','Jordan Brown ( 44444 ) in Acme Sales Assoc at Acme - Broad St has successfully won Sales Contest Gold  at 10/20/2014 4:03:41 PM','2014-10-20 11:06:01',0,0,NULL,1),(758,39,1,'Award achieved','Jordan Brown ( 44444 ) in Acme Sales Assoc at Acme - Broad St has successfully won Sales Contest Gold  at 10/20/2014 4:03:50 PM','2014-10-20 11:06:10',0,0,NULL,1),(759,39,44,'Award achieved','Jordan Brown ( 44444 ) in Acme Sales Assoc at Acme - Broad St has successfully won Sales Contest Gold  at 10/20/2014 4:03:51 PM','2014-10-20 11:06:11',0,0,NULL,1),(760,39,1,'Award achieved','Jordan Brown ( 44444 ) in Acme Sales Assoc at Acme - Broad St has successfully won Sales Contest Gold  at 10/20/2014 4:04:18 PM','2014-10-20 11:06:38',0,0,NULL,1),(761,39,44,'Award achieved','Jordan Brown ( 44444 ) in Acme Sales Assoc at Acme - Broad St has successfully won Sales Contest Gold  at 10/20/2014 4:04:19 PM','2014-10-20 11:06:39',0,0,NULL,1),(762,39,1,'Award achieved','Jordan Brown ( 44444 ) in Acme Sales Assoc at Acme - Broad St has successfully won Sales Contest Gold  at 10/20/2014 4:04:29 PM','2014-10-20 11:06:49',0,0,NULL,1),(763,39,44,'Award achieved','Jordan Brown ( 44444 ) in Acme Sales Assoc at Acme - Broad St has successfully won Sales Contest Gold  at 10/20/2014 4:04:30 PM','2014-10-20 11:06:50',0,0,NULL,1),(764,40,1,'Points redeemed for reward','Sandy ( 55555 ) in Acme Sales Assoc at Acme - Broad St has redeemed Logo T-shirt for points 25 at 10/20/2014 4:04:47 PM','2014-10-20 11:07:07',0,0,NULL,1),(765,40,44,'Points redeemed for reward','Sandy ( 55555 ) in Acme Sales Assoc at Acme - Broad St has redeemed Logo T-shirt for points 25 at 10/20/2014 4:04:48 PM','2014-10-20 11:07:08',0,0,NULL,1),(766,39,1,'Award achieved','Jordan Brown ( 44444 ) in Acme Sales Assoc at Acme - Broad St has successfully won Sales Contest Gold  at 10/20/2014 4:05:14 PM','2014-10-20 11:07:35',0,0,NULL,1),(767,39,44,'Award achieved','Jordan Brown ( 44444 ) in Acme Sales Assoc at Acme - Broad St has successfully won Sales Contest Gold  at 10/20/2014 4:05:15 PM','2014-10-20 11:07:36',0,0,NULL,1),(768,39,1,'Award achieved','Jordan Brown ( 44444 ) in Acme Sales Assoc at Acme - Broad St has successfully won Sales Contest Gold  at 10/20/2014 4:05:31 PM','2014-10-20 11:07:52',0,0,NULL,1),(769,39,44,'Award achieved','Jordan Brown ( 44444 ) in Acme Sales Assoc at Acme - Broad St has successfully won Sales Contest Gold  at 10/20/2014 4:05:33 PM','2014-10-20 11:07:53',0,0,NULL,1),(770,39,1,'Award achieved','Jordan Brown ( 44444 ) in Acme Sales Assoc at Acme - Broad St has successfully won Sales Contest Gold  at 10/20/2014 4:05:42 PM','2014-10-20 11:08:02',0,0,NULL,1),(771,39,44,'Award achieved','Jordan Brown ( 44444 ) in Acme Sales Assoc at Acme - Broad St has successfully won Sales Contest Gold  at 10/20/2014 4:05:43 PM','2014-10-20 11:08:03',0,0,NULL,1),(772,39,1,'Award achieved','Jordan Brown ( 44444 ) in Acme Sales Assoc at Acme - Broad St has successfully won Sales Contest Gold  at 10/20/2014 4:05:50 PM','2014-10-20 11:08:11',0,0,NULL,1),(773,39,44,'Award achieved','Jordan Brown ( 44444 ) in Acme Sales Assoc at Acme - Broad St has successfully won Sales Contest Gold  at 10/20/2014 4:05:51 PM','2014-10-20 11:08:12',0,0,NULL,1),(774,39,1,'Award achieved','Jordan Brown ( 44444 ) in Acme Sales Assoc at Acme - Broad St has successfully won Sales Contest Gold  at 10/20/2014 4:06:10 PM','2014-10-20 11:08:30',0,0,NULL,1),(775,39,44,'Award achieved','Jordan Brown ( 44444 ) in Acme Sales Assoc at Acme - Broad St has successfully won Sales Contest Gold  at 10/20/2014 4:06:11 PM','2014-10-20 11:08:31',0,0,NULL,1),(776,39,1,'Award achieved','Jordan Brown ( 44444 ) in Acme Sales Assoc at Acme - Broad St has successfully won Sales Contest Gold  at 10/20/2014 4:06:21 PM','2014-10-20 11:08:41',0,0,NULL,1),(777,39,44,'Award achieved','Jordan Brown ( 44444 ) in Acme Sales Assoc at Acme - Broad St has successfully won Sales Contest Gold  at 10/20/2014 4:06:22 PM','2014-10-20 11:08:42',0,0,NULL,1),(778,39,1,'Award achieved','Jordan Brown ( 44444 ) in Acme Sales Assoc at Acme - Broad St has successfully won Sales Contest Gold  at 10/20/2014 4:07:26 PM','2014-10-20 11:09:48',0,0,NULL,1),(779,39,44,'Award achieved','Jordan Brown ( 44444 ) in Acme Sales Assoc at Acme - Broad St has successfully won Sales Contest Gold  at 10/20/2014 4:07:28 PM','2014-10-20 11:09:50',0,0,NULL,1),(780,39,1,'Award achieved','Jordan Brown ( 44444 ) in Acme Sales Assoc at Acme - Broad St has successfully won Sales Contest Gold  at 10/20/2014 4:09:51 PM','2014-10-20 11:12:13',0,0,NULL,1),(781,39,44,'Award achieved','Jordan Brown ( 44444 ) in Acme Sales Assoc at Acme - Broad St has successfully won Sales Contest Gold  at 10/20/2014 4:09:53 PM','2014-10-20 11:12:15',0,0,NULL,1),(782,39,1,'Award achieved','Jordan Brown ( 44444 ) in Acme Sales Assoc at Acme - Broad St has successfully won Sales Contest Gold  at 10/20/2014 4:10:43 PM','2014-10-20 11:13:04',0,0,NULL,1),(783,39,44,'Award achieved','Jordan Brown ( 44444 ) in Acme Sales Assoc at Acme - Broad St has successfully won Sales Contest Gold  at 10/20/2014 4:10:45 PM','2014-10-20 11:13:06',0,0,NULL,1),(784,39,1,'Points redeemed for reward','Jordan Brown ( 44444 ) in Acme Sales Assoc at Acme - Broad St has redeemed 10% Employee Discount for points 2500 at 10/20/2014 4:10:58 PM','2014-10-20 11:13:19',0,0,NULL,1),(785,39,44,'Points redeemed for reward','Jordan Brown ( 44444 ) in Acme Sales Assoc at Acme - Broad St has redeemed 10% Employee Discount for points 2500 at 10/20/2014 4:11:01 PM','2014-10-20 11:13:23',0,0,NULL,1),(786,40,1,'Points redeemed for reward','Sandy ( 55555 ) in Acme Sales Assoc at Acme - Broad St has redeemed Logo T-shirt for points 25 at 10/20/2014 4:45:20 PM','2014-10-20 11:47:41',0,0,NULL,1),(787,40,44,'Points redeemed for reward','Sandy ( 55555 ) in Acme Sales Assoc at Acme - Broad St has redeemed Logo T-shirt for points 25 at 10/20/2014 4:45:22 PM','2014-10-20 11:47:44',0,0,NULL,1),(788,40,1,'Points redeemed for reward','Sandy ( 55555 ) in Acme Sales Assoc at Acme - Broad St has redeemed Logo T-shirt for points 25 at 10/20/2014 5:10:40 AM','2014-10-20 12:10:35',0,0,NULL,1),(789,40,44,'Points redeemed for reward','Sandy ( 55555 ) in Acme Sales Assoc at Acme - Broad St has redeemed Logo T-shirt for points 25 at 10/20/2014 5:10:43 AM','2014-10-20 12:10:36',0,0,NULL,1),(790,37,1,'Award achieved','Angela Chang ( 99999 ) in Acme Sales Assoc at Acme - Broad St has successfully won Above and Beyond  at 10/22/2014 6:05:08 PM','2014-10-22 18:05:08',0,0,NULL,1),(791,37,44,'Award achieved','Angela Chang ( 99999 ) in Acme Sales Assoc at Acme - Broad St has successfully won Above and Beyond  at 10/22/2014 6:05:08 PM','2014-10-22 18:05:08',0,0,NULL,1),(792,84,1,'Award achieved','Hap Martinez ( hm3 ) in Merchandiser at Tucson Store has successfully won Above and Beyond  at 10/29/2014 9:15:54 AM','2014-10-29 09:15:54',0,0,NULL,1),(793,84,85,'Award achieved','Hap Martinez ( hm3 ) in Merchandiser at Tucson Store has successfully won Above and Beyond  at 10/29/2014 9:15:54 AM','2014-10-29 09:15:54',1,0,NULL,1),(794,85,2,'lfds;lfdl;skjfs','dkfj;dslkfj;dkl','2014-10-29 09:40:13',0,0,NULL,1),(795,85,84,'Re: Award achieved','Congratulations! Great job!\r\n- your manager','2014-10-29 09:41:06',1,1,793,1),(796,84,85,'Re: Re: Award achieved','Thanks for supporting me!','2014-10-29 10:01:03',0,1,795,1),(797,82,1,'Award achieved','Harry Markham ( hm1 ) in Merchandiser at Salt lake city has successfully won Exemplary Customer Service  at 10/30/2014 5:06:10 PM','2014-10-30 17:06:10',0,0,NULL,1),(798,82,85,'Award achieved','Harry Markham ( hm1 ) in Merchandiser at Salt lake city has successfully won Exemplary Customer Service  at 10/30/2014 5:06:10 PM','2014-10-30 17:06:10',0,0,NULL,1),(799,45,1,'Award achieved','Abdul Haseeb ( haseeb ) in Acme Sales Assoc at Acme - Broad St has successfully won Sales Contest Gold  at 11/4/2014 4:43:11 PM','2014-11-04 16:43:11',0,0,NULL,1),(800,45,44,'Award achieved','Abdul Haseeb ( haseeb ) in Acme Sales Assoc at Acme - Broad St has successfully won Sales Contest Gold  at 11/4/2014 4:43:11 PM','2014-11-04 16:43:11',0,0,NULL,1),(801,45,1,'Level achieved','Abdul Haseeb ( haseeb ) in Acme Sales Assoc at Acme - Broad St has successfully achieved Level 3 at 11/4/2014 4:43:15 PM','2014-11-04 16:43:15',0,0,NULL,1),(802,45,44,'Level achieved','Abdul Haseeb ( haseeb ) in Acme Sales Assoc at Acme - Broad St has successfully achieved Level 3 at 11/4/2014 4:43:15 PM','2014-11-04 16:43:15',0,0,NULL,1),(803,45,1,'Level achieved','Abdul Haseeb ( haseeb ) in Acme Sales Assoc at Acme - Broad St has successfully achieved Level 4 at 11/4/2014 4:43:20 PM','2014-11-04 16:43:20',0,0,NULL,1),(804,45,44,'Level achieved','Abdul Haseeb ( haseeb ) in Acme Sales Assoc at Acme - Broad St has successfully achieved Level 4 at 11/4/2014 4:43:20 PM','2014-11-04 16:43:20',0,0,NULL,1),(805,45,1,'Level achieved','Abdul Haseeb ( haseeb ) in Acme Sales Assoc at Acme - Broad St has successfully achieved Level 1 at 11/4/2014 4:43:31 PM','2014-11-04 16:43:31',0,0,NULL,1),(806,45,44,'Level achieved','Abdul Haseeb ( haseeb ) in Acme Sales Assoc at Acme - Broad St has successfully achieved Level 1 at 11/4/2014 4:43:31 PM','2014-11-04 16:43:31',0,0,NULL,1),(807,37,1,'Level achieved','Angela Chang ( 99999 ) in Acme Sales Assoc at Acme - Broad St has successfully achieved Level 2 at 11/5/2014 10:45:03 AM','2014-11-05 10:45:03',0,0,NULL,1),(808,37,44,'Level achieved','Angela Chang ( 99999 ) in Acme Sales Assoc at Acme - Broad St has successfully achieved Level 2 at 11/5/2014 10:45:03 AM','2014-11-05 10:45:03',0,0,NULL,1),(809,37,1,'Award achieved','Angela Chang ( 99999 ) in Acme Sales Assoc at Acme - Broad St has successfully won EA Award-Testing  at 11/5/2014 11:53:51 AM','2014-11-05 11:53:51',0,0,NULL,1),(810,37,44,'Award achieved','Angela Chang ( 99999 ) in Acme Sales Assoc at Acme - Broad St has successfully won EA Award-Testing  at 11/5/2014 11:53:51 AM','2014-11-05 11:53:51',0,0,NULL,1),(811,70,1,'Level achieved','Aleksandra Player ( AleksP ) in Acme Sales Assoc at Acme - Broad St has successfully achieved Level 1 at 11/5/2014 12:12:25 PM','2014-11-05 12:12:25',0,0,NULL,1),(812,70,44,'Level achieved','Aleksandra Player ( AleksP ) in Acme Sales Assoc at Acme - Broad St has successfully achieved Level 1 at 11/5/2014 12:12:25 PM','2014-11-05 12:12:25',0,0,NULL,1),(813,37,1,'Award achieved','Angela Chang ( 99999 ) in Acme Sales Assoc at Acme - Broad St has successfully won Exemplary Customer Service  at 11/5/2014 4:32:07 PM','2014-11-05 16:32:07',0,0,NULL,1),(814,37,44,'Award achieved','Angela Chang ( 99999 ) in Acme Sales Assoc at Acme - Broad St has successfully won Exemplary Customer Service  at 11/5/2014 4:32:07 PM','2014-11-05 16:32:07',0,0,NULL,1),(815,40,1,'Award achieved','Sandy ( 55555 ) in Acme Sales Assoc at Acme - Broad St has successfully won Team Leadership  at 11/6/2014 1:16:22 PM','2014-11-06 13:16:22',0,0,NULL,1),(816,40,44,'Award achieved','Sandy ( 55555 ) in Acme Sales Assoc at Acme - Broad St has successfully won Team Leadership  at 11/6/2014 1:16:22 PM','2014-11-06 13:16:22',0,0,NULL,1),(817,39,1,'Award achieved','Jordan Brown ( 44444 ) in Acme Sales Assoc at Acme - Broad St has successfully won Exemplary Customer Service  at 11/13/2014 11:33:42 AM','2014-11-13 11:33:30',0,0,NULL,1),(818,39,44,'Award achieved','Jordan Brown ( 44444 ) in Acme Sales Assoc at Acme - Broad St has successfully won Exemplary Customer Service  at 11/13/2014 11:33:42 AM','2014-11-13 11:33:30',0,0,NULL,1),(819,39,1,'Points redeemed for reward','Jordan Brown ( 44444 ) in Acme Sales Assoc at Acme - Broad St has redeemed Logo T-shirt for points 25 at 11/13/2014 5:44:38 PM','2014-11-13 17:44:27',0,0,NULL,1),(820,39,44,'Points redeemed for reward','Jordan Brown ( 44444 ) in Acme Sales Assoc at Acme - Broad St has redeemed Logo T-shirt for points 25 at 11/13/2014 5:44:38 PM','2014-11-13 17:44:27',0,0,NULL,1),(821,38,1,'Award achieved','Ricky Avila ( 33333 ) in Acme Sales Assoc at Acme - Broad St has successfully won Above and Beyond  at 11/14/2014 11:24:18 PM','2014-11-14 23:24:18',0,0,NULL,1),(822,38,44,'Award achieved','Ricky Avila ( 33333 ) in Acme Sales Assoc at Acme - Broad St has successfully won Above and Beyond  at 11/14/2014 11:24:18 PM','2014-11-14 23:24:18',0,0,NULL,1),(823,38,1,'Award achieved','Ricky Avila ( 33333 ) in Acme Sales Assoc at Acme - Broad St has successfully won Above and Beyond  at 11/17/2014 7:20:52 PM','2014-11-17 19:20:52',0,0,NULL,1),(824,38,44,'Award achieved','Ricky Avila ( 33333 ) in Acme Sales Assoc at Acme - Broad St has successfully won Above and Beyond  at 11/17/2014 7:20:52 PM','2014-11-17 19:20:52',0,0,NULL,1),(825,73,1,'Award achieved','Tester One ( tester1 ) in Acme Sales Assoc at Acme - Broad St has successfully won Above and Beyond  at 11/17/2014 7:47:07 PM','2014-11-17 19:47:07',0,0,NULL,1),(826,73,54,'Award achieved','Tester One ( tester1 ) in Acme Sales Assoc at Acme - Broad St has successfully won Above and Beyond  at 11/17/2014 7:47:07 PM','2014-11-17 19:47:07',0,0,NULL,1),(827,38,1,'Award achieved','Ricky Avila ( 33333 ) in Acme Sales Assoc at Acme - Broad St has successfully won Employee of the Month  at 11/18/2014 11:39:51 AM','2014-11-18 11:39:51',0,0,NULL,1),(828,38,44,'Award achieved','Ricky Avila ( 33333 ) in Acme Sales Assoc at Acme - Broad St has successfully won Employee of the Month  at 11/18/2014 11:39:51 AM','2014-11-18 11:39:51',0,0,NULL,1),(829,39,1,'Award achieved','Jordan Brown ( 44444 ) in Acme Sales Assoc at Acme - Broad St has successfully won Exemplary Customer Service  at 11/18/2014 12:56:21 PM','2014-11-18 12:56:21',0,0,NULL,1),(830,39,44,'Award achieved','Jordan Brown ( 44444 ) in Acme Sales Assoc at Acme - Broad St has successfully won Exemplary Customer Service  at 11/18/2014 12:56:21 PM','2014-11-18 12:56:21',0,0,NULL,1),(831,41,1,'Award achieved','Santiago Cruz ( 66666 ) in Acme Sales Assoc at Acme - Broad St has successfully won Above and Beyond  at 11/18/2014 12:56:54 PM','2014-11-18 12:56:54',0,0,NULL,1),(832,41,44,'Award achieved','Santiago Cruz ( 66666 ) in Acme Sales Assoc at Acme - Broad St has successfully won Above and Beyond  at 11/18/2014 12:56:54 PM','2014-11-18 12:56:54',0,0,NULL,1),(833,40,1,'Award achieved','Sandy ( 55555 ) in Acme Sales Assoc at Acme - Broad St has successfully won Perfect Attendance - 1 year  at 11/19/2014 11:45:22 AM','2014-11-19 11:45:22',0,0,NULL,1),(834,40,44,'Award achieved','Sandy ( 55555 ) in Acme Sales Assoc at Acme - Broad St has successfully won Perfect Attendance - 1 year  at 11/19/2014 11:45:22 AM','2014-11-19 11:45:22',0,0,NULL,1),(835,90,1,'Reset Password','tester6 has reset their password at 11/20/2014 6:07:20 PM','2014-11-20 18:07:20',0,0,NULL,1),(836,1,1,'Reset Password','admin has reset their password at 11/22/2014 2:15:54 PM','2014-11-22 14:15:55',0,0,NULL,1),(837,1,1,'Reset Password','admin has reset their password at 11/22/2014 2:16:18 PM','2014-11-22 14:16:18',0,0,NULL,1),(838,1,1,'Reset Password','admin has reset their password at 11/22/2014 2:16:18 PM','2014-11-22 14:16:18',0,0,NULL,1),(839,1,1,'Reset Password','admin has reset their password at 11/24/2014 4:31:27 PM','2014-11-24 16:31:27',0,0,NULL,1),(840,40,1,'Award achieved','Sandy ( 55555 ) in Acme Sales Assoc at Acme - Broad St has successfully won Employee of the Month  at 11/25/2014 7:34:25 PM','2014-11-25 19:34:01',0,0,NULL,1),(841,40,44,'Award achieved','Sandy ( 55555 ) in Acme Sales Assoc at Acme - Broad St has successfully won Employee of the Month  at 11/25/2014 7:34:25 PM','2014-11-25 19:34:01',0,0,NULL,1),(842,92,1,'Level achieved','Tester Eight ( tester8 ) in Acme Sales Assoc at Acme - Broad St has successfully achieved Level 1 at 11/25/2014 9:31:09 PM','2014-11-25 21:31:09',0,0,NULL,1),(843,92,44,'Level achieved','Tester Eight ( tester8 ) in Acme Sales Assoc at Acme - Broad St has successfully achieved Level 1 at 11/25/2014 9:31:09 PM','2014-11-25 21:31:09',0,0,NULL,1),(844,40,1,'Award achieved','Sandy ( 55555 ) in Acme Sales Assoc at Acme - Broad St has successfully won Employee of the Month  at 11/25/2014 8:34:59 PM','2014-11-26 02:34:38',0,0,NULL,1),(845,40,44,'Award achieved','Sandy ( 55555 ) in Acme Sales Assoc at Acme - Broad St has successfully won Employee of the Month  at 11/25/2014 8:35:02 PM','2014-11-26 02:34:38',0,0,NULL,1),(846,37,1,'Award achieved','Angela Chang ( 99999 ) in Acme Sales Assoc at Acme - Broad St has successfully won Above and Beyond  at 11/26/2014 4:02:17 AM','2014-11-26 04:01:55',0,0,NULL,1),(847,37,44,'Award achieved','Angela Chang ( 99999 ) in Acme Sales Assoc at Acme - Broad St has successfully won Above and Beyond  at 11/26/2014 4:02:17 AM','2014-11-26 04:01:55',0,0,NULL,1),(848,37,1,'Award achieved','Angela Chang ( 99999 ) in Acme Sales Assoc at Acme - Broad St has successfully won Above and Beyond  at 11/26/2014 4:02:21 AM','2014-11-26 04:01:58',0,0,NULL,1),(849,37,44,'Award achieved','Angela Chang ( 99999 ) in Acme Sales Assoc at Acme - Broad St has successfully won Above and Beyond  at 11/26/2014 4:02:21 AM','2014-11-26 04:01:58',0,0,NULL,1),(850,40,1,'Award achieved','Sandy ( 55555 ) in Acme Sales Assoc at Acme - Broad St has successfully won Employee of the Month  at 11/26/2014 12:08:36 AM','2014-11-26 06:08:13',0,0,NULL,1),(851,40,44,'Award achieved','Sandy ( 55555 ) in Acme Sales Assoc at Acme - Broad St has successfully won Employee of the Month  at 11/26/2014 12:08:37 AM','2014-11-26 06:08:14',0,0,NULL,1),(852,40,1,'Award achieved','Sandy ( 55555 ) in Acme Sales Assoc at Acme - Broad St has successfully won Above and Beyond  at 11/26/2014 5:45:21 PM','2014-11-26 12:45:04',0,0,NULL,1),(853,40,44,'Award achieved','Sandy ( 55555 ) in Acme Sales Assoc at Acme - Broad St has successfully won Above and Beyond  at 11/26/2014 5:45:23 PM','2014-11-26 12:45:05',0,0,NULL,1),(854,37,1,'Award achieved','Angela Chang ( 99999 ) in Acme Sales Assoc at Acme - Broad St has successfully won Above and Beyond  at 11/26/2014 4:39:29 PM','2014-11-26 16:39:29',0,0,NULL,1),(855,37,44,'Award achieved','Angela Chang ( 99999 ) in Acme Sales Assoc at Acme - Broad St has successfully won Above and Beyond  at 11/26/2014 4:39:29 PM','2014-11-26 16:39:29',0,0,NULL,1),(856,41,1,'Award achieved','Santiago Cruz ( 66666 ) in Acme Sales Assoc at Acme - Broad St has successfully won Exemplary Customer Service  at 11/26/2014 8:07:13 PM','2014-11-26 20:07:13',0,0,NULL,1),(857,41,44,'Award achieved','Santiago Cruz ( 66666 ) in Acme Sales Assoc at Acme - Broad St has successfully won Exemplary Customer Service  at 11/26/2014 8:07:13 PM','2014-11-26 20:07:13',0,0,NULL,1),(858,38,1,'Award achieved','Ricky Avila ( 33333 ) in Acme Sales Assoc at Acme - Broad St has successfully won Employee of the Month  at 11/29/2014 3:44:56 PM','2014-11-29 21:46:49',0,0,NULL,1),(859,38,44,'Award achieved','Ricky Avila ( 33333 ) in Acme Sales Assoc at Acme - Broad St has successfully won Employee of the Month  at 11/29/2014 3:44:56 PM','2014-11-29 21:46:49',0,0,NULL,1),(860,38,1,'Award achieved','Ricky Avila ( 33333 ) in Acme Sales Assoc at Acme - Broad St has successfully won Employee of the Month  at 11/29/2014 3:45:04 PM','2014-11-29 21:46:56',0,0,NULL,1),(861,38,44,'Award achieved','Ricky Avila ( 33333 ) in Acme Sales Assoc at Acme - Broad St has successfully won Employee of the Month  at 11/29/2014 3:45:04 PM','2014-11-29 21:46:56',0,0,NULL,1),(862,38,1,'Award achieved','Ricky Avila ( 33333 ) in Acme Sales Assoc at Acme - Broad St has successfully won Employee of the Month  at 11/29/2014 3:46:23 PM','2014-11-29 21:48:15',0,0,NULL,1),(863,38,44,'Award achieved','Ricky Avila ( 33333 ) in Acme Sales Assoc at Acme - Broad St has successfully won Employee of the Month  at 11/29/2014 3:46:23 PM','2014-11-29 21:48:16',0,0,NULL,1),(864,38,1,'Award achieved','Ricky Avila ( 33333 ) in Acme Sales Assoc at Acme - Broad St has successfully won Employee of the Month  at 11/29/2014 6:01:16 PM','2014-11-30 00:03:09',0,0,NULL,1),(865,38,44,'Award achieved','Ricky Avila ( 33333 ) in Acme Sales Assoc at Acme - Broad St has successfully won Employee of the Month  at 11/29/2014 6:01:16 PM','2014-11-30 00:03:09',0,0,NULL,1),(866,38,1,'Award achieved','Ricky Avila ( 33333 ) in Acme Sales Assoc at Acme - Broad St has successfully won Employee of the Month  at 11/29/2014 6:01:19 PM','2014-11-30 00:03:12',0,0,NULL,1),(867,38,44,'Award achieved','Ricky Avila ( 33333 ) in Acme Sales Assoc at Acme - Broad St has successfully won Employee of the Month  at 11/29/2014 6:01:19 PM','2014-11-30 00:03:12',0,0,NULL,1),(868,38,1,'Award achieved','Ricky Avila ( 33333 ) in Acme Sales Assoc at Acme - Broad St has successfully won Employee of the Month  at 11/29/2014 6:01:25 PM','2014-11-30 00:03:18',0,0,NULL,1),(869,38,44,'Award achieved','Ricky Avila ( 33333 ) in Acme Sales Assoc at Acme - Broad St has successfully won Employee of the Month  at 11/29/2014 6:01:25 PM','2014-11-30 00:03:18',0,0,NULL,1),(870,38,1,'Award achieved','Ricky Avila ( 33333 ) in Acme Sales Assoc at Acme - Broad St has successfully won Employee of the Month  at 11/29/2014 6:52:52 PM','2014-11-30 00:54:46',0,0,NULL,1),(871,38,44,'Award achieved','Ricky Avila ( 33333 ) in Acme Sales Assoc at Acme - Broad St has successfully won Employee of the Month  at 11/29/2014 6:52:53 PM','2014-11-30 00:54:46',0,0,NULL,1),(872,38,1,'Award achieved','Ricky Avila ( 33333 ) in Acme Sales Assoc at Acme - Broad St has successfully won Employee of the Month  at 11/29/2014 6:52:59 PM','2014-11-30 00:54:52',0,0,NULL,1),(873,38,44,'Award achieved','Ricky Avila ( 33333 ) in Acme Sales Assoc at Acme - Broad St has successfully won Employee of the Month  at 11/29/2014 6:52:59 PM','2014-11-30 00:54:52',0,0,NULL,1),(874,39,1,'Award achieved','Jordan Brown ( 44444 ) in Acme Sales Assoc at Acme - Broad St has successfully won Team Leadership  at 11/30/2014 1:19:11 AM','2014-11-30 01:19:01',0,0,NULL,1),(875,39,44,'Award achieved','Jordan Brown ( 44444 ) in Acme Sales Assoc at Acme - Broad St has successfully won Team Leadership  at 11/30/2014 1:19:11 AM','2014-11-30 01:19:01',0,0,NULL,1),(876,39,1,'Award achieved','Jordan Brown ( 44444 ) in Acme Sales Assoc at Acme - Broad St has successfully won Team Leadership  at 11/30/2014 1:19:54 AM','2014-11-30 01:19:44',0,0,NULL,1),(877,39,44,'Award achieved','Jordan Brown ( 44444 ) in Acme Sales Assoc at Acme - Broad St has successfully won Team Leadership  at 11/30/2014 1:19:54 AM','2014-11-30 01:19:44',0,0,NULL,1),(878,39,1,'Award achieved','Jordan Brown ( 44444 ) in Acme Sales Assoc at Acme - Broad St has successfully won Team Leadership  at 11/30/2014 1:19:57 AM','2014-11-30 01:19:47',0,0,NULL,1),(879,39,44,'Award achieved','Jordan Brown ( 44444 ) in Acme Sales Assoc at Acme - Broad St has successfully won Team Leadership  at 11/30/2014 1:19:57 AM','2014-11-30 01:19:47',0,0,NULL,1),(880,38,1,'Award achieved','Ricky Avila ( 33333 ) in Acme Sales Assoc at Acme - Broad St has successfully won Employee of the Month  at 11/30/2014 1:20:31 AM','2014-11-30 01:20:21',0,0,NULL,1),(881,38,44,'Award achieved','Ricky Avila ( 33333 ) in Acme Sales Assoc at Acme - Broad St has successfully won Employee of the Month  at 11/30/2014 1:20:31 AM','2014-11-30 01:20:21',0,0,NULL,1),(882,38,1,'Award achieved','Ricky Avila ( 33333 ) in Acme Sales Assoc at Acme - Broad St has successfully won Employee of the Month  at 12/1/2014 3:13:27 PM','2014-12-01 15:13:22',0,0,NULL,1),(883,38,44,'Award achieved','Ricky Avila ( 33333 ) in Acme Sales Assoc at Acme - Broad St has successfully won Employee of the Month  at 12/1/2014 3:13:27 PM','2014-12-01 15:13:22',0,0,NULL,1),(884,39,1,'Award achieved','Jordan Brown ( 44444 ) in Acme Sales Assoc at Acme - Broad St has successfully won Team Leadership  at 12/1/2014 4:36:48 PM','2014-12-01 16:36:48',0,0,NULL,1),(885,39,44,'Award achieved','Jordan Brown ( 44444 ) in Acme Sales Assoc at Acme - Broad St has successfully won Team Leadership  at 12/1/2014 4:36:48 PM','2014-12-01 16:36:48',0,0,NULL,1),(886,73,1,'Award achieved','Tester One ( tester1 ) in Acme Sales Assoc at Acme - Broad St has successfully won Employee of the Month  at 12/1/2014 9:18:13 PM','2014-12-01 21:18:09',0,0,NULL,1),(887,73,54,'Award achieved','Tester One ( tester1 ) in Acme Sales Assoc at Acme - Broad St has successfully won Employee of the Month  at 12/1/2014 9:18:13 PM','2014-12-01 21:18:09',0,0,NULL,1),(888,73,1,'Award achieved','Tester One ( tester1 ) in Acme Sales Assoc at Acme - Broad St has successfully won Employee of the Month  at 12/1/2014 9:18:16 PM','2014-12-01 21:18:12',0,0,NULL,1),(889,73,54,'Award achieved','Tester One ( tester1 ) in Acme Sales Assoc at Acme - Broad St has successfully won Employee of the Month  at 12/1/2014 9:18:16 PM','2014-12-01 21:18:12',0,0,NULL,1),(890,95,1,'Award achieved','Daniella Harvey ( adaniellah ) in Apparel Sales at Acme - Broad St has successfully won Team Leadership  at 12/1/2014 9:32:41 PM','2014-12-01 21:32:41',0,0,NULL,1),(891,95,99,'Award achieved','Daniella Harvey ( adaniellah ) in Apparel Sales at Acme - Broad St has successfully won Team Leadership  at 12/1/2014 9:32:41 PM','2014-12-01 21:32:41',0,0,NULL,1),(892,95,1,'Award achieved','Daniella Harvey ( adaniellah ) in Apparel Sales at Acme - Broad St has successfully won Sales Contest Bronze  at 12/1/2014 9:32:46 PM','2014-12-01 21:32:46',0,0,NULL,1),(893,95,99,'Award achieved','Daniella Harvey ( adaniellah ) in Apparel Sales at Acme - Broad St has successfully won Sales Contest Bronze  at 12/1/2014 9:32:46 PM','2014-12-01 21:32:46',0,0,NULL,1),(894,95,1,'Award achieved','Daniella Harvey ( adaniellah ) in Apparel Sales at Acme - Broad St has successfully won Welcome Aboard  at 12/1/2014 9:32:51 PM','2014-12-01 21:32:51',0,0,NULL,1),(895,95,99,'Award achieved','Daniella Harvey ( adaniellah ) in Apparel Sales at Acme - Broad St has successfully won Welcome Aboard  at 12/1/2014 9:32:51 PM','2014-12-01 21:32:51',0,0,NULL,1),(896,94,1,'Award achieved','Angela Chang ( aangelac ) in Apparel Sales at Acme - Broad St has successfully won Welcome Aboard  at 12/1/2014 9:33:45 PM','2014-12-01 21:33:45',0,0,NULL,1),(897,94,99,'Award achieved','Angela Chang ( aangelac ) in Apparel Sales at Acme - Broad St has successfully won Welcome Aboard  at 12/1/2014 9:33:45 PM','2014-12-01 21:33:45',0,0,NULL,1),(898,96,1,'Award achieved','Jordan Brown ( ajordanb ) in Apparel Sales at Acme - Broad St has successfully won Team Leadership  at 12/1/2014 9:35:03 PM','2014-12-01 21:35:03',0,0,NULL,1),(899,96,99,'Award achieved','Jordan Brown ( ajordanb ) in Apparel Sales at Acme - Broad St has successfully won Team Leadership  at 12/1/2014 9:35:03 PM','2014-12-01 21:35:03',0,0,NULL,1),(900,96,1,'Award achieved','Jordan Brown ( ajordanb ) in Apparel Sales at Acme - Broad St has successfully won Welcome Aboard  at 12/1/2014 9:35:07 PM','2014-12-01 21:35:07',0,0,NULL,1),(901,96,99,'Award achieved','Jordan Brown ( ajordanb ) in Apparel Sales at Acme - Broad St has successfully won Welcome Aboard  at 12/1/2014 9:35:07 PM','2014-12-01 21:35:07',0,0,NULL,1),(902,97,1,'Award achieved','Ricky Avila ( arickya ) in Apparel Sales at Acme - Broad St has successfully won Above and Beyond  at 12/2/2014 5:05:53 PM','2014-12-02 17:05:53',0,0,NULL,1),(903,97,99,'Award achieved','Ricky Avila ( arickya ) in Apparel Sales at Acme - Broad St has successfully won Above and Beyond  at 12/2/2014 5:05:53 PM','2014-12-02 17:05:53',0,0,NULL,1),(904,97,1,'Award achieved','Ricky Avila ( arickya ) in Apparel Sales at Acme - Broad St has successfully won Exemplary Customer Service  at 12/2/2014 5:05:57 PM','2014-12-02 17:05:57',0,0,NULL,1),(905,97,99,'Award achieved','Ricky Avila ( arickya ) in Apparel Sales at Acme - Broad St has successfully won Exemplary Customer Service  at 12/2/2014 5:05:57 PM','2014-12-02 17:05:57',0,0,NULL,1),(906,97,1,'Award achieved','Ricky Avila ( arickya ) in Apparel Sales at Acme - Broad St has successfully won Welcome Aboard  at 12/2/2014 5:06:00 PM','2014-12-02 17:06:00',0,0,NULL,1),(907,97,99,'Award achieved','Ricky Avila ( arickya ) in Apparel Sales at Acme - Broad St has successfully won Welcome Aboard  at 12/2/2014 5:06:00 PM','2014-12-02 17:06:00',0,0,NULL,1),(908,99,95,'you need to work faster','work faster','2014-12-02 19:09:20',0,0,NULL,1),(909,99,95,'you need to work faster','work faster','2014-12-02 19:09:20',0,0,NULL,1),(910,96,1,'Award achieved','Jordan Brown ( ajordanb ) in Apparel Sales at Acme - Broad St has successfully won Above and Beyond  at 12/2/2014 7:10:18 PM','2014-12-02 19:10:18',0,0,NULL,1),(911,96,99,'Award achieved','Jordan Brown ( ajordanb ) in Apparel Sales at Acme - Broad St has successfully won Above and Beyond  at 12/2/2014 7:10:18 PM','2014-12-02 19:10:18',0,0,NULL,1),(912,96,1,'Award achieved','Jordan Brown ( ajordanb ) in Apparel Sales at Acme - Broad St has successfully won Above and Beyond  at 12/2/2014 7:10:19 PM','2014-12-02 19:10:19',0,0,NULL,1),(913,96,99,'Award achieved','Jordan Brown ( ajordanb ) in Apparel Sales at Acme - Broad St has successfully won Above and Beyond  at 12/2/2014 7:10:19 PM','2014-12-02 19:10:19',0,0,NULL,1),(914,40,1,'Award achieved','Sandy ( 55555 ) in Acme Sales Assoc at Acme - Broad St has successfully won Sales Contest Gold  at 12/3/2014 11:05:03 AM','2014-12-03 11:05:03',0,0,NULL,1),(915,40,44,'Award achieved','Sandy ( 55555 ) in Acme Sales Assoc at Acme - Broad St has successfully won Sales Contest Gold  at 12/3/2014 11:05:03 AM','2014-12-03 11:05:03',0,0,NULL,1),(916,39,1,'Award achieved','Jordan Brown ( 44444 ) in Acme Sales Assoc at Acme - Broad St has successfully won Team Leadership  at 12/3/2014 1:31:12 PM','2014-12-03 13:31:13',0,0,NULL,1),(917,39,44,'Award achieved','Jordan Brown ( 44444 ) in Acme Sales Assoc at Acme - Broad St has successfully won Team Leadership  at 12/3/2014 1:31:12 PM','2014-12-03 13:31:14',0,0,NULL,1),(918,39,1,'Award achieved','Jordan Brown ( 44444 ) in Acme Sales Assoc at Acme - Broad St has successfully won Team Leadership  at 12/3/2014 1:31:14 PM','2014-12-03 13:31:15',0,0,NULL,1),(919,39,44,'Award achieved','Jordan Brown ( 44444 ) in Acme Sales Assoc at Acme - Broad St has successfully won Team Leadership  at 12/3/2014 1:31:14 PM','2014-12-03 13:31:16',0,0,NULL,1),(920,39,1,'Award achieved','Jordan Brown ( 44444 ) in Acme Sales Assoc at Acme - Broad St has successfully won Team Leadership  at 12/3/2014 7:52:29 PM','2014-12-03 19:52:31',0,0,NULL,1),(921,39,44,'Award achieved','Jordan Brown ( 44444 ) in Acme Sales Assoc at Acme - Broad St has successfully won Team Leadership  at 12/3/2014 7:52:29 PM','2014-12-03 19:52:31',0,0,NULL,1),(922,39,1,'Award achieved','Jordan Brown ( 44444 ) in Acme Sales Assoc at Acme - Broad St has successfully won Team Leadership  at 12/4/2014 1:32:19 AM','2014-12-04 01:32:22',0,0,NULL,1),(923,39,44,'Award achieved','Jordan Brown ( 44444 ) in Acme Sales Assoc at Acme - Broad St has successfully won Team Leadership  at 12/4/2014 1:32:19 AM','2014-12-04 01:32:22',0,0,NULL,1),(924,39,1,'Award achieved','Jordan Brown ( 44444 ) in Acme Sales Assoc at Acme - Broad St has successfully won Team Leadership  at 12/4/2014 2:53:03 AM','2014-12-04 02:53:06',0,0,NULL,1),(925,39,44,'Award achieved','Jordan Brown ( 44444 ) in Acme Sales Assoc at Acme - Broad St has successfully won Team Leadership  at 12/4/2014 2:53:03 AM','2014-12-04 02:53:07',0,0,NULL,1),(926,39,1,'Award achieved','Jordan Brown ( 44444 ) in Acme Sales Assoc at Acme - Broad St has successfully won Team Leadership  at 12/4/2014 4:41:44 AM','2014-12-04 04:41:47',0,0,NULL,1),(927,39,44,'Award achieved','Jordan Brown ( 44444 ) in Acme Sales Assoc at Acme - Broad St has successfully won Team Leadership  at 12/4/2014 4:41:44 AM','2014-12-04 04:41:47',0,0,NULL,1),(928,37,1,'Award achieved','Angela Chang ( 99999 ) in Acme Sales Assoc at Acme - Broad St has successfully won Exemplary Customer Service  at 12/4/2014 4:57:18 AM','2014-12-04 04:57:21',0,0,NULL,1),(929,37,44,'Award achieved','Angela Chang ( 99999 ) in Acme Sales Assoc at Acme - Broad St has successfully won Exemplary Customer Service  at 12/4/2014 4:57:18 AM','2014-12-04 04:57:21',0,0,NULL,1),(930,39,1,'Award achieved','Jordan Brown ( 44444 ) in Acme Sales Assoc at Acme - Broad St has successfully won Above and Beyond  at 12/4/2014 4:59:45 AM','2014-12-04 04:59:48',0,0,NULL,1),(931,39,44,'Award achieved','Jordan Brown ( 44444 ) in Acme Sales Assoc at Acme - Broad St has successfully won Above and Beyond  at 12/4/2014 4:59:45 AM','2014-12-04 04:59:48',0,0,NULL,1),(932,37,1,'Award achieved','Angela Chang ( 99999 ) in Acme Sales Assoc at Acme - Broad St has successfully won Exemplary Customer Service  at 12/5/2014 3:53:03 PM','2014-12-05 15:53:03',0,0,NULL,1),(933,37,44,'Award achieved','Angela Chang ( 99999 ) in Acme Sales Assoc at Acme - Broad St has successfully won Exemplary Customer Service  at 12/5/2014 3:53:03 PM','2014-12-05 15:53:03',0,0,NULL,1),(934,39,1,'Award achieved','Jordan Brown ( 44444 ) in Acme Sales Assoc at Acme - Broad St has successfully won Above and Beyond  at 12/5/2014 4:53:37 PM','2014-12-05 16:53:37',0,0,NULL,1),(935,39,44,'Award achieved','Jordan Brown ( 44444 ) in Acme Sales Assoc at Acme - Broad St has successfully won Above and Beyond  at 12/5/2014 4:53:37 PM','2014-12-05 16:53:37',0,0,NULL,1),(936,94,1,'Award achieved','Angela Chang ( aangelac ) in Apparel Sales at Acme - Broad St has successfully won Above and Beyond  at 12/5/2014 7:37:32 PM','2014-12-05 19:37:32',0,0,NULL,1),(937,94,99,'Award achieved','Angela Chang ( aangelac ) in Apparel Sales at Acme - Broad St has successfully won Above and Beyond  at 12/5/2014 7:37:32 PM','2014-12-05 19:37:32',0,0,NULL,1),(938,94,1,'Award achieved','Angela Chang ( aangelac ) in Apparel Sales at Acme - Broad St has successfully won Exemplary Customer Service  at 12/5/2014 7:37:41 PM','2014-12-05 19:37:41',0,0,NULL,1),(939,94,99,'Award achieved','Angela Chang ( aangelac ) in Apparel Sales at Acme - Broad St has successfully won Exemplary Customer Service  at 12/5/2014 7:37:41 PM','2014-12-05 19:37:41',0,0,NULL,1),(940,37,1,'Award achieved','Angela Chang ( 99999 ) in Acme Sales Assoc at Acme - Broad St has successfully won Exemplary Customer Service  at 12/8/2014 5:26:17 PM','2014-12-08 17:26:17',0,0,NULL,1),(941,37,44,'Award achieved','Angela Chang ( 99999 ) in Acme Sales Assoc at Acme - Broad St has successfully won Exemplary Customer Service  at 12/8/2014 5:26:17 PM','2014-12-08 17:26:17',0,0,NULL,1),(942,73,1,'Award achieved','Tester One ( tester1 ) in Acme Sales Assoc at Acme - Broad St has successfully won Employee of the Month  at 12/8/2014 6:06:18 PM','2014-12-08 18:06:18',0,0,NULL,1),(943,73,54,'Award achieved','Tester One ( tester1 ) in Acme Sales Assoc at Acme - Broad St has successfully won Employee of the Month  at 12/8/2014 6:06:18 PM','2014-12-08 18:06:18',0,0,NULL,1),(944,38,1,'Award achieved','Ricky Avila ( 33333 ) in Acme Sales Assoc at Acme - Broad St has successfully won Employee of the Month  at 12/8/2014 8:22:43 PM','2014-12-08 20:22:43',0,0,NULL,1),(945,38,44,'Award achieved','Ricky Avila ( 33333 ) in Acme Sales Assoc at Acme - Broad St has successfully won Employee of the Month  at 12/8/2014 8:22:43 PM','2014-12-08 20:22:43',0,0,NULL,1),(946,38,1,'Award achieved','Ricky Avila ( 33333 ) in Acme Sales Assoc at Acme - Broad St has successfully won Employee of the Month  at 12/8/2014 8:22:45 PM','2014-12-08 20:22:45',0,0,NULL,1),(947,38,44,'Award achieved','Ricky Avila ( 33333 ) in Acme Sales Assoc at Acme - Broad St has successfully won Employee of the Month  at 12/8/2014 8:22:45 PM','2014-12-08 20:22:45',0,0,NULL,1),(948,38,1,'Award achieved','Ricky Avila ( 33333 ) in Acme Sales Assoc at Acme - Broad St has successfully won Employee of the Month  at 12/8/2014 8:22:46 PM','2014-12-08 20:22:46',0,0,NULL,1),(949,38,44,'Award achieved','Ricky Avila ( 33333 ) in Acme Sales Assoc at Acme - Broad St has successfully won Employee of the Month  at 12/8/2014 8:22:46 PM','2014-12-08 20:22:46',0,0,NULL,1),(950,37,1,'Award achieved','Angela Chang ( 99999 ) in Acme Sales Assoc at Acme - Broad St has successfully won Above and Beyond  at 12/9/2014 5:09:54 PM','2014-12-09 17:10:15',0,0,NULL,1),(951,37,44,'Award achieved','Angela Chang ( 99999 ) in Acme Sales Assoc at Acme - Broad St has successfully won Above and Beyond  at 12/9/2014 5:09:54 PM','2014-12-09 17:10:15',0,0,NULL,1),(952,37,1,'Award achieved','Angela Chang ( 99999 ) in Acme Sales Assoc at Acme - Broad St has successfully won Above and Beyond  at 12/9/2014 5:09:58 PM','2014-12-09 17:10:18',0,0,NULL,1),(953,37,44,'Award achieved','Angela Chang ( 99999 ) in Acme Sales Assoc at Acme - Broad St has successfully won Above and Beyond  at 12/9/2014 5:09:58 PM','2014-12-09 17:10:18',0,0,NULL,1),(954,37,1,'Award achieved','Angela Chang ( 99999 ) in Acme Sales Assoc at Acme - Broad St has successfully won Above and Beyond  at 12/9/2014 5:10:01 PM','2014-12-09 17:10:21',0,0,NULL,1),(955,37,44,'Award achieved','Angela Chang ( 99999 ) in Acme Sales Assoc at Acme - Broad St has successfully won Above and Beyond  at 12/9/2014 5:10:01 PM','2014-12-09 17:10:21',0,0,NULL,1),(956,38,1,'Award achieved','Ricky Avila ( 33333 ) in Acme Sales Assoc at Acme - Broad St has successfully won Above and Beyond  at 12/9/2014 5:11:22 PM','2014-12-09 17:11:42',0,0,NULL,1),(957,38,44,'Award achieved','Ricky Avila ( 33333 ) in Acme Sales Assoc at Acme - Broad St has successfully won Above and Beyond  at 12/9/2014 5:11:22 PM','2014-12-09 17:11:42',0,0,NULL,1),(958,38,1,'Award achieved','Ricky Avila ( 33333 ) in Acme Sales Assoc at Acme - Broad St has successfully won Above and Beyond  at 12/9/2014 5:11:25 PM','2014-12-09 17:11:46',0,0,NULL,1),(959,38,44,'Award achieved','Ricky Avila ( 33333 ) in Acme Sales Assoc at Acme - Broad St has successfully won Above and Beyond  at 12/9/2014 5:11:25 PM','2014-12-09 17:11:46',0,0,NULL,1),(960,38,1,'Award achieved','Ricky Avila ( 33333 ) in Acme Sales Assoc at Acme - Broad St has successfully won Above and Beyond  at 12/9/2014 5:11:26 PM','2014-12-09 17:11:47',0,0,NULL,1),(961,38,44,'Award achieved','Ricky Avila ( 33333 ) in Acme Sales Assoc at Acme - Broad St has successfully won Above and Beyond  at 12/9/2014 5:11:27 PM','2014-12-09 17:11:47',0,0,NULL,1),(962,38,1,'Award achieved','Ricky Avila ( 33333 ) in Acme Sales Assoc at Acme - Broad St has successfully won Above and Beyond  at 12/9/2014 5:11:27 PM','2014-12-09 17:11:48',0,0,NULL,1),(963,38,44,'Award achieved','Ricky Avila ( 33333 ) in Acme Sales Assoc at Acme - Broad St has successfully won Above and Beyond  at 12/9/2014 5:11:28 PM','2014-12-09 17:11:48',0,0,NULL,1),(964,38,1,'Award achieved','Ricky Avila ( 33333 ) in Acme Sales Assoc at Acme - Broad St has successfully won Above and Beyond  at 12/9/2014 5:11:29 PM','2014-12-09 17:11:49',0,0,NULL,1),(965,38,44,'Award achieved','Ricky Avila ( 33333 ) in Acme Sales Assoc at Acme - Broad St has successfully won Above and Beyond  at 12/9/2014 5:11:29 PM','2014-12-09 17:11:49',0,0,NULL,1),(966,38,1,'Award achieved','Ricky Avila ( 33333 ) in Acme Sales Assoc at Acme - Broad St has successfully won Above and Beyond  at 12/9/2014 5:11:30 PM','2014-12-09 17:11:50',0,0,NULL,1),(967,38,44,'Award achieved','Ricky Avila ( 33333 ) in Acme Sales Assoc at Acme - Broad St has successfully won Above and Beyond  at 12/9/2014 5:11:30 PM','2014-12-09 17:11:50',0,0,NULL,1),(968,38,1,'Award achieved','Ricky Avila ( 33333 ) in Acme Sales Assoc at Acme - Broad St has successfully won Above and Beyond  at 12/9/2014 5:11:31 PM','2014-12-09 17:11:51',0,0,NULL,1),(969,38,44,'Award achieved','Ricky Avila ( 33333 ) in Acme Sales Assoc at Acme - Broad St has successfully won Above and Beyond  at 12/9/2014 5:11:31 PM','2014-12-09 17:11:51',0,0,NULL,1),(970,38,1,'Award achieved','Ricky Avila ( 33333 ) in Acme Sales Assoc at Acme - Broad St has successfully won Above and Beyond  at 12/9/2014 5:11:32 PM','2014-12-09 17:11:52',0,0,NULL,1),(971,38,44,'Award achieved','Ricky Avila ( 33333 ) in Acme Sales Assoc at Acme - Broad St has successfully won Above and Beyond  at 12/9/2014 5:11:32 PM','2014-12-09 17:11:52',0,0,NULL,1),(972,38,1,'Award achieved','Ricky Avila ( 33333 ) in Acme Sales Assoc at Acme - Broad St has successfully won Above and Beyond  at 12/9/2014 5:11:35 PM','2014-12-09 17:11:55',0,0,NULL,1),(973,38,44,'Award achieved','Ricky Avila ( 33333 ) in Acme Sales Assoc at Acme - Broad St has successfully won Above and Beyond  at 12/9/2014 5:11:35 PM','2014-12-09 17:11:55',0,0,NULL,1),(974,38,1,'Award achieved','Ricky Avila ( 33333 ) in Acme Sales Assoc at Acme - Broad St has successfully won Above and Beyond  at 12/9/2014 5:11:36 PM','2014-12-09 17:11:56',0,0,NULL,1),(975,38,44,'Award achieved','Ricky Avila ( 33333 ) in Acme Sales Assoc at Acme - Broad St has successfully won Above and Beyond  at 12/9/2014 5:11:36 PM','2014-12-09 17:11:56',0,0,NULL,1),(976,38,1,'Award achieved','Ricky Avila ( 33333 ) in Acme Sales Assoc at Acme - Broad St has successfully won Above and Beyond  at 12/9/2014 5:11:37 PM','2014-12-09 17:11:57',0,0,NULL,1),(977,38,44,'Award achieved','Ricky Avila ( 33333 ) in Acme Sales Assoc at Acme - Broad St has successfully won Above and Beyond  at 12/9/2014 5:11:37 PM','2014-12-09 17:11:57',0,0,NULL,1),(978,38,1,'Award achieved','Ricky Avila ( 33333 ) in Acme Sales Assoc at Acme - Broad St has successfully won Above and Beyond  at 12/9/2014 5:11:38 PM','2014-12-09 17:11:58',0,0,NULL,1),(979,38,44,'Award achieved','Ricky Avila ( 33333 ) in Acme Sales Assoc at Acme - Broad St has successfully won Above and Beyond  at 12/9/2014 5:11:38 PM','2014-12-09 17:11:59',0,0,NULL,1),(980,38,1,'Award achieved','Ricky Avila ( 33333 ) in Acme Sales Assoc at Acme - Broad St has successfully won Above and Beyond  at 12/9/2014 5:11:44 PM','2014-12-09 17:12:04',0,0,NULL,1),(981,38,44,'Award achieved','Ricky Avila ( 33333 ) in Acme Sales Assoc at Acme - Broad St has successfully won Above and Beyond  at 12/9/2014 5:11:44 PM','2014-12-09 17:12:05',0,0,NULL,1),(982,38,1,'Award achieved','Ricky Avila ( 33333 ) in Acme Sales Assoc at Acme - Broad St has successfully won Above and Beyond  at 12/9/2014 5:11:45 PM','2014-12-09 17:12:05',0,0,NULL,1),(983,38,44,'Award achieved','Ricky Avila ( 33333 ) in Acme Sales Assoc at Acme - Broad St has successfully won Above and Beyond  at 12/9/2014 5:11:45 PM','2014-12-09 17:12:06',0,0,NULL,1),(984,37,1,'Award achieved','Angela Chang ( 99999 ) in Acme Sales Assoc at Acme - Broad St has successfully won Sales Contest Gold  at 12/10/2014 6:00:09 PM','2014-12-10 18:00:34',0,0,NULL,1),(985,37,44,'Award achieved','Angela Chang ( 99999 ) in Acme Sales Assoc at Acme - Broad St has successfully won Sales Contest Gold  at 12/10/2014 6:00:10 PM','2014-12-10 18:00:34',0,0,NULL,1),(986,39,1,'Award achieved','Jordan Brown ( 44444 ) in Acme Sales Assoc at Acme - Broad St has successfully won Team Leadership  at 12/11/2014 2:43:42 PM','2014-12-11 14:44:10',0,0,NULL,1),(987,39,44,'Award achieved','Jordan Brown ( 44444 ) in Acme Sales Assoc at Acme - Broad St has successfully won Team Leadership  at 12/11/2014 2:43:43 PM','2014-12-11 14:44:10',0,0,NULL,1),(988,37,1,'Award achieved','Angela Chang ( 99999 ) in Acme Sales Assoc at Acme - Broad St has successfully won Sales Contest Silver  at 12/13/2014 4:50:06 PM','2014-12-13 16:50:06',0,0,NULL,1),(989,37,44,'Award achieved','Angela Chang ( 99999 ) in Acme Sales Assoc at Acme - Broad St has successfully won Sales Contest Silver  at 12/13/2014 4:50:06 PM','2014-12-13 16:50:06',0,0,NULL,1),(990,39,1,'Award achieved','Jordan Brown ( 44444 ) in Acme Sales Assoc at Acme - Broad St has successfully won Sales Contest Silver  at 12/15/2014 1:06:50 PM','2014-12-15 13:06:50',0,0,NULL,1),(991,39,44,'Award achieved','Jordan Brown ( 44444 ) in Acme Sales Assoc at Acme - Broad St has successfully won Sales Contest Silver  at 12/15/2014 1:06:50 PM','2014-12-15 13:06:50',0,0,NULL,1),(992,38,1,'Award achieved','Ricky Avila ( 33333 ) in Acme Sales Assoc at Acme - Broad St has successfully won Sales Contest Silver  at 12/15/2014 8:05:30 PM','2014-12-15 20:05:30',0,0,NULL,1),(993,38,44,'Award achieved','Ricky Avila ( 33333 ) in Acme Sales Assoc at Acme - Broad St has successfully won Sales Contest Silver  at 12/15/2014 8:05:30 PM','2014-12-15 20:05:30',0,0,NULL,1),(994,73,1,'Award achieved','Tester One ( tester1 ) in Acme Sales Assoc at Acme - Broad St has successfully won Sales Contest Bronze  at 12/15/2014 8:45:05 PM','2014-12-15 20:45:05',0,0,NULL,1),(995,73,54,'Award achieved','Tester One ( tester1 ) in Acme Sales Assoc at Acme - Broad St has successfully won Sales Contest Bronze  at 12/15/2014 8:45:05 PM','2014-12-15 20:45:05',0,0,NULL,1),(996,73,1,'Award achieved','Tester One ( tester1 ) in Acme Sales Assoc at Acme - Broad St has successfully won Sales Contest Gold  at 12/15/2014 8:45:08 PM','2014-12-15 20:45:08',0,0,NULL,1),(997,73,54,'Award achieved','Tester One ( tester1 ) in Acme Sales Assoc at Acme - Broad St has successfully won Sales Contest Gold  at 12/15/2014 8:45:08 PM','2014-12-15 20:45:08',0,0,NULL,1),(998,73,1,'Award achieved','Tester One ( tester1 ) in Acme Sales Assoc at Acme - Broad St has successfully won Above and Beyond  at 12/15/2014 8:45:13 PM','2014-12-15 20:45:13',0,0,NULL,1),(999,73,54,'Award achieved','Tester One ( tester1 ) in Acme Sales Assoc at Acme - Broad St has successfully won Above and Beyond  at 12/15/2014 8:45:13 PM','2014-12-15 20:45:13',0,0,NULL,1),(1000,42,1,'Award achieved','Jessica Ashah ( 77777 ) in Acme Sales Assoc at Acme - Broad St has successfully won Exemplary Customer Service  at 12/15/2014 10:44:44 PM','2014-12-15 22:44:44',0,0,NULL,1),(1001,42,44,'Award achieved','Jessica Ashah ( 77777 ) in Acme Sales Assoc at Acme - Broad St has successfully won Exemplary Customer Service  at 12/15/2014 10:44:44 PM','2014-12-15 22:44:44',0,0,NULL,1),(1002,39,1,'Award achieved','Jordan Brown ( 44444 ) in Acme Sales Assoc at Acme - Broad St has successfully won Sales Contest Gold  at 12/16/2014 5:58:22 PM','2014-12-16 17:58:22',0,0,NULL,1),(1003,39,44,'Award achieved','Jordan Brown ( 44444 ) in Acme Sales Assoc at Acme - Broad St has successfully won Sales Contest Gold  at 12/16/2014 5:58:22 PM','2014-12-16 17:58:22',0,0,NULL,1),(1004,41,1,'Award achieved','Santiago Cruz ( 66666 ) in Acme Sales Assoc at Acme - Broad St has successfully won Sales Contest Silver  at 12/17/2014 11:57:24 AM','2014-12-17 06:57:52',0,0,NULL,1),(1005,41,44,'Award achieved','Santiago Cruz ( 66666 ) in Acme Sales Assoc at Acme - Broad St has successfully won Sales Contest Silver  at 12/17/2014 11:57:25 AM','2014-12-17 06:57:53',0,0,NULL,1),(1006,94,1,'Award achieved','Angela Chang ( aangelac ) in Apparel Sales at Acme - Broad St has successfully won Above and Beyond  at 12/17/2014 4:46:45 PM','2014-12-17 16:46:45',0,0,NULL,1),(1007,94,99,'Award achieved','Angela Chang ( aangelac ) in Apparel Sales at Acme - Broad St has successfully won Above and Beyond  at 12/17/2014 4:46:45 PM','2014-12-17 16:46:45',0,0,NULL,1),(1008,37,1,'Award achieved','Angela Chang ( 99999 ) in Acme Sales Assoc at Acme - Broad St has successfully won Sales Contest Gold  at 12/17/2014 4:50:30 PM','2014-12-17 16:50:30',0,0,NULL,1),(1009,37,44,'Award achieved','Angela Chang ( 99999 ) in Acme Sales Assoc at Acme - Broad St has successfully won Sales Contest Gold  at 12/17/2014 4:50:30 PM','2014-12-17 16:50:30',0,0,NULL,1),(1010,39,1,'Award achieved','Jordan Brown ( 44444 ) in Acme Sales Assoc at Acme - Broad St has successfully won Sales Contest Silver  at 12/17/2014 4:54:46 PM','2014-12-17 16:54:46',0,0,NULL,1),(1011,39,44,'Award achieved','Jordan Brown ( 44444 ) in Acme Sales Assoc at Acme - Broad St has successfully won Sales Contest Silver  at 12/17/2014 4:54:46 PM','2014-12-17 16:54:46',0,0,NULL,1),(1012,42,1,'Award achieved','Jessica Ashah ( 77777 ) in Acme Sales Assoc at Acme - Broad St has successfully won Sales Contest Silver  at 12/17/2014 5:36:12 PM','2014-12-17 17:36:12',0,0,NULL,1),(1013,42,44,'Award achieved','Jessica Ashah ( 77777 ) in Acme Sales Assoc at Acme - Broad St has successfully won Sales Contest Silver  at 12/17/2014 5:36:12 PM','2014-12-17 17:36:12',0,0,NULL,1),(1014,38,1,'Award achieved','Ricky Avila ( 33333 ) in Acme Sales Assoc at Acme - Broad St has successfully won Sales Contest Bronze  at 12/17/2014 10:28:24 PM','2014-12-17 22:28:24',0,0,NULL,1),(1015,38,44,'Award achieved','Ricky Avila ( 33333 ) in Acme Sales Assoc at Acme - Broad St has successfully won Sales Contest Bronze  at 12/17/2014 10:28:24 PM','2014-12-17 22:28:24',0,0,NULL,1),(1016,38,1,'Award achieved','Ricky Avila ( 33333 ) in Acme Sales Assoc at Acme - Broad St has successfully won Sales Contest Silver  at 12/17/2014 10:28:25 PM','2014-12-17 22:28:25',0,0,NULL,1),(1017,38,44,'Award achieved','Ricky Avila ( 33333 ) in Acme Sales Assoc at Acme - Broad St has successfully won Sales Contest Silver  at 12/17/2014 10:28:25 PM','2014-12-17 22:28:25',0,0,NULL,1),(1018,38,1,'Award achieved','Ricky Avila ( 33333 ) in Acme Sales Assoc at Acme - Broad St has successfully won Sales Contest Silver  at 12/17/2014 10:28:26 PM','2014-12-17 22:28:26',0,0,NULL,1),(1019,38,44,'Award achieved','Ricky Avila ( 33333 ) in Acme Sales Assoc at Acme - Broad St has successfully won Sales Contest Silver  at 12/17/2014 10:28:26 PM','2014-12-17 22:28:26',0,0,NULL,1),(1020,38,1,'Award achieved','Ricky Avila ( 33333 ) in Acme Sales Assoc at Acme - Broad St has successfully won Sales Contest Silver  at 12/17/2014 10:28:29 PM','2014-12-17 22:28:29',0,0,NULL,1),(1021,38,44,'Award achieved','Ricky Avila ( 33333 ) in Acme Sales Assoc at Acme - Broad St has successfully won Sales Contest Silver  at 12/17/2014 10:28:29 PM','2014-12-17 22:28:29',0,0,NULL,1),(1022,40,1,'Award achieved','Sandy ( 55555 ) in Acme Sales Assoc at Acme - Broad St has successfully won Sales Contest Silver  at 12/17/2014 10:28:44 PM','2014-12-17 22:28:44',0,0,NULL,1),(1023,40,44,'Award achieved','Sandy ( 55555 ) in Acme Sales Assoc at Acme - Broad St has successfully won Sales Contest Silver  at 12/17/2014 10:28:44 PM','2014-12-17 22:28:44',0,0,NULL,1),(1024,40,1,'Award achieved','Sandy ( 55555 ) in Acme Sales Assoc at Acme - Broad St has successfully won Sales Contest Gold  at 12/17/2014 10:28:47 PM','2014-12-17 22:28:47',0,0,NULL,1),(1025,40,44,'Award achieved','Sandy ( 55555 ) in Acme Sales Assoc at Acme - Broad St has successfully won Sales Contest Gold  at 12/17/2014 10:28:47 PM','2014-12-17 22:28:47',0,0,NULL,1),(1026,41,1,'Award achieved','Santiago Cruz ( 66666 ) in Acme Sales Assoc at Acme - Broad St has successfully won Above and Beyond  at 12/17/2014 10:52:37 PM','2014-12-17 22:52:37',0,0,NULL,1),(1027,41,44,'Award achieved','Santiago Cruz ( 66666 ) in Acme Sales Assoc at Acme - Broad St has successfully won Above and Beyond  at 12/17/2014 10:52:37 PM','2014-12-17 22:52:37',0,0,NULL,1),(1028,37,1,'Award achieved','Angela Chang ( 99999 ) in Acme Sales Assoc at Acme - Broad St has successfully won Above and Beyond  at 12/17/2014 11:05:15 PM','2014-12-17 23:05:15',0,0,NULL,1),(1029,37,44,'Award achieved','Angela Chang ( 99999 ) in Acme Sales Assoc at Acme - Broad St has successfully won Above and Beyond  at 12/17/2014 11:05:15 PM','2014-12-17 23:05:15',0,0,NULL,1),(1030,37,1,'Award achieved','Angela Chang ( 99999 ) in Acme Sales Assoc at Acme - Broad St has successfully won Above and Beyond  at 12/18/2014 7:28:50 PM','2014-12-18 19:28:50',0,0,NULL,1),(1031,37,44,'Award achieved','Angela Chang ( 99999 ) in Acme Sales Assoc at Acme - Broad St has successfully won Above and Beyond  at 12/18/2014 7:28:50 PM','2014-12-18 19:28:50',0,0,NULL,1),(1032,73,1,'Award achieved','Tester One ( tester1 ) in Acme Sales Assoc at Acme - Broad St has successfully won Sales Contest Silver  at 12/23/2014 8:25:18 PM','2014-12-23 20:25:18',0,0,NULL,1),(1033,73,54,'Award achieved','Tester One ( tester1 ) in Acme Sales Assoc at Acme - Broad St has successfully won Sales Contest Silver  at 12/23/2014 8:25:18 PM','2014-12-23 20:25:18',0,0,NULL,1),(1034,40,1,'Award achieved','Sandy ( 55555 ) in Acme Sales Assoc at Acme - Broad St has successfully won Sell $100 In One Day  at 12/23/2014 9:32:04 PM','2014-12-23 21:32:04',0,0,NULL,1),(1035,40,44,'Award achieved','Sandy ( 55555 ) in Acme Sales Assoc at Acme - Broad St has successfully won Sell $100 In One Day  at 12/23/2014 9:32:04 PM','2014-12-23 21:32:04',0,0,NULL,1),(1036,37,1,'Award achieved','Angela Chang ( 99999 ) in Acme Sales Assoc at Acme - Broad St has successfully won Sales Contest Gold  at 12/29/2014 6:37:53 PM','2014-12-29 18:37:53',0,0,NULL,1),(1037,37,44,'Award achieved','Angela Chang ( 99999 ) in Acme Sales Assoc at Acme - Broad St has successfully won Sales Contest Gold  at 12/29/2014 6:37:53 PM','2014-12-29 18:37:53',0,0,NULL,1),(1038,37,1,'Award achieved','Angela Chang ( 99999 ) in Acme Sales Assoc at Acme - Broad St has successfully won Sales Contest Gold  at 1/4/2015 7:40:27 PM','2015-01-04 19:40:27',1,0,NULL,1),(1039,37,44,'Award achieved','Angela Chang ( 99999 ) in Acme Sales Assoc at Acme - Broad St has successfully won Sales Contest Gold  at 1/4/2015 7:40:27 PM','2015-01-04 19:40:27',0,0,NULL,1),(1040,40,1,'Award achieved','Sandy ( 55555 ) in Acme Sales Assoc at Acme - Broad St has successfully won Sales Contest Silver  at 1/8/2015 12:44:15 PM','2015-01-08 12:44:15',0,0,NULL,1),(1041,40,44,'Award achieved','Sandy ( 55555 ) in Acme Sales Assoc at Acme - Broad St has successfully won Sales Contest Silver  at 1/8/2015 12:44:15 PM','2015-01-08 12:44:15',0,0,NULL,1),(1042,40,1,'Award achieved','Sandy ( 55555 ) in Acme Sales Assoc at Acme - Broad St has successfully won Sales Contest Gold  at 1/8/2015 12:44:20 PM','2015-01-08 12:44:20',0,0,NULL,1),(1043,40,44,'Award achieved','Sandy ( 55555 ) in Acme Sales Assoc at Acme - Broad St has successfully won Sales Contest Gold  at 1/8/2015 12:44:20 PM','2015-01-08 12:44:20',0,0,NULL,1),(1044,39,1,'Award achieved','Jordan Brown ( 44444 ) in Acme Sales Assoc at Acme - Broad St has successfully won Sales Contest Silver  at 1/12/2015 7:25:28 PM','2015-01-12 19:24:49',0,0,NULL,1),(1045,39,44,'Award achieved','Jordan Brown ( 44444 ) in Acme Sales Assoc at Acme - Broad St has successfully won Sales Contest Silver  at 1/12/2015 7:25:28 PM','2015-01-12 19:24:50',0,0,NULL,1),(1046,38,1,'Award achieved','Ricky Avila ( 33333 ) in Acme Sales Assoc at Acme - Broad St has successfully won Sales Contest Silver  at 1/18/2015 6:32:16 PM','2015-01-18 18:32:16',0,0,NULL,1),(1047,38,44,'Award achieved','Ricky Avila ( 33333 ) in Acme Sales Assoc at Acme - Broad St has successfully won Sales Contest Silver  at 1/18/2015 6:32:16 PM','2015-01-18 18:32:16',0,0,NULL,1),(1048,38,1,'Award achieved','Ricky Avila ( 33333 ) in Acme Sales Assoc at Acme - Broad St has successfully won Sales Contest Bronze  at 1/18/2015 6:32:18 PM','2015-01-18 18:32:18',0,0,NULL,1),(1049,38,44,'Award achieved','Ricky Avila ( 33333 ) in Acme Sales Assoc at Acme - Broad St has successfully won Sales Contest Bronze  at 1/18/2015 6:32:18 PM','2015-01-18 18:32:18',0,0,NULL,1),(1050,38,1,'Award achieved','Ricky Avila ( 33333 ) in Acme Sales Assoc at Acme - Broad St has successfully won Sales Contest Bronze  at 1/18/2015 6:32:18 PM','2015-01-18 18:32:18',0,0,NULL,1),(1051,38,44,'Award achieved','Ricky Avila ( 33333 ) in Acme Sales Assoc at Acme - Broad St has successfully won Sales Contest Bronze  at 1/18/2015 6:32:18 PM','2015-01-18 18:32:18',0,0,NULL,1),(1052,38,1,'Award achieved','Ricky Avila ( 33333 ) in Acme Sales Assoc at Acme - Broad St has successfully won Team Leadership  at 1/18/2015 6:32:19 PM','2015-01-18 18:32:19',0,0,NULL,1),(1053,38,44,'Award achieved','Ricky Avila ( 33333 ) in Acme Sales Assoc at Acme - Broad St has successfully won Team Leadership  at 1/18/2015 6:32:19 PM','2015-01-18 18:32:19',0,0,NULL,1),(1054,38,1,'Award achieved','Ricky Avila ( 33333 ) in Acme Sales Assoc at Acme - Broad St has successfully won Team Leadership  at 1/18/2015 6:32:21 PM','2015-01-18 18:32:21',0,0,NULL,1),(1055,38,44,'Award achieved','Ricky Avila ( 33333 ) in Acme Sales Assoc at Acme - Broad St has successfully won Team Leadership  at 1/18/2015 6:32:21 PM','2015-01-18 18:32:21',0,0,NULL,1),(1056,38,1,'Award achieved','Ricky Avila ( 33333 ) in Acme Sales Assoc at Acme - Broad St has successfully won Team Leadership  at 1/18/2015 6:32:21 PM','2015-01-18 18:32:21',0,0,NULL,1),(1057,38,44,'Award achieved','Ricky Avila ( 33333 ) in Acme Sales Assoc at Acme - Broad St has successfully won Team Leadership  at 1/18/2015 6:32:21 PM','2015-01-18 18:32:21',0,0,NULL,1),(1058,38,1,'Award achieved','Ricky Avila ( 33333 ) in Acme Sales Assoc at Acme - Broad St has successfully won Team Leadership  at 1/18/2015 6:32:23 PM','2015-01-18 18:32:23',0,0,NULL,1),(1059,38,44,'Award achieved','Ricky Avila ( 33333 ) in Acme Sales Assoc at Acme - Broad St has successfully won Team Leadership  at 1/18/2015 6:32:23 PM','2015-01-18 18:32:23',0,0,NULL,1),(1060,73,1,'Award achieved','Tester One ( tester1 ) in Acme Sales Assoc at Acme - Broad St has successfully won Milestone  at 1/26/2015 6:12:06 PM','2015-01-26 18:12:06',0,0,NULL,1),(1061,73,54,'Award achieved','Tester One ( tester1 ) in Acme Sales Assoc at Acme - Broad St has successfully won Milestone  at 1/26/2015 6:12:06 PM','2015-01-26 18:12:06',0,0,NULL,1),(1062,73,1,'Award achieved','Tester One ( tester1 ) in Acme Sales Assoc at Acme - Broad St has successfully won Sales Contest Silver  at 1/26/2015 6:12:09 PM','2015-01-26 18:12:09',0,0,NULL,1),(1063,73,54,'Award achieved','Tester One ( tester1 ) in Acme Sales Assoc at Acme - Broad St has successfully won Sales Contest Silver  at 1/26/2015 6:12:09 PM','2015-01-26 18:12:09',0,0,NULL,1),(1064,73,1,'Award achieved','Tester One ( tester1 ) in Acme Sales Assoc at Acme - Broad St has successfully won Sell $100 In One Day  at 1/26/2015 6:13:42 PM','2015-01-26 18:13:42',0,0,NULL,1),(1065,73,54,'Award achieved','Tester One ( tester1 ) in Acme Sales Assoc at Acme - Broad St has successfully won Sell $100 In One Day  at 1/26/2015 6:13:42 PM','2015-01-26 18:13:42',0,0,NULL,1),(1066,73,1,'Award achieved','Tester One ( tester1 ) in Acme Sales Assoc at Acme - Broad St has successfully won $1M Sales Milestone  at 1/26/2015 6:13:46 PM','2015-01-26 18:13:46',0,0,NULL,1),(1067,73,54,'Award achieved','Tester One ( tester1 ) in Acme Sales Assoc at Acme - Broad St has successfully won $1M Sales Milestone  at 1/26/2015 6:13:46 PM','2015-01-26 18:13:46',0,0,NULL,1),(1068,37,1,'Award achieved','Angela Chang ( 99999 ) in Acme Sales Assoc at Acme - Broad St has successfully won Sales Contest Silver  at 1/27/2015 8:08:22 PM','2015-01-27 20:08:22',0,0,NULL,1),(1069,37,44,'Award achieved','Angela Chang ( 99999 ) in Acme Sales Assoc at Acme - Broad St has successfully won Sales Contest Silver  at 1/27/2015 8:08:22 PM','2015-01-27 20:08:22',0,0,NULL,1),(1070,40,1,'Award achieved','Sandy ( 55555 ) in Acme Sales Assoc at Acme - Broad St has successfully won Sales Contest Silver  at 2/2/2015 1:09:10 PM','2015-02-02 13:09:10',0,0,NULL,1),(1071,40,44,'Award achieved','Sandy ( 55555 ) in Acme Sales Assoc at Acme - Broad St has successfully won Sales Contest Silver  at 2/2/2015 1:09:10 PM','2015-02-02 13:09:10',0,0,NULL,1),(1072,73,1,'Award achieved','Tester One ( tester1 ) in Acme Sales Assoc at Acme - Broad St has successfully won Sales Contest Gold  at 2/2/2015 4:50:27 PM','2015-02-02 16:50:27',0,0,NULL,1),(1073,73,54,'Award achieved','Tester One ( tester1 ) in Acme Sales Assoc at Acme - Broad St has successfully won Sales Contest Gold  at 2/2/2015 4:50:27 PM','2015-02-02 16:50:27',0,0,NULL,1),(1074,39,1,'Award achieved','Jordan Brown ( 44444 ) in Acme Sales Assoc at Acme - Broad St has successfully won Sales Contest Silver  at 2/4/2015 11:20:20 PM','2015-02-04 23:20:20',0,0,NULL,1),(1075,39,44,'Award achieved','Jordan Brown ( 44444 ) in Acme Sales Assoc at Acme - Broad St has successfully won Sales Contest Silver  at 2/4/2015 11:20:20 PM','2015-02-04 23:20:20',0,0,NULL,1),(1076,38,1,'Award achieved','Ricky Avila ( 33333 ) in Acme Sales Assoc at Acme - Broad St has successfully won Sales Contest Silver  at 2/5/2015 12:00:15 AM','2015-02-05 00:00:15',0,0,NULL,1),(1077,38,44,'Award achieved','Ricky Avila ( 33333 ) in Acme Sales Assoc at Acme - Broad St has successfully won Sales Contest Silver  at 2/5/2015 12:00:15 AM','2015-02-05 00:00:15',0,0,NULL,1),(1078,75,1,'Level achieved','Tester Three ( tester3 ) in Acme Sales Assoc at Acme - Broad St has successfully achieved Level 2 at 2/11/2015 9:38:17 PM','2015-02-11 21:38:17',0,0,NULL,1),(1079,75,44,'Level achieved','Tester Three ( tester3 ) in Acme Sales Assoc at Acme - Broad St has successfully achieved Level 2 at 2/11/2015 9:38:17 PM','2015-02-11 21:38:17',0,0,NULL,1),(1080,100,1,'Level achieved','Tester Nine ( tester9 ) in Acme Sales Assoc at Acme - Broad St has successfully achieved Level 1 at 2/18/2015 8:51:58 PM','2015-02-18 20:51:58',1,0,NULL,1),(1081,100,2,'Level achieved','Tester Nine ( tester9 ) in Acme Sales Assoc at Acme - Broad St has successfully achieved Level 1 at 2/18/2015 8:51:58 PM','2015-02-18 20:51:58',0,0,NULL,1),(1082,40,1,'Award achieved','Sandy ( 55555 ) in Acme Sales Assoc at Acme - Broad St has successfully won Above and Beyond  at 3/4/2015 6:14:34 PM','2015-03-04 13:14:04',0,0,NULL,1),(1083,40,44,'Award achieved','Sandy ( 55555 ) in Acme Sales Assoc at Acme - Broad St has successfully won Above and Beyond  at 3/4/2015 6:14:36 PM','2015-03-04 13:14:05',0,0,NULL,1),(1084,40,1,'Award achieved','Sandy ( 55555 ) in Acme Sales Assoc at Acme - Broad St has successfully won Above and Beyond  at 3/4/2015 6:14:41 PM','2015-03-04 13:14:11',0,0,NULL,1),(1085,40,44,'Award achieved','Sandy ( 55555 ) in Acme Sales Assoc at Acme - Broad St has successfully won Above and Beyond  at 3/4/2015 6:14:42 PM','2015-03-04 13:14:12',0,0,NULL,1),(1086,40,1,'Award achieved','Sandy ( 55555 ) in Acme Sales Assoc at Acme - Broad St has successfully won Above and Beyond  at 3/4/2015 6:14:57 PM','2015-03-04 13:14:27',0,0,NULL,1),(1087,40,44,'Award achieved','Sandy ( 55555 ) in Acme Sales Assoc at Acme - Broad St has successfully won Above and Beyond  at 3/4/2015 6:14:58 PM','2015-03-04 13:14:28',0,0,NULL,1),(1088,41,1,'Award achieved','Santiago Cruz ( 66666 ) in Acme Sales Assoc at Acme - Broad St has successfully won Sales Contest Silver  at 3/11/2015 6:06:06 PM','2015-03-11 18:06:06',0,0,NULL,1),(1089,41,44,'Award achieved','Santiago Cruz ( 66666 ) in Acme Sales Assoc at Acme - Broad St has successfully won Sales Contest Silver  at 3/11/2015 6:06:06 PM','2015-03-11 18:06:06',0,0,NULL,1),(1090,39,1,'Award achieved','Jordan Brown ( 44444 ) in Acme Sales Assoc at Acme - Broad St has successfully won Above and Beyond  at 3/11/2015 6:46:10 PM','2015-03-11 18:46:10',0,0,NULL,1),(1091,39,44,'Award achieved','Jordan Brown ( 44444 ) in Acme Sales Assoc at Acme - Broad St has successfully won Above and Beyond  at 3/11/2015 6:46:10 PM','2015-03-11 18:46:10',0,0,NULL,1),(1092,97,1,'Award achieved','Ricky Avila ( arickya ) in Apparel Sales at Acme - Broad St has successfully won Sales Contest Gold  at 3/19/2015 5:58:29 PM','2015-03-19 17:58:29',0,0,NULL,1),(1093,97,99,'Award achieved','Ricky Avila ( arickya ) in Apparel Sales at Acme - Broad St has successfully won Sales Contest Gold  at 3/19/2015 5:58:29 PM','2015-03-19 17:58:29',0,0,NULL,1),(1094,94,1,'Award achieved','Angela Chang ( AAngelac ) in Apparel Sales at Acme - Broad St has successfully won Exemplary Customer Service  at 3/19/2015 6:48:22 PM','2015-03-19 18:48:22',0,0,NULL,1),(1095,94,99,'Award achieved','Angela Chang ( AAngelac ) in Apparel Sales at Acme - Broad St has successfully won Exemplary Customer Service  at 3/19/2015 6:48:22 PM','2015-03-19 18:48:22',0,0,NULL,1),(1096,95,1,'Award achieved','Daniella Harvey ( adaniellah ) in Apparel Sales at Acme - Broad St has successfully won Exemplary Customer Service  at 3/19/2015 7:53:15 PM','2015-03-19 19:53:15',0,0,NULL,1),(1097,95,99,'Award achieved','Daniella Harvey ( adaniellah ) in Apparel Sales at Acme - Broad St has successfully won Exemplary Customer Service  at 3/19/2015 7:53:15 PM','2015-03-19 19:53:15',0,0,NULL,1),(1098,95,1,'Award achieved','Daniella Harvey ( adaniellah ) in Apparel Sales at Acme - Broad St has successfully won Sales Contest Bronze  at 3/19/2015 7:53:21 PM','2015-03-19 19:53:21',0,0,NULL,1),(1099,95,99,'Award achieved','Daniella Harvey ( adaniellah ) in Apparel Sales at Acme - Broad St has successfully won Sales Contest Bronze  at 3/19/2015 7:53:21 PM','2015-03-19 19:53:21',0,0,NULL,1),(1100,37,1,'Points redeemed for reward','Angela Chang ( 99999 ) in Acme Sales Assoc at Acme - Broad St has redeemed Logo T-shirt for points 25 at 3/30/2015 9:27:42 PM','2015-03-30 21:27:42',0,0,NULL,1),(1101,37,44,'Points redeemed for reward','Angela Chang ( 99999 ) in Acme Sales Assoc at Acme - Broad St has redeemed Logo T-shirt for points 25 at 3/30/2015 9:27:42 PM','2015-03-30 21:27:42',0,0,NULL,1),(1102,37,1,'Award achieved','Angela Chang ( 99999 ) in Acme Sales Assoc at Acme - Broad St has successfully won Sales Contest Silver  at 4/2/2015 4:03:46 PM','2015-04-02 16:03:46',0,0,NULL,1),(1103,37,44,'Award achieved','Angela Chang ( 99999 ) in Acme Sales Assoc at Acme - Broad St has successfully won Sales Contest Silver  at 4/2/2015 4:03:46 PM','2015-04-02 16:03:46',0,0,NULL,1),(1104,73,1,'Award achieved','Tester One ( tester1 ) in Acme Sales Assoc at Acme - Broad St has successfully won Sales Contest Gold  at 4/6/2015 8:29:02 PM','2015-04-06 20:29:02',0,0,NULL,1),(1105,73,54,'Award achieved','Tester One ( tester1 ) in Acme Sales Assoc at Acme - Broad St has successfully won Sales Contest Gold  at 4/6/2015 8:29:02 PM','2015-04-06 20:29:02',0,0,NULL,1),(1106,73,1,'Award achieved','Tester One ( tester1 ) in Acme Sales Assoc at Acme - Broad St has successfully won Sales Contest Gold  at 4/6/2015 8:29:04 PM','2015-04-06 20:29:04',0,0,NULL,1),(1107,73,54,'Award achieved','Tester One ( tester1 ) in Acme Sales Assoc at Acme - Broad St has successfully won Sales Contest Gold  at 4/6/2015 8:29:04 PM','2015-04-06 20:29:04',0,0,NULL,1),(1108,73,1,'Award achieved','Tester One ( tester1 ) in Acme Sales Assoc at Acme - Broad St has successfully won Sales Contest Gold  at 4/6/2015 8:29:04 PM','2015-04-06 20:29:04',0,0,NULL,1),(1109,73,54,'Award achieved','Tester One ( tester1 ) in Acme Sales Assoc at Acme - Broad St has successfully won Sales Contest Gold  at 4/6/2015 8:29:04 PM','2015-04-06 20:29:04',0,0,NULL,1),(1110,73,1,'Award achieved','Tester One ( tester1 ) in Acme Sales Assoc at Acme - Broad St has successfully won Sales Contest Gold  at 4/6/2015 8:29:05 PM','2015-04-06 20:29:05',0,0,NULL,1),(1111,73,54,'Award achieved','Tester One ( tester1 ) in Acme Sales Assoc at Acme - Broad St has successfully won Sales Contest Gold  at 4/6/2015 8:29:05 PM','2015-04-06 20:29:05',0,0,NULL,1),(1112,73,1,'Award achieved','Tester One ( tester1 ) in Acme Sales Assoc at Acme - Broad St has successfully won Sales Contest Gold  at 4/6/2015 8:29:06 PM','2015-04-06 20:29:06',0,0,NULL,1),(1113,73,54,'Award achieved','Tester One ( tester1 ) in Acme Sales Assoc at Acme - Broad St has successfully won Sales Contest Gold  at 4/6/2015 8:29:06 PM','2015-04-06 20:29:06',0,0,NULL,1),(1114,39,1,'Award achieved','Jordan Brown ( 44444 ) in Acme Sales Assoc at Acme - Broad St has successfully won Sales Contest Silver  at 4/23/2015 7:17:54 PM','2015-04-23 19:17:54',0,0,NULL,1),(1115,39,44,'Award achieved','Jordan Brown ( 44444 ) in Acme Sales Assoc at Acme - Broad St has successfully won Sales Contest Silver  at 4/23/2015 7:17:54 PM','2015-04-23 19:17:54',0,0,NULL,1),(1116,39,1,'Award achieved','Jordan Brown ( 44444 ) in Acme Sales Assoc at Acme - Broad St has successfully won Sales Contest Gold  at 4/23/2015 7:17:57 PM','2015-04-23 19:17:57',0,0,NULL,1),(1117,39,44,'Award achieved','Jordan Brown ( 44444 ) in Acme Sales Assoc at Acme - Broad St has successfully won Sales Contest Gold  at 4/23/2015 7:17:57 PM','2015-04-23 19:17:57',0,0,NULL,1),(1118,39,1,'Award achieved','Jordan Brown ( 44444 ) in Acme Sales Assoc at Acme - Broad St has successfully won Above and Beyond  at 4/23/2015 7:18:00 PM','2015-04-23 19:18:00',0,0,NULL,1),(1119,39,44,'Award achieved','Jordan Brown ( 44444 ) in Acme Sales Assoc at Acme - Broad St has successfully won Above and Beyond  at 4/23/2015 7:18:00 PM','2015-04-23 19:18:00',0,0,NULL,1),(1120,39,1,'Award achieved','Jordan Brown ( 44444 ) in Acme Sales Assoc at Acme - Broad St has successfully won Above and Beyond  at 4/23/2015 7:18:03 PM','2015-04-23 19:18:03',0,0,NULL,1),(1121,39,44,'Award achieved','Jordan Brown ( 44444 ) in Acme Sales Assoc at Acme - Broad St has successfully won Above and Beyond  at 4/23/2015 7:18:03 PM','2015-04-23 19:18:03',0,0,NULL,1),(1122,39,1,'Award achieved','Jordan Brown ( 44444 ) in Acme Sales Assoc at Acme - Broad St has successfully won Above and Beyond  at 4/23/2015 7:18:03 PM','2015-04-23 19:18:03',0,0,NULL,1),(1123,39,44,'Award achieved','Jordan Brown ( 44444 ) in Acme Sales Assoc at Acme - Broad St has successfully won Above and Beyond  at 4/23/2015 7:18:03 PM','2015-04-23 19:18:03',0,0,NULL,1),(1124,39,1,'Award achieved','Jordan Brown ( 44444 ) in Acme Sales Assoc at Acme - Broad St has successfully won Above and Beyond  at 4/23/2015 7:18:04 PM','2015-04-23 19:18:04',0,0,NULL,1),(1125,39,44,'Award achieved','Jordan Brown ( 44444 ) in Acme Sales Assoc at Acme - Broad St has successfully won Above and Beyond  at 4/23/2015 7:18:04 PM','2015-04-23 19:18:04',0,0,NULL,1),(1126,40,1,'Award achieved','Sandy ( 55555 ) in Acme Sales Assoc at Acme - Broad St has successfully won Sales Contest Silver  at 4/27/2015 3:47:06 PM','2015-04-27 15:47:06',0,0,NULL,1),(1127,40,44,'Award achieved','Sandy ( 55555 ) in Acme Sales Assoc at Acme - Broad St has successfully won Sales Contest Silver  at 4/27/2015 3:47:06 PM','2015-04-27 15:47:06',0,0,NULL,1),(1128,45,1,'Award achieved','Abdul Haseeb ( haseeb ) in Acme Sales Assoc at Acme - Broad St has successfully won Sales Contest Silver  at 5/14/2015 8:50:31 AM','2015-05-14 08:50:31',0,0,NULL,1),(1129,45,44,'Award achieved','Abdul Haseeb ( haseeb ) in Acme Sales Assoc at Acme - Broad St has successfully won Sales Contest Silver  at 5/14/2015 8:50:31 AM','2015-05-14 08:50:31',0,0,NULL,1),(1130,45,81,'Hello','Hello','2015-05-14 08:52:29',0,0,NULL,1),(1131,38,1,'Level achieved','Ricky Avila ( 33333 ) in Acme Sales Assoc at Acme - Broad St has successfully achieved Level 1 at 6/15/2015 4:59:50 PM','2015-06-15 16:59:50',0,0,NULL,1),(1132,38,44,'Level achieved','Ricky Avila ( 33333 ) in Acme Sales Assoc at Acme - Broad St has successfully achieved Level 1 at 6/15/2015 4:59:50 PM','2015-06-15 16:59:50',0,0,NULL,1),(1133,120,1,'Level achieved','Ash Ahmed ( ash ) in Home Theater Sales Consultant at BestBuy has successfully achieved Level 1 at 6/16/2015 5:32:43 PM','2015-06-16 17:32:43',0,0,NULL,1),(1134,120,2,'Level achieved','Ash Ahmed ( ash ) in Home Theater Sales Consultant at BestBuy has successfully achieved Level 1 at 6/16/2015 5:32:43 PM','2015-06-16 17:32:43',0,0,NULL,1),(1135,119,1,'Level achieved','Dhiraj Gupta ( dhiraj ) in Sale\'s Associate at 7 Eleven has successfully achieved Level 1 at 6/16/2015 6:56:44 PM','2015-06-16 18:56:44',0,0,NULL,1),(1136,119,2,'Level achieved','Dhiraj Gupta ( dhiraj ) in Sale\'s Associate at 7 Eleven has successfully achieved Level 1 at 6/16/2015 6:56:44 PM','2015-06-16 18:56:44',0,0,NULL,1),(1137,119,1,'Level achieved','Dhiraj Gupta ( dhiraj ) in Sale\'s Associate at 7 Eleven has successfully achieved Level 1 at 6/16/2015 8:07:56 PM','2015-06-16 20:07:56',0,0,NULL,1),(1138,119,2,'Level achieved','Dhiraj Gupta ( dhiraj ) in Sale\'s Associate at 7 Eleven has successfully achieved Level 1 at 6/16/2015 8:07:56 PM','2015-06-16 20:07:56',0,0,NULL,1),(1139,120,1,'Level achieved','Ash Ahmed ( ash ) in Home Theater Sales Consultant at BestBuy has successfully achieved Level 1 at 6/16/2015 8:08:17 PM','2015-06-16 20:08:17',0,0,NULL,1),(1140,120,2,'Level achieved','Ash Ahmed ( ash ) in Home Theater Sales Consultant at BestBuy has successfully achieved Level 1 at 6/16/2015 8:08:17 PM','2015-06-16 20:08:17',0,0,NULL,1),(1141,119,1,'Points redeemed for reward','Dhiraj Gupta ( dhiraj ) in Sale\'s Associate at 7 Eleven has redeemed Logo T-shirt for points 25 at 6/16/2015 8:10:25 PM','2015-06-16 20:10:25',0,0,NULL,1),(1142,119,2,'Points redeemed for reward','Dhiraj Gupta ( dhiraj ) in Sale\'s Associate at 7 Eleven has redeemed Logo T-shirt for points 25 at 6/16/2015 8:10:25 PM','2015-06-16 20:10:25',0,0,NULL,1),(1143,119,1,'Points redeemed for reward','Dhiraj Gupta ( dhiraj ) in Sale\'s Associate at 7 Eleven has redeemed Logo T-shirt for points 25 at 6/16/2015 8:13:19 PM','2015-06-16 20:13:19',0,0,NULL,1),(1144,119,2,'Points redeemed for reward','Dhiraj Gupta ( dhiraj ) in Sale\'s Associate at 7 Eleven has redeemed Logo T-shirt for points 25 at 6/16/2015 8:13:19 PM','2015-06-16 20:13:19',0,0,NULL,1),(1145,119,1,'Level achieved','Dhiraj Gupta ( dhiraj ) in Home Theater Sales Consultant at BestBuy has successfully achieved Level 2 at 6/17/2015 2:25:23 PM','2015-06-17 14:25:23',0,0,NULL,1),(1146,119,2,'Level achieved','Dhiraj Gupta ( dhiraj ) in Home Theater Sales Consultant at BestBuy has successfully achieved Level 2 at 6/17/2015 2:25:23 PM','2015-06-17 14:25:23',0,0,NULL,1),(1147,119,1,'Level achieved','Dhiraj Gupta ( dhiraj ) in Home Theater Sales Consultant at BestBuy has successfully achieved Level 2 at 6/17/2015 2:25:26 PM','2015-06-17 14:25:26',0,0,NULL,1),(1148,119,2,'Level achieved','Dhiraj Gupta ( dhiraj ) in Home Theater Sales Consultant at BestBuy has successfully achieved Level 2 at 6/17/2015 2:25:26 PM','2015-06-17 14:25:26',0,0,NULL,1),(1149,119,1,'Level achieved','Dhiraj Gupta ( dhiraj ) in Home Theater Sales Consultant at BestBuy has successfully achieved Level 2 at 6/17/2015 2:25:28 PM','2015-06-17 14:25:28',0,0,NULL,1),(1150,119,2,'Level achieved','Dhiraj Gupta ( dhiraj ) in Home Theater Sales Consultant at BestBuy has successfully achieved Level 2 at 6/17/2015 2:25:28 PM','2015-06-17 14:25:28',0,0,NULL,1),(1151,119,1,'Level achieved','Dhiraj Gupta ( dhiraj ) in Home Theater Sales Consultant at BestBuy has successfully achieved Level 2 at 6/17/2015 2:25:29 PM','2015-06-17 14:25:29',0,0,NULL,1),(1152,119,2,'Level achieved','Dhiraj Gupta ( dhiraj ) in Home Theater Sales Consultant at BestBuy has successfully achieved Level 2 at 6/17/2015 2:25:29 PM','2015-06-17 14:25:29',0,0,NULL,1),(1153,119,1,'Level achieved','Dhiraj Gupta ( dhiraj ) in Home Theater Sales Consultant at BestBuy has successfully achieved Level 2 at 6/17/2015 2:25:29 PM','2015-06-17 14:25:29',0,0,NULL,1),(1154,119,2,'Level achieved','Dhiraj Gupta ( dhiraj ) in Home Theater Sales Consultant at BestBuy has successfully achieved Level 2 at 6/17/2015 2:25:29 PM','2015-06-17 14:25:29',0,0,NULL,1),(1155,119,1,'Level achieved','Dhiraj Gupta ( dhiraj ) in Home Theater Sales Consultant at BestBuy has successfully achieved Level 1 at 6/17/2015 2:29:19 PM','2015-06-17 14:29:19',0,0,NULL,1),(1156,119,2,'Level achieved','Dhiraj Gupta ( dhiraj ) in Home Theater Sales Consultant at BestBuy has successfully achieved Level 1 at 6/17/2015 2:29:19 PM','2015-06-17 14:29:19',0,0,NULL,1),(1157,119,1,'Level achieved','Dhiraj Gupta ( dhiraj ) in Sale\'s Associate at 7 Eleven has successfully achieved Level 2 at 6/17/2015 2:32:11 PM','2015-06-17 14:32:11',0,0,NULL,1),(1158,119,2,'Level achieved','Dhiraj Gupta ( dhiraj ) in Sale\'s Associate at 7 Eleven has successfully achieved Level 2 at 6/17/2015 2:32:11 PM','2015-06-17 14:32:11',0,0,NULL,1),(1159,119,1,'Level achieved','Dhiraj Gupta ( dhiraj ) in Sale\'s Associate at 7 Eleven has successfully achieved Level 3 at 6/17/2015 2:43:52 PM','2015-06-17 14:43:52',0,0,NULL,1),(1160,119,2,'Level achieved','Dhiraj Gupta ( dhiraj ) in Sale\'s Associate at 7 Eleven has successfully achieved Level 3 at 6/17/2015 2:43:52 PM','2015-06-17 14:43:52',0,0,NULL,1),(1161,119,1,'Level achieved','Dhiraj Gupta ( dhiraj ) in Sale\'s Associate at 7 Eleven has successfully achieved Level 3 at 6/17/2015 2:43:54 PM','2015-06-17 14:43:54',0,0,NULL,1),(1162,119,2,'Level achieved','Dhiraj Gupta ( dhiraj ) in Sale\'s Associate at 7 Eleven has successfully achieved Level 3 at 6/17/2015 2:43:54 PM','2015-06-17 14:43:54',0,0,NULL,1),(1163,119,1,'Level achieved','Dhiraj Gupta ( dhiraj ) in Sale\'s Associate at 7 Eleven has successfully achieved Level 3 at 6/17/2015 2:43:55 PM','2015-06-17 14:43:55',0,0,NULL,1),(1164,119,2,'Level achieved','Dhiraj Gupta ( dhiraj ) in Sale\'s Associate at 7 Eleven has successfully achieved Level 3 at 6/17/2015 2:43:55 PM','2015-06-17 14:43:55',0,0,NULL,1),(1165,119,1,'Level achieved','Dhiraj Gupta ( dhiraj ) in Sale\'s Associate at 7 Eleven has successfully achieved Level 3 at 6/17/2015 2:43:55 PM','2015-06-17 14:43:55',0,0,NULL,1),(1166,119,2,'Level achieved','Dhiraj Gupta ( dhiraj ) in Sale\'s Associate at 7 Eleven has successfully achieved Level 3 at 6/17/2015 2:43:55 PM','2015-06-17 14:43:55',0,0,NULL,1),(1167,119,1,'Level achieved','Dhiraj Gupta ( dhiraj ) in Sale\'s Associate at 7 Eleven has successfully achieved Level 3 at 6/17/2015 2:43:56 PM','2015-06-17 14:43:56',0,0,NULL,1),(1168,119,2,'Level achieved','Dhiraj Gupta ( dhiraj ) in Sale\'s Associate at 7 Eleven has successfully achieved Level 3 at 6/17/2015 2:43:56 PM','2015-06-17 14:43:56',0,0,NULL,1),(1169,119,1,'Level achieved','Dhiraj Gupta ( dhiraj ) in Sale\'s Associate at 7 Eleven has successfully achieved Level 3 at 6/17/2015 2:43:56 PM','2015-06-17 14:43:56',0,0,NULL,1),(1170,119,2,'Level achieved','Dhiraj Gupta ( dhiraj ) in Sale\'s Associate at 7 Eleven has successfully achieved Level 3 at 6/17/2015 2:43:56 PM','2015-06-17 14:43:56',0,0,NULL,1),(1171,119,1,'Level achieved','Dhiraj Gupta ( dhiraj ) in Sale\'s Associate at 7 Eleven has successfully achieved Level 3 at 6/17/2015 2:43:58 PM','2015-06-17 14:43:58',0,0,NULL,1),(1172,119,2,'Level achieved','Dhiraj Gupta ( dhiraj ) in Sale\'s Associate at 7 Eleven has successfully achieved Level 3 at 6/17/2015 2:43:58 PM','2015-06-17 14:43:58',0,0,NULL,1),(1173,119,1,'Level achieved','Dhiraj Gupta ( dhiraj ) in Sale\'s Associate at 7 Eleven has successfully achieved Level 3 at 6/17/2015 2:43:58 PM','2015-06-17 14:43:58',0,0,NULL,1),(1174,119,2,'Level achieved','Dhiraj Gupta ( dhiraj ) in Sale\'s Associate at 7 Eleven has successfully achieved Level 3 at 6/17/2015 2:43:58 PM','2015-06-17 14:43:58',0,0,NULL,1),(1175,120,1,'Level achieved','Ash Ahmed ( ash ) in Home Theater Sales Consultant at BestBuy has successfully achieved Level 2 at 6/17/2015 3:11:49 PM','2015-06-17 15:11:49',0,0,NULL,1),(1176,120,2,'Level achieved','Ash Ahmed ( ash ) in Home Theater Sales Consultant at BestBuy has successfully achieved Level 2 at 6/17/2015 3:11:49 PM','2015-06-17 15:11:49',0,0,NULL,1),(1177,125,1,'Level achieved','tester gupta ( tester28 ) in Sale\'s Associate at 7 Eleven has successfully achieved Level 1 at 6/17/2015 3:25:17 PM','2015-06-17 15:25:17',0,0,NULL,1),(1178,125,2,'Level achieved','tester gupta ( tester28 ) in Sale\'s Associate at 7 Eleven has successfully achieved Level 1 at 6/17/2015 3:25:17 PM','2015-06-17 15:25:17',0,0,NULL,1),(1179,125,1,'Level achieved','tester gupta ( tester28 ) in Sale\'s Associate at 7 Eleven has successfully achieved Level 2 at 6/17/2015 3:28:46 PM','2015-06-17 15:28:46',0,0,NULL,1),(1180,125,2,'Level achieved','tester gupta ( tester28 ) in Sale\'s Associate at 7 Eleven has successfully achieved Level 2 at 6/17/2015 3:28:46 PM','2015-06-17 15:28:46',0,0,NULL,1),(1181,125,1,'Level achieved','tester gupta ( tester28 ) in Sale\'s Associate at 7 Eleven has successfully achieved Level 1 at 6/17/2015 3:33:53 PM','2015-06-17 15:33:53',0,0,NULL,1),(1182,125,2,'Level achieved','tester gupta ( tester28 ) in Sale\'s Associate at 7 Eleven has successfully achieved Level 1 at 6/17/2015 3:33:53 PM','2015-06-17 15:33:53',0,0,NULL,1),(1183,125,1,'Level achieved','tester gupta ( tester28 ) in Sale\'s Associate at 7 Eleven has successfully achieved Level 1 at 6/17/2015 3:33:54 PM','2015-06-17 15:33:54',0,0,NULL,1),(1184,125,2,'Level achieved','tester gupta ( tester28 ) in Sale\'s Associate at 7 Eleven has successfully achieved Level 1 at 6/17/2015 3:33:54 PM','2015-06-17 15:33:54',0,0,NULL,1),(1185,125,1,'Level achieved','tester gupta ( tester28 ) in Sale\'s Associate at 7 Eleven has successfully achieved Level 1 at 6/17/2015 3:33:57 PM','2015-06-17 15:33:57',0,0,NULL,1),(1186,125,2,'Level achieved','tester gupta ( tester28 ) in Sale\'s Associate at 7 Eleven has successfully achieved Level 1 at 6/17/2015 3:33:57 PM','2015-06-17 15:33:57',0,0,NULL,1),(1187,125,1,'Level achieved','tester gupta ( tester28 ) in Sale\'s Associate at 7 Eleven has successfully achieved Level 1 at 6/17/2015 3:33:57 PM','2015-06-17 15:33:57',0,0,NULL,1),(1188,125,2,'Level achieved','tester gupta ( tester28 ) in Sale\'s Associate at 7 Eleven has successfully achieved Level 1 at 6/17/2015 3:33:57 PM','2015-06-17 15:33:57',0,0,NULL,1),(1189,125,1,'Level achieved','tester gupta ( tester28 ) in Sale\'s Associate at 7 Eleven has successfully achieved Level 1 at 6/17/2015 3:33:58 PM','2015-06-17 15:33:58',0,0,NULL,1),(1190,125,2,'Level achieved','tester gupta ( tester28 ) in Sale\'s Associate at 7 Eleven has successfully achieved Level 1 at 6/17/2015 3:33:58 PM','2015-06-17 15:33:58',0,0,NULL,1),(1191,125,1,'Level achieved','tester gupta ( tester28 ) in Sale\'s Associate at 7 Eleven has successfully achieved Level 1 at 6/17/2015 3:33:58 PM','2015-06-17 15:33:58',0,0,NULL,1),(1192,125,2,'Level achieved','tester gupta ( tester28 ) in Sale\'s Associate at 7 Eleven has successfully achieved Level 1 at 6/17/2015 3:33:58 PM','2015-06-17 15:33:58',0,0,NULL,1),(1193,119,1,'Level achieved','Dhiraj Gupta ( dhiraj ) in Sale\'s Associate at 7 Eleven has successfully achieved Level 1 at 6/17/2015 3:37:06 PM','2015-06-17 15:37:06',0,0,NULL,1),(1194,119,2,'Level achieved','Dhiraj Gupta ( dhiraj ) in Sale\'s Associate at 7 Eleven has successfully achieved Level 1 at 6/17/2015 3:37:06 PM','2015-06-17 15:37:06',0,0,NULL,1),(1195,119,1,'Level achieved','Dhiraj Gupta ( dhiraj ) in Sale\'s Associate at 7 Eleven has successfully achieved Level 1 at 6/17/2015 3:37:07 PM','2015-06-17 15:37:07',0,0,NULL,1),(1196,119,2,'Level achieved','Dhiraj Gupta ( dhiraj ) in Sale\'s Associate at 7 Eleven has successfully achieved Level 1 at 6/17/2015 3:37:07 PM','2015-06-17 15:37:07',0,0,NULL,1),(1197,119,1,'Level achieved','Dhiraj Gupta ( dhiraj ) in Sale\'s Associate at 7 Eleven has successfully achieved Level 1 at 6/17/2015 3:37:09 PM','2015-06-17 15:37:09',0,0,NULL,1),(1198,119,2,'Level achieved','Dhiraj Gupta ( dhiraj ) in Sale\'s Associate at 7 Eleven has successfully achieved Level 1 at 6/17/2015 3:37:09 PM','2015-06-17 15:37:09',0,0,NULL,1),(1199,119,1,'Level achieved','Dhiraj Gupta ( dhiraj ) in Sale\'s Associate at 7 Eleven has successfully achieved Level 1 at 6/17/2015 3:37:09 PM','2015-06-17 15:37:09',0,0,NULL,1),(1200,119,2,'Level achieved','Dhiraj Gupta ( dhiraj ) in Sale\'s Associate at 7 Eleven has successfully achieved Level 1 at 6/17/2015 3:37:09 PM','2015-06-17 15:37:09',0,0,NULL,1),(1201,119,1,'Level achieved','Dhiraj Gupta ( dhiraj ) in Sale\'s Associate at 7 Eleven has successfully achieved Level 1 at 6/17/2015 3:37:09 PM','2015-06-17 15:37:09',0,0,NULL,1),(1202,119,2,'Level achieved','Dhiraj Gupta ( dhiraj ) in Sale\'s Associate at 7 Eleven has successfully achieved Level 1 at 6/17/2015 3:37:09 PM','2015-06-17 15:37:09',0,0,NULL,1),(1203,119,1,'Level achieved','Dhiraj Gupta ( dhiraj ) in Sale\'s Associate at 7 Eleven has successfully achieved Level 1 at 6/17/2015 3:37:10 PM','2015-06-17 15:37:10',0,0,NULL,1),(1204,119,2,'Level achieved','Dhiraj Gupta ( dhiraj ) in Sale\'s Associate at 7 Eleven has successfully achieved Level 1 at 6/17/2015 3:37:10 PM','2015-06-17 15:37:10',0,0,NULL,1),(1205,119,1,'Level achieved','Dhiraj Gupta ( dhiraj ) in Sale\'s Associate at 7 Eleven has successfully achieved Level 1 at 6/17/2015 3:37:10 PM','2015-06-17 15:37:10',0,0,NULL,1),(1206,119,2,'Level achieved','Dhiraj Gupta ( dhiraj ) in Sale\'s Associate at 7 Eleven has successfully achieved Level 1 at 6/17/2015 3:37:10 PM','2015-06-17 15:37:10',0,0,NULL,1),(1207,119,1,'Level achieved','Dhiraj Gupta ( dhiraj ) in Sale\'s Associate at 7 Eleven has successfully achieved Level 1 at 6/17/2015 3:37:10 PM','2015-06-17 15:37:10',0,0,NULL,1),(1208,119,2,'Level achieved','Dhiraj Gupta ( dhiraj ) in Sale\'s Associate at 7 Eleven has successfully achieved Level 1 at 6/17/2015 3:37:10 PM','2015-06-17 15:37:10',0,0,NULL,1),(1209,119,1,'Level achieved','Dhiraj Gupta ( dhiraj ) in Sale\'s Associate at 7 Eleven has successfully achieved Level 1 at 6/17/2015 3:37:10 PM','2015-06-17 15:37:10',0,0,NULL,1),(1210,119,2,'Level achieved','Dhiraj Gupta ( dhiraj ) in Sale\'s Associate at 7 Eleven has successfully achieved Level 1 at 6/17/2015 3:37:10 PM','2015-06-17 15:37:10',0,0,NULL,1),(1211,119,1,'Level achieved','Dhiraj Gupta ( dhiraj ) in Sale\'s Associate at 7 Eleven has successfully achieved Level 1 at 6/17/2015 3:37:11 PM','2015-06-17 15:37:11',0,0,NULL,1),(1212,119,2,'Level achieved','Dhiraj Gupta ( dhiraj ) in Sale\'s Associate at 7 Eleven has successfully achieved Level 1 at 6/17/2015 3:37:11 PM','2015-06-17 15:37:11',0,0,NULL,1),(1213,119,1,'Level achieved','Dhiraj Gupta ( dhiraj ) in Sale\'s Associate at 7 Eleven has successfully achieved Level 1 at 6/17/2015 3:37:12 PM','2015-06-17 15:37:12',0,0,NULL,1),(1214,119,2,'Level achieved','Dhiraj Gupta ( dhiraj ) in Sale\'s Associate at 7 Eleven has successfully achieved Level 1 at 6/17/2015 3:37:12 PM','2015-06-17 15:37:12',0,0,NULL,1),(1215,119,1,'Level achieved','Dhiraj Gupta ( dhiraj ) in Sale\'s Associate at 7 Eleven has successfully achieved Level 1 at 6/17/2015 3:37:13 PM','2015-06-17 15:37:13',0,0,NULL,1),(1216,119,2,'Level achieved','Dhiraj Gupta ( dhiraj ) in Sale\'s Associate at 7 Eleven has successfully achieved Level 1 at 6/17/2015 3:37:13 PM','2015-06-17 15:37:13',0,0,NULL,1),(1217,119,1,'Level achieved','Dhiraj Gupta ( dhiraj ) in Sale\'s Associate at 7 Eleven has successfully achieved Level 1 at 6/17/2015 3:37:13 PM','2015-06-17 15:37:13',0,0,NULL,1),(1218,119,2,'Level achieved','Dhiraj Gupta ( dhiraj ) in Sale\'s Associate at 7 Eleven has successfully achieved Level 1 at 6/17/2015 3:37:13 PM','2015-06-17 15:37:13',0,0,NULL,1),(1219,119,1,'Level achieved','Dhiraj Gupta ( dhiraj ) in Sale\'s Associate at 7 Eleven has successfully achieved Level 1 at 6/17/2015 3:37:14 PM','2015-06-17 15:37:14',0,0,NULL,1),(1220,119,2,'Level achieved','Dhiraj Gupta ( dhiraj ) in Sale\'s Associate at 7 Eleven has successfully achieved Level 1 at 6/17/2015 3:37:14 PM','2015-06-17 15:37:14',0,0,NULL,1),(1221,120,1,'Level achieved','Ash Ahmed ( ash ) in Sale\'s Associate at 7 Eleven has successfully achieved Level 1 at 6/17/2015 3:48:25 PM','2015-06-17 15:48:25',0,0,NULL,1),(1222,120,2,'Level achieved','Ash Ahmed ( ash ) in Sale\'s Associate at 7 Eleven has successfully achieved Level 1 at 6/17/2015 3:48:25 PM','2015-06-17 15:48:25',0,0,NULL,1),(1223,119,1,'Level achieved','Dhiraj Gupta ( dhiraj ) in Home Theater Sales Consultant at BestBuy has successfully achieved Level 2 at 6/17/2015 3:49:58 PM','2015-06-17 15:49:58',0,0,NULL,1),(1224,119,2,'Level achieved','Dhiraj Gupta ( dhiraj ) in Home Theater Sales Consultant at BestBuy has successfully achieved Level 2 at 6/17/2015 3:49:58 PM','2015-06-17 15:49:58',0,0,NULL,1),(1225,120,1,'Level achieved','Ash Ahmed ( ash ) in Home Theater Sales Consultant at BestBuy has successfully achieved Level 1 at 6/17/2015 4:06:18 PM','2015-06-17 16:06:18',0,0,NULL,1),(1226,120,2,'Level achieved','Ash Ahmed ( ash ) in Home Theater Sales Consultant at BestBuy has successfully achieved Level 1 at 6/17/2015 4:06:18 PM','2015-06-17 16:06:18',0,0,NULL,1),(1227,119,1,'Level achieved','Dhiraj Gupta ( dhiraj ) in Sale\'s Associate at 7 Eleven has successfully achieved Level 1 at 6/17/2015 4:11:59 PM','2015-06-17 16:11:59',0,0,NULL,1),(1228,119,2,'Level achieved','Dhiraj Gupta ( dhiraj ) in Sale\'s Associate at 7 Eleven has successfully achieved Level 1 at 6/17/2015 4:11:59 PM','2015-06-17 16:11:59',0,0,NULL,1),(1229,119,1,'Level achieved','Dhiraj Gupta ( dhiraj ) in Sale\'s Associate at 7 Eleven has successfully achieved Level 1 at 6/17/2015 4:12:00 PM','2015-06-17 16:12:00',0,0,NULL,1),(1230,119,2,'Level achieved','Dhiraj Gupta ( dhiraj ) in Sale\'s Associate at 7 Eleven has successfully achieved Level 1 at 6/17/2015 4:12:00 PM','2015-06-17 16:12:00',0,0,NULL,1),(1231,119,1,'Level achieved','Dhiraj Gupta ( dhiraj ) in Sale\'s Associate at 7 Eleven has successfully achieved Level 1 at 6/17/2015 4:12:02 PM','2015-06-17 16:12:02',0,0,NULL,1),(1232,119,2,'Level achieved','Dhiraj Gupta ( dhiraj ) in Sale\'s Associate at 7 Eleven has successfully achieved Level 1 at 6/17/2015 4:12:02 PM','2015-06-17 16:12:02',0,0,NULL,1),(1233,119,1,'Level achieved','Dhiraj Gupta ( dhiraj ) in Sale\'s Associate at 7 Eleven has successfully achieved Level 1 at 6/17/2015 4:12:03 PM','2015-06-17 16:12:03',0,0,NULL,1),(1234,119,2,'Level achieved','Dhiraj Gupta ( dhiraj ) in Sale\'s Associate at 7 Eleven has successfully achieved Level 1 at 6/17/2015 4:12:03 PM','2015-06-17 16:12:03',0,0,NULL,1),(1235,119,1,'Level achieved','Dhiraj Gupta ( dhiraj ) in Sale\'s Associate at 7 Eleven has successfully achieved Level 1 at 6/17/2015 4:12:03 PM','2015-06-17 16:12:03',0,0,NULL,1),(1236,119,2,'Level achieved','Dhiraj Gupta ( dhiraj ) in Sale\'s Associate at 7 Eleven has successfully achieved Level 1 at 6/17/2015 4:12:03 PM','2015-06-17 16:12:03',0,0,NULL,1),(1237,119,1,'Level achieved','Dhiraj Gupta ( dhiraj ) in Sale\'s Associate at 7 Eleven has successfully achieved Level 1 at 6/17/2015 4:12:04 PM','2015-06-17 16:12:04',0,0,NULL,1),(1238,119,2,'Level achieved','Dhiraj Gupta ( dhiraj ) in Sale\'s Associate at 7 Eleven has successfully achieved Level 1 at 6/17/2015 4:12:04 PM','2015-06-17 16:12:04',0,0,NULL,1),(1239,119,1,'Level achieved','Dhiraj Gupta ( dhiraj ) in Sale\'s Associate at 7 Eleven has successfully achieved Level 1 at 6/17/2015 4:12:04 PM','2015-06-17 16:12:04',0,0,NULL,1),(1240,119,2,'Level achieved','Dhiraj Gupta ( dhiraj ) in Sale\'s Associate at 7 Eleven has successfully achieved Level 1 at 6/17/2015 4:12:04 PM','2015-06-17 16:12:04',0,0,NULL,1),(1241,119,1,'Level achieved','Dhiraj Gupta ( dhiraj ) in Sale\'s Associate at 7 Eleven has successfully achieved Level 1 at 6/17/2015 4:12:07 PM','2015-06-17 16:12:07',0,0,NULL,1),(1242,119,2,'Level achieved','Dhiraj Gupta ( dhiraj ) in Sale\'s Associate at 7 Eleven has successfully achieved Level 1 at 6/17/2015 4:12:07 PM','2015-06-17 16:12:07',0,0,NULL,1),(1243,119,1,'Level achieved','Dhiraj Gupta ( dhiraj ) in Sale\'s Associate at 7 Eleven has successfully achieved Level 1 at 6/17/2015 4:18:02 PM','2015-06-17 16:18:02',0,0,NULL,1),(1244,119,2,'Level achieved','Dhiraj Gupta ( dhiraj ) in Sale\'s Associate at 7 Eleven has successfully achieved Level 1 at 6/17/2015 4:18:02 PM','2015-06-17 16:18:02',0,0,NULL,1),(1245,125,1,'Level achieved','tester gupta ( tester28 ) in Home Theater Sales Consultant at BestBuy has successfully achieved Level 1 at 6/17/2015 4:48:03 PM','2015-06-17 16:48:03',0,0,NULL,1),(1246,125,2,'Level achieved','tester gupta ( tester28 ) in Home Theater Sales Consultant at BestBuy has successfully achieved Level 1 at 6/17/2015 4:48:03 PM','2015-06-17 16:48:03',0,0,NULL,1),(1247,125,1,'Level achieved','tester gupta ( tester28 ) in Home Theater Sales Consultant at BestBuy has successfully achieved Level 1 at 6/17/2015 4:48:06 PM','2015-06-17 16:48:06',0,0,NULL,1),(1248,125,2,'Level achieved','tester gupta ( tester28 ) in Home Theater Sales Consultant at BestBuy has successfully achieved Level 1 at 6/17/2015 4:48:06 PM','2015-06-17 16:48:06',0,0,NULL,1),(1249,125,1,'Level achieved','tester gupta ( tester28 ) in Home Theater Sales Consultant at BestBuy has successfully achieved Level 1 at 6/17/2015 4:48:07 PM','2015-06-17 16:48:07',0,0,NULL,1),(1250,125,2,'Level achieved','tester gupta ( tester28 ) in Home Theater Sales Consultant at BestBuy has successfully achieved Level 1 at 6/17/2015 4:48:07 PM','2015-06-17 16:48:07',0,0,NULL,1),(1251,125,1,'Level achieved','tester gupta ( tester28 ) in Home Theater Sales Consultant at BestBuy has successfully achieved Level 2 at 6/17/2015 7:51:10 PM','2015-06-17 19:51:10',0,0,NULL,1),(1252,125,2,'Level achieved','tester gupta ( tester28 ) in Home Theater Sales Consultant at BestBuy has successfully achieved Level 2 at 6/17/2015 7:51:10 PM','2015-06-17 19:51:10',0,0,NULL,1),(1253,125,1,'Level achieved','tester gupta ( tester28 ) in Home Theater Sales Consultant at BestBuy has successfully achieved Level 2 at 6/17/2015 7:51:12 PM','2015-06-17 19:51:12',0,0,NULL,1),(1254,125,2,'Level achieved','tester gupta ( tester28 ) in Home Theater Sales Consultant at BestBuy has successfully achieved Level 2 at 6/17/2015 7:51:12 PM','2015-06-17 19:51:12',0,0,NULL,1),(1255,125,1,'Level achieved','tester gupta ( tester28 ) in Home Theater Sales Consultant at BestBuy has successfully achieved Level 2 at 6/17/2015 7:51:15 PM','2015-06-17 19:51:15',0,0,NULL,1),(1256,125,2,'Level achieved','tester gupta ( tester28 ) in Home Theater Sales Consultant at BestBuy has successfully achieved Level 2 at 6/17/2015 7:51:15 PM','2015-06-17 19:51:15',0,0,NULL,1),(1257,125,1,'Level achieved','tester gupta ( tester28 ) in Home Theater Sales Consultant at BestBuy has successfully achieved Level 2 at 6/17/2015 7:51:18 PM','2015-06-17 19:51:18',0,0,NULL,1),(1258,125,2,'Level achieved','tester gupta ( tester28 ) in Home Theater Sales Consultant at BestBuy has successfully achieved Level 2 at 6/17/2015 7:51:18 PM','2015-06-17 19:51:18',0,0,NULL,1),(1259,120,1,'Level achieved','Ash Ahmed ( ash ) in Home Theater Sales Consultant at BestBuy has successfully achieved Level 1 at 6/17/2015 8:30:33 PM','2015-06-17 20:30:33',0,0,NULL,1),(1260,120,2,'Level achieved','Ash Ahmed ( ash ) in Home Theater Sales Consultant at BestBuy has successfully achieved Level 1 at 6/17/2015 8:30:33 PM','2015-06-17 20:30:33',0,0,NULL,1),(1261,120,1,'Level achieved','Ash Ahmed ( ash ) in Home Theater Sales Consultant at BestBuy has successfully achieved Level 1 at 6/17/2015 8:30:39 PM','2015-06-17 20:30:39',0,0,NULL,1),(1262,120,2,'Level achieved','Ash Ahmed ( ash ) in Home Theater Sales Consultant at BestBuy has successfully achieved Level 1 at 6/17/2015 8:30:39 PM','2015-06-17 20:30:39',0,0,NULL,1),(1263,37,1,'Points redeemed for reward','Angela Chang ( 99999 ) in Acme Sales Assoc at Acme - Broad St has redeemed Logo T-shirt for points 25 at 6/17/2015 8:51:02 PM','2015-06-17 20:51:02',0,0,NULL,1),(1264,37,44,'Points redeemed for reward','Angela Chang ( 99999 ) in Acme Sales Assoc at Acme - Broad St has redeemed Logo T-shirt for points 25 at 6/17/2015 8:51:02 PM','2015-06-17 20:51:02',0,0,NULL,1),(1265,120,1,'Award achieved','Ash Ahmed ( ash ) in Home Theater Sales Consultant at BestBuy has successfully won Most Rev Award  at 6/17/2015 9:55:26 PM','2015-06-17 21:55:26',0,0,NULL,1),(1266,120,2,'Award achieved','Ash Ahmed ( ash ) in Home Theater Sales Consultant at BestBuy has successfully won Most Rev Award  at 6/17/2015 9:55:26 PM','2015-06-17 21:55:26',0,0,NULL,1),(1267,125,1,'Award achieved','tester gupta ( tester28 ) in Sale\'s Associate at 7 Eleven has successfully won Sales Contest Bronze  at 6/18/2015 2:11:45 PM','2015-06-18 14:11:45',0,0,NULL,1),(1268,125,2,'Award achieved','tester gupta ( tester28 ) in Sale\'s Associate at 7 Eleven has successfully won Sales Contest Bronze  at 6/18/2015 2:11:45 PM','2015-06-18 14:11:45',0,0,NULL,1),(1269,125,1,'Award achieved','tester gupta ( tester28 ) in Sale\'s Associate at 7 Eleven has successfully won Sales Contest Bronze  at 6/18/2015 2:11:49 PM','2015-06-18 14:11:49',0,0,NULL,1),(1270,125,2,'Award achieved','tester gupta ( tester28 ) in Sale\'s Associate at 7 Eleven has successfully won Sales Contest Bronze  at 6/18/2015 2:11:49 PM','2015-06-18 14:11:49',0,0,NULL,1),(1271,125,1,'Award achieved','tester gupta ( tester28 ) in Sale\'s Associate at 7 Eleven has successfully won Sales Contest Bronze  at 6/18/2015 2:11:50 PM','2015-06-18 14:11:50',0,0,NULL,1),(1272,125,2,'Award achieved','tester gupta ( tester28 ) in Sale\'s Associate at 7 Eleven has successfully won Sales Contest Bronze  at 6/18/2015 2:11:50 PM','2015-06-18 14:11:50',0,0,NULL,1),(1273,125,1,'Award achieved','tester gupta ( tester28 ) in Sale\'s Associate at 7 Eleven has successfully won Sales Contest Bronze  at 6/18/2015 2:11:51 PM','2015-06-18 14:11:51',0,0,NULL,1),(1274,125,2,'Award achieved','tester gupta ( tester28 ) in Sale\'s Associate at 7 Eleven has successfully won Sales Contest Bronze  at 6/18/2015 2:11:51 PM','2015-06-18 14:11:51',0,0,NULL,1),(1275,119,1,'Award achieved','Dhiraj Gupta ( dhiraj ) in Home Theater Sales Consultant at BestBuy has successfully won Sales Contest Silver  at 6/18/2015 3:29:00 PM','2015-06-18 15:29:00',0,0,NULL,1),(1276,119,2,'Award achieved','Dhiraj Gupta ( dhiraj ) in Home Theater Sales Consultant at BestBuy has successfully won Sales Contest Silver  at 6/18/2015 3:29:00 PM','2015-06-18 15:29:00',0,0,NULL,1),(1277,119,1,'Award achieved','Dhiraj Gupta ( dhiraj ) in Home Theater Sales Consultant at BestBuy has successfully won Sales Contest Silver  at 6/18/2015 3:29:03 PM','2015-06-18 15:29:03',0,0,NULL,1),(1278,119,2,'Award achieved','Dhiraj Gupta ( dhiraj ) in Home Theater Sales Consultant at BestBuy has successfully won Sales Contest Silver  at 6/18/2015 3:29:03 PM','2015-06-18 15:29:03',0,0,NULL,1),(1279,119,1,'Award achieved','Dhiraj Gupta ( dhiraj ) in Home Theater Sales Consultant at BestBuy has successfully won Sales Contest Silver  at 6/18/2015 3:29:03 PM','2015-06-18 15:29:03',0,0,NULL,1),(1280,119,2,'Award achieved','Dhiraj Gupta ( dhiraj ) in Home Theater Sales Consultant at BestBuy has successfully won Sales Contest Silver  at 6/18/2015 3:29:03 PM','2015-06-18 15:29:03',0,0,NULL,1),(1281,119,1,'Award achieved','Dhiraj Gupta ( dhiraj ) in Home Theater Sales Consultant at BestBuy has successfully won Sales Contest Silver  at 6/18/2015 3:29:03 PM','2015-06-18 15:29:03',0,0,NULL,1),(1282,119,2,'Award achieved','Dhiraj Gupta ( dhiraj ) in Home Theater Sales Consultant at BestBuy has successfully won Sales Contest Silver  at 6/18/2015 3:29:03 PM','2015-06-18 15:29:03',0,0,NULL,1),(1283,119,1,'Award achieved','Dhiraj Gupta ( dhiraj ) in Home Theater Sales Consultant at BestBuy has successfully won Sales Contest Silver  at 6/18/2015 3:29:03 PM','2015-06-18 15:29:03',0,0,NULL,1),(1284,119,2,'Award achieved','Dhiraj Gupta ( dhiraj ) in Home Theater Sales Consultant at BestBuy has successfully won Sales Contest Silver  at 6/18/2015 3:29:03 PM','2015-06-18 15:29:03',0,0,NULL,1),(1285,119,1,'Award achieved','Dhiraj Gupta ( dhiraj ) in Home Theater Sales Consultant at BestBuy has successfully won Sales Contest Silver  at 6/18/2015 3:29:03 PM','2015-06-18 15:29:03',0,0,NULL,1),(1286,119,2,'Award achieved','Dhiraj Gupta ( dhiraj ) in Home Theater Sales Consultant at BestBuy has successfully won Sales Contest Silver  at 6/18/2015 3:29:03 PM','2015-06-18 15:29:03',0,0,NULL,1),(1287,119,1,'Award achieved','Dhiraj Gupta ( dhiraj ) in Home Theater Sales Consultant at BestBuy has successfully won Sales Contest Silver  at 6/18/2015 3:29:04 PM','2015-06-18 15:29:04',0,0,NULL,1),(1288,119,2,'Award achieved','Dhiraj Gupta ( dhiraj ) in Home Theater Sales Consultant at BestBuy has successfully won Sales Contest Silver  at 6/18/2015 3:29:04 PM','2015-06-18 15:29:04',0,0,NULL,1),(1289,119,1,'Award achieved','Dhiraj Gupta ( dhiraj ) in Home Theater Sales Consultant at BestBuy has successfully won Sales Contest Silver  at 6/18/2015 3:29:04 PM','2015-06-18 15:29:04',0,0,NULL,1),(1290,119,2,'Award achieved','Dhiraj Gupta ( dhiraj ) in Home Theater Sales Consultant at BestBuy has successfully won Sales Contest Silver  at 6/18/2015 3:29:04 PM','2015-06-18 15:29:04',0,0,NULL,1),(1291,119,1,'Award achieved','Dhiraj Gupta ( dhiraj ) in Home Theater Sales Consultant at BestBuy has successfully won Sales Contest Silver  at 6/18/2015 3:29:07 PM','2015-06-18 15:29:07',0,0,NULL,1),(1292,119,2,'Award achieved','Dhiraj Gupta ( dhiraj ) in Home Theater Sales Consultant at BestBuy has successfully won Sales Contest Silver  at 6/18/2015 3:29:07 PM','2015-06-18 15:29:07',0,0,NULL,1),(1293,119,1,'Award achieved','Dhiraj Gupta ( dhiraj ) in Home Theater Sales Consultant at BestBuy has successfully won Sales Contest Silver  at 6/18/2015 3:29:07 PM','2015-06-18 15:29:07',0,0,NULL,1),(1294,119,2,'Award achieved','Dhiraj Gupta ( dhiraj ) in Home Theater Sales Consultant at BestBuy has successfully won Sales Contest Silver  at 6/18/2015 3:29:07 PM','2015-06-18 15:29:07',0,0,NULL,1),(1295,119,1,'Award achieved','Dhiraj Gupta ( dhiraj ) in Home Theater Sales Consultant at BestBuy has successfully won Sales Contest Silver  at 6/18/2015 3:29:08 PM','2015-06-18 15:29:08',1,0,NULL,1),(1296,119,2,'Award achieved','Dhiraj Gupta ( dhiraj ) in Home Theater Sales Consultant at BestBuy has successfully won Sales Contest Silver  at 6/18/2015 3:29:08 PM','2015-06-18 15:29:08',0,0,NULL,1),(1297,119,1,'Award achieved','Dhiraj Gupta ( dhiraj ) in Home Theater Sales Consultant at BestBuy has successfully won Sales Contest Silver  at 6/18/2015 3:29:08 PM','2015-06-18 15:29:08',0,0,NULL,1),(1298,119,2,'Award achieved','Dhiraj Gupta ( dhiraj ) in Home Theater Sales Consultant at BestBuy has successfully won Sales Contest Silver  at 6/18/2015 3:29:08 PM','2015-06-18 15:29:08',0,0,NULL,1),(1313,1,119,'Re: Award achieved','','2015-06-22 19:21:51',0,1,1295,1),(1314,1,119,'Re: Award achieved','sjfgdvksjaflFH','2015-06-22 19:24:30',0,1,1295,1),(1315,1,119,'Re: Award achieved','Good JOb keep it up','2015-06-22 19:30:06',1,1,1295,1),(1300,119,2,'Award achieved','Dhiraj Gupta ( dhiraj ) in Home Theater Sales Consultant at BestBuy has successfully won Sales Contest Silver  at 6/18/2015 3:29:09 PM','2015-06-18 15:29:09',0,0,NULL,1),(1309,1,119,'Re: Award achieved','','2015-06-22 19:08:39',0,1,1299,1),(1310,1,119,'Re: Award achieved','','2015-06-22 19:08:47',0,1,1299,1),(1311,1,119,'Re: Award achieved','','2015-06-22 19:08:57',0,1,1299,1),(1302,119,2,'Points redeemed for reward','Dhiraj Gupta ( dhiraj ) in Home Theater Sales Consultant at BestBuy has redeemed Logo T-shirt for points 25 at 6/18/2015 4:34:12 PM','2015-06-18 16:34:12',0,0,NULL,1),(1312,1,119,'Re: Award achieved','','2015-06-22 19:09:05',0,1,1299,1),(1318,125,2,'Award achieved','tester gupta ( tester28 ) in Sale\'s Associate at 7 Elevenn has successfully won Above and Beyond  at 6/23/2015 8:20:09 PM','2015-06-23 20:20:09',0,0,NULL,1),(1304,120,2,'Points redeemed for reward','Ash Ahmed ( ash ) in Home Theater Sales Consultant at BestBuy has redeemed Logo T-shirt for points 25 at 6/18/2015 7:15:41 PM','2015-06-18 19:15:41',0,0,NULL,1),(1317,125,1,'Award achieved','tester gupta ( tester28 ) in Sale\'s Associate at 7 Elevenn has successfully won Above and Beyond  at 6/23/2015 8:20:09 PM','2015-06-23 20:20:09',0,0,NULL,1),(1306,120,2,'Points redeemed for reward','Ash Ahmed ( ash ) in Home Theater Sales Consultant at BestBuy has redeemed gyro for points 500 at 6/18/2015 7:32:59 PM','2015-06-18 19:32:59',0,0,NULL,1),(1308,119,2,'Award achieved','Dhiraj Gupta ( dhiraj ) in Home Theater Sales Consultant at BestBuy has successfully won Sales Contest Silver  at 6/22/2015 2:26:36 PM','2015-06-22 14:26:36',0,0,NULL,1);
/*!40000 ALTER TABLE `tblmessages` ENABLE KEYS */;
UNLOCK TABLES;

--
-- Table structure for table `tblpostlikes`
--

DROP TABLE IF EXISTS `tblpostlikes`;
/*!40101 SET @saved_cs_client     = @@character_set_client */;
/*!40101 SET character_set_client = utf8 */;
CREATE TABLE `tblpostlikes` (
  `LikeID` int(11) NOT NULL AUTO_INCREMENT,
  `LikeDate` datetime DEFAULT NULL,
  `LikedBy` int(11) DEFAULT NULL,
  `PostID` int(11) DEFAULT NULL,
  PRIMARY KEY (`LikeID`),
  KEY `LikedBy` (`LikedBy`),
  KEY `PostID` (`PostID`)
) ENGINE=MyISAM DEFAULT CHARSET=latin1;
/*!40101 SET character_set_client = @saved_cs_client */;

--
-- Dumping data for table `tblpostlikes`
--

LOCK TABLES `tblpostlikes` WRITE;
/*!40000 ALTER TABLE `tblpostlikes` DISABLE KEYS */;
/*!40000 ALTER TABLE `tblpostlikes` ENABLE KEYS */;
UNLOCK TABLES;

--
-- Table structure for table `tblpostrepliedlikes`
--

DROP TABLE IF EXISTS `tblpostrepliedlikes`;
/*!40101 SET @saved_cs_client     = @@character_set_client */;
/*!40101 SET character_set_client = utf8 */;
CREATE TABLE `tblpostrepliedlikes` (
  `RepliedLikeID` int(11) NOT NULL AUTO_INCREMENT,
  `RepliedLikeDate` datetime DEFAULT NULL,
  `LikedBy` int(11) DEFAULT NULL,
  `LikeID` int(11) DEFAULT NULL,
  `PostID` int(11) DEFAULT NULL,
  PRIMARY KEY (`RepliedLikeID`),
  KEY `LikedByFK` (`LikedBy`),
  KEY `LikeIDFK` (`LikeID`),
  KEY `PostIDFK` (`PostID`)
) ENGINE=MyISAM DEFAULT CHARSET=latin1;
/*!40101 SET character_set_client = @saved_cs_client */;

--
-- Dumping data for table `tblpostrepliedlikes`
--

LOCK TABLES `tblpostrepliedlikes` WRITE;
/*!40000 ALTER TABLE `tblpostrepliedlikes` DISABLE KEYS */;
/*!40000 ALTER TABLE `tblpostrepliedlikes` ENABLE KEYS */;
UNLOCK TABLES;

--
-- Table structure for table `tblpostreplies`
--

DROP TABLE IF EXISTS `tblpostreplies`;
/*!40101 SET @saved_cs_client     = @@character_set_client */;
/*!40101 SET character_set_client = utf8 */;
CREATE TABLE `tblpostreplies` (
  `ReplyID` int(11) NOT NULL AUTO_INCREMENT,
  `ReplyMessage` varchar(200) DEFAULT NULL,
  `RepliedBy` int(11) DEFAULT NULL,
  `ReplyDate` datetime DEFAULT NULL,
  `PostID` int(11) DEFAULT NULL,
  PRIMARY KEY (`ReplyID`),
  KEY `RepliedByFK` (`RepliedBy`),
  KEY `PostIDFK` (`PostID`)
) ENGINE=MyISAM DEFAULT CHARSET=latin1;
/*!40101 SET character_set_client = @saved_cs_client */;

--
-- Dumping data for table `tblpostreplies`
--

LOCK TABLES `tblpostreplies` WRITE;
/*!40000 ALTER TABLE `tblpostreplies` DISABLE KEYS */;
/*!40000 ALTER TABLE `tblpostreplies` ENABLE KEYS */;
UNLOCK TABLES;

--
-- Table structure for table `tblposts`
--

DROP TABLE IF EXISTS `tblposts`;
/*!40101 SET @saved_cs_client     = @@character_set_client */;
/*!40101 SET character_set_client = utf8 */;
CREATE TABLE `tblposts` (
  `PostID` int(11) NOT NULL AUTO_INCREMENT,
  `PostTitle` varchar(200) DEFAULT NULL,
  `PostMessage` varchar(255) DEFAULT NULL,
  `CreateDate` datetime DEFAULT NULL,
  `CreatedBy` int(11) DEFAULT NULL,
  `PostTypeID` int(11) DEFAULT NULL,
  `RoleID` int(11) DEFAULT NULL,
  PRIMARY KEY (`PostID`),
  KEY `CreatedByFK` (`CreatedBy`),
  KEY `PosTypeIDFK` (`PostTypeID`),
  KEY `RoleIDFK` (`RoleID`)
) ENGINE=MyISAM DEFAULT CHARSET=latin1;
/*!40101 SET character_set_client = @saved_cs_client */;

--
-- Dumping data for table `tblposts`
--

LOCK TABLES `tblposts` WRITE;
/*!40000 ALTER TABLE `tblposts` DISABLE KEYS */;
/*!40000 ALTER TABLE `tblposts` ENABLE KEYS */;
UNLOCK TABLES;

--
-- Table structure for table `tblposttypes`
--

DROP TABLE IF EXISTS `tblposttypes`;
/*!40101 SET @saved_cs_client     = @@character_set_client */;
/*!40101 SET character_set_client = utf8 */;
CREATE TABLE `tblposttypes` (
  `PostTypeID` int(11) NOT NULL AUTO_INCREMENT,
  `Name` varchar(50) DEFAULT NULL,
  `CreateDate` datetime DEFAULT NULL,
  `CreatedBy` int(11) DEFAULT NULL,
  `ModifiedDate` datetime DEFAULT NULL,
  `ModifiedBy` int(11) DEFAULT NULL,
  PRIMARY KEY (`PostTypeID`),
  KEY `UserIDFK_C` (`CreatedBy`),
  KEY `UserIDFK_M` (`ModifiedBy`)
) ENGINE=MyISAM DEFAULT CHARSET=latin1;
/*!40101 SET character_set_client = @saved_cs_client */;

--
-- Dumping data for table `tblposttypes`
--

LOCK TABLES `tblposttypes` WRITE;
/*!40000 ALTER TABLE `tblposttypes` DISABLE KEYS */;
/*!40000 ALTER TABLE `tblposttypes` ENABLE KEYS */;
UNLOCK TABLES;

--
-- Table structure for table `tblquestionlevels`
--

DROP TABLE IF EXISTS `tblquestionlevels`;
/*!40101 SET @saved_cs_client     = @@character_set_client */;
/*!40101 SET character_set_client = utf8 */;
CREATE TABLE `tblquestionlevels` (
  `QuestionID` int(11) DEFAULT NULL,
  `RoleID` int(11) DEFAULT NULL,
  `LevelID` int(11) DEFAULT NULL
) ENGINE=MyISAM DEFAULT CHARSET=latin1;
/*!40101 SET character_set_client = @saved_cs_client */;

--
-- Dumping data for table `tblquestionlevels`
--

LOCK TABLES `tblquestionlevels` WRITE;
/*!40000 ALTER TABLE `tblquestionlevels` DISABLE KEYS */;
INSERT INTO `tblquestionlevels` VALUES (1,70,162),(1,70,161),(1,70,160),(1,70,159),(1,70,158),(2,70,162),(2,70,161),(2,70,160),(2,70,159),(2,70,158),(3,70,162),(3,70,161),(3,70,160),(3,70,159),(3,70,158),(4,70,162),(4,70,161),(4,70,160),(4,70,159),(4,70,158),(5,70,162),(5,70,161),(5,70,160),(5,70,159),(5,70,158),(6,70,162),(6,70,161),(6,70,160),(6,70,159),(6,70,158),(7,72,180),(7,72,178),(7,71,165),(7,71,163),(7,70,161),(8,70,162),(8,70,161),(8,70,160),(8,70,159),(8,70,158),(9,70,162),(9,70,161),(9,70,160),(9,70,159),(9,70,158),(10,70,162),(10,70,161),(10,70,160),(10,70,159),(10,70,158),(11,70,162),(11,70,161),(11,70,160),(11,70,159),(11,70,158),(12,70,162),(12,70,161),(12,70,160),(12,70,159),(12,70,158),(13,70,162),(13,70,161),(13,70,160),(13,70,159),(13,70,158),(14,70,162),(14,70,161),(14,70,160),(14,70,159),(14,70,158),(15,70,162),(15,70,161),(15,70,160),(15,70,159),(15,70,158),(16,70,158),(16,70,159),(16,70,160),(16,70,161),(16,70,162),(17,70,158),(17,70,159),(17,70,160),(17,70,161),(17,70,162),(18,70,158),(18,70,159),(18,70,160),(18,70,161),(18,70,162),(19,70,162),(19,70,161),(19,70,160),(19,70,159),(19,70,158),(20,71,163),(21,71,163),(19,71,163),(22,70,158),(23,70,158),(24,72,178),(25,72,178),(26,72,178),(27,72,178),(28,72,178),(29,72,178),(30,72,178),(31,72,178),(32,72,178),(32,72,179),(32,72,180),(32,72,181),(33,72,178),(33,72,179),(33,72,180),(33,72,181),(34,72,178),(34,72,179),(34,72,180),(34,72,181),(35,72,181),(36,72,184),(36,72,183),(36,72,181),(36,72,180),(36,72,179),(36,72,178),(36,2,164),(37,72,184),(37,72,183),(37,72,181),(37,72,180),(37,72,179),(37,72,178),(37,2,164),(47,70,158),(46,70,158),(38,72,179),(38,72,183),(38,72,181),(38,72,180),(39,72,180),(39,72,178),(39,70,160),(39,70,159),(39,70,158),(39,2,164),(40,72,183),(40,72,181),(40,72,180),(40,72,179),(40,72,178),(40,2,164),(41,72,183),(41,72,181),(41,72,180),(41,72,179),(41,72,178),(41,2,164),(42,72,183),(42,72,181),(42,72,180),(42,72,179),(42,72,178),(42,2,164),(43,72,183),(43,72,181),(43,72,180),(43,72,179),(43,72,178),(43,2,164),(35,72,180),(35,72,178),(35,71,169),(35,71,168),(35,71,167),(35,71,166),(35,71,165),(35,71,163),(35,70,160),(35,70,159),(35,70,158),(35,2,164),(44,70,158),(45,70,158),(38,72,178),(38,70,160),(48,70,158),(49,74,197),(50,74,197),(51,74,197),(52,74,197),(53,74,198),(54,74,198),(55,74,199),(56,74,199),(57,74,199),(58,80,218),(59,80,218),(60,80,218),(62,74,201),(63,74,201),(64,74,201),(65,71,165),(66,72,180),(7,70,160),(7,70,159),(7,70,158),(47,70,159),(47,70,160),(47,70,161),(47,70,162),(47,74,196),(46,70,159),(46,70,160),(46,74,196),(48,70,159),(48,70,160),(48,74,196),(38,70,159),(38,70,158),(38,2,164),(39,72,181),(39,72,183),(39,72,179),(35,72,183),(35,72,179),(35,72,184),(22,72,178),(22,72,180),(22,72,181),(23,72,178),(67,70,160),(68,76,213),(68,76,214),(68,76,215),(69,76,215),(69,76,214),(69,76,213),(70,76,215),(70,76,214),(70,76,213),(14,80,217),(14,80,218),(12,80,217),(12,80,218),(13,80,217),(13,80,218),(11,80,217),(11,80,218),(10,80,217),(10,80,218),(9,80,217),(9,80,218),(8,80,217),(8,80,218),(15,80,217),(15,80,218),(62,80,217),(62,80,218),(58,80,217),(58,74,200),(59,80,217),(59,74,200),(60,80,217),(60,74,200),(61,80,218),(61,80,217),(71,80,219),(71,80,218),(71,80,217),(71,70,160),(71,70,159),(71,70,158),(72,70,158),(72,70,159),(72,80,217),(72,80,218),(73,70,158),(73,70,159),(73,80,217),(73,80,218),(74,70,158),(74,70,159),(74,80,217),(74,80,218),(75,70,158),(75,70,159),(75,80,217),(75,80,218),(76,70,158),(76,70,159),(76,80,217),(76,80,218),(77,70,158),(77,70,159),(77,80,217),(77,80,218),(78,82,225),(91,82,223),(82,70,158),(94,82,223),(93,82,225),(92,82,225),(79,82,223),(100,83,227),(88,83,224),(87,83,224),(80,82,223),(83,70,158),(84,70,158),(81,70,158),(85,70,158),(86,70,158),(95,82,226),(95,82,225),(95,82,223),(96,83,227),(97,82,223),(78,82,223),(79,82,225),(80,82,225),(90,82,223),(90,82,225),(91,82,225),(99,83,227),(98,83,227),(81,83,224),(83,83,224),(84,83,224),(85,83,224),(86,83,224),(89,83,227),(101,83,228);
/*!40000 ALTER TABLE `tblquestionlevels` ENABLE KEYS */;
UNLOCK TABLES;

--
-- Table structure for table `tblquiz`
--

DROP TABLE IF EXISTS `tblquiz`;
/*!40101 SET @saved_cs_client     = @@character_set_client */;
/*!40101 SET character_set_client = utf8 */;
CREATE TABLE `tblquiz` (
  `QuizID` int(11) NOT NULL AUTO_INCREMENT,
  `QuizName` varchar(250) DEFAULT NULL,
  `NoOfQuestions` int(11) DEFAULT NULL,
  `TimePerQuestion` int(11) DEFAULT NULL,
  `TimesPlayablePerDay` int(11) DEFAULT NULL,
  `PointsPerQuestion` int(11) DEFAULT NULL,
  `TimeBeforePointsDeduction` int(11) DEFAULT NULL,
  `CreatedDate` datetime DEFAULT NULL,
  `QuizImage` varchar(100) DEFAULT NULL,
  `QuizImageThumbnail` varchar(100) DEFAULT NULL,
  `KPI_ID` int(11) DEFAULT NULL,
  PRIMARY KEY (`QuizID`)
) ENGINE=MyISAM AUTO_INCREMENT=31 DEFAULT CHARSET=latin1;
/*!40101 SET character_set_client = @saved_cs_client */;

--
-- Dumping data for table `tblquiz`
--

LOCK TABLES `tblquiz` WRITE;
/*!40000 ALTER TABLE `tblquiz` DISABLE KEYS */;
INSERT INTO `tblquiz` VALUES (1,'Acme Grocery Quiz',3,25,5,20,5,'2013-11-13 21:16:57','64dd1dcb-ca4e-4be0-abc9-52084f001af7.jpg','64dd1dcb-ca4e-4be0-abc9-52084f001af7.jpg',72),(2,'Acme Apparel Quiz',5,25,5,20,5,'2013-11-13 21:34:01','3c1a6663-0538-475f-8eba-62ef6e92a952.jpg','3c1a6663-0538-475f-8eba-62ef6e92a952.jpg',73),(8,'How well do know shoes?',3,33,3,25,5,'2014-06-23 16:29:02','209e2970-6ea0-44d7-ad29-14964e9fc2ba.jpg','209e2970-6ea0-44d7-ad29-14964e9fc2ba.jpg',104),(6,'Tomax Certification',10,30,3,20,6,'2013-11-21 18:14:31','9758202c-9b9e-4359-b8dd-f7d5d65a6280.png','9758202c-9b9e-4359-b8dd-f7d5d65a6280.png',83),(5,'Car Care',4,30,4,20,5,'2013-11-19 23:41:41','2639db65-47cb-4344-aacb-e07185ca7f34.png','2639db65-47cb-4344-aacb-e07185ca7f34.png',82),(9,'How well do you know socks?',3,20,2,33,5,'2014-06-23 18:29:47','ba7844a7-80c4-477d-9d65-8a591ca222d9.jpg','ba7844a7-80c4-477d-9d65-8a591ca222d9.jpg',102),(10,'How well do you know dress pants ?',3,20,2,33,5,'2014-06-24 20:04:55','11cff96c-a41b-48c5-962b-1b6ea5f5b8b0.jpeg','11cff96c-a41b-48c5-962b-1b6ea5f5b8b0.jpeg',100),(11,'How well do you know dresshirts?',3,20,2,33,5,'2014-06-24 21:10:20','af104b59-4a55-4b67-9753-66ae018e96fb.jpg','af104b59-4a55-4b67-9753-66ae018e96fb.jpg',105),(12,'How well do you know Ties?',3,20,2,33,5,'2014-06-25 14:54:13','b95c8fdc-4a3f-4198-9fc0-8b3ba9495fce.jpg','b95c8fdc-4a3f-4198-9fc0-8b3ba9495fce.jpg',106),(13,'How well do you know suits?',3,20,2,33,5,'2014-06-25 17:47:12','1c8c2db2-e15d-4ead-b5a7-2a90e830258c.jpg','1c8c2db2-e15d-4ead-b5a7-2a90e830258c.jpg',107),(26,'Awesome Merchandisers',3,20,10,25,3,'2014-09-17 19:09:32','acc43aee-9801-45a5-99b1-0f7ee895a3be.jpg','acc43aee-9801-45a5-99b1-0f7ee895a3be.jpg',140),(27,'Be an Awesome Associate',4,20,5,50,5,'2014-12-01 22:34:12','d85a062e-f132-4bfa-99d8-a4c75bf852d8.jpg','d85a062e-f132-4bfa-99d8-a4c75bf852d8.jpg',157),(28,'7 Eleven Quiz',4,30,100,100,10,'2015-06-15 19:19:26','669f5280-7a34-4cf5-84da-965e0aee1fbd.png','669f5280-7a34-4cf5-84da-965e0aee1fbd.png',168),(29,'BBY Home Theater Quiz',6,180,100,150,100,'2015-06-15 19:57:14','f81539e4-3aac-4655-88f0-b444cb558372.jpg','f81539e4-3aac-4655-88f0-b444cb558372.jpg',165),(30,'Employee Behavior',5,180,100,100,180,'2015-06-15 20:27:13','11cc3c82-a5d9-4a06-bfc3-5fd0c0a309d2.jpg','11cc3c82-a5d9-4a06-bfc3-5fd0c0a309d2.jpg',169);
/*!40000 ALTER TABLE `tblquiz` ENABLE KEYS */;
UNLOCK TABLES;

--
-- Table structure for table `tblquizcategory`
--

DROP TABLE IF EXISTS `tblquizcategory`;
/*!40101 SET @saved_cs_client     = @@character_set_client */;
/*!40101 SET character_set_client = utf8 */;
CREATE TABLE `tblquizcategory` (
  `CategoryID` int(11) NOT NULL AUTO_INCREMENT,
  `CategoryName` varchar(100) DEFAULT NULL,
  PRIMARY KEY (`CategoryID`)
) ENGINE=MyISAM AUTO_INCREMENT=13 DEFAULT CHARSET=latin1;
/*!40101 SET character_set_client = @saved_cs_client */;

--
-- Dumping data for table `tblquizcategory`
--

LOCK TABLES `tblquizcategory` WRITE;
/*!40000 ALTER TABLE `tblquizcategory` DISABLE KEYS */;
INSERT INTO `tblquizcategory` VALUES (1,'Grocery'),(2,'Apparel'),(3,'Electronics'),(4,'DC'),(5,'Auto'),(6,'Tomax'),(7,'Drinks'),(8,'Cash Management'),(9,'Hot food'),(10,'Customer Service'),(11,'POS Trainning'),(12,'Asset Protection');
/*!40000 ALTER TABLE `tblquizcategory` ENABLE KEYS */;
UNLOCK TABLES;

--
-- Table structure for table `tblquizlevels`
--

DROP TABLE IF EXISTS `tblquizlevels`;
/*!40101 SET @saved_cs_client     = @@character_set_client */;
/*!40101 SET character_set_client = utf8 */;
CREATE TABLE `tblquizlevels` (
  `QuizID` int(11) DEFAULT NULL,
  `RoleID` int(11) DEFAULT NULL,
  `LevelID` int(11) DEFAULT NULL
) ENGINE=InnoDB DEFAULT CHARSET=utf8;
/*!40101 SET character_set_client = @saved_cs_client */;

--
-- Dumping data for table `tblquizlevels`
--

LOCK TABLES `tblquizlevels` WRITE;
/*!40000 ALTER TABLE `tblquizlevels` DISABLE KEYS */;
INSERT INTO `tblquizlevels` VALUES (20,71,163),(20,71,166),(20,72,178),(20,72,190),(21,70,158),(23,70,158),(24,71,163),(6,70,158),(5,70,158),(10,70,158),(10,74,198),(9,70,158),(9,74,197),(11,74,199),(25,75,211),(8,70,158),(8,70,159),(8,70,160),(8,74,196),(13,70,158),(13,70,159),(13,70,160),(13,74,201),(26,76,213),(26,76,214),(26,76,215),(1,70,158),(1,70,159),(1,70,160),(2,70,158),(2,70,159),(2,70,160),(2,80,217),(2,80,218),(12,70,158),(12,70,159),(12,70,160),(12,74,200),(12,80,217),(12,80,218),(27,70,158),(27,70,159),(27,70,160),(27,70,161),(27,70,162),(27,80,217),(27,80,218),(28,82,223),(28,82,225),(28,82,226),(30,70,158),(30,83,224),(29,83,224),(29,83,227),(29,83,228);
/*!40000 ALTER TABLE `tblquizlevels` ENABLE KEYS */;
UNLOCK TABLES;

--
-- Table structure for table `tblquizplaylog`
--

DROP TABLE IF EXISTS `tblquizplaylog`;
/*!40101 SET @saved_cs_client     = @@character_set_client */;
/*!40101 SET character_set_client = utf8 */;
CREATE TABLE `tblquizplaylog` (
  `LogID` int(11) NOT NULL AUTO_INCREMENT,
  `UserID` int(11) DEFAULT NULL,
  `QuizID` int(11) DEFAULT NULL,
  `QuizTime` varchar(100) DEFAULT NULL,
  PRIMARY KEY (`LogID`)
) ENGINE=MyISAM AUTO_INCREMENT=4523 DEFAULT CHARSET=latin1;
/*!40101 SET character_set_client = @saved_cs_client */;

--
-- Dumping data for table `tblquizplaylog`
--

LOCK TABLES `tblquizplaylog` WRITE;
/*!40000 ALTER TABLE `tblquizplaylog` DISABLE KEYS */;
INSERT INTO `tblquizplaylog` VALUES (1,37,1,'11/15/2013'),(2,42,1,'11/15/2013'),(3,37,1,'11/15/2013'),(4,37,1,'11/15/2013'),(5,37,4,'11/15/2013'),(6,37,4,'11/15/2013'),(7,37,4,'11/15/2013'),(8,37,3,'11/15/2013'),(9,43,4,'11/15/2013'),(10,43,4,'11/15/2013'),(11,43,4,'11/15/2013'),(12,43,4,'11/15/2013'),(13,37,2,'11/15/2013'),(14,43,4,'11/15/2013'),(15,39,1,'11/18/2013'),(16,39,1,'11/18/2013'),(17,39,1,'11/18/2013'),(18,37,3,'11/18/2013'),(19,37,3,'11/18/2013'),(20,37,3,'11/18/2013'),(21,37,2,'11/19/2013'),(22,37,2,'11/19/2013'),(23,37,2,'11/19/2013'),(24,37,4,'11/19/2013'),(25,49,5,'11/19/2013'),(26,49,5,'11/20/2013'),(27,48,5,'11/20/2013'),(28,49,6,'11/21/2013'),(29,49,6,'11/21/2013'),(30,49,6,'11/21/2013'),(31,49,6,'11/21/2013'),(32,49,5,'11/23/2013'),(33,49,6,'11/25/2013'),(34,49,6,'11/25/2013'),(35,49,5,'11/25/2013'),(36,49,5,'11/25/2013'),(37,55,5,'11/25/2013'),(38,49,5,'11/25/2013'),(39,49,6,'11/25/2013'),(40,50,6,'11/25/2013'),(41,37,7,'11/25/2013'),(42,58,5,'11/26/2013'),(43,55,6,'11/26/2013'),(44,58,5,'11/27/2013'),(45,55,6,'11/28/2013'),(46,37,1,'12/2/2013'),(47,58,5,'12/4/2013'),(48,39,6,'12/4/2013'),(49,37,1,'12/5/2013'),(50,37,1,'12/6/2013'),(51,58,5,'12/13/2013'),(52,37,1,'12/16/2013'),(53,37,1,'12/19/2013'),(54,37,1,'12/19/2013'),(55,37,1,'12/19/2013'),(56,37,2,'12/19/2013'),(57,37,1,'12/28/2013'),(58,37,1,'12/28/2013'),(59,37,1,'1/2/2014'),(60,37,1,'1/2/2014'),(61,37,1,'1/2/2014'),(62,37,1,'1/6/2014'),(63,37,1,'1/6/2014'),(64,37,1,'1/6/2014'),(65,37,1,'1/8/2014'),(66,37,2,'1/8/2014'),(67,40,1,'1/8/2014'),(68,37,1,'1/8/2014'),(69,40,1,'1/8/2014'),(70,40,2,'1/8/2014'),(71,40,1,'1/8/2014'),(72,41,1,'1/8/2014'),(73,41,1,'1/8/2014'),(74,39,1,'1/8/2014'),(75,53,5,'1/9/2014'),(76,53,5,'1/9/2014'),(77,53,5,'1/9/2014'),(78,53,5,'1/9/2014'),(79,40,1,'1/10/2014'),(80,40,2,'1/10/2014'),(81,40,1,'1/10/2014'),(82,39,1,'1/13/2014'),(83,40,1,'1/13/2014'),(84,40,1,'1/14/2014'),(85,40,1,'1/14/2014'),(86,40,1,'1/18/2014'),(87,40,1,'1/20/2014'),(88,40,1,'1/23/2014'),(89,40,1,'2/17/2014'),(90,40,1,'2/28/2014'),(91,38,1,'3/11/2014'),(92,38,2,'3/11/2014'),(93,38,1,'3/11/2014'),(94,40,1,'3/12/2014'),(95,39,1,'3/15/2014'),(96,40,1,'3/17/2014'),(97,40,1,'3/21/2014'),(98,39,1,'3/28/2014'),(99,40,2,'3/28/2014'),(100,41,2,'3/28/2014'),(101,39,2,'3/28/2014'),(102,41,1,'3/28/2014'),(103,39,1,'4/21/2014'),(104,39,1,'4/21/2014'),(105,39,1,'4/21/2014'),(106,39,1,'4/21/2014'),(107,39,1,'4/21/2014'),(108,39,1,'4/21/2014'),(109,39,1,'4/21/2014'),(110,39,1,'4/21/2014'),(111,39,1,'4/21/2014'),(112,39,1,'4/21/2014'),(113,39,1,'4/21/2014'),(114,39,1,'4/21/2014'),(115,39,1,'4/21/2014'),(116,39,1,'4/21/2014'),(117,39,1,'4/21/2014'),(118,39,1,'4/21/2014'),(119,39,1,'4/21/2014'),(120,39,1,'4/21/2014'),(121,39,1,'4/21/2014'),(122,39,1,'4/21/2014'),(123,39,1,'4/21/2014'),(124,39,1,'4/21/2014'),(125,39,1,'4/21/2014'),(126,39,1,'4/21/2014'),(127,39,1,'4/21/2014'),(128,39,1,'4/21/2014'),(129,39,1,'4/21/2014'),(130,39,1,'4/21/2014'),(131,39,1,'4/21/2014'),(132,39,1,'4/21/2014'),(133,39,1,'4/21/2014'),(134,39,1,'4/21/2014'),(135,39,1,'4/21/2014'),(136,39,1,'4/21/2014'),(137,39,1,'4/21/2014'),(138,39,1,'4/21/2014'),(139,39,1,'4/21/2014'),(140,39,1,'4/21/2014'),(141,39,1,'4/21/2014'),(142,39,1,'4/21/2014'),(143,39,1,'4/21/2014'),(144,39,1,'4/21/2014'),(145,39,1,'4/21/2014'),(146,39,1,'4/21/2014'),(147,39,1,'4/21/2014'),(148,39,1,'4/21/2014'),(149,39,1,'4/21/2014'),(150,39,1,'4/21/2014'),(151,39,1,'4/21/2014'),(152,39,1,'4/21/2014'),(153,39,1,'4/21/2014'),(154,39,1,'4/21/2014'),(155,39,1,'4/21/2014'),(156,39,1,'4/21/2014'),(157,39,1,'4/21/2014'),(158,39,1,'4/21/2014'),(159,39,1,'4/21/2014'),(160,37,1,'4/22/2014'),(161,37,1,'4/22/2014'),(162,61,1,'4/25/2014'),(163,61,1,'4/25/2014'),(164,61,1,'4/25/2014'),(165,61,1,'4/26/2014'),(166,61,1,'4/26/2014'),(167,61,1,'5/9/2014'),(168,37,1,'5/27/2014'),(169,37,1,'6/3/2014'),(170,37,1,'6/9/2014'),(171,37,1,'6/10/2014'),(172,40,1,'6/12/2014'),(173,67,1,'6/13/2014'),(174,40,1,'6/16/2014'),(175,40,2,'6/16/2014'),(176,39,2,'6/16/2014'),(177,37,2,'6/16/2014'),(178,37,2,'6/16/2014'),(179,41,2,'6/16/2014'),(180,41,2,'6/16/2014'),(181,41,1,'6/16/2014'),(182,41,1,'6/16/2014'),(183,41,1,'6/16/2014'),(184,37,2,'6/18/2014'),(185,37,1,'6/18/2014'),(186,37,1,'6/23/2014'),(187,66,1,'6/23/2014'),(188,37,1,'6/23/2014'),(189,37,1,'6/23/2014'),(190,37,2,'6/23/2014'),(191,68,8,'6/23/2014'),(192,37,1,'6/24/2014'),(193,68,9,'6/24/2014'),(194,37,2,'6/24/2014'),(195,68,9,'6/25/2014'),(196,68,9,'6/25/2014'),(197,68,10,'6/26/2014'),(198,37,2,'6/30/2014'),(199,37,1,'7/1/2014'),(200,40,1,'7/1/2014'),(201,37,1,'7/2/2014'),(202,68,10,'7/14/2014'),(203,68,10,'7/14/2014'),(204,68,10,'7/15/2014'),(205,68,10,'7/15/2014'),(206,68,10,'7/15/2014'),(207,38,1,'7/16/2014'),(208,37,1,'7/18/2014'),(209,68,10,'7/21/2014'),(210,38,1,'7/23/2014'),(211,38,1,'7/23/2014'),(212,38,1,'7/23/2014'),(213,39,1,'7/23/2014'),(214,39,1,'7/23/2014'),(215,39,1,'7/23/2014'),(216,40,1,'7/23/2014'),(217,40,1,'7/30/2014'),(218,37,1,'7/30/2014'),(219,40,1,'7/30/2014'),(220,39,1,'7/30/2014'),(221,40,1,'7/30/2014'),(222,40,2,'7/30/2014'),(223,40,2,'7/30/2014'),(224,40,2,'7/30/2014'),(225,37,1,'8/6/2014'),(226,38,1,'8/7/2014'),(227,69,1,'8/7/2014'),(228,69,1,'8/12/2014'),(229,69,1,'8/12/2014'),(230,69,1,'8/12/2014'),(231,69,1,'8/12/2014'),(232,69,1,'8/12/2014'),(233,69,1,'8/12/2014'),(234,69,1,'8/12/2014'),(235,69,1,'8/12/2014'),(236,69,1,'8/12/2014'),(237,69,1,'8/12/2014'),(238,69,1,'8/12/2014'),(239,69,1,'8/12/2014'),(240,69,1,'8/12/2014'),(241,69,1,'8/12/2014'),(242,69,1,'8/12/2014'),(243,69,1,'8/12/2014'),(244,69,1,'8/12/2014'),(245,69,1,'8/12/2014'),(246,69,1,'8/12/2014'),(247,69,1,'8/12/2014'),(248,69,1,'8/12/2014'),(249,69,1,'8/12/2014'),(250,69,1,'8/12/2014'),(251,69,1,'8/12/2014'),(252,69,1,'8/12/2014'),(253,69,1,'8/12/2014'),(254,69,2,'8/12/2014'),(255,69,2,'8/12/2014'),(256,37,1,'8/12/2014'),(257,37,1,'8/13/2014'),(258,39,1,'8/16/2014'),(259,39,2,'8/16/2014'),(260,39,1,'8/17/2014'),(261,69,1,'8/18/2014'),(262,39,1,'8/19/2014'),(263,39,1,'8/19/2014'),(264,39,1,'8/19/2014'),(265,39,1,'8/20/2014'),(266,39,1,'8/20/2014'),(267,39,1,'8/20/2014'),(268,37,1,'8/21/2014'),(269,37,2,'8/21/2014'),(270,37,2,'8/21/2014'),(271,37,2,'8/21/2014'),(272,40,1,'8/21/2014'),(273,40,1,'8/21/2014'),(274,40,1,'8/21/2014'),(275,40,2,'8/21/2014'),(276,40,2,'8/21/2014'),(277,40,2,'8/21/2014'),(278,41,2,'8/21/2014'),(279,41,2,'8/21/2014'),(280,41,2,'8/21/2014'),(281,39,2,'8/21/2014'),(282,39,2,'8/21/2014'),(283,39,2,'8/21/2014'),(284,69,1,'8/21/2014'),(285,69,1,'8/21/2014'),(286,69,1,'8/21/2014'),(287,69,2,'8/21/2014'),(288,38,1,'8/21/2014'),(289,38,1,'8/21/2014'),(290,38,1,'8/21/2014'),(291,66,1,'8/21/2014'),(292,66,1,'8/21/2014'),(293,66,1,'8/21/2014'),(294,66,2,'8/21/2014'),(295,66,2,'8/21/2014'),(296,66,2,'8/21/2014'),(297,65,2,'8/21/2014'),(298,65,2,'8/21/2014'),(299,65,2,'8/21/2014'),(300,65,1,'8/21/2014'),(301,65,1,'8/21/2014'),(302,65,1,'8/21/2014'),(303,67,1,'8/21/2014'),(304,67,1,'8/21/2014'),(305,67,1,'8/21/2014'),(306,67,2,'8/21/2014'),(307,67,2,'8/21/2014'),(308,67,2,'8/21/2014'),(309,69,1,'8/22/2014'),(310,69,2,'8/22/2014'),(311,69,1,'8/22/2014'),(312,69,1,'8/22/2014'),(313,69,2,'8/22/2014'),(314,69,2,'8/22/2014'),(315,69,2,'8/22/2014'),(316,69,2,'8/22/2014'),(317,69,2,'8/22/2014'),(318,69,1,'8/22/2014'),(319,39,1,'8/22/2014'),(320,39,1,'8/22/2014'),(321,39,1,'8/22/2014'),(322,39,2,'8/22/2014'),(323,39,2,'8/22/2014'),(324,39,2,'8/22/2014'),(325,39,2,'8/22/2014'),(326,39,2,'8/22/2014'),(327,65,1,'8/22/2014'),(328,65,1,'8/22/2014'),(329,65,1,'8/22/2014'),(330,66,1,'8/22/2014'),(433,78,1,'8/25/2014'),(434,78,1,'8/25/2014'),(435,78,1,'8/25/2014'),(436,69,1,'8/25/2014'),(437,37,2,'8/25/2014'),(438,37,2,'8/25/2014'),(439,37,2,'8/25/2014'),(440,37,2,'8/25/2014'),(441,37,2,'8/25/2014'),(442,78,2,'8/26/2014'),(443,40,2,'8/27/2014'),(444,1,2,'8/27/2014'),(445,40,1,'8/28/2014'),(446,37,1,'9/2/2014'),(447,37,1,'9/2/2014'),(448,37,1,'9/2/2014'),(459,40,1,'9/3/2014'),(460,40,1,'9/3/2014'),(461,40,1,'9/4/2014'),(462,41,1,'9/5/2014'),(463,38,1,'9/5/2014'),(464,38,1,'9/5/2014'),(465,38,1,'9/5/2014'),(466,37,1,'9/8/2014'),(467,37,1,'9/8/2014'),(468,37,1,'9/8/2014'),(469,37,1,'9/8/2014'),(470,37,1,'9/8/2014'),(471,37,1,'9/8/2014'),(476,41,1,'9/9/2014'),(477,41,1,'9/9/2014'),(478,41,1,'9/9/2014'),(479,41,2,'9/9/2014'),(480,41,2,'9/9/2014'),(481,41,2,'9/9/2014'),(482,40,1,'9/10/2014'),(483,40,1,'9/10/2014'),(484,41,1,'9/10/2014'),(485,41,1,'9/10/2014'),(486,41,1,'9/10/2014'),(487,41,1,'9/11/2014'),(488,41,1,'9/11/2014'),(490,41,1,'9/11/2014'),(491,41,2,'9/11/2014'),(492,41,2,'9/11/2014'),(494,41,2,'9/11/2014'),(495,40,2,'9/11/2014'),(496,40,2,'9/11/2014'),(497,40,2,'9/11/2014'),(498,38,1,'9/11/2014'),(499,37,2,'9/15/2014'),(500,37,2,'9/15/2014'),(507,40,2,'9/16/2014'),(510,40,2,'9/16/2014'),(511,39,1,'9/17/2014'),(512,39,2,'9/17/2014'),(513,40,2,'9/17/2014'),(516,40,2,'9/17/2014'),(517,84,26,'9/17/2014'),(518,84,26,'9/17/2014'),(519,84,26,'9/17/2014'),(520,84,26,'9/17/2014'),(521,84,26,'9/17/2014'),(522,84,26,'9/18/2014'),(523,84,26,'9/18/2014'),(524,84,26,'9/18/2014'),(525,84,26,'9/18/2014'),(526,84,26,'9/19/2014'),(527,84,26,'9/20/2014'),(528,84,26,'9/22/2014'),(529,84,26,'9/22/2014'),(530,40,2,'9/22/2014'),(531,40,2,'9/22/2014'),(532,40,1,'9/22/2014'),(533,84,26,'9/22/2014'),(534,84,26,'9/22/2014'),(535,84,26,'9/22/2014'),(536,73,8,'9/23/2014'),(537,73,8,'9/23/2014'),(538,73,8,'9/23/2014'),(539,37,2,'9/23/2014'),(540,73,2,'9/23/2014'),(541,73,2,'9/23/2014'),(542,73,2,'9/23/2014'),(543,73,1,'9/23/2014'),(544,37,2,'9/23/2014'),(545,37,1,'9/23/2014'),(546,37,2,'9/23/2014'),(547,40,8,'9/23/2014'),(571,39,1,'9/25/2014'),(572,84,26,'9/30/2014'),(573,73,8,'10/1/2014'),(574,73,2,'10/1/2014'),(575,73,8,'10/1/2014'),(576,73,2,'10/1/2014'),(577,73,2,'10/1/2014'),(578,73,2,'10/1/2014'),(579,73,2,'10/1/2014'),(580,73,2,'10/1/2014'),(581,73,2,'10/1/2014'),(582,73,2,'10/1/2014'),(583,73,2,'10/1/2014'),(584,73,2,'10/1/2014'),(585,73,2,'10/1/2014'),(586,73,2,'10/1/2014'),(587,73,2,'10/1/2014'),(588,73,2,'10/1/2014'),(589,73,2,'10/1/2014'),(590,73,2,'10/1/2014'),(591,73,2,'10/1/2014'),(592,73,2,'10/1/2014'),(593,73,2,'10/1/2014'),(594,73,2,'10/1/2014'),(595,73,2,'10/1/2014'),(596,73,2,'10/1/2014'),(597,73,2,'10/1/2014'),(598,73,2,'10/1/2014'),(599,73,2,'10/1/2014'),(600,73,2,'10/1/2014'),(601,73,2,'10/1/2014'),(602,73,2,'10/1/2014'),(603,73,2,'10/1/2014'),(604,73,2,'10/1/2014'),(605,73,2,'10/1/2014'),(606,73,2,'10/1/2014'),(607,73,2,'10/1/2014'),(608,73,2,'10/1/2014'),(609,73,2,'10/1/2014'),(610,73,2,'10/1/2014'),(611,73,2,'10/1/2014'),(612,73,2,'10/1/2014'),(613,73,2,'10/1/2014'),(614,73,2,'10/1/2014'),(615,73,2,'10/1/2014'),(616,73,2,'10/1/2014'),(617,73,2,'10/1/2014'),(618,73,2,'10/1/2014'),(619,73,2,'10/1/2014'),(620,73,2,'10/1/2014'),(621,73,2,'10/1/2014'),(622,73,2,'10/1/2014'),(623,73,2,'10/1/2014'),(624,73,2,'10/1/2014'),(625,73,2,'10/1/2014'),(626,73,2,'10/1/2014'),(627,73,2,'10/1/2014'),(628,73,2,'10/1/2014'),(629,73,2,'10/1/2014'),(630,73,2,'10/1/2014'),(631,73,2,'10/1/2014'),(632,73,2,'10/1/2014'),(633,73,2,'10/1/2014'),(634,73,2,'10/1/2014'),(635,73,2,'10/1/2014'),(636,73,2,'10/1/2014'),(637,73,2,'10/1/2014'),(638,73,2,'10/1/2014'),(639,73,2,'10/1/2014'),(640,73,2,'10/1/2014'),(641,73,2,'10/1/2014'),(642,73,2,'10/1/2014'),(643,73,2,'10/1/2014'),(644,73,2,'10/1/2014'),(645,73,2,'10/1/2014'),(646,73,2,'10/1/2014'),(647,73,2,'10/1/2014'),(648,73,2,'10/1/2014'),(649,73,2,'10/1/2014'),(650,73,2,'10/1/2014'),(651,73,2,'10/1/2014'),(652,73,2,'10/1/2014'),(653,73,2,'10/1/2014'),(654,73,2,'10/1/2014'),(655,73,2,'10/1/2014'),(656,73,2,'10/1/2014'),(657,73,2,'10/1/2014'),(658,73,2,'10/1/2014'),(659,73,2,'10/1/2014'),(660,73,2,'10/1/2014'),(661,73,2,'10/1/2014'),(662,73,2,'10/1/2014'),(663,73,2,'10/1/2014'),(664,73,2,'10/1/2014'),(665,73,2,'10/1/2014'),(666,73,2,'10/1/2014'),(667,73,2,'10/1/2014'),(668,73,2,'10/1/2014'),(669,73,2,'10/1/2014'),(670,73,2,'10/1/2014'),(671,73,2,'10/1/2014'),(672,73,2,'10/1/2014'),(673,73,2,'10/1/2014'),(674,73,2,'10/1/2014'),(675,73,2,'10/1/2014'),(676,73,2,'10/1/2014'),(677,73,2,'10/1/2014'),(678,73,2,'10/1/2014'),(679,73,2,'10/1/2014'),(680,73,2,'10/1/2014'),(681,73,2,'10/1/2014'),(682,73,2,'10/1/2014'),(683,73,2,'10/1/2014'),(684,73,2,'10/1/2014'),(685,73,2,'10/1/2014'),(686,73,2,'10/1/2014'),(687,73,2,'10/1/2014'),(688,73,2,'10/1/2014'),(689,73,2,'10/1/2014'),(690,73,2,'10/1/2014'),(691,73,2,'10/1/2014'),(692,73,2,'10/1/2014'),(693,73,2,'10/1/2014'),(694,73,2,'10/1/2014'),(695,73,2,'10/1/2014'),(696,73,2,'10/1/2014'),(697,73,2,'10/1/2014'),(698,73,2,'10/1/2014'),(699,73,2,'10/1/2014'),(700,73,2,'10/1/2014'),(701,73,2,'10/1/2014'),(702,73,2,'10/1/2014'),(703,73,2,'10/1/2014'),(704,73,2,'10/1/2014'),(705,73,2,'10/1/2014'),(706,73,2,'10/1/2014'),(707,73,2,'10/1/2014'),(708,73,2,'10/1/2014'),(709,73,2,'10/1/2014'),(710,73,2,'10/1/2014'),(711,73,2,'10/1/2014'),(712,73,2,'10/1/2014'),(713,73,2,'10/1/2014'),(714,73,2,'10/1/2014'),(715,73,2,'10/1/2014'),(716,73,2,'10/1/2014'),(717,73,2,'10/1/2014'),(718,73,2,'10/1/2014'),(719,73,2,'10/1/2014'),(720,73,2,'10/1/2014'),(721,73,2,'10/1/2014'),(722,73,2,'10/1/2014'),(723,73,2,'10/1/2014'),(724,73,2,'10/1/2014'),(725,73,2,'10/1/2014'),(726,73,2,'10/1/2014'),(727,73,2,'10/1/2014'),(728,73,2,'10/1/2014'),(729,73,2,'10/1/2014'),(730,73,2,'10/1/2014'),(731,73,2,'10/1/2014'),(732,73,2,'10/1/2014'),(733,73,2,'10/1/2014'),(734,73,2,'10/1/2014'),(735,73,2,'10/1/2014'),(736,73,2,'10/1/2014'),(737,73,2,'10/1/2014'),(738,73,2,'10/1/2014'),(739,73,2,'10/1/2014'),(740,73,2,'10/1/2014'),(741,73,2,'10/1/2014'),(742,73,2,'10/1/2014'),(743,73,2,'10/1/2014'),(744,73,2,'10/1/2014'),(745,73,2,'10/1/2014'),(746,73,2,'10/1/2014'),(747,73,2,'10/1/2014'),(748,73,2,'10/1/2014'),(749,73,2,'10/1/2014'),(750,73,2,'10/1/2014'),(751,73,2,'10/1/2014'),(752,73,2,'10/1/2014'),(753,73,2,'10/1/2014'),(754,73,2,'10/1/2014'),(755,73,2,'10/1/2014'),(756,73,2,'10/1/2014'),(757,73,2,'10/1/2014'),(758,73,2,'10/1/2014'),(759,73,2,'10/1/2014'),(760,73,2,'10/1/2014'),(761,73,2,'10/1/2014'),(762,73,2,'10/1/2014'),(763,73,2,'10/1/2014'),(764,73,2,'10/1/2014'),(765,73,2,'10/1/2014'),(766,73,2,'10/1/2014'),(767,73,2,'10/1/2014'),(768,73,2,'10/1/2014'),(769,73,2,'10/1/2014'),(770,73,2,'10/1/2014'),(771,73,2,'10/1/2014'),(772,73,2,'10/1/2014'),(773,73,2,'10/1/2014'),(774,73,2,'10/1/2014'),(775,73,2,'10/1/2014'),(776,73,2,'10/1/2014'),(777,73,2,'10/1/2014'),(778,73,2,'10/1/2014'),(779,73,2,'10/1/2014'),(780,73,2,'10/1/2014'),(781,73,2,'10/1/2014'),(782,73,2,'10/1/2014'),(783,73,2,'10/1/2014'),(784,73,2,'10/1/2014'),(785,73,2,'10/1/2014'),(786,73,2,'10/1/2014'),(787,73,2,'10/1/2014'),(788,73,2,'10/1/2014'),(789,73,2,'10/1/2014'),(790,73,2,'10/1/2014'),(791,73,2,'10/1/2014'),(792,73,2,'10/1/2014'),(793,73,2,'10/1/2014'),(794,73,2,'10/1/2014'),(795,73,2,'10/1/2014'),(796,73,2,'10/1/2014'),(797,73,2,'10/1/2014'),(798,73,2,'10/1/2014'),(799,73,2,'10/1/2014'),(800,73,2,'10/1/2014'),(801,73,2,'10/1/2014'),(802,73,2,'10/1/2014'),(803,73,2,'10/1/2014'),(804,73,2,'10/1/2014'),(805,73,2,'10/1/2014'),(806,73,2,'10/1/2014'),(807,73,2,'10/1/2014'),(808,73,2,'10/1/2014'),(809,73,2,'10/1/2014'),(810,73,2,'10/1/2014'),(811,73,2,'10/1/2014'),(812,73,2,'10/1/2014'),(813,73,2,'10/1/2014'),(814,73,2,'10/1/2014'),(815,73,2,'10/1/2014'),(816,73,2,'10/1/2014'),(817,73,2,'10/1/2014'),(818,73,2,'10/1/2014'),(819,73,2,'10/1/2014'),(820,73,2,'10/1/2014'),(821,73,2,'10/1/2014'),(822,73,2,'10/1/2014'),(823,73,2,'10/1/2014'),(824,73,2,'10/1/2014'),(825,73,2,'10/1/2014'),(826,73,2,'10/1/2014'),(827,73,2,'10/1/2014'),(828,73,2,'10/1/2014'),(829,73,2,'10/1/2014'),(830,73,2,'10/1/2014'),(831,73,2,'10/1/2014'),(832,73,2,'10/1/2014'),(833,73,2,'10/1/2014'),(834,73,2,'10/1/2014'),(835,73,2,'10/1/2014'),(836,73,2,'10/1/2014'),(837,73,2,'10/1/2014'),(838,73,2,'10/1/2014'),(839,73,2,'10/1/2014'),(840,73,2,'10/1/2014'),(841,73,2,'10/1/2014'),(842,73,2,'10/1/2014'),(843,73,2,'10/1/2014'),(844,73,2,'10/1/2014'),(845,73,2,'10/1/2014'),(846,73,2,'10/1/2014'),(847,73,2,'10/1/2014'),(848,73,2,'10/1/2014'),(849,73,2,'10/1/2014'),(850,73,2,'10/1/2014'),(851,73,2,'10/1/2014'),(852,73,2,'10/1/2014'),(853,73,2,'10/1/2014'),(854,73,2,'10/1/2014'),(855,73,2,'10/1/2014'),(856,73,2,'10/1/2014'),(857,73,2,'10/1/2014'),(858,73,2,'10/1/2014'),(859,73,2,'10/1/2014'),(860,73,2,'10/1/2014'),(861,73,2,'10/1/2014'),(862,73,2,'10/1/2014'),(863,73,2,'10/1/2014'),(864,73,2,'10/1/2014'),(865,73,2,'10/1/2014'),(866,73,2,'10/1/2014'),(867,73,2,'10/1/2014'),(868,73,2,'10/1/2014'),(869,73,2,'10/1/2014'),(870,73,2,'10/1/2014'),(871,73,2,'10/1/2014'),(872,73,2,'10/1/2014'),(873,73,2,'10/1/2014'),(874,73,2,'10/1/2014'),(875,73,2,'10/1/2014'),(876,73,2,'10/1/2014'),(877,73,2,'10/1/2014'),(878,73,2,'10/1/2014'),(879,73,2,'10/1/2014'),(880,73,2,'10/1/2014'),(881,73,2,'10/1/2014'),(882,73,2,'10/1/2014'),(883,73,2,'10/1/2014'),(884,73,2,'10/1/2014'),(885,73,2,'10/1/2014'),(886,73,2,'10/1/2014'),(887,73,2,'10/1/2014'),(888,73,2,'10/1/2014'),(889,73,2,'10/1/2014'),(890,73,2,'10/1/2014'),(891,73,2,'10/1/2014'),(892,73,2,'10/1/2014'),(893,73,2,'10/1/2014'),(894,73,2,'10/1/2014'),(895,73,2,'10/1/2014'),(896,73,2,'10/1/2014'),(897,73,2,'10/1/2014'),(898,73,2,'10/1/2014'),(899,73,2,'10/1/2014'),(900,73,2,'10/1/2014'),(901,73,2,'10/1/2014'),(902,73,2,'10/1/2014'),(903,73,2,'10/1/2014'),(904,73,2,'10/1/2014'),(905,73,2,'10/1/2014'),(906,73,2,'10/1/2014'),(907,73,2,'10/1/2014'),(908,73,2,'10/1/2014'),(909,73,2,'10/1/2014'),(910,73,2,'10/1/2014'),(911,73,2,'10/1/2014'),(912,73,2,'10/1/2014'),(913,73,2,'10/1/2014'),(914,73,2,'10/1/2014'),(915,73,2,'10/1/2014'),(916,73,2,'10/1/2014'),(917,73,2,'10/1/2014'),(918,73,2,'10/1/2014'),(919,73,2,'10/1/2014'),(920,73,2,'10/1/2014'),(921,73,2,'10/1/2014'),(922,73,2,'10/1/2014'),(923,73,2,'10/1/2014'),(924,73,2,'10/1/2014'),(925,73,2,'10/1/2014'),(926,73,2,'10/1/2014'),(927,73,2,'10/1/2014'),(928,73,2,'10/1/2014'),(929,73,2,'10/1/2014'),(930,73,2,'10/1/2014'),(931,73,2,'10/1/2014'),(932,73,2,'10/1/2014'),(933,73,2,'10/1/2014'),(934,73,2,'10/1/2014'),(935,73,2,'10/1/2014'),(936,73,2,'10/1/2014'),(937,73,2,'10/1/2014'),(938,73,2,'10/1/2014'),(939,73,2,'10/1/2014'),(940,73,2,'10/1/2014'),(941,73,2,'10/1/2014'),(942,73,2,'10/1/2014'),(943,73,2,'10/1/2014'),(944,73,2,'10/1/2014'),(945,73,2,'10/1/2014'),(946,73,2,'10/1/2014'),(947,73,2,'10/1/2014'),(948,73,2,'10/1/2014'),(949,73,2,'10/1/2014'),(950,73,2,'10/1/2014'),(951,73,2,'10/1/2014'),(952,73,2,'10/1/2014'),(953,73,2,'10/1/2014'),(954,73,2,'10/1/2014'),(955,73,2,'10/1/2014'),(956,73,2,'10/1/2014'),(957,73,2,'10/1/2014'),(958,73,2,'10/1/2014'),(959,73,2,'10/1/2014'),(960,73,2,'10/1/2014'),(961,73,2,'10/1/2014'),(962,73,2,'10/1/2014'),(963,73,2,'10/1/2014'),(964,73,2,'10/1/2014'),(965,73,2,'10/1/2014'),(966,73,2,'10/1/2014'),(967,73,2,'10/1/2014'),(968,73,2,'10/1/2014'),(969,73,2,'10/1/2014'),(970,73,2,'10/1/2014'),(971,73,2,'10/1/2014'),(972,73,2,'10/1/2014'),(973,73,2,'10/1/2014'),(974,73,2,'10/1/2014'),(975,73,2,'10/1/2014'),(976,73,2,'10/1/2014'),(977,73,2,'10/1/2014'),(978,73,2,'10/1/2014'),(979,73,2,'10/1/2014'),(980,73,2,'10/1/2014'),(981,73,2,'10/1/2014'),(982,73,2,'10/1/2014'),(983,73,2,'10/1/2014'),(984,73,2,'10/1/2014'),(985,73,2,'10/1/2014'),(986,73,2,'10/1/2014'),(987,73,2,'10/1/2014'),(988,73,2,'10/1/2014'),(989,73,2,'10/1/2014'),(990,73,2,'10/1/2014'),(991,73,2,'10/1/2014'),(992,73,2,'10/1/2014'),(993,73,2,'10/1/2014'),(994,73,2,'10/1/2014'),(995,73,2,'10/1/2014'),(996,73,2,'10/1/2014'),(997,73,2,'10/1/2014'),(998,73,2,'10/1/2014'),(999,73,2,'10/1/2014'),(1000,73,2,'10/1/2014'),(1001,73,2,'10/1/2014'),(1002,73,2,'10/1/2014'),(1003,73,2,'10/1/2014'),(1004,73,2,'10/1/2014'),(1005,73,2,'10/1/2014'),(1006,73,2,'10/1/2014'),(1007,73,2,'10/1/2014'),(1008,73,2,'10/1/2014'),(1009,73,2,'10/1/2014'),(1010,73,2,'10/1/2014'),(1011,73,2,'10/1/2014'),(1012,73,2,'10/1/2014'),(1013,73,2,'10/1/2014'),(1014,73,2,'10/1/2014'),(1015,73,2,'10/1/2014'),(1016,73,2,'10/1/2014'),(1017,73,2,'10/1/2014'),(1018,73,2,'10/1/2014'),(1019,73,2,'10/1/2014'),(1020,73,2,'10/1/2014'),(1021,73,2,'10/1/2014'),(1022,73,2,'10/1/2014'),(1023,73,2,'10/1/2014'),(1024,73,2,'10/1/2014'),(1025,73,2,'10/1/2014'),(1026,73,2,'10/1/2014'),(1027,73,2,'10/1/2014'),(1028,73,2,'10/1/2014'),(1029,73,2,'10/1/2014'),(1030,73,2,'10/1/2014'),(1031,73,2,'10/1/2014'),(1032,73,2,'10/1/2014'),(1033,73,2,'10/1/2014'),(1034,73,2,'10/1/2014'),(1035,73,2,'10/1/2014'),(1036,73,2,'10/1/2014'),(1037,73,2,'10/1/2014'),(1038,73,2,'10/1/2014'),(1039,73,2,'10/1/2014'),(1040,73,2,'10/1/2014'),(1041,73,2,'10/1/2014'),(1042,73,2,'10/1/2014'),(1043,73,2,'10/1/2014'),(1044,73,2,'10/1/2014'),(1045,73,2,'10/1/2014'),(1046,73,2,'10/1/2014'),(1047,73,2,'10/1/2014'),(1048,73,2,'10/1/2014'),(1049,73,2,'10/1/2014'),(1050,73,2,'10/1/2014'),(1051,73,2,'10/1/2014'),(1052,73,2,'10/1/2014'),(1053,73,2,'10/1/2014'),(1054,73,2,'10/1/2014'),(1055,73,2,'10/1/2014'),(1056,73,2,'10/1/2014'),(1057,73,2,'10/1/2014'),(1058,73,2,'10/1/2014'),(1059,73,2,'10/1/2014'),(1060,73,2,'10/1/2014'),(1061,73,2,'10/1/2014'),(1062,73,2,'10/1/2014'),(1063,73,2,'10/1/2014'),(1064,73,2,'10/1/2014'),(1065,73,2,'10/1/2014'),(1066,73,2,'10/1/2014'),(1067,73,2,'10/1/2014'),(1068,73,2,'10/1/2014'),(1069,73,2,'10/1/2014'),(1070,73,2,'10/1/2014'),(1071,73,2,'10/1/2014'),(1072,73,2,'10/1/2014'),(1073,73,2,'10/1/2014'),(1074,73,2,'10/1/2014'),(1075,73,2,'10/1/2014'),(1076,73,2,'10/1/2014'),(1077,73,2,'10/1/2014'),(1078,73,2,'10/1/2014'),(1079,73,2,'10/1/2014'),(1080,73,2,'10/1/2014'),(1081,73,2,'10/1/2014'),(1082,73,2,'10/1/2014'),(1083,73,2,'10/1/2014'),(1084,73,2,'10/1/2014'),(1085,73,2,'10/1/2014'),(1086,73,2,'10/1/2014'),(1087,73,2,'10/1/2014'),(1088,73,2,'10/1/2014'),(1089,73,2,'10/1/2014'),(1090,73,2,'10/1/2014'),(1091,73,2,'10/1/2014'),(1092,73,2,'10/1/2014'),(1093,73,2,'10/1/2014'),(1094,73,2,'10/1/2014'),(1095,73,2,'10/1/2014'),(1096,73,2,'10/1/2014'),(1097,73,2,'10/1/2014'),(1098,73,2,'10/1/2014'),(1099,73,2,'10/1/2014'),(1100,73,2,'10/1/2014'),(1101,73,2,'10/1/2014'),(1102,73,2,'10/1/2014'),(1103,73,2,'10/1/2014'),(1104,73,2,'10/1/2014'),(1105,73,2,'10/1/2014'),(1106,73,2,'10/1/2014'),(1107,73,2,'10/1/2014'),(1108,73,2,'10/1/2014'),(1109,73,2,'10/1/2014'),(1110,73,2,'10/1/2014'),(1111,73,2,'10/1/2014'),(1112,73,2,'10/1/2014'),(1113,73,2,'10/1/2014'),(1114,73,2,'10/1/2014'),(1115,73,2,'10/1/2014'),(1116,73,2,'10/1/2014'),(1117,73,2,'10/1/2014'),(1118,73,2,'10/1/2014'),(1119,73,2,'10/1/2014'),(1120,73,2,'10/1/2014'),(1121,73,2,'10/1/2014'),(1122,73,2,'10/1/2014'),(1123,73,2,'10/1/2014'),(1124,73,2,'10/1/2014'),(1125,73,2,'10/1/2014'),(1126,73,2,'10/1/2014'),(1127,73,2,'10/1/2014'),(1128,73,2,'10/1/2014'),(1129,73,2,'10/1/2014'),(1130,73,2,'10/1/2014'),(1131,73,2,'10/1/2014'),(1132,73,2,'10/1/2014'),(1133,73,2,'10/1/2014'),(1134,73,2,'10/1/2014'),(1135,73,2,'10/1/2014'),(1136,73,2,'10/1/2014'),(1137,73,2,'10/1/2014'),(1138,73,2,'10/1/2014'),(1139,73,2,'10/1/2014'),(1140,73,2,'10/1/2014'),(1141,73,2,'10/1/2014'),(1142,73,2,'10/1/2014'),(1143,73,2,'10/1/2014'),(1144,73,2,'10/1/2014'),(1145,73,2,'10/1/2014'),(1146,73,2,'10/1/2014'),(1147,73,2,'10/1/2014'),(1148,73,2,'10/1/2014'),(1149,73,2,'10/1/2014'),(1150,73,2,'10/1/2014'),(1151,73,2,'10/1/2014'),(1152,73,2,'10/1/2014'),(1153,73,2,'10/1/2014'),(1154,73,2,'10/1/2014'),(1155,73,2,'10/1/2014'),(1156,73,2,'10/1/2014'),(1157,73,2,'10/1/2014'),(1158,73,2,'10/1/2014'),(1159,73,2,'10/1/2014'),(1160,73,2,'10/1/2014'),(1161,73,2,'10/1/2014'),(1162,73,2,'10/1/2014'),(1163,73,2,'10/1/2014'),(1164,73,2,'10/1/2014'),(1165,73,2,'10/1/2014'),(1166,73,2,'10/1/2014'),(1167,73,2,'10/1/2014'),(1168,73,2,'10/1/2014'),(1169,73,2,'10/1/2014'),(1170,73,2,'10/1/2014'),(1171,73,2,'10/1/2014'),(1172,73,2,'10/1/2014'),(1173,73,2,'10/1/2014'),(1174,73,2,'10/1/2014'),(1175,73,2,'10/1/2014'),(1176,73,2,'10/1/2014'),(1177,73,2,'10/1/2014'),(1178,73,2,'10/1/2014'),(1179,73,2,'10/1/2014'),(1180,73,2,'10/1/2014'),(1181,73,2,'10/1/2014'),(1182,73,2,'10/1/2014'),(1183,73,2,'10/1/2014'),(1184,73,2,'10/1/2014'),(1185,73,2,'10/1/2014'),(1186,73,2,'10/1/2014'),(1187,73,2,'10/1/2014'),(1188,73,2,'10/1/2014'),(1189,73,2,'10/1/2014'),(1190,73,2,'10/1/2014'),(1191,73,2,'10/1/2014'),(1192,73,2,'10/1/2014'),(1193,73,2,'10/1/2014'),(1194,73,2,'10/1/2014'),(1195,73,2,'10/1/2014'),(1196,73,2,'10/1/2014'),(1197,73,2,'10/1/2014'),(1198,73,2,'10/1/2014'),(1199,73,2,'10/1/2014'),(1200,73,2,'10/1/2014'),(1201,73,2,'10/1/2014'),(1202,73,2,'10/1/2014'),(1203,73,2,'10/1/2014'),(1204,73,2,'10/1/2014'),(1205,73,2,'10/1/2014'),(1206,73,2,'10/1/2014'),(1207,73,2,'10/1/2014'),(1208,73,2,'10/1/2014'),(1209,73,2,'10/1/2014'),(1210,73,2,'10/1/2014'),(1211,73,2,'10/1/2014'),(1212,73,2,'10/1/2014'),(1213,73,2,'10/1/2014'),(1214,73,2,'10/1/2014'),(1215,73,2,'10/1/2014'),(1216,73,2,'10/1/2014'),(1217,73,2,'10/1/2014'),(1218,73,2,'10/1/2014'),(1219,73,2,'10/1/2014'),(1220,73,2,'10/1/2014'),(1221,73,2,'10/1/2014'),(1222,73,2,'10/1/2014'),(1223,73,2,'10/1/2014'),(1224,73,2,'10/1/2014'),(1225,73,2,'10/1/2014'),(1226,73,2,'10/1/2014'),(1227,73,2,'10/1/2014'),(1228,73,2,'10/1/2014'),(1229,73,2,'10/1/2014'),(1230,73,2,'10/1/2014'),(1231,73,2,'10/1/2014'),(1232,73,2,'10/1/2014'),(1233,73,2,'10/1/2014'),(1234,73,2,'10/1/2014'),(1235,73,2,'10/1/2014'),(1236,73,2,'10/1/2014'),(1237,73,2,'10/1/2014'),(1238,73,2,'10/1/2014'),(1239,73,2,'10/1/2014'),(1240,73,2,'10/1/2014'),(1241,73,2,'10/1/2014'),(1242,73,2,'10/1/2014'),(1243,73,2,'10/1/2014'),(1244,73,2,'10/1/2014'),(1245,73,2,'10/1/2014'),(1246,73,2,'10/1/2014'),(1247,73,2,'10/1/2014'),(1248,73,2,'10/1/2014'),(1249,73,2,'10/1/2014'),(1250,73,2,'10/1/2014'),(1251,73,2,'10/1/2014'),(1252,73,2,'10/1/2014'),(1253,73,2,'10/1/2014'),(1254,73,2,'10/1/2014'),(1255,73,2,'10/1/2014'),(1256,73,2,'10/1/2014'),(1257,73,2,'10/1/2014'),(1258,73,2,'10/1/2014'),(1259,73,2,'10/1/2014'),(1260,73,2,'10/1/2014'),(1261,73,2,'10/1/2014'),(1262,73,2,'10/1/2014'),(1263,73,2,'10/1/2014'),(1264,73,2,'10/1/2014'),(1265,73,2,'10/1/2014'),(1266,73,2,'10/1/2014'),(1267,73,2,'10/1/2014'),(1268,73,2,'10/1/2014'),(1269,73,2,'10/1/2014'),(1270,73,2,'10/1/2014'),(1271,73,2,'10/1/2014'),(1272,73,2,'10/1/2014'),(1273,73,2,'10/1/2014'),(1274,73,2,'10/1/2014'),(1275,73,2,'10/1/2014'),(1276,73,2,'10/1/2014'),(1277,73,2,'10/1/2014'),(1278,73,2,'10/1/2014'),(1279,73,2,'10/1/2014'),(1280,73,2,'10/1/2014'),(1281,73,2,'10/1/2014'),(1282,73,2,'10/1/2014'),(1283,73,2,'10/1/2014'),(1284,73,2,'10/1/2014'),(1285,73,2,'10/1/2014'),(1286,73,2,'10/1/2014'),(1287,73,2,'10/1/2014'),(1288,73,2,'10/1/2014'),(1289,73,2,'10/1/2014'),(1290,73,2,'10/1/2014'),(1291,73,2,'10/1/2014'),(1292,73,2,'10/1/2014'),(1293,73,2,'10/1/2014'),(1294,73,2,'10/1/2014'),(1295,73,2,'10/1/2014'),(1296,73,2,'10/1/2014'),(1297,73,2,'10/1/2014'),(1298,73,2,'10/1/2014'),(1299,73,2,'10/1/2014'),(1300,73,2,'10/1/2014'),(1301,73,2,'10/1/2014'),(1302,73,2,'10/1/2014'),(1303,73,2,'10/1/2014'),(1304,73,2,'10/1/2014'),(1305,73,2,'10/1/2014'),(1306,73,2,'10/1/2014'),(1307,73,2,'10/1/2014'),(1308,73,2,'10/1/2014'),(1309,73,2,'10/1/2014'),(1310,73,2,'10/1/2014'),(1311,73,2,'10/1/2014'),(1312,73,2,'10/1/2014'),(1313,73,2,'10/1/2014'),(1314,73,2,'10/1/2014'),(1315,73,2,'10/1/2014'),(1316,73,2,'10/1/2014'),(1317,73,2,'10/1/2014'),(1318,73,2,'10/1/2014'),(1319,73,2,'10/1/2014'),(1320,73,2,'10/1/2014'),(1321,73,2,'10/1/2014'),(1322,73,2,'10/1/2014'),(1323,73,2,'10/1/2014'),(1324,73,2,'10/1/2014'),(1325,73,2,'10/1/2014'),(1326,73,2,'10/1/2014'),(1327,73,2,'10/1/2014'),(1328,73,2,'10/1/2014'),(1329,73,2,'10/1/2014'),(1330,73,2,'10/1/2014'),(1331,73,2,'10/1/2014'),(1332,73,2,'10/1/2014'),(1333,73,2,'10/1/2014'),(1334,73,2,'10/1/2014'),(1335,73,2,'10/1/2014'),(1336,73,2,'10/1/2014'),(1337,73,2,'10/1/2014'),(1338,73,2,'10/1/2014'),(1339,73,2,'10/1/2014'),(1340,73,2,'10/1/2014'),(1341,73,2,'10/1/2014'),(1342,73,2,'10/1/2014'),(1343,73,2,'10/1/2014'),(1344,73,2,'10/1/2014'),(1345,73,2,'10/1/2014'),(1346,73,2,'10/1/2014'),(1347,73,2,'10/1/2014'),(1348,73,2,'10/1/2014'),(1349,73,2,'10/1/2014'),(1350,73,2,'10/1/2014'),(1351,73,2,'10/1/2014'),(1352,73,2,'10/1/2014'),(1353,73,2,'10/1/2014'),(1354,73,2,'10/1/2014'),(1355,73,2,'10/1/2014'),(1356,73,2,'10/1/2014'),(1357,73,2,'10/1/2014'),(1358,73,2,'10/1/2014'),(1359,73,2,'10/1/2014'),(1360,73,2,'10/1/2014'),(1361,73,2,'10/1/2014'),(1362,73,2,'10/1/2014'),(1363,73,2,'10/1/2014'),(1364,73,2,'10/1/2014'),(1365,73,2,'10/1/2014'),(1366,73,2,'10/1/2014'),(1367,73,2,'10/1/2014'),(1368,73,2,'10/1/2014'),(1369,73,2,'10/1/2014'),(1370,73,2,'10/1/2014'),(1371,73,2,'10/1/2014'),(1372,73,2,'10/1/2014'),(1373,73,2,'10/1/2014'),(1374,73,2,'10/1/2014'),(1375,73,2,'10/1/2014'),(1376,73,2,'10/1/2014'),(1377,73,2,'10/1/2014'),(1378,73,2,'10/1/2014'),(1379,73,2,'10/1/2014'),(1380,73,2,'10/1/2014'),(1381,73,2,'10/1/2014'),(1382,73,2,'10/1/2014'),(1383,73,2,'10/1/2014'),(1384,73,2,'10/1/2014'),(1385,73,2,'10/1/2014'),(1386,73,2,'10/1/2014'),(1387,73,2,'10/1/2014'),(1388,73,2,'10/1/2014'),(1389,73,2,'10/1/2014'),(1390,73,2,'10/1/2014'),(1391,73,2,'10/1/2014'),(1392,73,2,'10/1/2014'),(1393,73,2,'10/1/2014'),(1394,73,2,'10/1/2014'),(1395,73,2,'10/1/2014'),(1396,73,2,'10/1/2014'),(1397,73,2,'10/1/2014'),(1398,73,2,'10/1/2014'),(1399,73,2,'10/1/2014'),(1400,73,2,'10/1/2014'),(1401,73,2,'10/1/2014'),(1402,73,2,'10/1/2014'),(1403,73,2,'10/1/2014'),(1404,73,2,'10/1/2014'),(1405,73,2,'10/1/2014'),(1406,73,2,'10/1/2014'),(1407,73,2,'10/1/2014'),(1408,73,2,'10/1/2014'),(1409,73,2,'10/1/2014'),(1410,73,2,'10/1/2014'),(1411,73,2,'10/1/2014'),(1412,73,2,'10/1/2014'),(1413,73,2,'10/1/2014'),(1414,73,2,'10/1/2014'),(1415,73,2,'10/1/2014'),(1416,73,2,'10/1/2014'),(1417,73,2,'10/1/2014'),(1418,73,2,'10/1/2014'),(1419,73,2,'10/1/2014'),(1420,73,2,'10/1/2014'),(1421,73,2,'10/1/2014'),(1422,73,2,'10/1/2014'),(1423,73,2,'10/1/2014'),(1424,73,2,'10/1/2014'),(1425,73,2,'10/1/2014'),(1426,73,2,'10/1/2014'),(1427,73,2,'10/1/2014'),(1428,73,2,'10/1/2014'),(1429,73,2,'10/1/2014'),(1430,73,2,'10/1/2014'),(1431,73,2,'10/1/2014'),(1432,73,2,'10/1/2014'),(1433,73,2,'10/1/2014'),(1434,73,2,'10/1/2014'),(1435,73,2,'10/1/2014'),(1436,73,2,'10/1/2014'),(1437,73,2,'10/1/2014'),(1438,73,2,'10/1/2014'),(1439,73,2,'10/1/2014'),(1440,73,2,'10/1/2014'),(1441,73,2,'10/1/2014'),(1442,73,2,'10/1/2014'),(1443,73,2,'10/1/2014'),(1444,73,2,'10/1/2014'),(1445,73,2,'10/1/2014'),(1446,73,2,'10/1/2014'),(1447,73,2,'10/1/2014'),(1448,73,2,'10/1/2014'),(1449,73,2,'10/1/2014'),(1450,73,2,'10/1/2014'),(1451,73,2,'10/1/2014'),(1452,73,2,'10/1/2014'),(1453,73,2,'10/1/2014'),(1454,73,2,'10/1/2014'),(1455,73,2,'10/1/2014'),(1456,73,2,'10/1/2014'),(1457,73,2,'10/1/2014'),(1458,73,2,'10/1/2014'),(1459,73,2,'10/1/2014'),(1460,73,2,'10/1/2014'),(1461,73,2,'10/1/2014'),(1462,73,2,'10/1/2014'),(1463,73,2,'10/1/2014'),(1464,73,2,'10/1/2014'),(1465,73,2,'10/1/2014'),(1466,73,2,'10/1/2014'),(1467,73,2,'10/1/2014'),(1468,73,2,'10/1/2014'),(1469,73,2,'10/1/2014'),(1470,73,2,'10/1/2014'),(1471,73,2,'10/1/2014'),(1472,73,2,'10/1/2014'),(1473,73,2,'10/1/2014'),(1474,73,2,'10/1/2014'),(1475,73,2,'10/1/2014'),(1476,73,2,'10/1/2014'),(1477,73,2,'10/1/2014'),(1478,73,2,'10/1/2014'),(1479,73,2,'10/1/2014'),(1480,73,2,'10/1/2014'),(1481,73,2,'10/1/2014'),(1482,73,2,'10/1/2014'),(1483,73,2,'10/1/2014'),(1484,73,2,'10/1/2014'),(1485,73,2,'10/1/2014'),(1486,73,2,'10/1/2014'),(1487,73,2,'10/1/2014'),(1488,73,2,'10/1/2014'),(1489,73,2,'10/1/2014'),(1490,73,2,'10/1/2014'),(1491,73,2,'10/1/2014'),(1492,73,2,'10/1/2014'),(1493,73,2,'10/1/2014'),(1494,73,2,'10/1/2014'),(1495,73,2,'10/1/2014'),(1496,73,2,'10/1/2014'),(1497,73,2,'10/1/2014'),(1498,73,2,'10/1/2014'),(1499,73,2,'10/1/2014'),(1500,73,2,'10/1/2014'),(1501,73,2,'10/1/2014'),(1502,73,2,'10/1/2014'),(1503,73,2,'10/1/2014'),(1504,73,2,'10/1/2014'),(1505,73,2,'10/1/2014'),(1506,73,2,'10/1/2014'),(1507,73,2,'10/1/2014'),(1508,73,2,'10/1/2014'),(1509,73,2,'10/1/2014'),(1510,73,2,'10/1/2014'),(1511,73,2,'10/1/2014'),(1512,73,2,'10/1/2014'),(1513,73,2,'10/1/2014'),(1514,73,2,'10/1/2014'),(1515,73,2,'10/1/2014'),(1516,73,2,'10/1/2014'),(1517,73,2,'10/1/2014'),(1518,73,2,'10/1/2014'),(1519,73,2,'10/1/2014'),(1520,73,2,'10/1/2014'),(1521,73,2,'10/1/2014'),(1522,73,2,'10/1/2014'),(1523,73,2,'10/1/2014'),(1524,73,2,'10/1/2014'),(1525,73,2,'10/1/2014'),(1526,73,2,'10/1/2014'),(1527,73,2,'10/1/2014'),(1528,73,2,'10/1/2014'),(1529,73,2,'10/1/2014'),(1530,73,2,'10/1/2014'),(1531,73,2,'10/1/2014'),(1532,73,2,'10/1/2014'),(1533,73,2,'10/1/2014'),(1534,73,2,'10/1/2014'),(1535,73,2,'10/1/2014'),(1536,73,2,'10/1/2014'),(1537,73,2,'10/1/2014'),(1538,73,2,'10/1/2014'),(1539,73,2,'10/1/2014'),(1540,73,2,'10/1/2014'),(1541,73,2,'10/1/2014'),(1542,73,2,'10/1/2014'),(1543,73,2,'10/1/2014'),(1544,73,2,'10/1/2014'),(1545,73,2,'10/1/2014'),(1546,73,2,'10/1/2014'),(1547,73,2,'10/1/2014'),(1548,73,2,'10/1/2014'),(1549,73,2,'10/1/2014'),(1550,73,2,'10/1/2014'),(1551,73,2,'10/1/2014'),(1552,73,2,'10/1/2014'),(1553,73,2,'10/1/2014'),(1554,73,2,'10/1/2014'),(1555,73,2,'10/1/2014'),(1556,73,2,'10/1/2014'),(1557,73,2,'10/1/2014'),(1558,73,2,'10/1/2014'),(1559,73,2,'10/1/2014'),(1560,73,2,'10/1/2014'),(1561,73,2,'10/1/2014'),(1562,73,2,'10/1/2014'),(1563,73,2,'10/1/2014'),(1564,73,2,'10/1/2014'),(1565,73,2,'10/1/2014'),(1566,73,2,'10/1/2014'),(1567,73,2,'10/1/2014'),(1568,73,2,'10/1/2014'),(1569,73,2,'10/1/2014'),(1570,73,2,'10/1/2014'),(1571,73,2,'10/1/2014'),(1572,73,2,'10/1/2014'),(1573,73,2,'10/1/2014'),(1574,73,2,'10/1/2014'),(1575,73,2,'10/1/2014'),(1576,73,2,'10/1/2014'),(1577,73,2,'10/1/2014'),(1578,73,2,'10/1/2014'),(1579,73,2,'10/1/2014'),(1580,73,2,'10/1/2014'),(1581,73,2,'10/1/2014'),(1582,73,2,'10/1/2014'),(1583,73,2,'10/1/2014'),(1584,73,2,'10/1/2014'),(1585,73,2,'10/1/2014'),(1586,73,2,'10/1/2014'),(1587,73,2,'10/1/2014'),(1588,73,2,'10/1/2014'),(1589,73,2,'10/1/2014'),(1590,73,2,'10/1/2014'),(1591,73,2,'10/1/2014'),(1592,73,2,'10/1/2014'),(1593,73,2,'10/1/2014'),(1594,73,2,'10/1/2014'),(1595,73,2,'10/1/2014'),(1596,73,2,'10/1/2014'),(1597,73,2,'10/1/2014'),(1598,73,2,'10/1/2014'),(1599,73,2,'10/1/2014'),(1600,73,2,'10/1/2014'),(1601,73,2,'10/1/2014'),(1602,73,2,'10/1/2014'),(1603,73,2,'10/1/2014'),(1604,73,2,'10/1/2014'),(1605,73,2,'10/1/2014'),(1606,73,2,'10/1/2014'),(1607,73,2,'10/1/2014'),(1608,73,2,'10/1/2014'),(1609,73,2,'10/1/2014'),(1610,73,2,'10/1/2014'),(1611,73,2,'10/1/2014'),(1612,73,2,'10/1/2014'),(1613,73,2,'10/1/2014'),(1614,73,2,'10/1/2014'),(1615,73,2,'10/1/2014'),(1616,73,2,'10/1/2014'),(1617,73,2,'10/1/2014'),(1618,73,2,'10/1/2014'),(1619,73,2,'10/1/2014'),(1620,73,2,'10/1/2014'),(1621,73,2,'10/1/2014'),(1622,73,2,'10/1/2014'),(1623,73,2,'10/1/2014'),(1624,73,2,'10/1/2014'),(1625,73,2,'10/1/2014'),(1626,73,2,'10/1/2014'),(1627,73,2,'10/1/2014'),(1628,73,2,'10/1/2014'),(1629,73,2,'10/1/2014'),(1630,73,2,'10/1/2014'),(1631,73,2,'10/1/2014'),(1632,73,2,'10/1/2014'),(1633,73,2,'10/1/2014'),(1634,73,2,'10/1/2014'),(1635,73,2,'10/1/2014'),(1636,73,2,'10/1/2014'),(1637,73,2,'10/1/2014'),(1638,73,2,'10/1/2014'),(1639,73,2,'10/1/2014'),(1640,73,2,'10/1/2014'),(1641,73,2,'10/1/2014'),(1642,73,2,'10/1/2014'),(1643,73,2,'10/1/2014'),(1644,73,2,'10/1/2014'),(1645,73,2,'10/1/2014'),(1646,73,2,'10/1/2014'),(1647,73,2,'10/1/2014'),(1648,73,2,'10/1/2014'),(1649,73,2,'10/1/2014'),(1650,73,2,'10/1/2014'),(1651,73,2,'10/1/2014'),(1652,73,2,'10/1/2014'),(1653,73,2,'10/1/2014'),(1654,73,2,'10/1/2014'),(1655,73,2,'10/1/2014'),(1656,73,2,'10/1/2014'),(1657,73,2,'10/1/2014'),(1658,73,2,'10/1/2014'),(1659,73,2,'10/1/2014'),(1660,73,2,'10/1/2014'),(1661,73,2,'10/1/2014'),(1662,73,2,'10/1/2014'),(1663,73,2,'10/1/2014'),(1664,73,2,'10/1/2014'),(1665,73,2,'10/1/2014'),(1666,73,2,'10/1/2014'),(1667,73,2,'10/1/2014'),(1668,73,2,'10/1/2014'),(1669,73,2,'10/1/2014'),(1670,73,2,'10/1/2014'),(1671,73,2,'10/1/2014'),(1672,73,2,'10/1/2014'),(1673,73,2,'10/1/2014'),(1674,73,2,'10/1/2014'),(1675,73,2,'10/1/2014'),(1676,73,2,'10/1/2014'),(1677,73,2,'10/1/2014'),(1678,73,2,'10/1/2014'),(1679,73,2,'10/1/2014'),(1680,73,2,'10/1/2014'),(1681,73,2,'10/1/2014'),(1682,73,2,'10/1/2014'),(1683,73,2,'10/1/2014'),(1684,73,2,'10/1/2014'),(1685,73,2,'10/1/2014'),(1686,73,2,'10/1/2014'),(1687,73,2,'10/1/2014'),(1688,73,2,'10/1/2014'),(1689,73,2,'10/1/2014'),(1690,73,2,'10/1/2014'),(1691,73,2,'10/1/2014'),(1692,73,2,'10/1/2014'),(1693,73,2,'10/1/2014'),(1694,73,2,'10/1/2014'),(1695,73,2,'10/1/2014'),(1696,73,2,'10/1/2014'),(1697,73,2,'10/1/2014'),(1698,73,2,'10/1/2014'),(1699,73,2,'10/1/2014'),(1700,73,2,'10/1/2014'),(1701,73,2,'10/1/2014'),(1702,73,2,'10/1/2014'),(1703,73,2,'10/1/2014'),(1704,73,2,'10/1/2014'),(1705,73,2,'10/1/2014'),(1706,73,2,'10/1/2014'),(1707,73,2,'10/1/2014'),(1708,73,2,'10/1/2014'),(1709,73,2,'10/1/2014'),(1710,73,2,'10/1/2014'),(1711,73,2,'10/1/2014'),(1712,73,2,'10/1/2014'),(1713,73,2,'10/1/2014'),(1714,73,2,'10/1/2014'),(1715,73,2,'10/1/2014'),(1716,73,2,'10/1/2014'),(1717,73,2,'10/1/2014'),(1718,73,2,'10/1/2014'),(1719,73,2,'10/1/2014'),(1720,73,2,'10/1/2014'),(1721,73,2,'10/1/2014'),(1722,73,2,'10/1/2014'),(1723,73,2,'10/1/2014'),(1724,73,2,'10/1/2014'),(1725,73,2,'10/1/2014'),(1726,73,2,'10/1/2014'),(1727,73,2,'10/1/2014'),(1728,73,2,'10/1/2014'),(1729,73,2,'10/1/2014'),(1730,73,2,'10/1/2014'),(1731,73,2,'10/1/2014'),(1732,73,2,'10/1/2014'),(1733,73,2,'10/1/2014'),(1734,73,2,'10/1/2014'),(1735,73,2,'10/1/2014'),(1736,73,2,'10/1/2014'),(1737,73,2,'10/1/2014'),(1738,73,2,'10/1/2014'),(1739,73,2,'10/1/2014'),(1740,73,2,'10/1/2014'),(1741,73,2,'10/1/2014'),(1742,73,2,'10/1/2014'),(1743,73,2,'10/1/2014'),(1744,73,2,'10/1/2014'),(1745,73,2,'10/1/2014'),(1746,73,2,'10/1/2014'),(1747,73,2,'10/1/2014'),(1748,73,2,'10/1/2014'),(1749,73,2,'10/1/2014'),(1750,73,2,'10/1/2014'),(1751,73,2,'10/1/2014'),(1752,73,2,'10/1/2014'),(1753,73,2,'10/1/2014'),(1754,73,2,'10/1/2014'),(1755,73,2,'10/1/2014'),(1756,73,2,'10/1/2014'),(1757,73,2,'10/1/2014'),(1758,73,2,'10/1/2014'),(1759,73,2,'10/1/2014'),(1760,73,2,'10/1/2014'),(1761,73,2,'10/1/2014'),(1762,73,2,'10/1/2014'),(1763,73,2,'10/1/2014'),(1764,73,2,'10/1/2014'),(1765,73,2,'10/1/2014'),(1766,73,2,'10/1/2014'),(1767,73,2,'10/1/2014'),(1768,73,2,'10/1/2014'),(1769,73,2,'10/1/2014'),(1770,73,2,'10/1/2014'),(1771,73,2,'10/1/2014'),(1772,73,2,'10/1/2014'),(1773,73,2,'10/1/2014'),(1774,73,2,'10/1/2014'),(1775,73,2,'10/1/2014'),(1776,73,2,'10/1/2014'),(1777,73,2,'10/1/2014'),(1778,73,2,'10/1/2014'),(1779,73,2,'10/1/2014'),(1780,73,2,'10/1/2014'),(1781,73,2,'10/1/2014'),(1782,73,2,'10/1/2014'),(1783,73,2,'10/1/2014'),(1784,73,2,'10/1/2014'),(1785,73,2,'10/1/2014'),(1786,73,2,'10/1/2014'),(1787,73,2,'10/1/2014'),(1788,73,2,'10/1/2014'),(1789,73,2,'10/1/2014'),(1790,73,2,'10/1/2014'),(1791,73,2,'10/1/2014'),(1792,73,2,'10/1/2014'),(1793,73,2,'10/1/2014'),(1794,73,2,'10/1/2014'),(1795,73,2,'10/1/2014'),(1796,73,2,'10/1/2014'),(1797,73,2,'10/1/2014'),(1798,73,2,'10/1/2014'),(1799,73,2,'10/1/2014'),(1800,73,2,'10/1/2014'),(1801,73,2,'10/1/2014'),(1802,73,2,'10/1/2014'),(1803,73,2,'10/1/2014'),(1804,73,2,'10/1/2014'),(1805,73,2,'10/1/2014'),(1806,73,2,'10/1/2014'),(1807,73,2,'10/1/2014'),(1808,73,2,'10/1/2014'),(1809,73,2,'10/1/2014'),(1810,73,2,'10/1/2014'),(1811,73,2,'10/1/2014'),(1812,73,2,'10/1/2014'),(1813,73,2,'10/1/2014'),(1814,73,2,'10/1/2014'),(1815,73,2,'10/1/2014'),(1816,73,2,'10/1/2014'),(1817,73,2,'10/1/2014'),(1818,73,2,'10/1/2014'),(1819,73,2,'10/1/2014'),(1820,73,2,'10/1/2014'),(1821,73,2,'10/1/2014'),(1822,73,2,'10/1/2014'),(1823,73,2,'10/1/2014'),(1824,73,2,'10/1/2014'),(1825,73,2,'10/1/2014'),(1826,73,2,'10/1/2014'),(1827,73,2,'10/1/2014'),(1828,73,2,'10/1/2014'),(1829,73,2,'10/1/2014'),(1830,73,2,'10/1/2014'),(1831,73,2,'10/1/2014'),(1832,73,2,'10/1/2014'),(1833,73,2,'10/1/2014'),(1834,73,2,'10/1/2014'),(1835,73,2,'10/1/2014'),(1836,73,2,'10/1/2014'),(1837,73,2,'10/1/2014'),(1838,73,2,'10/1/2014'),(1839,73,2,'10/1/2014'),(1840,73,2,'10/1/2014'),(1841,73,2,'10/1/2014'),(1842,73,2,'10/1/2014'),(1843,73,2,'10/1/2014'),(1844,73,2,'10/1/2014'),(1845,73,2,'10/1/2014'),(1846,73,2,'10/1/2014'),(1847,73,2,'10/1/2014'),(1848,73,2,'10/1/2014'),(1849,73,2,'10/1/2014'),(1850,73,2,'10/1/2014'),(1851,73,2,'10/1/2014'),(1852,73,2,'10/1/2014'),(1853,73,2,'10/1/2014'),(1854,73,2,'10/1/2014'),(1855,73,2,'10/1/2014'),(1856,73,2,'10/1/2014'),(1857,73,2,'10/1/2014'),(1858,73,2,'10/1/2014'),(1859,73,2,'10/1/2014'),(1860,73,2,'10/1/2014'),(1861,73,2,'10/1/2014'),(1862,73,2,'10/1/2014'),(1863,73,2,'10/1/2014'),(1864,73,2,'10/1/2014'),(1865,73,2,'10/1/2014'),(1866,73,2,'10/1/2014'),(1867,73,2,'10/1/2014'),(1868,73,2,'10/1/2014'),(1869,73,2,'10/1/2014'),(1870,73,2,'10/1/2014'),(1871,73,2,'10/1/2014'),(1872,73,2,'10/1/2014'),(1873,73,2,'10/1/2014'),(1874,73,2,'10/1/2014'),(1875,73,2,'10/1/2014'),(1876,73,2,'10/1/2014'),(1877,73,2,'10/1/2014'),(1878,73,2,'10/1/2014'),(1879,73,2,'10/1/2014'),(1880,73,2,'10/1/2014'),(1881,73,2,'10/1/2014'),(1882,73,2,'10/1/2014'),(1883,73,2,'10/1/2014'),(1884,73,2,'10/1/2014'),(1885,73,2,'10/1/2014'),(1886,73,2,'10/1/2014'),(1887,73,2,'10/1/2014'),(1888,73,2,'10/1/2014'),(1889,73,2,'10/1/2014'),(1890,73,2,'10/1/2014'),(1891,73,2,'10/1/2014'),(1892,73,2,'10/1/2014'),(1893,73,2,'10/1/2014'),(1894,73,2,'10/1/2014'),(1895,73,2,'10/1/2014'),(1896,73,2,'10/1/2014'),(1897,73,2,'10/1/2014'),(1898,73,2,'10/1/2014'),(1899,73,2,'10/1/2014'),(1900,73,2,'10/1/2014'),(1901,73,2,'10/1/2014'),(1902,73,2,'10/1/2014'),(1903,73,2,'10/1/2014'),(1904,73,2,'10/1/2014'),(1905,73,2,'10/1/2014'),(1906,73,2,'10/1/2014'),(1907,73,2,'10/1/2014'),(1908,73,2,'10/1/2014'),(1909,73,2,'10/1/2014'),(1910,73,2,'10/1/2014'),(1911,73,2,'10/1/2014'),(1912,73,2,'10/1/2014'),(1913,73,2,'10/1/2014'),(1914,73,2,'10/1/2014'),(1915,73,2,'10/1/2014'),(1916,73,2,'10/1/2014'),(1917,73,2,'10/1/2014'),(1918,73,2,'10/1/2014'),(1919,73,2,'10/1/2014'),(1920,73,2,'10/1/2014'),(1921,73,2,'10/1/2014'),(1922,73,2,'10/1/2014'),(1923,73,2,'10/1/2014'),(1924,73,2,'10/1/2014'),(1925,73,2,'10/1/2014'),(1926,73,2,'10/1/2014'),(1927,73,2,'10/1/2014'),(1928,73,2,'10/1/2014'),(1929,73,2,'10/1/2014'),(1930,73,2,'10/1/2014'),(1931,73,2,'10/1/2014'),(1932,73,2,'10/1/2014'),(1933,73,2,'10/1/2014'),(1934,73,2,'10/1/2014'),(1935,73,2,'10/1/2014'),(1936,73,2,'10/1/2014'),(1937,73,2,'10/1/2014'),(1938,73,2,'10/1/2014'),(1939,73,2,'10/1/2014'),(1940,73,2,'10/1/2014'),(1941,73,2,'10/1/2014'),(1942,73,2,'10/1/2014'),(1943,73,2,'10/1/2014'),(1944,73,2,'10/1/2014'),(1945,73,2,'10/1/2014'),(1946,73,2,'10/1/2014'),(1947,73,2,'10/1/2014'),(1948,73,2,'10/1/2014'),(1949,73,2,'10/1/2014'),(1950,73,2,'10/1/2014'),(1951,73,2,'10/1/2014'),(1952,73,2,'10/1/2014'),(1953,73,2,'10/1/2014'),(1954,73,2,'10/1/2014'),(1955,73,2,'10/1/2014'),(1956,73,2,'10/1/2014'),(1957,73,2,'10/1/2014'),(1958,73,2,'10/1/2014'),(1959,73,2,'10/1/2014'),(1960,73,2,'10/1/2014'),(1961,73,2,'10/1/2014'),(1962,73,2,'10/1/2014'),(1963,73,2,'10/1/2014'),(1964,73,2,'10/1/2014'),(1965,73,2,'10/1/2014'),(1966,73,2,'10/1/2014'),(1967,73,2,'10/1/2014'),(1968,73,2,'10/1/2014'),(1969,73,2,'10/1/2014'),(1970,73,2,'10/1/2014'),(1971,73,2,'10/1/2014'),(1972,73,2,'10/1/2014'),(1973,73,2,'10/1/2014'),(1974,73,2,'10/1/2014'),(1975,73,2,'10/1/2014'),(1976,73,2,'10/1/2014'),(1977,73,2,'10/1/2014'),(1978,73,2,'10/1/2014'),(1979,73,2,'10/1/2014'),(1980,73,2,'10/1/2014'),(1981,73,2,'10/1/2014'),(1982,73,2,'10/1/2014'),(1983,73,2,'10/1/2014'),(1984,73,2,'10/1/2014'),(1985,73,2,'10/1/2014'),(1986,73,2,'10/1/2014'),(1987,73,2,'10/1/2014'),(1988,73,2,'10/1/2014'),(1989,73,2,'10/1/2014'),(1990,73,2,'10/1/2014'),(1991,73,2,'10/1/2014'),(1992,73,2,'10/1/2014'),(1993,73,2,'10/1/2014'),(1994,73,2,'10/1/2014'),(1995,73,2,'10/1/2014'),(1996,73,2,'10/1/2014'),(1997,73,2,'10/1/2014'),(1998,73,2,'10/1/2014'),(1999,73,2,'10/1/2014'),(2000,73,2,'10/1/2014'),(2001,73,2,'10/1/2014'),(2002,73,2,'10/1/2014'),(2003,73,2,'10/1/2014'),(2004,73,2,'10/1/2014'),(2005,73,2,'10/1/2014'),(2006,73,2,'10/1/2014'),(2007,73,2,'10/1/2014'),(2008,73,2,'10/1/2014'),(2009,73,2,'10/1/2014'),(2010,73,2,'10/1/2014'),(2011,73,2,'10/1/2014'),(2012,73,2,'10/1/2014'),(2013,73,2,'10/1/2014'),(2014,73,2,'10/1/2014'),(2015,73,2,'10/1/2014'),(2016,73,2,'10/1/2014'),(2017,73,2,'10/1/2014'),(2018,73,2,'10/1/2014'),(2019,73,2,'10/1/2014'),(2020,73,2,'10/1/2014'),(2021,73,2,'10/1/2014'),(2022,73,2,'10/1/2014'),(2023,73,2,'10/1/2014'),(2024,73,2,'10/1/2014'),(2025,73,2,'10/1/2014'),(2026,73,2,'10/1/2014'),(2027,73,2,'10/1/2014'),(2028,73,2,'10/1/2014'),(2029,73,2,'10/1/2014'),(2030,73,2,'10/1/2014'),(2031,73,2,'10/1/2014'),(2032,73,2,'10/1/2014'),(2033,73,2,'10/1/2014'),(2034,73,2,'10/1/2014'),(2035,73,2,'10/1/2014'),(2036,73,2,'10/1/2014'),(2037,73,2,'10/1/2014'),(2038,73,2,'10/1/2014'),(2039,73,2,'10/1/2014'),(2040,73,2,'10/1/2014'),(2041,73,2,'10/1/2014'),(2042,73,2,'10/1/2014'),(2043,73,2,'10/1/2014'),(2044,73,2,'10/1/2014'),(2045,73,2,'10/1/2014'),(2046,73,2,'10/1/2014'),(2047,73,2,'10/1/2014'),(2048,73,2,'10/1/2014'),(2049,73,2,'10/1/2014'),(2050,73,2,'10/1/2014'),(2051,73,2,'10/1/2014'),(2052,73,2,'10/1/2014'),(2053,73,2,'10/1/2014'),(2054,73,2,'10/1/2014'),(2055,73,2,'10/1/2014'),(2056,73,2,'10/1/2014'),(2057,73,2,'10/1/2014'),(2058,73,2,'10/1/2014'),(2059,73,2,'10/1/2014'),(2060,73,2,'10/1/2014'),(2061,73,2,'10/1/2014'),(2062,73,2,'10/1/2014'),(2063,73,2,'10/1/2014'),(2064,73,2,'10/1/2014'),(2065,73,2,'10/1/2014'),(2066,73,2,'10/1/2014'),(2067,73,2,'10/1/2014'),(2068,73,2,'10/1/2014'),(2069,73,2,'10/1/2014'),(2070,73,2,'10/1/2014'),(2071,73,2,'10/1/2014'),(2072,73,2,'10/1/2014'),(2073,73,2,'10/1/2014'),(2074,73,2,'10/1/2014'),(2075,73,2,'10/1/2014'),(2076,73,2,'10/1/2014'),(2077,73,2,'10/1/2014'),(2078,73,2,'10/1/2014'),(2079,73,2,'10/1/2014'),(2080,73,2,'10/1/2014'),(2081,73,2,'10/1/2014'),(2082,73,2,'10/1/2014'),(2083,73,2,'10/1/2014'),(2084,73,2,'10/1/2014'),(2085,73,2,'10/1/2014'),(2086,73,2,'10/1/2014'),(2087,73,2,'10/1/2014'),(2088,73,2,'10/1/2014'),(2089,73,2,'10/1/2014'),(2090,73,2,'10/1/2014'),(2091,73,2,'10/1/2014'),(2092,73,2,'10/1/2014'),(2093,73,2,'10/1/2014'),(2094,73,2,'10/1/2014'),(2095,73,2,'10/1/2014'),(2096,73,2,'10/1/2014'),(2097,73,2,'10/1/2014'),(2098,73,2,'10/1/2014'),(2099,73,2,'10/1/2014'),(2100,73,2,'10/1/2014'),(2101,73,2,'10/1/2014'),(2102,73,2,'10/1/2014'),(2103,73,2,'10/1/2014'),(2104,73,2,'10/1/2014'),(2105,73,2,'10/1/2014'),(2106,73,2,'10/1/2014'),(2107,73,2,'10/1/2014'),(2108,73,2,'10/1/2014'),(2109,73,2,'10/1/2014'),(2110,73,2,'10/1/2014'),(2111,73,2,'10/1/2014'),(2112,73,2,'10/1/2014'),(2113,73,2,'10/1/2014'),(2114,73,2,'10/1/2014'),(2115,73,2,'10/1/2014'),(2116,73,2,'10/1/2014'),(2117,73,2,'10/1/2014'),(2118,73,2,'10/1/2014'),(2119,73,2,'10/1/2014'),(2120,73,2,'10/1/2014'),(2121,73,2,'10/1/2014'),(2122,73,2,'10/1/2014'),(2123,73,2,'10/1/2014'),(2124,73,2,'10/1/2014'),(2125,73,2,'10/1/2014'),(2126,73,2,'10/1/2014'),(2127,73,2,'10/1/2014'),(2128,73,2,'10/1/2014'),(2129,73,2,'10/1/2014'),(2130,73,2,'10/1/2014'),(2131,73,2,'10/1/2014'),(2132,73,2,'10/1/2014'),(2133,73,2,'10/1/2014'),(2134,73,2,'10/1/2014'),(2135,73,2,'10/1/2014'),(2136,73,2,'10/1/2014'),(2137,73,2,'10/1/2014'),(2138,73,2,'10/1/2014'),(2139,73,2,'10/1/2014'),(2140,73,2,'10/1/2014'),(2141,73,2,'10/1/2014'),(2142,73,2,'10/1/2014'),(2143,73,2,'10/1/2014'),(2144,73,2,'10/1/2014'),(2145,73,2,'10/1/2014'),(2146,73,2,'10/1/2014'),(2147,73,2,'10/1/2014'),(2148,73,2,'10/1/2014'),(2149,73,2,'10/1/2014'),(2150,73,2,'10/1/2014'),(2151,73,2,'10/1/2014'),(2152,73,2,'10/1/2014'),(2153,73,2,'10/1/2014'),(2154,73,2,'10/1/2014'),(2155,73,2,'10/1/2014'),(2156,73,2,'10/1/2014'),(2157,73,2,'10/1/2014'),(2158,73,2,'10/1/2014'),(2159,73,2,'10/1/2014'),(2160,73,2,'10/1/2014'),(2161,73,2,'10/1/2014'),(2162,73,2,'10/1/2014'),(2163,73,2,'10/1/2014'),(2164,73,2,'10/1/2014'),(2165,73,2,'10/1/2014'),(2166,73,2,'10/1/2014'),(2167,73,2,'10/1/2014'),(2168,73,2,'10/1/2014'),(2169,73,2,'10/1/2014'),(2170,73,2,'10/1/2014'),(2171,73,2,'10/1/2014'),(2172,73,2,'10/1/2014'),(2173,73,2,'10/1/2014'),(2174,73,2,'10/1/2014'),(2175,73,2,'10/1/2014'),(2176,73,2,'10/1/2014'),(2177,73,2,'10/1/2014'),(2178,73,2,'10/1/2014'),(2179,73,2,'10/1/2014'),(2180,73,2,'10/1/2014'),(2181,73,2,'10/1/2014'),(2182,73,2,'10/1/2014'),(2183,73,2,'10/1/2014'),(2184,73,2,'10/1/2014'),(2185,73,2,'10/1/2014'),(2186,73,2,'10/1/2014'),(2187,73,2,'10/1/2014'),(2188,73,2,'10/1/2014'),(2189,73,2,'10/1/2014'),(2190,73,2,'10/1/2014'),(2191,73,2,'10/1/2014'),(2192,73,2,'10/1/2014'),(2193,73,2,'10/1/2014'),(2194,73,2,'10/1/2014'),(2195,73,2,'10/1/2014'),(2196,73,2,'10/1/2014'),(2197,73,2,'10/1/2014'),(2198,73,2,'10/1/2014'),(2199,73,2,'10/1/2014'),(2200,73,2,'10/1/2014'),(2201,73,2,'10/1/2014'),(2202,73,2,'10/1/2014'),(2203,73,2,'10/1/2014'),(2204,73,2,'10/1/2014'),(2205,73,2,'10/1/2014'),(2206,73,2,'10/1/2014'),(2207,73,2,'10/1/2014'),(2208,73,2,'10/1/2014'),(2209,73,2,'10/1/2014'),(2210,73,2,'10/1/2014'),(2211,73,2,'10/1/2014'),(2212,73,2,'10/1/2014'),(2213,73,2,'10/1/2014'),(2214,73,2,'10/1/2014'),(2215,73,2,'10/1/2014'),(2216,73,2,'10/1/2014'),(2217,73,2,'10/1/2014'),(2218,73,2,'10/1/2014'),(2219,73,2,'10/1/2014'),(2220,73,2,'10/1/2014'),(2221,73,2,'10/1/2014'),(2222,73,2,'10/1/2014'),(2223,73,2,'10/1/2014'),(2224,73,2,'10/1/2014'),(2225,73,2,'10/1/2014'),(2226,73,2,'10/1/2014'),(2227,73,2,'10/1/2014'),(2228,73,2,'10/1/2014'),(2229,73,2,'10/1/2014'),(2230,73,2,'10/1/2014'),(2231,73,2,'10/1/2014'),(2232,73,2,'10/1/2014'),(2233,73,2,'10/1/2014'),(2234,73,2,'10/1/2014'),(2235,73,2,'10/1/2014'),(2236,73,2,'10/1/2014'),(2237,73,2,'10/1/2014'),(2238,73,2,'10/1/2014'),(2239,73,2,'10/1/2014'),(2240,73,2,'10/1/2014'),(2241,73,2,'10/1/2014'),(2242,73,2,'10/1/2014'),(2243,73,2,'10/1/2014'),(2244,73,2,'10/1/2014'),(2245,73,2,'10/1/2014'),(2246,73,2,'10/1/2014'),(2247,73,2,'10/1/2014'),(2248,73,2,'10/1/2014'),(2249,73,2,'10/1/2014'),(2250,73,2,'10/1/2014'),(2251,73,2,'10/1/2014'),(2252,73,2,'10/1/2014'),(2253,73,2,'10/1/2014'),(2254,73,2,'10/1/2014'),(2255,73,2,'10/1/2014'),(2256,73,2,'10/1/2014'),(2257,73,2,'10/1/2014'),(2258,73,2,'10/1/2014'),(2259,73,2,'10/1/2014'),(2260,73,2,'10/1/2014'),(2261,73,2,'10/1/2014'),(2262,73,2,'10/1/2014'),(2263,73,2,'10/1/2014'),(2264,73,2,'10/1/2014'),(2265,73,2,'10/1/2014'),(2266,73,2,'10/1/2014'),(2267,73,2,'10/1/2014'),(2268,73,2,'10/1/2014'),(2269,73,2,'10/1/2014'),(2270,73,2,'10/1/2014'),(2271,73,2,'10/1/2014'),(2272,73,2,'10/1/2014'),(2273,73,2,'10/1/2014'),(2274,73,2,'10/1/2014'),(2275,73,2,'10/1/2014'),(2276,73,2,'10/1/2014'),(2277,73,2,'10/1/2014'),(2278,73,2,'10/1/2014'),(2279,73,2,'10/1/2014'),(2280,73,2,'10/1/2014'),(2281,73,2,'10/1/2014'),(2282,73,2,'10/1/2014'),(2283,73,2,'10/1/2014'),(2284,73,2,'10/1/2014'),(2285,73,2,'10/1/2014'),(2286,73,2,'10/1/2014'),(2287,73,2,'10/1/2014'),(2288,73,2,'10/1/2014'),(2289,73,2,'10/1/2014'),(2290,73,2,'10/1/2014'),(2291,73,2,'10/1/2014'),(2292,73,2,'10/1/2014'),(2293,73,2,'10/1/2014'),(2294,73,2,'10/1/2014'),(2295,73,2,'10/1/2014'),(2296,73,2,'10/1/2014'),(2297,73,2,'10/1/2014'),(2298,73,2,'10/1/2014'),(2299,73,2,'10/1/2014'),(2300,73,2,'10/1/2014'),(2301,73,2,'10/1/2014'),(2302,73,2,'10/1/2014'),(2303,73,2,'10/1/2014'),(2304,73,2,'10/1/2014'),(2305,73,2,'10/1/2014'),(2306,73,2,'10/1/2014'),(2307,73,2,'10/1/2014'),(2308,73,2,'10/1/2014'),(2309,73,2,'10/1/2014'),(2310,73,2,'10/1/2014'),(2311,73,2,'10/1/2014'),(2312,73,2,'10/1/2014'),(2313,73,2,'10/1/2014'),(2314,73,2,'10/1/2014'),(2315,73,2,'10/1/2014'),(2316,73,2,'10/1/2014'),(2317,73,2,'10/1/2014'),(2318,73,2,'10/1/2014'),(2319,73,2,'10/1/2014'),(2320,73,2,'10/1/2014'),(2321,73,2,'10/1/2014'),(2322,73,2,'10/1/2014'),(2323,73,2,'10/1/2014'),(2324,73,2,'10/1/2014'),(2325,73,2,'10/1/2014'),(2326,73,2,'10/1/2014'),(2327,73,2,'10/1/2014'),(2328,73,2,'10/1/2014'),(2329,73,2,'10/1/2014'),(2330,73,2,'10/1/2014'),(2331,73,2,'10/1/2014'),(2332,73,2,'10/1/2014'),(2333,73,2,'10/1/2014'),(2334,73,2,'10/1/2014'),(2335,73,2,'10/1/2014'),(2336,73,2,'10/1/2014'),(2337,73,2,'10/1/2014'),(2338,73,2,'10/1/2014'),(2339,73,2,'10/1/2014'),(2340,73,2,'10/1/2014'),(2341,73,2,'10/1/2014'),(2342,73,2,'10/1/2014'),(2343,73,2,'10/1/2014'),(2344,73,2,'10/1/2014'),(2345,73,2,'10/1/2014'),(2346,73,2,'10/1/2014'),(2347,73,2,'10/1/2014'),(2348,73,2,'10/1/2014'),(2349,73,2,'10/1/2014'),(2350,73,2,'10/1/2014'),(2351,73,2,'10/1/2014'),(2352,73,2,'10/1/2014'),(2353,73,2,'10/1/2014'),(2354,73,2,'10/1/2014'),(2355,73,2,'10/1/2014'),(2356,73,2,'10/1/2014'),(2357,73,2,'10/1/2014'),(2358,73,2,'10/1/2014'),(2359,73,2,'10/1/2014'),(2360,73,2,'10/1/2014'),(2361,73,2,'10/1/2014'),(2362,73,2,'10/1/2014'),(2363,73,2,'10/1/2014'),(2364,73,2,'10/1/2014'),(2365,73,2,'10/1/2014'),(2366,73,2,'10/1/2014'),(2367,73,2,'10/1/2014'),(2368,73,2,'10/1/2014'),(2369,73,2,'10/1/2014'),(2370,73,2,'10/1/2014'),(2371,73,2,'10/1/2014'),(2372,73,2,'10/1/2014'),(2373,73,2,'10/1/2014'),(2374,73,2,'10/1/2014'),(2375,73,2,'10/1/2014'),(2376,73,2,'10/1/2014'),(2377,73,2,'10/1/2014'),(2378,73,2,'10/1/2014'),(2379,73,2,'10/1/2014'),(2380,73,2,'10/1/2014'),(2381,73,2,'10/1/2014'),(2382,73,2,'10/1/2014'),(2383,73,2,'10/1/2014'),(2384,73,2,'10/1/2014'),(2385,73,2,'10/1/2014'),(2386,73,2,'10/1/2014'),(2387,73,2,'10/1/2014'),(2388,73,2,'10/1/2014'),(2389,73,2,'10/1/2014'),(2390,73,2,'10/1/2014'),(2391,73,2,'10/1/2014'),(2392,73,2,'10/1/2014'),(2393,73,2,'10/1/2014'),(2394,73,2,'10/1/2014'),(2395,73,2,'10/1/2014'),(2396,73,2,'10/1/2014'),(2397,73,2,'10/1/2014'),(2398,73,2,'10/1/2014'),(2399,73,2,'10/1/2014'),(2400,73,2,'10/1/2014'),(2401,73,2,'10/1/2014'),(2402,73,2,'10/1/2014'),(2403,73,2,'10/1/2014'),(2404,73,2,'10/1/2014'),(2405,73,2,'10/1/2014'),(2406,73,2,'10/1/2014'),(2407,73,2,'10/1/2014'),(2408,73,2,'10/1/2014'),(2409,73,2,'10/1/2014'),(2410,73,2,'10/1/2014'),(2411,73,2,'10/1/2014'),(2412,73,2,'10/1/2014'),(2413,73,2,'10/1/2014'),(2414,73,2,'10/1/2014'),(2415,73,2,'10/1/2014'),(2416,73,2,'10/1/2014'),(2417,73,2,'10/1/2014'),(2418,73,2,'10/1/2014'),(2419,73,2,'10/1/2014'),(2420,73,2,'10/1/2014'),(2421,73,2,'10/1/2014'),(2422,73,2,'10/1/2014'),(2423,73,2,'10/1/2014'),(2424,73,2,'10/1/2014'),(2425,73,2,'10/1/2014'),(2426,73,2,'10/1/2014'),(2427,73,2,'10/1/2014'),(2428,73,2,'10/1/2014'),(2429,73,2,'10/1/2014'),(2430,73,2,'10/1/2014'),(2431,73,2,'10/1/2014'),(2432,73,2,'10/1/2014'),(2433,73,2,'10/1/2014'),(2434,73,2,'10/1/2014'),(2435,73,2,'10/1/2014'),(2436,73,2,'10/1/2014'),(2437,73,2,'10/1/2014'),(2438,73,2,'10/1/2014'),(2439,73,2,'10/1/2014'),(2440,73,2,'10/1/2014'),(2441,73,2,'10/1/2014'),(2442,73,2,'10/1/2014'),(2443,73,2,'10/1/2014'),(2444,73,2,'10/1/2014'),(2445,73,2,'10/1/2014'),(2446,73,2,'10/1/2014'),(2447,73,2,'10/1/2014'),(2448,73,2,'10/1/2014'),(2449,73,2,'10/1/2014'),(2450,73,2,'10/1/2014'),(2451,73,2,'10/1/2014'),(2452,73,2,'10/1/2014'),(2453,73,2,'10/1/2014'),(2454,73,2,'10/1/2014'),(2455,73,2,'10/1/2014'),(2456,73,2,'10/1/2014'),(2457,73,2,'10/1/2014'),(2458,73,2,'10/1/2014'),(2459,73,2,'10/1/2014'),(2460,73,2,'10/1/2014'),(2461,73,2,'10/1/2014'),(2462,73,2,'10/1/2014'),(2463,73,2,'10/1/2014'),(2464,73,2,'10/1/2014'),(2465,73,2,'10/1/2014'),(2466,73,2,'10/1/2014'),(2467,73,2,'10/1/2014'),(2468,73,2,'10/1/2014'),(2469,73,2,'10/1/2014'),(2470,73,2,'10/1/2014'),(2471,73,2,'10/1/2014'),(2472,73,2,'10/1/2014'),(2473,73,2,'10/1/2014'),(2474,73,2,'10/1/2014'),(2475,73,2,'10/1/2014'),(2476,73,2,'10/1/2014'),(2477,73,2,'10/1/2014'),(2478,73,2,'10/1/2014'),(2479,73,2,'10/1/2014'),(2480,73,2,'10/1/2014'),(2481,73,2,'10/1/2014'),(2482,73,2,'10/1/2014'),(2483,73,2,'10/1/2014'),(2484,73,2,'10/1/2014'),(2485,73,2,'10/1/2014'),(2486,73,2,'10/1/2014'),(2487,73,2,'10/1/2014'),(2488,73,2,'10/1/2014'),(2489,73,2,'10/1/2014'),(2490,73,2,'10/1/2014'),(2491,73,2,'10/1/2014'),(2492,73,2,'10/1/2014'),(2493,73,2,'10/1/2014'),(2494,73,2,'10/1/2014'),(2495,73,2,'10/1/2014'),(2496,73,2,'10/1/2014'),(2497,73,2,'10/1/2014'),(2498,73,2,'10/1/2014'),(2499,73,2,'10/1/2014'),(2500,73,2,'10/1/2014'),(2501,73,2,'10/1/2014'),(2502,73,2,'10/1/2014'),(2503,73,2,'10/1/2014'),(2504,73,2,'10/1/2014'),(2505,73,2,'10/1/2014'),(2506,73,2,'10/1/2014'),(2507,73,2,'10/1/2014'),(2508,73,2,'10/1/2014'),(2509,73,2,'10/1/2014'),(2510,73,2,'10/1/2014'),(2511,73,2,'10/1/2014'),(2512,73,2,'10/1/2014'),(2513,73,2,'10/1/2014'),(2514,73,2,'10/1/2014'),(2515,73,2,'10/1/2014'),(2516,73,2,'10/1/2014'),(2517,73,2,'10/1/2014'),(2518,73,2,'10/1/2014'),(2519,73,2,'10/1/2014'),(2520,73,2,'10/1/2014'),(2521,73,2,'10/1/2014'),(2522,73,2,'10/1/2014'),(2523,73,2,'10/1/2014'),(2524,73,2,'10/1/2014'),(2525,73,2,'10/1/2014'),(2526,73,2,'10/1/2014'),(2527,73,2,'10/1/2014'),(2528,73,2,'10/1/2014'),(2529,73,2,'10/1/2014'),(2530,73,2,'10/1/2014'),(2531,73,2,'10/1/2014'),(2532,73,2,'10/1/2014'),(2533,73,2,'10/1/2014'),(2534,73,2,'10/1/2014'),(2535,73,2,'10/1/2014'),(2536,73,2,'10/1/2014'),(2537,73,2,'10/1/2014'),(2538,73,2,'10/1/2014'),(2539,73,2,'10/1/2014'),(2540,73,2,'10/1/2014'),(2541,73,2,'10/1/2014'),(2542,73,2,'10/1/2014'),(2543,73,2,'10/1/2014'),(2544,73,2,'10/1/2014'),(2545,73,2,'10/1/2014'),(2546,73,2,'10/1/2014'),(2547,73,2,'10/1/2014'),(2548,73,2,'10/1/2014'),(2549,73,2,'10/1/2014'),(2550,73,2,'10/1/2014'),(2551,73,2,'10/1/2014'),(2552,73,2,'10/1/2014'),(2553,73,2,'10/1/2014'),(2554,73,2,'10/1/2014'),(2555,73,2,'10/1/2014'),(2556,73,2,'10/1/2014'),(2557,73,2,'10/1/2014'),(2558,73,2,'10/1/2014'),(2559,73,2,'10/1/2014'),(2560,73,2,'10/1/2014'),(2561,73,2,'10/1/2014'),(2562,73,2,'10/1/2014'),(2563,73,2,'10/1/2014'),(2564,73,2,'10/1/2014'),(2565,73,2,'10/1/2014'),(2566,73,2,'10/1/2014'),(2567,73,2,'10/1/2014'),(2568,73,2,'10/1/2014'),(2569,73,2,'10/1/2014'),(2570,73,2,'10/1/2014'),(2571,73,2,'10/1/2014'),(2572,73,2,'10/1/2014'),(2573,73,2,'10/1/2014'),(2574,73,2,'10/1/2014'),(2575,73,2,'10/1/2014'),(2576,73,2,'10/1/2014'),(2577,73,2,'10/1/2014'),(2578,73,2,'10/1/2014'),(2579,73,2,'10/1/2014'),(2580,73,2,'10/1/2014'),(2581,73,2,'10/1/2014'),(2582,73,2,'10/1/2014'),(2583,73,2,'10/1/2014'),(2584,73,2,'10/1/2014'),(2585,73,2,'10/1/2014'),(2586,73,2,'10/1/2014'),(2587,73,2,'10/1/2014'),(2588,73,2,'10/1/2014'),(2589,73,2,'10/1/2014'),(2590,73,2,'10/1/2014'),(2591,73,2,'10/1/2014'),(2592,73,2,'10/1/2014'),(2593,73,2,'10/1/2014'),(2594,73,2,'10/1/2014'),(2595,73,2,'10/1/2014'),(2596,73,2,'10/1/2014'),(2597,73,2,'10/1/2014'),(2598,73,2,'10/1/2014'),(2599,73,2,'10/1/2014'),(2600,73,2,'10/1/2014'),(2601,73,2,'10/1/2014'),(2602,73,2,'10/1/2014'),(2603,73,2,'10/1/2014'),(2604,73,2,'10/1/2014'),(2605,73,2,'10/1/2014'),(2606,73,2,'10/1/2014'),(2607,73,2,'10/1/2014'),(2608,73,2,'10/1/2014'),(2609,73,2,'10/1/2014'),(2610,73,2,'10/1/2014'),(2611,73,2,'10/1/2014'),(2612,73,2,'10/1/2014'),(2613,73,2,'10/1/2014'),(2614,73,2,'10/1/2014'),(2615,73,2,'10/1/2014'),(2616,73,2,'10/1/2014'),(2617,73,2,'10/1/2014'),(2618,73,2,'10/1/2014'),(2619,73,2,'10/1/2014'),(2620,73,2,'10/1/2014'),(2621,73,2,'10/1/2014'),(2622,73,2,'10/1/2014'),(2623,73,2,'10/1/2014'),(2624,73,2,'10/1/2014'),(2625,73,2,'10/1/2014'),(2626,73,2,'10/1/2014'),(2627,73,2,'10/1/2014'),(2628,73,2,'10/1/2014'),(2629,73,2,'10/1/2014'),(2630,73,2,'10/1/2014'),(2631,73,2,'10/1/2014'),(2632,73,2,'10/1/2014'),(2633,73,2,'10/1/2014'),(2634,73,2,'10/1/2014'),(2635,73,2,'10/1/2014'),(2636,73,2,'10/1/2014'),(2637,73,2,'10/1/2014'),(2638,73,2,'10/1/2014'),(2639,73,2,'10/1/2014'),(2640,73,2,'10/1/2014'),(2641,73,2,'10/1/2014'),(2642,73,2,'10/1/2014'),(2643,73,2,'10/1/2014'),(2644,73,2,'10/1/2014'),(2645,73,2,'10/1/2014'),(2646,73,2,'10/1/2014'),(2647,73,2,'10/1/2014'),(2648,73,2,'10/1/2014'),(2649,73,2,'10/1/2014'),(2650,73,2,'10/1/2014'),(2651,73,2,'10/1/2014'),(2652,73,2,'10/1/2014'),(2653,73,2,'10/1/2014'),(2654,73,2,'10/1/2014'),(2655,73,2,'10/1/2014'),(2656,73,2,'10/1/2014'),(2657,73,2,'10/1/2014'),(2658,73,2,'10/1/2014'),(2659,73,2,'10/1/2014'),(2660,73,2,'10/1/2014'),(2661,73,2,'10/1/2014'),(2662,73,2,'10/1/2014'),(2663,73,2,'10/1/2014'),(2664,73,2,'10/1/2014'),(2665,73,2,'10/1/2014'),(2666,73,2,'10/1/2014'),(2667,73,2,'10/1/2014'),(2668,73,2,'10/1/2014'),(2669,73,2,'10/1/2014'),(2670,73,2,'10/1/2014'),(2671,73,2,'10/1/2014'),(2672,73,2,'10/1/2014'),(2673,73,2,'10/1/2014'),(2674,73,2,'10/1/2014'),(2675,73,2,'10/1/2014'),(2676,73,2,'10/1/2014'),(2677,73,2,'10/1/2014'),(2678,73,2,'10/1/2014'),(2679,73,2,'10/1/2014'),(2680,73,2,'10/1/2014'),(2681,73,2,'10/1/2014'),(2682,73,2,'10/1/2014'),(2683,73,2,'10/1/2014'),(2684,73,2,'10/1/2014'),(2685,73,2,'10/1/2014'),(2686,73,2,'10/1/2014'),(2687,73,2,'10/1/2014'),(2688,73,2,'10/1/2014'),(2689,73,2,'10/1/2014'),(2690,73,2,'10/1/2014'),(2691,73,2,'10/1/2014'),(2692,73,2,'10/1/2014'),(2693,73,2,'10/1/2014'),(2694,73,2,'10/1/2014'),(2695,73,2,'10/1/2014'),(2696,73,2,'10/1/2014'),(2697,73,2,'10/1/2014'),(2698,73,2,'10/1/2014'),(2699,73,2,'10/1/2014'),(2700,73,2,'10/1/2014'),(2701,73,2,'10/1/2014'),(2702,73,2,'10/1/2014'),(2703,73,2,'10/1/2014'),(2704,73,2,'10/1/2014'),(2705,73,2,'10/1/2014'),(2706,73,2,'10/1/2014'),(2707,73,2,'10/1/2014'),(2708,73,2,'10/1/2014'),(2709,73,2,'10/1/2014'),(2710,73,2,'10/1/2014'),(2711,73,2,'10/1/2014'),(2712,73,2,'10/1/2014'),(2713,73,2,'10/1/2014'),(2714,73,2,'10/1/2014'),(2715,73,2,'10/1/2014'),(2716,73,2,'10/1/2014'),(2717,73,2,'10/1/2014'),(2718,73,2,'10/1/2014'),(2719,73,2,'10/1/2014'),(2720,73,2,'10/1/2014'),(2721,73,2,'10/1/2014'),(2722,73,2,'10/1/2014'),(2723,73,2,'10/1/2014'),(2724,73,2,'10/1/2014'),(2725,73,2,'10/1/2014'),(2726,73,2,'10/1/2014'),(2727,73,2,'10/1/2014'),(2728,73,2,'10/1/2014'),(2729,73,2,'10/1/2014'),(2730,73,2,'10/1/2014'),(2731,73,2,'10/1/2014'),(2732,73,2,'10/1/2014'),(2733,73,2,'10/1/2014'),(2734,73,2,'10/1/2014'),(2735,73,2,'10/1/2014'),(2736,73,2,'10/1/2014'),(2737,73,2,'10/1/2014'),(2738,73,2,'10/1/2014'),(2739,73,2,'10/1/2014'),(2740,73,2,'10/1/2014'),(2741,73,2,'10/1/2014'),(2742,73,2,'10/1/2014'),(2743,73,2,'10/1/2014'),(2744,73,2,'10/1/2014'),(2745,73,2,'10/1/2014'),(2746,73,2,'10/1/2014'),(2747,73,2,'10/1/2014'),(2748,73,2,'10/1/2014'),(2749,73,2,'10/1/2014'),(2750,73,2,'10/1/2014'),(2751,73,2,'10/1/2014'),(2752,73,2,'10/1/2014'),(2753,73,2,'10/1/2014'),(2754,73,2,'10/1/2014'),(2755,73,2,'10/1/2014'),(2756,73,2,'10/1/2014'),(2757,73,2,'10/1/2014'),(2758,73,2,'10/1/2014'),(2759,73,2,'10/1/2014'),(2760,73,2,'10/1/2014'),(2761,73,2,'10/1/2014'),(2762,73,2,'10/1/2014'),(2763,73,2,'10/1/2014'),(2764,73,2,'10/1/2014'),(2765,73,2,'10/1/2014'),(2766,73,2,'10/1/2014'),(2767,73,2,'10/1/2014'),(2768,73,2,'10/1/2014'),(2769,73,2,'10/1/2014'),(2770,73,2,'10/1/2014'),(2771,73,2,'10/1/2014'),(2772,73,2,'10/1/2014'),(2773,73,2,'10/1/2014'),(2774,73,2,'10/1/2014'),(2775,73,2,'10/1/2014'),(2776,73,2,'10/1/2014'),(2777,73,2,'10/1/2014'),(2778,73,2,'10/1/2014'),(2779,73,2,'10/1/2014'),(2780,73,2,'10/1/2014'),(2781,73,2,'10/1/2014'),(2782,73,2,'10/1/2014'),(2783,73,2,'10/1/2014'),(2784,73,2,'10/1/2014'),(2785,73,2,'10/1/2014'),(2786,73,2,'10/1/2014'),(2787,73,2,'10/1/2014'),(2788,73,2,'10/1/2014'),(2789,73,2,'10/1/2014'),(2790,73,2,'10/1/2014'),(2791,73,2,'10/1/2014'),(2792,73,2,'10/1/2014'),(2793,73,2,'10/1/2014'),(2794,73,2,'10/1/2014'),(2795,73,2,'10/1/2014'),(2796,73,2,'10/1/2014'),(2797,73,2,'10/1/2014'),(2798,73,2,'10/1/2014'),(2799,73,2,'10/1/2014'),(2800,73,2,'10/1/2014'),(2801,73,2,'10/1/2014'),(2802,73,2,'10/1/2014'),(2803,73,2,'10/1/2014'),(2804,73,2,'10/1/2014'),(2805,73,2,'10/1/2014'),(2806,73,2,'10/1/2014'),(2807,73,2,'10/1/2014'),(2808,73,2,'10/1/2014'),(2809,73,2,'10/1/2014'),(2810,73,2,'10/1/2014'),(2811,73,2,'10/1/2014'),(2812,73,2,'10/1/2014'),(2813,73,2,'10/1/2014'),(2814,73,2,'10/1/2014'),(2815,73,2,'10/1/2014'),(2816,73,2,'10/1/2014'),(2817,73,2,'10/1/2014'),(2818,73,2,'10/1/2014'),(2819,73,2,'10/1/2014'),(2820,73,2,'10/1/2014'),(2821,73,2,'10/1/2014'),(2822,73,2,'10/1/2014'),(2823,73,2,'10/1/2014'),(2824,73,2,'10/1/2014'),(2825,73,2,'10/1/2014'),(2826,73,2,'10/1/2014'),(2827,73,2,'10/1/2014'),(2828,73,2,'10/1/2014'),(2829,73,2,'10/1/2014'),(2830,73,2,'10/1/2014'),(2831,73,2,'10/1/2014'),(2832,73,2,'10/1/2014'),(2833,73,2,'10/1/2014'),(2834,73,2,'10/1/2014'),(2835,73,2,'10/1/2014'),(2836,73,2,'10/1/2014'),(2837,73,2,'10/1/2014'),(2838,73,2,'10/1/2014'),(2839,73,2,'10/1/2014'),(2840,73,2,'10/1/2014'),(2841,73,2,'10/1/2014'),(2842,73,2,'10/1/2014'),(2843,73,2,'10/1/2014'),(2844,73,2,'10/1/2014'),(2845,73,2,'10/1/2014'),(2846,73,2,'10/1/2014'),(2847,73,2,'10/1/2014'),(2848,73,2,'10/1/2014'),(2849,73,2,'10/1/2014'),(2850,73,2,'10/1/2014'),(2851,73,2,'10/1/2014'),(2852,73,2,'10/1/2014'),(2853,73,2,'10/1/2014'),(2854,73,2,'10/1/2014'),(2855,73,2,'10/1/2014'),(2856,73,2,'10/1/2014'),(2857,73,2,'10/1/2014'),(2858,73,2,'10/1/2014'),(2859,73,2,'10/1/2014'),(2860,73,2,'10/1/2014'),(2861,73,2,'10/1/2014'),(2862,73,2,'10/1/2014'),(2863,73,2,'10/1/2014'),(2864,73,2,'10/1/2014'),(2865,73,2,'10/1/2014'),(2866,73,2,'10/1/2014'),(2867,73,2,'10/1/2014'),(2868,73,2,'10/1/2014'),(2869,73,2,'10/1/2014'),(2870,73,2,'10/1/2014'),(2871,73,2,'10/1/2014'),(2872,73,2,'10/1/2014'),(2873,73,2,'10/1/2014'),(2874,73,2,'10/1/2014'),(2875,73,2,'10/1/2014'),(2876,73,2,'10/1/2014'),(2877,73,2,'10/1/2014'),(2878,73,2,'10/1/2014'),(2879,73,2,'10/1/2014'),(2880,73,2,'10/1/2014'),(2881,73,2,'10/1/2014'),(2882,73,2,'10/1/2014'),(2883,73,2,'10/1/2014'),(2884,73,2,'10/1/2014'),(2885,73,2,'10/1/2014'),(2886,73,2,'10/1/2014'),(2887,73,2,'10/1/2014'),(2888,73,2,'10/1/2014'),(2889,73,2,'10/1/2014'),(2890,73,2,'10/1/2014'),(2891,73,2,'10/1/2014'),(2892,73,2,'10/1/2014'),(2893,73,2,'10/1/2014'),(2894,73,2,'10/1/2014'),(2895,73,2,'10/1/2014'),(2896,73,2,'10/1/2014'),(2897,73,2,'10/1/2014'),(2898,73,2,'10/1/2014'),(2899,73,2,'10/1/2014'),(2900,73,2,'10/1/2014'),(2901,73,2,'10/1/2014'),(2902,73,2,'10/1/2014'),(2903,73,2,'10/1/2014'),(2904,73,2,'10/1/2014'),(2905,73,2,'10/1/2014'),(2906,73,2,'10/1/2014'),(2907,73,2,'10/1/2014'),(2908,73,2,'10/1/2014'),(2909,73,2,'10/1/2014'),(2910,73,2,'10/1/2014'),(2911,73,2,'10/1/2014'),(2912,73,2,'10/1/2014'),(2913,73,2,'10/1/2014'),(2914,73,2,'10/1/2014'),(2915,73,2,'10/1/2014'),(2916,73,2,'10/1/2014'),(2917,73,2,'10/1/2014'),(2918,73,2,'10/1/2014'),(2919,73,2,'10/1/2014'),(2920,73,2,'10/1/2014'),(2921,73,2,'10/1/2014'),(2922,73,2,'10/1/2014'),(2923,73,2,'10/1/2014'),(2924,73,2,'10/1/2014'),(2925,73,2,'10/1/2014'),(2926,73,2,'10/1/2014'),(2927,73,2,'10/1/2014'),(2928,73,2,'10/1/2014'),(2929,73,2,'10/1/2014'),(2930,73,2,'10/1/2014'),(2931,73,2,'10/1/2014'),(2932,73,2,'10/1/2014'),(2933,73,2,'10/1/2014'),(2934,73,2,'10/1/2014'),(2935,73,2,'10/1/2014'),(2936,73,2,'10/1/2014'),(2937,73,2,'10/1/2014'),(2938,73,2,'10/1/2014'),(2939,73,2,'10/1/2014'),(2940,73,2,'10/1/2014'),(2941,73,2,'10/1/2014'),(2942,73,2,'10/1/2014'),(2943,73,2,'10/1/2014'),(2944,73,2,'10/1/2014'),(2945,73,2,'10/1/2014'),(2946,73,2,'10/1/2014'),(2947,73,2,'10/1/2014'),(2948,73,2,'10/1/2014'),(2949,73,2,'10/1/2014'),(2950,73,2,'10/1/2014'),(2951,73,2,'10/1/2014'),(2952,73,2,'10/1/2014'),(2953,73,2,'10/1/2014'),(2954,73,2,'10/1/2014'),(2955,73,2,'10/1/2014'),(2956,73,2,'10/1/2014'),(2957,73,2,'10/1/2014'),(2958,73,2,'10/1/2014'),(2959,73,2,'10/1/2014'),(2960,73,2,'10/1/2014'),(2961,73,2,'10/1/2014'),(2962,73,2,'10/1/2014'),(2963,73,2,'10/1/2014'),(2964,73,2,'10/1/2014'),(2965,73,2,'10/1/2014'),(2966,73,2,'10/1/2014'),(2967,73,2,'10/1/2014'),(2968,73,2,'10/1/2014'),(2969,73,2,'10/1/2014'),(2970,73,2,'10/1/2014'),(2971,73,2,'10/1/2014'),(2972,73,2,'10/1/2014'),(2973,73,2,'10/1/2014'),(2974,73,2,'10/1/2014'),(2975,73,2,'10/1/2014'),(2976,73,2,'10/1/2014'),(2977,73,2,'10/1/2014'),(2978,73,2,'10/1/2014'),(2979,73,2,'10/1/2014'),(2980,73,2,'10/1/2014'),(2981,73,2,'10/1/2014'),(2982,73,2,'10/1/2014'),(2983,73,2,'10/1/2014'),(2984,73,2,'10/1/2014'),(2985,73,2,'10/1/2014'),(2986,73,2,'10/1/2014'),(2987,73,2,'10/1/2014'),(2988,73,2,'10/1/2014'),(2989,73,2,'10/1/2014'),(2990,73,2,'10/1/2014'),(2991,73,2,'10/1/2014'),(2992,73,2,'10/1/2014'),(2993,73,2,'10/1/2014'),(2994,73,2,'10/1/2014'),(2995,73,2,'10/1/2014'),(2996,73,2,'10/1/2014'),(2997,73,2,'10/1/2014'),(2998,73,2,'10/1/2014'),(2999,73,2,'10/1/2014'),(3000,73,2,'10/1/2014'),(3001,73,2,'10/1/2014'),(3002,73,2,'10/1/2014'),(3003,73,2,'10/1/2014'),(3004,73,2,'10/1/2014'),(3005,73,2,'10/1/2014'),(3006,73,2,'10/1/2014'),(3007,73,2,'10/1/2014'),(3008,73,2,'10/1/2014'),(3009,73,2,'10/1/2014'),(3010,73,2,'10/1/2014'),(3011,73,2,'10/1/2014'),(3012,73,2,'10/1/2014'),(3013,73,2,'10/1/2014'),(3014,73,2,'10/1/2014'),(3015,73,2,'10/1/2014'),(3016,73,2,'10/1/2014'),(3017,73,2,'10/1/2014'),(3018,73,2,'10/1/2014'),(3019,73,2,'10/1/2014'),(3020,73,2,'10/1/2014'),(3021,73,2,'10/1/2014'),(3022,73,2,'10/1/2014'),(3023,73,2,'10/1/2014'),(3024,73,2,'10/1/2014'),(3025,73,2,'10/1/2014'),(3026,73,2,'10/1/2014'),(3027,73,2,'10/1/2014'),(3028,73,2,'10/1/2014'),(3029,73,2,'10/1/2014'),(3030,73,2,'10/1/2014'),(3031,73,2,'10/1/2014'),(3032,73,2,'10/1/2014'),(3033,73,2,'10/1/2014'),(3034,73,2,'10/1/2014'),(3035,73,2,'10/1/2014'),(3036,73,2,'10/1/2014'),(3037,73,2,'10/1/2014'),(3038,73,2,'10/1/2014'),(3039,73,2,'10/1/2014'),(3040,73,2,'10/1/2014'),(3041,73,2,'10/1/2014'),(3042,73,2,'10/1/2014'),(3043,73,2,'10/1/2014'),(3044,73,2,'10/1/2014'),(3045,73,2,'10/1/2014'),(3046,73,2,'10/1/2014'),(3047,73,2,'10/1/2014'),(3048,73,2,'10/1/2014'),(3049,73,2,'10/1/2014'),(3050,73,2,'10/1/2014'),(3051,73,2,'10/1/2014'),(3052,73,2,'10/1/2014'),(3053,73,2,'10/1/2014'),(3054,73,2,'10/1/2014'),(3055,73,2,'10/1/2014'),(3056,73,2,'10/1/2014'),(3057,73,2,'10/1/2014'),(3058,73,2,'10/1/2014'),(3059,73,2,'10/1/2014'),(3060,73,2,'10/1/2014'),(3061,73,2,'10/1/2014'),(3062,73,2,'10/1/2014'),(3063,73,2,'10/1/2014'),(3064,73,2,'10/1/2014'),(3065,73,2,'10/1/2014'),(3066,73,2,'10/1/2014'),(3067,73,2,'10/1/2014'),(3068,73,2,'10/1/2014'),(3069,73,2,'10/1/2014'),(3070,73,2,'10/1/2014'),(3071,73,2,'10/1/2014'),(3072,73,2,'10/1/2014'),(3073,73,2,'10/1/2014'),(3074,73,2,'10/1/2014'),(3075,73,2,'10/1/2014'),(3076,73,2,'10/1/2014'),(3077,73,2,'10/1/2014'),(3078,73,2,'10/1/2014'),(3079,73,2,'10/1/2014'),(3080,73,2,'10/1/2014'),(3081,73,2,'10/1/2014'),(3082,73,2,'10/1/2014'),(3083,73,2,'10/1/2014'),(3084,73,2,'10/1/2014'),(3085,73,2,'10/1/2014'),(3086,73,2,'10/1/2014'),(3087,73,2,'10/1/2014'),(3088,73,2,'10/1/2014'),(3089,73,2,'10/1/2014'),(3090,73,2,'10/1/2014'),(3091,73,2,'10/1/2014'),(3092,73,2,'10/1/2014'),(3093,73,2,'10/1/2014'),(3094,73,2,'10/1/2014'),(3095,73,2,'10/1/2014'),(3096,73,2,'10/1/2014'),(3097,73,2,'10/1/2014'),(3098,73,2,'10/1/2014'),(3099,73,2,'10/1/2014'),(3100,73,2,'10/1/2014'),(3101,73,2,'10/1/2014'),(3102,73,2,'10/1/2014'),(3103,73,2,'10/1/2014'),(3104,73,2,'10/1/2014'),(3105,73,2,'10/1/2014'),(3106,73,2,'10/1/2014'),(3107,73,2,'10/1/2014'),(3108,73,2,'10/1/2014'),(3109,73,2,'10/1/2014'),(3110,73,2,'10/1/2014'),(3111,73,2,'10/1/2014'),(3112,73,2,'10/1/2014'),(3113,73,2,'10/1/2014'),(3114,73,2,'10/1/2014'),(3115,73,2,'10/1/2014'),(3116,73,2,'10/1/2014'),(3117,73,2,'10/1/2014'),(3118,73,2,'10/1/2014'),(3119,73,2,'10/1/2014'),(3120,73,2,'10/1/2014'),(3121,73,2,'10/1/2014'),(3122,73,2,'10/1/2014'),(3123,73,2,'10/1/2014'),(3124,73,2,'10/1/2014'),(3125,73,2,'10/1/2014'),(3126,73,2,'10/1/2014'),(3127,73,2,'10/1/2014'),(3128,73,2,'10/1/2014'),(3129,73,2,'10/1/2014'),(3130,73,2,'10/1/2014'),(3131,73,2,'10/1/2014'),(3132,73,2,'10/1/2014'),(3133,73,2,'10/1/2014'),(3134,73,2,'10/1/2014'),(3135,73,2,'10/1/2014'),(3136,73,2,'10/1/2014'),(3137,73,2,'10/1/2014'),(3138,73,2,'10/1/2014'),(3139,73,2,'10/1/2014'),(3140,73,2,'10/1/2014'),(3141,73,2,'10/1/2014'),(3142,73,2,'10/1/2014'),(3143,73,2,'10/1/2014'),(3144,73,2,'10/1/2014'),(3145,73,2,'10/1/2014'),(3146,73,2,'10/1/2014'),(3147,73,2,'10/1/2014'),(3148,73,2,'10/1/2014'),(3149,73,2,'10/1/2014'),(3150,73,2,'10/1/2014'),(3151,73,2,'10/1/2014'),(3152,73,2,'10/1/2014'),(3153,73,2,'10/1/2014'),(3154,73,2,'10/1/2014'),(3155,73,2,'10/1/2014'),(3156,73,2,'10/1/2014'),(3157,73,2,'10/1/2014'),(3158,73,2,'10/1/2014'),(3159,73,2,'10/1/2014'),(3160,73,2,'10/1/2014'),(3161,73,2,'10/1/2014'),(3162,73,2,'10/1/2014'),(3163,73,2,'10/1/2014'),(3164,73,2,'10/1/2014'),(3165,73,2,'10/1/2014'),(3166,73,2,'10/1/2014'),(3167,73,2,'10/1/2014'),(3168,73,2,'10/1/2014'),(3169,73,2,'10/1/2014'),(3170,73,2,'10/1/2014'),(3171,73,2,'10/1/2014'),(3172,73,2,'10/1/2014'),(3173,73,2,'10/1/2014'),(3174,73,2,'10/1/2014'),(3175,73,2,'10/1/2014'),(3176,73,2,'10/1/2014'),(3177,73,2,'10/1/2014'),(3178,73,2,'10/1/2014'),(3179,73,2,'10/1/2014'),(3180,73,2,'10/1/2014'),(3181,73,2,'10/1/2014'),(3182,73,2,'10/1/2014'),(3183,73,2,'10/1/2014'),(3184,73,2,'10/1/2014'),(3185,73,2,'10/1/2014'),(3186,73,2,'10/1/2014'),(3187,73,2,'10/1/2014'),(3188,73,2,'10/1/2014'),(3189,73,2,'10/1/2014'),(3190,73,2,'10/1/2014'),(3191,73,2,'10/1/2014'),(3192,73,2,'10/1/2014'),(3193,73,2,'10/1/2014'),(3194,73,2,'10/1/2014'),(3195,73,2,'10/1/2014'),(3196,73,2,'10/1/2014'),(3197,73,2,'10/1/2014'),(3198,73,2,'10/1/2014'),(3199,73,2,'10/1/2014'),(3200,73,2,'10/1/2014'),(3201,73,2,'10/1/2014'),(3202,73,2,'10/1/2014'),(3203,73,2,'10/1/2014'),(3204,73,2,'10/1/2014'),(3205,73,2,'10/1/2014'),(3206,73,2,'10/1/2014'),(3207,73,2,'10/1/2014'),(3208,73,2,'10/1/2014'),(3209,73,2,'10/1/2014'),(3210,73,2,'10/1/2014'),(3211,73,2,'10/1/2014'),(3212,73,2,'10/1/2014'),(3213,73,2,'10/1/2014'),(3214,73,2,'10/1/2014'),(3215,73,2,'10/1/2014'),(3216,73,2,'10/1/2014'),(3217,73,2,'10/1/2014'),(3218,73,2,'10/1/2014'),(3219,73,2,'10/1/2014'),(3220,73,2,'10/1/2014'),(3221,73,2,'10/1/2014'),(3222,73,2,'10/1/2014'),(3223,73,2,'10/1/2014'),(3224,73,2,'10/1/2014'),(3225,73,2,'10/1/2014'),(3226,73,2,'10/1/2014'),(3227,73,2,'10/1/2014'),(3228,73,2,'10/1/2014'),(3229,73,2,'10/1/2014'),(3230,73,2,'10/1/2014'),(3231,73,2,'10/1/2014'),(3232,73,2,'10/1/2014'),(3233,73,2,'10/1/2014'),(3234,73,2,'10/1/2014'),(3235,73,2,'10/1/2014'),(3236,73,2,'10/1/2014'),(3237,73,2,'10/1/2014'),(3238,73,2,'10/1/2014'),(3239,73,2,'10/1/2014'),(3240,73,2,'10/1/2014'),(3241,73,2,'10/1/2014'),(3242,73,2,'10/1/2014'),(3243,73,2,'10/1/2014'),(3244,73,2,'10/1/2014'),(3245,73,2,'10/1/2014'),(3246,73,2,'10/1/2014'),(3247,73,2,'10/1/2014'),(3248,73,2,'10/1/2014'),(3249,73,2,'10/1/2014'),(3250,73,2,'10/1/2014'),(3251,73,2,'10/1/2014'),(3252,73,2,'10/1/2014'),(3253,73,2,'10/1/2014'),(3254,73,2,'10/1/2014'),(3255,73,2,'10/1/2014'),(3256,73,2,'10/1/2014'),(3257,73,2,'10/1/2014'),(3258,73,2,'10/1/2014'),(3259,73,2,'10/1/2014'),(3260,73,2,'10/1/2014'),(3261,73,2,'10/1/2014'),(3262,73,2,'10/1/2014'),(3263,73,2,'10/1/2014'),(3264,73,2,'10/1/2014'),(3265,73,2,'10/1/2014'),(3266,73,2,'10/1/2014'),(3267,73,2,'10/1/2014'),(3268,73,2,'10/1/2014'),(3269,73,2,'10/1/2014'),(3270,73,2,'10/1/2014'),(3271,73,2,'10/1/2014'),(3272,73,2,'10/1/2014'),(3273,73,2,'10/1/2014'),(3274,73,2,'10/1/2014'),(3275,73,2,'10/1/2014'),(3276,73,2,'10/1/2014'),(3277,73,2,'10/1/2014'),(3278,73,2,'10/1/2014'),(3279,73,2,'10/1/2014'),(3280,73,2,'10/1/2014'),(3281,73,2,'10/1/2014'),(3282,73,2,'10/1/2014'),(3283,73,2,'10/1/2014'),(3284,73,2,'10/1/2014'),(3285,73,2,'10/1/2014'),(3286,73,2,'10/1/2014'),(3287,73,2,'10/1/2014'),(3288,73,2,'10/1/2014'),(3289,73,2,'10/1/2014'),(3290,73,2,'10/1/2014'),(3291,73,2,'10/1/2014'),(3292,73,2,'10/1/2014'),(3293,73,2,'10/1/2014'),(3294,73,2,'10/1/2014'),(3295,73,2,'10/1/2014'),(3296,73,2,'10/1/2014'),(3297,73,2,'10/1/2014'),(3298,73,2,'10/1/2014'),(3299,73,2,'10/1/2014'),(3300,73,2,'10/1/2014'),(3301,73,2,'10/1/2014'),(3302,73,2,'10/1/2014'),(3303,73,2,'10/1/2014'),(3304,73,2,'10/1/2014'),(3305,73,2,'10/1/2014'),(3306,73,2,'10/1/2014'),(3307,73,2,'10/1/2014'),(3308,73,2,'10/1/2014'),(3309,73,2,'10/1/2014'),(3310,73,2,'10/1/2014'),(3311,73,2,'10/1/2014'),(3312,73,2,'10/1/2014'),(3313,73,2,'10/1/2014'),(3314,73,2,'10/1/2014'),(3315,73,2,'10/1/2014'),(3316,73,2,'10/1/2014'),(3317,73,2,'10/1/2014'),(3318,73,2,'10/1/2014'),(3319,73,2,'10/1/2014'),(3320,73,2,'10/1/2014'),(3321,73,2,'10/1/2014'),(3322,73,2,'10/1/2014'),(3323,73,2,'10/1/2014'),(3324,73,2,'10/1/2014'),(3325,73,2,'10/1/2014'),(3326,73,2,'10/1/2014'),(3327,73,2,'10/1/2014'),(3328,73,2,'10/1/2014'),(3329,73,2,'10/1/2014'),(3330,73,2,'10/1/2014'),(3331,73,2,'10/1/2014'),(3332,73,2,'10/1/2014'),(3333,73,2,'10/1/2014'),(3334,73,2,'10/1/2014'),(3335,73,2,'10/1/2014'),(3336,73,2,'10/1/2014'),(3337,73,2,'10/1/2014'),(3338,73,2,'10/1/2014'),(3339,73,2,'10/1/2014'),(3340,73,2,'10/1/2014'),(3341,73,2,'10/1/2014'),(3342,73,2,'10/1/2014'),(3343,73,2,'10/1/2014'),(3344,73,2,'10/1/2014'),(3345,73,2,'10/1/2014'),(3346,73,2,'10/1/2014'),(3347,73,2,'10/1/2014'),(3348,73,2,'10/1/2014'),(3349,73,2,'10/1/2014'),(3350,73,2,'10/1/2014'),(3351,73,2,'10/1/2014'),(3352,73,2,'10/1/2014'),(3353,73,2,'10/1/2014'),(3354,73,2,'10/1/2014'),(3355,73,2,'10/1/2014'),(3356,73,2,'10/1/2014'),(3357,73,2,'10/1/2014'),(3358,73,2,'10/1/2014'),(3359,73,2,'10/1/2014'),(3360,73,2,'10/1/2014'),(3361,73,2,'10/1/2014'),(3362,73,2,'10/1/2014'),(3363,73,2,'10/1/2014'),(3364,73,2,'10/1/2014'),(3365,73,2,'10/1/2014'),(3366,73,2,'10/1/2014'),(3367,73,2,'10/1/2014'),(3368,73,2,'10/1/2014'),(3369,73,2,'10/1/2014'),(3370,73,2,'10/1/2014'),(3371,73,2,'10/1/2014'),(3372,73,2,'10/1/2014'),(3373,73,2,'10/1/2014'),(3374,73,2,'10/1/2014'),(3375,73,2,'10/1/2014'),(3376,73,2,'10/1/2014'),(3377,73,2,'10/1/2014'),(3378,73,2,'10/1/2014'),(3379,73,2,'10/1/2014'),(3380,73,2,'10/1/2014'),(3381,73,2,'10/1/2014'),(3382,73,2,'10/1/2014'),(3383,73,2,'10/1/2014'),(3384,73,2,'10/1/2014'),(3385,73,2,'10/1/2014'),(3386,73,2,'10/1/2014'),(3387,73,2,'10/1/2014'),(3388,73,2,'10/1/2014'),(3389,73,2,'10/1/2014'),(3390,73,2,'10/1/2014'),(3391,73,2,'10/1/2014'),(3392,73,2,'10/1/2014'),(3393,73,2,'10/1/2014'),(3394,73,2,'10/1/2014'),(3395,73,2,'10/1/2014'),(3396,73,2,'10/1/2014'),(3397,73,2,'10/1/2014'),(3398,73,2,'10/1/2014'),(3399,73,2,'10/1/2014'),(3400,73,2,'10/1/2014'),(3401,73,2,'10/1/2014'),(3402,73,2,'10/1/2014'),(3403,73,2,'10/1/2014'),(3404,73,2,'10/1/2014'),(3405,73,2,'10/1/2014'),(3406,73,2,'10/1/2014'),(3407,73,2,'10/1/2014'),(3408,73,2,'10/1/2014'),(3409,73,2,'10/1/2014'),(3410,73,2,'10/1/2014'),(3411,73,2,'10/1/2014'),(3412,73,2,'10/1/2014'),(3413,73,2,'10/1/2014'),(3414,73,2,'10/1/2014'),(3415,73,2,'10/1/2014'),(3416,73,2,'10/1/2014'),(3417,73,2,'10/1/2014'),(3418,73,2,'10/1/2014'),(3419,73,2,'10/1/2014'),(3420,73,2,'10/1/2014'),(3421,73,2,'10/1/2014'),(3422,73,2,'10/1/2014'),(3423,73,2,'10/1/2014'),(3424,73,2,'10/1/2014'),(3425,73,2,'10/1/2014'),(3426,73,2,'10/1/2014'),(3427,73,2,'10/1/2014'),(3428,73,2,'10/1/2014'),(3429,73,2,'10/1/2014'),(3430,73,2,'10/1/2014'),(3431,73,2,'10/1/2014'),(3432,73,2,'10/1/2014'),(3433,73,2,'10/1/2014'),(3434,73,2,'10/1/2014'),(3435,73,2,'10/1/2014'),(3436,73,2,'10/1/2014'),(3437,73,2,'10/1/2014'),(3438,73,2,'10/1/2014'),(3439,73,2,'10/1/2014'),(3440,73,2,'10/1/2014'),(3441,73,2,'10/1/2014'),(3442,73,2,'10/1/2014'),(3443,73,2,'10/1/2014'),(3444,73,2,'10/1/2014'),(3445,73,2,'10/1/2014'),(3446,73,2,'10/1/2014'),(3447,73,2,'10/1/2014'),(3448,73,2,'10/1/2014'),(3449,73,2,'10/1/2014'),(3450,73,2,'10/1/2014'),(3451,73,2,'10/1/2014'),(3452,73,2,'10/1/2014'),(3453,73,2,'10/1/2014'),(3454,73,2,'10/1/2014'),(3455,73,2,'10/1/2014'),(3456,73,2,'10/1/2014'),(3457,73,2,'10/1/2014'),(3458,73,2,'10/1/2014'),(3459,73,2,'10/1/2014'),(3460,73,2,'10/1/2014'),(3461,73,2,'10/1/2014'),(3462,73,2,'10/1/2014'),(3463,73,2,'10/1/2014'),(3464,73,2,'10/1/2014'),(3465,73,2,'10/1/2014'),(3466,73,2,'10/1/2014'),(3467,73,2,'10/1/2014'),(3468,73,2,'10/1/2014'),(3469,73,2,'10/1/2014'),(3470,73,2,'10/1/2014'),(3471,73,2,'10/1/2014'),(3472,73,2,'10/1/2014'),(3473,73,2,'10/1/2014'),(3474,73,2,'10/1/2014'),(3475,73,2,'10/1/2014'),(3476,73,2,'10/1/2014'),(3477,73,2,'10/1/2014'),(3478,73,2,'10/1/2014'),(3479,73,2,'10/1/2014'),(3480,73,2,'10/1/2014'),(3481,73,2,'10/1/2014'),(3482,73,2,'10/1/2014'),(3483,73,2,'10/1/2014'),(3484,73,2,'10/1/2014'),(3485,73,2,'10/1/2014'),(3486,73,2,'10/1/2014'),(3487,73,2,'10/1/2014'),(3488,73,2,'10/1/2014'),(3489,73,2,'10/1/2014'),(3490,73,2,'10/1/2014'),(3491,73,2,'10/1/2014'),(3492,73,2,'10/1/2014'),(3493,73,2,'10/1/2014'),(3494,73,2,'10/1/2014'),(3495,73,2,'10/1/2014'),(3496,73,2,'10/1/2014'),(3497,73,2,'10/1/2014'),(3498,73,2,'10/1/2014'),(3499,73,2,'10/1/2014'),(3500,73,2,'10/1/2014'),(3501,73,2,'10/1/2014'),(3502,73,2,'10/1/2014'),(3503,73,2,'10/1/2014'),(3504,73,2,'10/1/2014'),(3505,73,2,'10/1/2014'),(3506,73,2,'10/1/2014'),(3507,73,2,'10/1/2014'),(3508,73,2,'10/1/2014'),(3509,73,2,'10/1/2014'),(3510,73,2,'10/1/2014'),(3511,73,2,'10/1/2014'),(3512,73,2,'10/1/2014'),(3513,73,2,'10/1/2014'),(3514,73,2,'10/1/2014'),(3515,73,2,'10/1/2014'),(3516,73,2,'10/1/2014'),(3517,73,2,'10/1/2014'),(3518,73,2,'10/1/2014'),(3519,73,2,'10/1/2014'),(3520,73,2,'10/1/2014'),(3521,73,2,'10/1/2014'),(3522,73,2,'10/1/2014'),(3523,73,2,'10/1/2014'),(3524,73,2,'10/1/2014'),(3525,73,2,'10/1/2014'),(3526,73,2,'10/1/2014'),(3527,73,2,'10/1/2014'),(3528,73,2,'10/1/2014'),(3529,73,2,'10/1/2014'),(3530,73,2,'10/1/2014'),(3531,73,2,'10/1/2014'),(3532,73,2,'10/1/2014'),(3533,73,2,'10/1/2014'),(3534,73,2,'10/1/2014'),(3535,73,2,'10/1/2014'),(3536,73,2,'10/1/2014'),(3537,73,2,'10/1/2014'),(3538,73,2,'10/1/2014'),(3539,73,2,'10/1/2014'),(3540,73,2,'10/1/2014'),(3541,73,2,'10/1/2014'),(3542,73,2,'10/1/2014'),(3543,73,2,'10/1/2014'),(3544,73,2,'10/1/2014'),(3545,73,2,'10/1/2014'),(3546,73,2,'10/1/2014'),(3547,73,2,'10/1/2014'),(3548,73,2,'10/1/2014'),(3549,73,2,'10/1/2014'),(3550,73,2,'10/1/2014'),(3551,73,2,'10/1/2014'),(3552,73,2,'10/1/2014'),(3553,73,2,'10/1/2014'),(3554,73,2,'10/1/2014'),(3555,73,2,'10/1/2014'),(3556,73,2,'10/1/2014'),(3557,73,2,'10/1/2014'),(3558,73,2,'10/1/2014'),(3559,73,2,'10/1/2014'),(3560,73,2,'10/1/2014'),(3561,73,2,'10/1/2014'),(3562,73,2,'10/1/2014'),(3563,73,2,'10/1/2014'),(3564,73,2,'10/1/2014'),(3565,73,2,'10/1/2014'),(3566,73,2,'10/1/2014'),(3567,73,2,'10/1/2014'),(3568,73,2,'10/1/2014'),(3569,73,2,'10/1/2014'),(3570,73,2,'10/1/2014'),(3571,73,2,'10/1/2014'),(3572,73,2,'10/1/2014'),(3573,73,2,'10/1/2014'),(3574,73,2,'10/1/2014'),(3575,73,2,'10/1/2014'),(3576,73,2,'10/1/2014'),(3577,73,2,'10/1/2014'),(3578,73,2,'10/1/2014'),(3579,73,2,'10/1/2014'),(3580,73,2,'10/1/2014'),(3581,73,2,'10/1/2014'),(3582,73,2,'10/1/2014'),(3583,73,2,'10/1/2014'),(3584,73,2,'10/1/2014'),(3585,73,2,'10/1/2014'),(3586,73,2,'10/1/2014'),(3587,73,2,'10/1/2014'),(3588,73,2,'10/1/2014'),(3589,73,2,'10/1/2014'),(3590,73,2,'10/1/2014'),(3591,73,2,'10/1/2014'),(3592,73,2,'10/1/2014'),(3593,73,2,'10/1/2014'),(3594,73,2,'10/1/2014'),(3595,73,2,'10/1/2014'),(3596,73,2,'10/1/2014'),(3597,73,2,'10/1/2014'),(3598,73,2,'10/1/2014'),(3599,73,2,'10/1/2014'),(3600,73,2,'10/1/2014'),(3601,73,2,'10/1/2014'),(3602,73,2,'10/1/2014'),(3603,73,2,'10/1/2014'),(3604,73,2,'10/1/2014'),(3605,73,2,'10/1/2014'),(3606,73,2,'10/1/2014'),(3607,73,2,'10/1/2014'),(3608,73,2,'10/1/2014'),(3609,73,2,'10/1/2014'),(3610,73,2,'10/1/2014'),(3611,73,2,'10/1/2014'),(3612,73,2,'10/1/2014'),(3613,73,2,'10/1/2014'),(3614,73,2,'10/1/2014'),(3615,73,2,'10/1/2014'),(3616,73,2,'10/1/2014'),(3617,73,2,'10/1/2014'),(3618,73,2,'10/1/2014'),(3619,73,2,'10/1/2014'),(3620,73,2,'10/1/2014'),(3621,73,2,'10/1/2014'),(3622,73,2,'10/1/2014'),(3623,73,2,'10/1/2014'),(3624,73,2,'10/1/2014'),(3625,73,2,'10/1/2014'),(3626,73,2,'10/1/2014'),(3627,73,2,'10/1/2014'),(3628,73,2,'10/1/2014'),(3629,73,2,'10/1/2014'),(3630,73,2,'10/1/2014'),(3631,73,2,'10/1/2014'),(3632,73,2,'10/1/2014'),(3633,73,2,'10/1/2014'),(3634,73,2,'10/1/2014'),(3635,73,2,'10/1/2014'),(3636,73,2,'10/1/2014'),(3637,73,2,'10/1/2014'),(3638,73,2,'10/1/2014'),(3639,73,2,'10/1/2014'),(3640,73,2,'10/1/2014'),(3641,73,2,'10/1/2014'),(3642,73,2,'10/1/2014'),(3643,73,2,'10/1/2014'),(3644,73,2,'10/1/2014'),(3645,73,2,'10/1/2014'),(3646,73,2,'10/1/2014'),(3647,73,2,'10/1/2014'),(3648,73,2,'10/1/2014'),(3649,73,2,'10/1/2014'),(3650,73,2,'10/1/2014'),(3651,73,2,'10/1/2014'),(3652,73,2,'10/1/2014'),(3653,73,2,'10/1/2014'),(3654,73,2,'10/1/2014'),(3655,73,2,'10/1/2014'),(3656,73,2,'10/1/2014'),(3657,73,2,'10/1/2014'),(3658,73,2,'10/1/2014'),(3659,73,2,'10/1/2014'),(3660,73,2,'10/1/2014'),(3661,73,2,'10/1/2014'),(3662,73,2,'10/1/2014'),(3663,73,2,'10/1/2014'),(3664,73,2,'10/1/2014'),(3665,73,2,'10/1/2014'),(3666,73,2,'10/1/2014'),(3667,73,2,'10/1/2014'),(3668,73,2,'10/1/2014'),(3669,73,2,'10/1/2014'),(3670,73,2,'10/1/2014'),(3671,73,2,'10/1/2014'),(3672,73,2,'10/1/2014'),(3673,73,2,'10/1/2014'),(3674,73,2,'10/1/2014'),(3675,73,2,'10/1/2014'),(3676,73,2,'10/1/2014'),(3677,73,2,'10/1/2014'),(3678,73,2,'10/1/2014'),(3679,73,2,'10/1/2014'),(3680,73,2,'10/1/2014'),(3681,73,2,'10/1/2014'),(3682,73,2,'10/1/2014'),(3683,73,2,'10/1/2014'),(3684,73,2,'10/1/2014'),(3685,73,2,'10/1/2014'),(3686,73,2,'10/1/2014'),(3687,73,2,'10/1/2014'),(3688,73,2,'10/1/2014'),(3689,73,2,'10/1/2014'),(3690,73,2,'10/1/2014'),(3691,73,2,'10/1/2014'),(3692,73,2,'10/1/2014'),(3693,73,2,'10/1/2014'),(3694,73,2,'10/1/2014'),(3695,73,2,'10/1/2014'),(3696,73,2,'10/1/2014'),(3697,73,2,'10/1/2014'),(3698,73,2,'10/1/2014'),(3699,73,2,'10/1/2014'),(3700,73,2,'10/1/2014'),(3701,73,2,'10/1/2014'),(3702,73,2,'10/1/2014'),(3703,73,2,'10/1/2014'),(3704,73,2,'10/1/2014'),(3705,73,2,'10/1/2014'),(3706,73,2,'10/1/2014'),(3707,73,2,'10/1/2014'),(3708,73,2,'10/1/2014'),(3709,73,2,'10/1/2014'),(3710,73,2,'10/1/2014'),(3711,73,2,'10/1/2014'),(3712,73,2,'10/1/2014'),(3713,73,2,'10/1/2014'),(3714,73,2,'10/1/2014'),(3715,73,2,'10/1/2014'),(3716,73,2,'10/1/2014'),(3717,73,2,'10/1/2014'),(3718,73,2,'10/1/2014'),(3719,73,2,'10/1/2014'),(3720,73,2,'10/1/2014'),(3721,73,2,'10/1/2014'),(3722,73,2,'10/1/2014'),(3723,73,2,'10/1/2014'),(3724,73,2,'10/1/2014'),(3725,73,2,'10/1/2014'),(3726,73,2,'10/1/2014'),(3727,73,2,'10/1/2014'),(3728,73,2,'10/1/2014'),(3729,73,2,'10/1/2014'),(3730,73,2,'10/1/2014'),(3731,73,2,'10/1/2014'),(3732,73,2,'10/1/2014'),(3733,73,2,'10/1/2014'),(3734,73,2,'10/1/2014'),(3735,73,2,'10/1/2014'),(3736,73,2,'10/1/2014'),(3737,73,2,'10/1/2014'),(3738,73,2,'10/1/2014'),(3739,73,2,'10/1/2014'),(3740,73,2,'10/1/2014'),(3741,73,2,'10/1/2014'),(3742,73,2,'10/1/2014'),(3743,73,2,'10/1/2014'),(3744,73,2,'10/1/2014'),(3745,73,2,'10/1/2014'),(3746,73,2,'10/1/2014'),(3747,73,2,'10/1/2014'),(3748,73,2,'10/1/2014'),(3749,73,2,'10/1/2014'),(3750,73,2,'10/1/2014'),(3751,73,2,'10/1/2014'),(3752,73,2,'10/1/2014'),(3753,73,2,'10/1/2014'),(3754,73,2,'10/1/2014'),(3755,73,2,'10/1/2014'),(3756,73,2,'10/1/2014'),(3757,73,2,'10/1/2014'),(3758,73,2,'10/1/2014'),(3759,73,2,'10/1/2014'),(3760,73,2,'10/1/2014'),(3761,73,2,'10/1/2014'),(3762,73,2,'10/1/2014'),(3763,73,2,'10/1/2014'),(3764,73,2,'10/1/2014'),(3765,73,2,'10/1/2014'),(3766,73,2,'10/1/2014'),(3767,73,2,'10/1/2014'),(3768,73,2,'10/1/2014'),(3769,73,2,'10/1/2014'),(3770,73,2,'10/1/2014'),(3771,73,2,'10/1/2014'),(3772,73,2,'10/1/2014'),(3773,73,2,'10/1/2014'),(3774,73,2,'10/1/2014'),(3775,73,2,'10/1/2014'),(3776,73,2,'10/1/2014'),(3777,73,2,'10/1/2014'),(3778,73,2,'10/1/2014'),(3779,73,2,'10/1/2014'),(3780,73,2,'10/1/2014'),(3781,73,2,'10/1/2014'),(3782,73,2,'10/1/2014'),(3783,73,2,'10/1/2014'),(3784,73,2,'10/1/2014'),(3785,73,2,'10/1/2014'),(3786,73,2,'10/1/2014'),(3787,73,2,'10/1/2014'),(3788,73,2,'10/1/2014'),(3789,73,2,'10/1/2014'),(3790,73,2,'10/1/2014'),(3791,73,2,'10/1/2014'),(3792,73,2,'10/1/2014'),(3793,73,2,'10/1/2014'),(3794,73,2,'10/1/2014'),(3795,73,2,'10/1/2014'),(3796,73,2,'10/1/2014'),(3797,73,2,'10/1/2014'),(3798,73,2,'10/1/2014'),(3799,73,2,'10/1/2014'),(3800,73,2,'10/1/2014'),(3801,73,2,'10/1/2014'),(3802,73,2,'10/1/2014'),(3803,73,2,'10/1/2014'),(3804,73,2,'10/1/2014'),(3805,73,2,'10/1/2014'),(3806,73,2,'10/1/2014'),(3807,73,2,'10/1/2014'),(3808,73,2,'10/1/2014'),(3809,73,2,'10/1/2014'),(3810,73,2,'10/1/2014'),(3811,73,2,'10/1/2014'),(3812,73,2,'10/1/2014'),(3813,73,2,'10/1/2014'),(3814,73,2,'10/1/2014'),(3815,73,2,'10/1/2014'),(3816,73,2,'10/1/2014'),(3817,73,2,'10/1/2014'),(3818,73,2,'10/1/2014'),(3819,73,2,'10/1/2014'),(3820,73,2,'10/1/2014'),(3821,73,2,'10/1/2014'),(3822,73,2,'10/1/2014'),(3823,73,2,'10/1/2014'),(3824,73,2,'10/1/2014'),(3825,73,2,'10/1/2014'),(3826,73,2,'10/1/2014'),(3827,73,2,'10/1/2014'),(3828,73,2,'10/1/2014'),(3829,73,2,'10/1/2014'),(3830,73,2,'10/1/2014'),(3831,73,2,'10/1/2014'),(3832,73,2,'10/1/2014'),(3833,73,2,'10/1/2014'),(3834,73,2,'10/1/2014'),(3835,73,2,'10/1/2014'),(3836,73,2,'10/1/2014'),(3837,73,2,'10/1/2014'),(3838,73,2,'10/1/2014'),(3839,73,2,'10/1/2014'),(3840,73,2,'10/1/2014'),(3841,73,2,'10/1/2014'),(3842,73,2,'10/1/2014'),(3843,73,2,'10/1/2014'),(3844,73,2,'10/1/2014'),(3845,73,2,'10/1/2014'),(3846,73,2,'10/1/2014'),(3847,73,2,'10/1/2014'),(3848,73,2,'10/1/2014'),(3849,73,2,'10/1/2014'),(3850,73,2,'10/1/2014'),(3851,73,2,'10/1/2014'),(3852,73,2,'10/1/2014'),(3853,73,2,'10/1/2014'),(3854,73,2,'10/1/2014'),(3855,73,2,'10/1/2014'),(3856,73,2,'10/1/2014'),(3857,73,2,'10/1/2014'),(3858,73,2,'10/1/2014'),(3859,73,2,'10/1/2014'),(3860,73,2,'10/1/2014'),(3861,73,2,'10/1/2014'),(3862,73,2,'10/1/2014'),(3863,73,2,'10/1/2014'),(3864,73,2,'10/1/2014'),(3865,73,2,'10/1/2014'),(3866,73,2,'10/1/2014'),(3867,73,2,'10/1/2014'),(3868,73,2,'10/1/2014'),(3869,73,2,'10/1/2014'),(3870,73,2,'10/1/2014'),(3871,73,2,'10/1/2014'),(3872,73,2,'10/1/2014'),(3873,73,2,'10/1/2014'),(3874,73,2,'10/1/2014'),(3875,73,2,'10/1/2014'),(3876,73,2,'10/1/2014'),(3877,73,2,'10/1/2014'),(3878,73,2,'10/1/2014'),(3879,73,2,'10/1/2014'),(3880,73,2,'10/1/2014'),(3881,73,2,'10/1/2014'),(3882,73,2,'10/1/2014'),(3883,73,2,'10/1/2014'),(3884,73,2,'10/1/2014'),(3885,73,2,'10/1/2014'),(3886,73,2,'10/1/2014'),(3887,73,2,'10/1/2014'),(3888,73,2,'10/1/2014'),(3889,73,2,'10/1/2014'),(3890,73,2,'10/1/2014'),(3891,73,2,'10/1/2014'),(3892,73,2,'10/1/2014'),(3893,73,2,'10/1/2014'),(3894,73,2,'10/1/2014'),(3895,73,2,'10/1/2014'),(3896,73,2,'10/1/2014'),(3897,73,2,'10/1/2014'),(3898,73,2,'10/1/2014'),(3899,73,2,'10/1/2014'),(3900,73,2,'10/1/2014'),(3901,73,2,'10/1/2014'),(3902,73,2,'10/1/2014'),(3903,73,2,'10/1/2014'),(3904,73,2,'10/1/2014'),(3905,73,2,'10/1/2014'),(3906,73,2,'10/1/2014'),(3907,73,2,'10/1/2014'),(3908,73,2,'10/1/2014'),(3909,73,2,'10/1/2014'),(3910,73,2,'10/1/2014'),(3911,73,2,'10/1/2014'),(3912,73,2,'10/1/2014'),(3913,73,2,'10/1/2014'),(3914,73,2,'10/1/2014'),(3915,73,2,'10/1/2014'),(3916,73,2,'10/1/2014'),(3917,73,2,'10/1/2014'),(3918,73,2,'10/1/2014'),(3919,73,2,'10/1/2014'),(3920,73,2,'10/1/2014'),(3921,73,2,'10/1/2014'),(3922,73,2,'10/1/2014'),(3923,73,2,'10/1/2014'),(3924,73,2,'10/1/2014'),(3925,73,2,'10/1/2014'),(3926,73,2,'10/1/2014'),(3927,73,2,'10/1/2014'),(3928,73,2,'10/1/2014'),(3929,73,2,'10/1/2014'),(3930,73,2,'10/1/2014'),(3931,73,2,'10/1/2014'),(3932,73,2,'10/1/2014'),(3933,73,2,'10/1/2014'),(3934,73,2,'10/1/2014'),(3935,73,2,'10/1/2014'),(3936,73,2,'10/1/2014'),(3937,73,2,'10/1/2014'),(3938,73,2,'10/1/2014'),(3939,73,2,'10/1/2014'),(3940,73,2,'10/1/2014'),(3941,73,2,'10/1/2014'),(3942,73,2,'10/1/2014'),(3943,73,2,'10/1/2014'),(3944,73,2,'10/1/2014'),(3945,73,2,'10/1/2014'),(3946,73,2,'10/1/2014'),(3947,73,2,'10/1/2014'),(3948,73,2,'10/1/2014'),(3949,73,2,'10/1/2014'),(3950,73,2,'10/1/2014'),(3951,73,2,'10/1/2014'),(3952,73,2,'10/1/2014'),(3953,73,2,'10/1/2014'),(3954,73,2,'10/1/2014'),(3955,73,2,'10/1/2014'),(3956,73,2,'10/1/2014'),(3957,73,2,'10/1/2014'),(3958,73,2,'10/1/2014'),(3959,73,2,'10/1/2014'),(3960,73,2,'10/1/2014'),(3961,73,2,'10/1/2014'),(3962,73,2,'10/1/2014'),(3963,73,2,'10/1/2014'),(3964,73,2,'10/1/2014'),(3965,73,2,'10/1/2014'),(3966,73,2,'10/1/2014'),(3967,73,2,'10/1/2014'),(3968,73,2,'10/1/2014'),(3969,73,2,'10/1/2014'),(3970,73,2,'10/1/2014'),(3971,73,2,'10/1/2014'),(3972,73,2,'10/1/2014'),(3973,73,2,'10/1/2014'),(3974,73,2,'10/1/2014'),(3975,73,2,'10/1/2014'),(3976,73,2,'10/1/2014'),(3977,73,2,'10/1/2014'),(3978,73,2,'10/1/2014'),(3979,73,2,'10/1/2014'),(3980,73,2,'10/1/2014'),(3981,73,2,'10/1/2014'),(3982,73,2,'10/1/2014'),(3983,73,2,'10/1/2014'),(3984,73,2,'10/1/2014'),(3985,73,2,'10/1/2014'),(3986,73,2,'10/1/2014'),(3987,73,2,'10/1/2014'),(3988,73,2,'10/1/2014'),(3989,73,2,'10/1/2014'),(3990,73,2,'10/1/2014'),(3991,73,2,'10/1/2014'),(3992,73,2,'10/1/2014'),(3993,73,2,'10/1/2014'),(3994,73,2,'10/1/2014'),(3995,73,2,'10/1/2014'),(3996,73,2,'10/1/2014'),(3997,73,2,'10/1/2014'),(3998,73,2,'10/1/2014'),(3999,73,2,'10/1/2014'),(4000,73,2,'10/1/2014'),(4001,73,2,'10/1/2014'),(4002,73,2,'10/1/2014'),(4003,73,2,'10/1/2014'),(4004,73,2,'10/1/2014'),(4005,73,2,'10/1/2014'),(4006,73,2,'10/1/2014'),(4007,73,2,'10/1/2014'),(4008,73,2,'10/1/2014'),(4009,73,2,'10/1/2014'),(4010,73,2,'10/1/2014'),(4011,73,2,'10/1/2014'),(4012,73,2,'10/1/2014'),(4013,73,2,'10/1/2014'),(4014,73,2,'10/1/2014'),(4015,73,2,'10/1/2014'),(4016,73,2,'10/1/2014'),(4017,73,2,'10/1/2014'),(4018,73,2,'10/1/2014'),(4019,73,2,'10/1/2014'),(4020,73,2,'10/1/2014'),(4021,73,2,'10/1/2014'),(4022,73,2,'10/1/2014'),(4023,73,2,'10/1/2014'),(4024,73,2,'10/1/2014'),(4025,73,2,'10/1/2014'),(4026,73,2,'10/1/2014'),(4027,73,2,'10/1/2014'),(4028,73,2,'10/1/2014'),(4029,73,2,'10/1/2014'),(4030,73,2,'10/1/2014'),(4031,73,2,'10/1/2014'),(4032,73,2,'10/1/2014'),(4033,73,2,'10/1/2014'),(4034,73,2,'10/1/2014'),(4035,73,2,'10/1/2014'),(4036,73,2,'10/1/2014'),(4037,73,2,'10/1/2014'),(4038,73,2,'10/1/2014'),(4039,73,2,'10/1/2014'),(4040,73,2,'10/1/2014'),(4041,73,2,'10/1/2014'),(4042,73,2,'10/1/2014'),(4043,73,2,'10/1/2014'),(4044,73,2,'10/1/2014'),(4045,73,2,'10/1/2014'),(4046,73,2,'10/1/2014'),(4047,73,2,'10/1/2014'),(4048,73,2,'10/1/2014'),(4049,73,2,'10/1/2014'),(4050,73,2,'10/1/2014'),(4051,73,2,'10/1/2014'),(4052,73,2,'10/1/2014'),(4053,73,2,'10/1/2014'),(4054,73,2,'10/1/2014'),(4055,73,2,'10/1/2014'),(4056,73,2,'10/1/2014'),(4057,73,2,'10/1/2014'),(4058,73,2,'10/1/2014'),(4059,73,2,'10/1/2014'),(4060,73,2,'10/1/2014'),(4061,73,2,'10/1/2014'),(4062,73,2,'10/1/2014'),(4063,73,2,'10/1/2014'),(4064,73,2,'10/1/2014'),(4065,73,2,'10/1/2014'),(4066,73,2,'10/1/2014'),(4067,73,2,'10/1/2014'),(4068,73,2,'10/1/2014'),(4069,73,2,'10/1/2014'),(4070,73,2,'10/1/2014'),(4071,73,2,'10/1/2014'),(4072,73,2,'10/1/2014'),(4073,73,2,'10/1/2014'),(4074,73,2,'10/1/2014'),(4075,73,2,'10/1/2014'),(4076,73,2,'10/1/2014'),(4077,73,2,'10/1/2014'),(4078,73,2,'10/1/2014'),(4079,73,2,'10/1/2014'),(4080,73,2,'10/1/2014'),(4081,73,2,'10/1/2014'),(4082,73,2,'10/1/2014'),(4083,73,2,'10/1/2014'),(4084,73,2,'10/1/2014'),(4085,73,2,'10/1/2014'),(4086,73,2,'10/1/2014'),(4087,73,2,'10/1/2014'),(4088,73,2,'10/1/2014'),(4089,73,2,'10/1/2014'),(4090,73,2,'10/1/2014'),(4091,73,2,'10/1/2014'),(4092,73,2,'10/1/2014'),(4093,73,2,'10/1/2014'),(4094,73,2,'10/1/2014'),(4095,73,2,'10/1/2014'),(4096,73,2,'10/1/2014'),(4097,73,2,'10/1/2014'),(4098,73,2,'10/1/2014'),(4099,73,2,'10/1/2014'),(4100,73,2,'10/1/2014'),(4101,73,2,'10/1/2014'),(4102,73,2,'10/1/2014'),(4103,73,2,'10/1/2014'),(4104,73,2,'10/1/2014'),(4105,73,2,'10/1/2014'),(4106,73,2,'10/1/2014'),(4107,73,2,'10/1/2014'),(4108,73,2,'10/1/2014'),(4109,73,2,'10/1/2014'),(4110,73,2,'10/1/2014'),(4111,73,2,'10/1/2014'),(4112,73,2,'10/1/2014'),(4113,73,2,'10/1/2014'),(4114,73,2,'10/1/2014'),(4115,73,2,'10/1/2014'),(4116,73,2,'10/1/2014'),(4117,73,2,'10/1/2014'),(4118,73,2,'10/1/2014'),(4119,73,2,'10/1/2014'),(4120,73,2,'10/1/2014'),(4121,73,2,'10/1/2014'),(4122,73,2,'10/1/2014'),(4123,73,2,'10/1/2014'),(4124,73,2,'10/1/2014'),(4125,73,2,'10/1/2014'),(4126,73,2,'10/1/2014'),(4127,73,2,'10/1/2014'),(4128,73,2,'10/1/2014'),(4129,73,2,'10/1/2014'),(4130,73,2,'10/1/2014'),(4131,73,2,'10/1/2014'),(4132,73,2,'10/1/2014'),(4133,73,2,'10/1/2014'),(4134,73,2,'10/1/2014'),(4135,73,2,'10/1/2014'),(4136,73,2,'10/1/2014'),(4137,73,2,'10/1/2014'),(4138,73,2,'10/1/2014'),(4139,73,2,'10/1/2014'),(4140,73,2,'10/1/2014'),(4141,73,2,'10/1/2014'),(4142,73,2,'10/1/2014'),(4143,73,2,'10/1/2014'),(4144,73,2,'10/1/2014'),(4145,73,2,'10/1/2014'),(4146,73,2,'10/1/2014'),(4147,73,2,'10/1/2014'),(4148,73,2,'10/1/2014'),(4149,73,2,'10/1/2014'),(4150,73,2,'10/1/2014'),(4151,73,2,'10/1/2014'),(4152,73,2,'10/1/2014'),(4153,73,2,'10/1/2014'),(4154,73,2,'10/1/2014'),(4155,73,2,'10/1/2014'),(4156,73,2,'10/1/2014'),(4157,73,2,'10/1/2014'),(4158,73,2,'10/1/2014'),(4159,73,2,'10/1/2014'),(4160,73,2,'10/1/2014'),(4161,73,2,'10/1/2014'),(4162,73,2,'10/1/2014'),(4163,73,2,'10/1/2014'),(4164,73,2,'10/1/2014'),(4165,73,2,'10/1/2014'),(4166,73,2,'10/1/2014'),(4167,73,2,'10/1/2014'),(4168,73,2,'10/1/2014'),(4169,73,2,'10/1/2014'),(4170,73,2,'10/1/2014'),(4171,73,2,'10/1/2014'),(4172,73,2,'10/1/2014'),(4173,73,2,'10/1/2014'),(4174,73,2,'10/1/2014'),(4175,73,2,'10/1/2014'),(4176,73,2,'10/1/2014'),(4177,73,2,'10/1/2014'),(4178,73,2,'10/1/2014'),(4179,73,2,'10/1/2014'),(4180,73,2,'10/1/2014'),(4181,73,2,'10/1/2014'),(4182,73,2,'10/1/2014'),(4183,73,2,'10/1/2014'),(4184,73,2,'10/1/2014'),(4185,73,2,'10/1/2014'),(4186,73,2,'10/1/2014'),(4187,73,2,'10/1/2014'),(4188,73,2,'10/1/2014'),(4189,73,2,'10/1/2014'),(4190,73,2,'10/1/2014'),(4191,73,2,'10/1/2014'),(4192,73,2,'10/1/2014'),(4193,73,2,'10/1/2014'),(4194,73,2,'10/1/2014'),(4195,73,2,'10/1/2014'),(4196,73,2,'10/1/2014'),(4197,73,2,'10/1/2014'),(4198,73,2,'10/1/2014'),(4199,73,2,'10/1/2014'),(4200,73,2,'10/1/2014'),(4201,73,2,'10/1/2014'),(4202,73,2,'10/1/2014'),(4203,73,2,'10/1/2014'),(4204,73,2,'10/1/2014'),(4205,73,2,'10/1/2014'),(4206,73,2,'10/1/2014'),(4207,73,2,'10/1/2014'),(4208,73,2,'10/1/2014'),(4209,73,2,'10/1/2014'),(4210,73,2,'10/1/2014'),(4211,73,2,'10/1/2014'),(4212,73,2,'10/1/2014'),(4213,73,2,'10/1/2014'),(4214,73,2,'10/1/2014'),(4215,73,2,'10/1/2014'),(4216,73,2,'10/1/2014'),(4217,73,2,'10/1/2014'),(4218,73,2,'10/1/2014'),(4219,73,2,'10/1/2014'),(4220,73,2,'10/1/2014'),(4221,73,2,'10/1/2014'),(4222,73,2,'10/1/2014'),(4223,73,2,'10/1/2014'),(4224,73,2,'10/1/2014'),(4225,73,2,'10/1/2014'),(4226,73,2,'10/1/2014'),(4227,73,2,'10/1/2014'),(4228,73,2,'10/1/2014'),(4229,73,2,'10/1/2014'),(4230,73,2,'10/1/2014'),(4231,73,2,'10/1/2014'),(4232,73,2,'10/1/2014'),(4233,73,2,'10/1/2014'),(4234,73,2,'10/1/2014'),(4235,73,2,'10/1/2014'),(4236,73,2,'10/1/2014'),(4237,73,2,'10/1/2014'),(4238,73,2,'10/1/2014'),(4239,73,2,'10/1/2014'),(4240,73,2,'10/1/2014'),(4241,73,2,'10/1/2014'),(4242,73,2,'10/1/2014'),(4243,73,2,'10/1/2014'),(4244,73,2,'10/1/2014'),(4245,73,2,'10/1/2014'),(4246,73,2,'10/1/2014'),(4247,40,1,'10/2/2014'),(4248,73,8,'10/2/2014'),(4249,73,1,'10/2/2014'),(4250,84,26,'10/2/2014'),(4251,40,2,'10/2/2014'),(4252,40,1,'10/9/2014'),(4253,1,1,'10/13/2014'),(4254,37,1,'10/13/2014'),(4255,37,1,'10/13/2014'),(4256,37,1,'10/13/2014'),(4257,37,1,'10/13/2014'),(4258,40,8,'10/13/2014'),(4259,37,1,'10/13/2014'),(4260,70,2,'10/13/2014'),(4261,70,2,'10/13/2014'),(4262,41,1,'10/15/2014'),(4263,41,1,'10/15/2014'),(4264,41,1,'10/15/2014'),(4265,37,1,'10/20/2014'),(4266,37,1,'10/22/2014'),(4267,37,1,'10/22/2014'),(4268,84,26,'10/23/2014'),(4269,40,1,'10/27/2014'),(4270,40,1,'10/27/2014'),(4271,40,2,'10/27/2014'),(4272,40,2,'10/27/2014'),(4273,40,1,'10/27/2014'),(4274,84,26,'10/29/2014'),(4275,84,26,'10/29/2014'),(4276,84,26,'10/29/2014'),(4277,82,26,'10/30/2014'),(4282,39,2,'11/5/2014'),(4283,37,2,'11/5/2014'),(4284,37,2,'11/5/2014'),(4285,39,1,'11/5/2014'),(4286,40,2,'11/7/2014'),(4287,84,26,'11/7/2014'),(4288,39,2,'11/11/2014'),(4289,39,1,'11/11/2014'),(4290,39,1,'11/11/2014'),(4291,40,2,'11/11/2014'),(4292,40,2,'11/12/2014'),(4293,40,2,'11/12/2014'),(4294,40,2,'11/12/2014'),(4295,40,2,'11/12/2014'),(4296,40,2,'11/12/2014'),(4297,40,8,'11/12/2014'),(4298,40,8,'11/12/2014'),(4299,37,2,'11/12/2014'),(4300,37,2,'11/12/2014'),(4301,37,2,'11/12/2014'),(4302,39,2,'11/13/2014'),(4303,39,1,'11/14/2014'),(4304,37,2,'11/17/2014'),(4305,73,2,'11/17/2014'),(4306,70,2,'11/17/2014'),(4307,70,1,'11/17/2014'),(4308,70,1,'11/17/2014'),(4318,39,2,'11/19/2014'),(4319,40,2,'11/19/2014'),(4320,40,2,'11/19/2014'),(4321,38,2,'11/19/2014'),(4322,40,2,'11/19/2014'),(4323,40,2,'11/19/2014'),(4324,40,2,'11/19/2014'),(4325,37,8,'11/19/2014'),(4326,37,8,'11/19/2014'),(4327,37,2,'11/19/2014'),(4328,37,2,'11/19/2014'),(4329,38,2,'11/19/2014'),(4330,38,2,'11/19/2014'),(4331,37,2,'11/19/2014'),(4347,40,2,'11/20/2014'),(4348,40,2,'11/20/2014'),(4349,40,2,'11/20/2014'),(4350,38,2,'11/20/2014'),(4351,40,2,'11/20/2014'),(4352,40,2,'11/20/2014'),(4353,37,1,'11/24/2014'),(4354,37,1,'11/24/2014'),(4355,38,1,'11/24/2014'),(4356,39,1,'11/24/2014'),(4357,37,1,'11/24/2014'),(4358,38,1,'11/24/2014'),(4359,37,1,'11/25/2014'),(4360,38,1,'11/25/2014'),(4361,73,1,'11/25/2014'),(4362,37,2,'11/25/2014'),(4363,37,2,'11/25/2014'),(4364,37,2,'11/25/2014'),(4365,37,1,'11/26/2014'),(4366,37,1,'12/1/2014'),(4367,96,27,'12/1/2014'),(4368,96,12,'12/2/2014'),(4369,40,2,'12/2/2014'),(4370,96,27,'12/2/2014'),(4371,96,2,'12/2/2014'),(4372,96,27,'12/2/2014'),(4373,96,2,'12/2/2014'),(4374,73,1,'12/2/2014'),(4375,73,1,'12/2/2014'),(4376,37,1,'12/2/2014'),(4377,37,1,'12/3/2014'),(4378,37,1,'12/3/2014'),(4379,37,27,'12/3/2014'),(4380,37,1,'12/3/2014'),(4381,98,2,'12/5/2014'),(4382,98,2,'12/5/2014'),(4383,98,2,'12/5/2014'),(4384,98,27,'12/5/2014'),(4385,98,2,'12/5/2014'),(4386,98,2,'12/5/2014'),(4387,94,2,'12/5/2014'),(4388,94,27,'12/5/2014'),(4389,37,1,'12/8/2014'),(4390,73,1,'12/8/2014'),(4391,73,1,'12/8/2014'),(4392,37,1,'12/8/2014'),(4393,37,27,'12/8/2014'),(4394,37,1,'12/8/2014'),(4395,37,27,'12/8/2014'),(4396,40,2,'12/9/2014'),(4397,40,2,'12/9/2014'),(4398,40,2,'12/11/2014'),(4399,40,2,'12/11/2014'),(4400,37,2,'12/11/2014'),(4401,39,2,'12/11/2014'),(4402,37,2,'12/13/2014'),(4403,37,2,'12/13/2014'),(4404,40,2,'12/15/2014'),(4405,37,1,'12/15/2014'),(4406,38,1,'12/15/2014'),(4407,73,1,'12/15/2014'),(4408,40,1,'12/15/2014'),(4409,42,1,'12/15/2014'),(4410,39,1,'12/15/2014'),(4411,37,1,'12/16/2014'),(4412,94,27,'12/17/2014'),(4413,41,1,'12/17/2014'),(4414,37,27,'12/18/2014'),(4415,37,27,'12/18/2014'),(4416,37,1,'12/23/2014'),(4417,37,2,'12/23/2014'),(4418,37,1,'12/30/2014'),(4419,39,8,'1/12/2015'),(4420,39,27,'3/11/2015'),(4421,39,2,'3/11/2015'),(4422,40,27,'3/12/2015'),(4423,37,27,'3/17/2015'),(4424,94,27,'3/18/2015'),(4425,96,27,'3/19/2015'),(4426,96,27,'3/19/2015'),(4427,73,1,'3/24/2015'),(4428,39,2,'4/23/2015'),(4429,37,27,'4/30/2015'),(4430,96,27,'5/5/2015'),(4431,96,27,'5/5/2015'),(4432,96,27,'5/12/2015'),(4433,96,2,'5/12/2015'),(4434,96,2,'5/12/2015'),(4435,40,1,'5/12/2015'),(4436,96,27,'5/12/2015'),(4437,96,2,'5/12/2015'),(4438,37,27,'6/15/2015'),(4439,37,27,'6/15/2015'),(4440,37,2,'6/15/2015'),(4441,37,1,'6/15/2015'),(4442,119,28,'6/15/2015'),(4443,119,28,'6/15/2015'),(4444,119,28,'6/15/2015'),(4445,120,30,'6/15/2015'),(4446,119,30,'6/15/2015'),(4447,120,30,'6/15/2015'),(4448,120,27,'6/15/2015'),(4449,119,28,'6/15/2015'),(4450,120,30,'6/15/2015'),(4451,120,30,'6/16/2015'),(4452,120,29,'6/16/2015'),(4453,120,29,'6/16/2015'),(4454,120,29,'6/16/2015'),(4455,120,29,'6/16/2015'),(4456,120,29,'6/16/2015'),(4457,119,28,'6/16/2015'),(4458,119,28,'6/16/2015'),(4459,119,28,'6/16/2015'),(4460,119,28,'6/16/2015'),(4461,119,28,'6/16/2015'),(4462,119,28,'6/16/2015'),(4463,119,28,'6/16/2015'),(4464,120,29,'6/16/2015'),(4465,120,29,'6/16/2015'),(4466,120,29,'6/16/2015'),(4467,119,28,'6/16/2015'),(4468,120,29,'6/16/2015'),(4469,119,29,'6/17/2015'),(4470,119,28,'6/17/2015'),(4471,119,28,'6/17/2015'),(4472,119,28,'6/17/2015'),(4473,119,28,'6/17/2015'),(4474,39,27,'6/17/2015'),(4475,119,28,'6/17/2015'),(4476,119,28,'6/17/2015'),(4477,119,28,'6/17/2015'),(4478,119,28,'6/17/2015'),(4479,119,28,'6/17/2015'),(4480,119,28,'6/17/2015'),(4481,119,28,'6/17/2015'),(4482,120,29,'6/17/2015'),(4483,120,29,'6/17/2015'),(4484,120,29,'6/17/2015'),(4485,120,29,'6/17/2015'),(4486,120,29,'6/17/2015'),(4487,120,29,'6/17/2015'),(4488,125,28,'6/17/2015'),(4489,125,28,'6/17/2015'),(4490,125,28,'6/17/2015'),(4491,125,28,'6/17/2015'),(4492,120,30,'6/17/2015'),(4493,125,28,'6/17/2015'),(4494,125,28,'6/17/2015'),(4495,125,28,'6/17/2015'),(4496,125,28,'6/17/2015'),(4497,119,28,'6/17/2015'),(4498,125,28,'6/17/2015'),(4499,120,28,'6/17/2015'),(4500,119,30,'6/17/2015'),(4501,120,28,'6/17/2015'),(4502,119,28,'6/17/2015'),(4503,119,28,'6/17/2015'),(4504,125,30,'6/17/2015'),(4505,125,29,'6/17/2015'),(4506,125,30,'6/17/2015'),(4507,125,30,'6/17/2015'),(4508,125,29,'6/17/2015'),(4509,120,30,'6/17/2015'),(4510,125,29,'6/17/2015'),(4511,126,30,'6/17/2015'),(4512,126,30,'6/17/2015'),(4513,126,29,'6/17/2015'),(4514,120,30,'6/17/2015'),(4515,120,30,'6/17/2015'),(4516,120,29,'6/17/2015'),(4517,120,29,'6/18/2015'),(4518,128,28,'6/18/2015'),(4519,120,29,'6/18/2015'),(4520,120,29,'6/18/2015'),(4521,120,29,'6/18/2015'),(4522,126,30,'6/22/2015');
/*!40000 ALTER TABLE `tblquizplaylog` ENABLE KEYS */;
UNLOCK TABLES;

--
-- Table structure for table `tblquizquestions`
--

DROP TABLE IF EXISTS `tblquizquestions`;
/*!40101 SET @saved_cs_client     = @@character_set_client */;
/*!40101 SET character_set_client = utf8 */;
CREATE TABLE `tblquizquestions` (
  `QuestionID` int(11) NOT NULL AUTO_INCREMENT,
  `QuestionText` varchar(200) NOT NULL,
  `QuestionExplanation` varchar(300) DEFAULT NULL,
  `Answer1` varchar(100) NOT NULL,
  `Answer2` varchar(100) NOT NULL,
  `Answer3` varchar(100) NOT NULL,
  `Answer4` varchar(100) NOT NULL,
  `CorrectAnswer` varchar(100) NOT NULL,
  `Category` int(11) DEFAULT NULL,
  `SiteID` int(11) DEFAULT NULL,
  `QuizID` int(11) NOT NULL,
  `QuestionImage` varchar(100) DEFAULT NULL,
  `QuestionImageThumbnail` varchar(100) DEFAULT NULL,
  `ShortQuestion` varchar(100) DEFAULT NULL,
  PRIMARY KEY (`QuestionID`)
) ENGINE=MyISAM AUTO_INCREMENT=102 DEFAULT CHARSET=latin1;
/*!40101 SET character_set_client = @saved_cs_client */;

--
-- Dumping data for table `tblquizquestions`
--

LOCK TABLES `tblquizquestions` WRITE;
/*!40000 ALTER TABLE `tblquizquestions` DISABLE KEYS */;
INSERT INTO `tblquizquestions` VALUES (19,'An order picker goes to slot to select a carton of detergent and finds the slot is empty. What should he do?','Inventory mgrs will confirm the  item balance and fill-in orders where the item was not in the slot. Do not take cases from another slot because it will cause other inventory imbalances.','Call supervisor to locate more cartons','Locate a similar item and include it','Wait for the slot to be replenished','Mark item as Not Found and continue','Mark item as Not Found and continue',4,0,4,'Null','Null','Order Picking'),(18,'When a customer buys any piece of electronic equipment, you should always offer him a...?','Although we never expect our products to fail, the warranty will ensure that the customer has peace of mind for a very small investment.','Hand to load his car','Battery','Discount','Warranty','Warranty',3,1,3,'Null','Null','Warrantee Upsales'),(17,'You see a customer in the TV department. Which of the following questions should you NOT ask him?','It is important that you find out what the customer\'s requirements are before you make a recommendation. The customer may not know what technology best suits his/her needs','How is lighting in TV room?','Do you play video games on TV?','What type programs do you watch?','What type TV do you want to buy?','What type TV do you want to buy?',3,1,3,'Null','Null','TV Sales Process'),(16,'A customer tells you that she will put a TV in a room with many windows and no blinds. What type of TV should you recommend?','An LCD\'s bright picture will be look better in bright light; some LCD screens also resist glare.','Widescreen','HDTV','Plasma','LCD','LCD',3,1,3,'Null','Null','TV Sales Process'),(14,'A customer is interested in a cashmere sweater. She asks: Is this item going to go on sale? What do you say?','As part of our 30-day return policy, customers may request a credit if the price of an item they\'ve purchased is reduced.','Offer to call before the sale','Popular item will not last until sale','I don\'t have any info on sales','If item reduced in 30 days, get credit','If item reduced in 30 days, get credit',2,1,2,'310b8485-5d99-46e0-b061-facba7e78585.jpg','310b8485-5d99-46e0-b061-facba7e78585.jpg','Sale Policies'),(12,'This style of collar is called a(n)','The button down is a classic, versatile look that uses buttons to fasten the collar to the shirt.','Ainsley','Golf Collar','English Spread','Button-down','Button-down',2,1,2,'12c36265-088c-43f1-8f68-a64de1121dea.jpg','12c36265-088c-43f1-8f68-a64de1121dea.jpg','Product knowledge: Shirts'),(13,'How much will our 100% cotton shirts shrink after the first wash?','All our cotton shirts are pre-shrunk. Customers should notice no shrinking. This is one of the things that makes us unique and special.','2\" in length,  1/2\" in girth','1/2\" in length, 2\" in girth','About an inch in both directions','Not at all','Not at all',2,1,2,'9ef043d5-6f8c-4f5a-b106-c44845226b62.jpg','9ef043d5-6f8c-4f5a-b106-c44845226b62.jpg','Product knowledge: Shirts'),(11,'Which of these is least important when building a relationship with your client?','The two most important pieces of information you can get from a client are 1) her interests 2) her permission for you to contact her.','What she\'d like to be contacted about','The best times to contact her','How she\'d like to be contacted','Where she lives','Where she lives',2,1,2,'936c22cf-0ed9-42ef-b696-9af5c5774115.jpg','936c22cf-0ed9-42ef-b696-9af5c5774115.jpg','Client relationships 43'),(10,'A customer walks into the store and asks to return items she purchased through the company website. What should you do?','We encourage our customers to shop through all of our channels. To make their shopping experience convenient, they can also return items through any of those channels - no matter how they originally p','Refund the purchase price in cash','Check website for return policy','Process return if store carries item','Cedit original form of payment','Cedit original form of payment',2,1,2,'eefac3af-f87f-44e6-a333-f3921d121e92.jpg','eefac3af-f87f-44e6-a333-f3921d121e92.jpg','Return Policy 22'),(9,'A customer wants to return a $3,000 cocktail dress 3 days after buying it. You suspect she has worn it to an event. What should you do?','Our 30-day return policy applies to all unused / undamaged merchandise no matter how expensive it is. Be sure to inspect the garment for damage.','Call your manager','Credit applied in 1 day after inspected','Tell her she can\'t return it','Process the return just like any other','Process the return just like any other',2,1,2,'d74d5b04-2acc-44e9-99bf-deda94afe7e0.jpg','d74d5b04-2acc-44e9-99bf-deda94afe7e0.jpg','Return Policy 43'),(8,'What style of shoe is this?','You can tell it\'s a wingtip because of the wing shaped countours near the toe, as well as the perforations.','Cap-toe','Loafer','Saddle shoe','Wingtip','Wingtip',2,1,2,'75deaa5d-a4d0-4cdd-875c-c9ffaae8f9ba.jpg','75deaa5d-a4d0-4cdd-875c-c9ffaae8f9ba.jpg','Product knowledge: Shoes'),(7,'You see a customer take a small item off the shelf and put it in her purse. What do you do?','Never approach a shoplifter and confront them. We have procedures that must be followed and not doing so may open the company (and you) up to legal issues.','Nothing','Ask her to empty her purse','Confront her immediately','Report it to security','Report it to security',1,7,1,'1d5b1b75-b79b-431f-a2cf-56ce3fd7cacb.jpg','1d5b1b75-b79b-431f-a2cf-56ce3fd7cacb.jpg','Shoplifting Policy'),(6,'When bagging, you should always avoid doing the following:','Meat should always be bagged separately to avoid contamination by bacteria; heavy items can crush produce items and other fragile items; double bagging is sometimes very necessary; and chemicals shoul','Place meat in a separate bag','Place light items on top of tomatoes','Double bag heavy items','Put cleaning chemicals with food','Put cleaning chemicals with food',1,0,1,'35e1e054-f9c6-4f2c-98ab-c9d3f0fba3b2.jpg','35e1e054-f9c6-4f2c-98ab-c9d3f0fba3b2.jpg','Bagging Policy 37'),(5,'Which of the following Point of Sale actions require a manager\'s authorization?','When calling for a manager for authorization, always apologize to the customer for the delay.','Remove Item','Use of Department Key','Suspend/Resume Transaction','Price Override','Price Override',1,0,1,'e727c8bd-195c-49c8-87e8-6bdd56e40b58.jpg','e727c8bd-195c-49c8-87e8-6bdd56e40b58.jpg','POS Policy 44a'),(4,'You are in the middle of a task when a customer asks where to find an item. What do you do?','By walking with the customer to the product, you build a rapport with the customer. If you hand the product to the customer, there is a greater chance that she will buy it.','Point her in the general direction','Tell the customer the aisle #','Politely explain you are very busy','Walk to product and hand it to her','Walk to product and hand it to her',1,0,1,'2f3e22ac-6d67-444c-8085-ecb3c1322479.jpg','2f3e22ac-6d67-444c-8085-ecb3c1322479.jpg','Customer Service #244'),(3,'How often should utility clerks do store sweep to clean the floor and return misplaced items?','The sweep is one of the main duties for a utility clerk. By performing a sweep every hour, we ensure that the store always looks like an inviting place to shop.','Once per day','At the start of every shift','Every fifteen minutes','Every hour','Every hour',1,0,1,'a4cb8590-efe8-4d87-bbe3-62edd9f5f730.jpg','a4cb8590-efe8-4d87-bbe3-62edd9f5f730.jpg','Sweep Floor'),(1,'What type of Vegetable is this?','aka Curly Cabbage. With ruffled, lacy, deeply ridged leaves, perhaps the prettiest cabbages around. Delicious in salads or stir-fried.','Napa Cabbage','Chinese Cabbage','Bok choy','Savoy Cabbage','Savoy Cabbage',1,0,1,'c84121a1-4f6b-4181-b6ab-177df27105ad.jpg','c84121a1-4f6b-4181-b6ab-177df27105ad.jpg','Vegetables'),(2,'A customer asks for a recommendation for a wine to go with roast beef. What would you suggest?','Cabernet Sauvignon is a red wine with strong tannins, high acidity, and powerful flavors, usually black currant. Food pairings include beef and lamb dishes, venison, and a variety of cheeses.','Pinoit Grigio','Chardonnay','Sauvignon Blanc','Cabernet Sauvignon','Cabernet Sauvignon',1,0,1,'2647aefe-ffad-4ded-8bf4-a95284d6a79d.jpg','2647aefe-ffad-4ded-8bf4-a95284d6a79d.jpg','Red Wine'),(15,'A customer finds a pair of jeans she loves, but they\'re not available in her size. What do you do?','You should offer customers merchandise that we have anywhere in the chain, whether it\'s available in another store or on the web.','Tell her available size fits','Tell her to return for next delivery','Sell her on a different item','Check inventory at other stores.','Check inventory at other stores.',2,1,2,'26e436af-04ef-4160-bd44-5a75ba3b13bc.jpg','26e436af-04ef-4160-bd44-5a75ba3b13bc.jpg','Fitting assistance'),(22,'How often do you rotate your tires?','Rotating tires keeps them from wearing unevenly and that will make your ride smoother and handling safer.','5,000-7,000 kilometers','10,000 - 12,000 kilometers','12,000 - 15,000 kilometers','8,000-10,000 kilometers','8,000-10,000 kilometers',5,0,5,'159e6792-bca7-4fc1-bfef-1a32796c0048.jpg','159e6792-bca7-4fc1-bfef-1a32796c0048.jpg','Tire Rotation'),(20,'What does the acronym GLN stand for?','The Global Location Number is a unique number assigned by the standards body that identifies a distinct location in the word.','Global License Number','Great Location Name','Global Location name','Global Location Number','Global Location Number',4,0,4,'Null','Null','GLN'),(21,'What is a wave?','Picking by wave is the most effective way of picking in a multi store environment.','something on the sea','An informal greeting','A measure of light','A method of picking','A method of picking',4,0,4,'Null','Null','Wave'),(23,'What does TPMS stand for?','TPMS, Tire Pressure Monitoring System, is an electronic system that alerts you with a dashboard indicator light when your car\'s tire pressure falls to the point of needing inflation.','Titanium Pressed Mild Steel','Totally Perfect Muffler Sounds','Timed Pitch Monitoring System','Tire Pressure Monitoring System','Tire Pressure Monitoring System',5,0,5,'a71d659a-047d-41d2-a74b-93ea70620c36.jpg','a71d659a-047d-41d2-a74b-93ea70620c36.jpg','Tire Pressure'),(24,'215 / 65 R 15 - What does 65 represent?','The first two numbers tell you tire width in millimeters. The next numbers is the ratio of height to width. The last number is the rim size.','Wheel diameter (cm)','Maximum speed (mph)','Rubber thickness (mm)','Ratio of height to width','Ratio of height to width',5,0,5,'3a385d5b-862b-4b44-8658-c3c3c8375e16.png','3a385d5b-862b-4b44-8658-c3c3c8375e16.png','Tire Specs'),(25,'If you put studs on the front wheels, what do you put on the back?','Only if studded winter/snow tires are installed on all wheel positions of a vehicle will optimum handling characteristics be achieved','Chains','It doesn\'t matter','All weather tires','Studs','Studs',5,0,5,'89ef07c5-6c4a-4edd-a8e7-3a10e14174a1.jpg','89ef07c5-6c4a-4edd-a8e7-3a10e14174a1.jpg','Winter Driving'),(26,'What is the cause of this wear pattern?','If a vehicle\'s tires are overinflated by 6 psi, they could be damaged more easily when running over potholes or debris in the road.','Underinflation','Incorrect alignment','Worn struts','Overinflation','Overinflation',5,0,5,'85175ad5-aa8d-45d9-8296-f8bd89edcec4.jpg','85175ad5-aa8d-45d9-8296-f8bd89edcec4.jpg','Tire Wear'),(27,'How often should you change brake fluid?','Note that brake flushing and bleeding the brakes are two different procedures. Flushing involves removing all the brake fluid from the system and getting all-new, clean fluid inside.','20,000 kilometers','50,000 kilometers','75,000 kilometers','40,000 kilometers','40,000 kilometers',5,0,5,'2d41a98c-7c3d-4762-afe3-1c5bd6f9209a.jpg','2d41a98c-7c3d-4762-afe3-1c5bd6f9209a.jpg','Bake Fluid'),(28,'In very cold weather what oil should you use?','Multiple viscosity oils carry a range of numbers10W40, for example. In this case the 10 is a representation of the motor oil\'s viscosity when c','15w - 30','10w - 40','It doesn\'t matter','5w - 30','5w - 30',5,0,5,'ba0adaf5-1db7-4d1f-b6e9-ca2c950c805d.jpg','ba0adaf5-1db7-4d1f-b6e9-ca2c950c805d.jpg','Cold Weather'),(29,'How much does our Customer Care plan cost?','Unlike most competitors, our Customer Care Plan is FREE with the purchase of tires, wheels, batteries or services and is honoured at any Kal Tire location.','$10/tire','$50/year','$20/car','Free','Free',5,0,5,'50f0c6f4-61a3-4fa1-9bfe-cfc1ee2475a3.jpg','50f0c6f4-61a3-4fa1-9bfe-cfc1ee2475a3.jpg','Customer Care Plan'),(30,'If you buy tires at the Saskatoon store, where should you go for service?','Inflation should be checked once a month. This will be provided at no charge by any Kal Tire store.','The store you bought the tires','Stores in the same Province','Any store for additional fee','Any store','Any store',5,0,5,'f4c01edd-0bee-4e5e-a3b9-f9c0ce516d15.jpg','f4c01edd-0bee-4e5e-a3b9-f9c0ce516d15.jpg','Tire Service'),(31,'Which tire rating is the fastest?','The speed symbol denoting a fixed maximum speed capability of new tires must be shown only in the speed rating portion of the tire\'s service description, such as 225/50R16 89S','R Rated','S Rated','H Rated','Y Rated','Y Rated',5,0,5,'be680afa-dcd1-4809-b753-f08f48ae9ad4.jpg','be680afa-dcd1-4809-b753-f08f48ae9ad4.jpg','Tire Specs'),(47,'what is a size 8 in european?','A size 8 in American is a size 41.5 in European shoe size','90','42','59','41.5','41.5',2,1,8,'81c8ae86-3f45-4ef0-9ad7-e1f33558f712.jpg','81c8ae86-3f45-4ef0-9ad7-e1f33558f712.jpg',''),(46,'what type of shoe do wear in a formal setting?','Formal shoes should also be glossy in appearance. The most common are patent leather shoes, but if youre uncomfortable in patent leather, you can wear matte black leather shined to a ','sandals','sneakers','loafers','shiny patent leather shoes','shiny patent leather shoes',2,1,8,'080451ef-abdd-40e2-ba44-767b2b553c44.jpg','080451ef-abdd-40e2-ba44-767b2b553c44.jpg',''),(48,'what type of shoes are considered business casual?','For a professional appearance in casual wear, choose mens casual shoes like boat shoes or loafers. Your boat shoes should be made of leather and in good, clean co','flip flops','shiny patent leather','sneakers','loafers','loafers',2,1,8,'bfec4253-4ce3-4c4b-8f07-b50e1e667bfb.jpg','bfec4253-4ce3-4c4b-8f07-b50e1e667bfb.jpg',''),(38,'The links (button) on the item inquiry form provide access to reference information about an item including:  quantities, orders, sales, prices, promotions, etc.','The reference information provides everything that the business needs to know about an item','False','Mostly True','What links?','True','True',6,1,6,'d7e631ba-c2f2-41af-94b8-e841f66947ff.jpg','d7e631ba-c2f2-41af-94b8-e841f66947ff.jpg','Item Inquiry'),(39,'Which MM/SO functions require a Vendor record in MM/SO?','When an item is available from more than one vendor, that Item is said to be Multi-Sour','Generate a Purchase Order','Track Items Ordered','Track Vendor Deals','All of these','All of these',6,0,6,'933dfbb0-211f-4a0a-96ca-715162f1b535.jpg','933dfbb0-211f-4a0a-96ca-715162f1b535.jpg','Vendor Record'),(35,'What is an accounting cost method?','Most companies use standard cost. It is the least expensive to implement and maintain, and can give reasonably accurate costs. However, it is not the most accurate','A process for determining the price','The operations cost  on the GL','How to calculate cost of business','How a retailer values their invento','How a retailer values their invento',5,0,6,'97746ca1-0d1a-4eec-9566-dc7bc22bc89e.jpg','97746ca1-0d1a-4eec-9566-dc7bc22bc89e.jpg','Accounting Cost Method'),(36,'What Tomax form is used to look up information and real-time statistics on any item in inventory','Knowing how much inventory is available is vital information in insuring that the company does not incur excessive inventory costs','Vendor Form','Purchase Order Form','Item by Site Form','Item Inquiry form','Item Inquiry form',6,0,6,'10ee8e5b-b697-489b-a6b5-b3eb9f6a1ab2.png','10ee8e5b-b697-489b-a6b5-b3eb9f6a1ab2.png','Item info'),(37,'The MM/SO physical inventory (PI) process includes the following process steps','Physical Inventory counts may be scheduled by category or run for the entire catalog','Start - End - Post','Start - Enter - End','Cretae - Start - End - Post','Create - Start - Enter - Post','Create - Start - Enter - Post',6,0,6,'54ed4f32-72fc-4698-868f-8bb1d5d12268.jpg','54ed4f32-72fc-4698-868f-8bb1d5d12268.jpg','Physical Inventory'),(40,'What form does the statement Allows a user to maintain details of vendor items at a single site and across multiple sites apply','Information such as cost, price, and inventory quantity may vary by site.','Vendor Item Form','Authorized Site List','Vendor Record','Item maintenenance Form','Item maintenenance Form',6,0,6,'f50e8977-e0bf-43c1-8c70-8f0ad14ffa51.jpg','f50e8977-e0bf-43c1-8c70-8f0ad14ffa51.jpg','Vendor Forms'),(41,'Which master data element is central to the retail.net data structure?','Everything that Retail.net does is dependent upon the Item record.','Site','Vendor','Customer','Item','Item',6,0,6,'be00cae3-b08f-4bea-bfd3-4d531e2ffa08.jpg','be00cae3-b08f-4bea-bfd3-4d531e2ffa08.jpg','Master Data i'),(42,'Master Data Is...?','Examples of retail master data include Item, Vendor, Store, and Customer','Created by Daily Operations','Primarily Used by Reporting','Used to determine Salary Increases','A set of common business data','A set of common business data',6,0,6,'ecb70e42-7e33-4fb6-8561-7c0ccb8a3809.jpg','ecb70e42-7e33-4fb6-8561-7c0ccb8a3809.jpg','Master Data ii'),(43,'Which statement best describes the Tomax IDM?','Tomax IDM offers a fully featured security and authorization management function.','Ensures Everyone Can Use Retail.Net','Lets Employees Manage their Roles','Limits System Access to Managers','Manages User IDs. & Permissions','Manages User IDs. & Permissions',6,0,6,'85004dd8-e9b0-49ab-a400-39d6a1fc189a.jpg','85004dd8-e9b0-49ab-a400-39d6a1fc189a.jpg','IDM'),(49,'When is it okay to wear white socks?','If youre going to the gym, white socks are fine. Theyre also fine if youre playing spo','When wearing jeans','When wearing a suit','When wearing business attire','When playing a sport/excercising','When playing a sport/excercising',2,1,9,'af13af49-76cf-469b-8a71-81810800b8e8.jpg','af13af49-76cf-469b-8a71-81810800b8e8.jpg',''),(50,'What type of socks do you wear with dress shoes?','If youre going to wear dress shoes, you cant wear','Athletic socks','Boot socks','No show socks','Dress socks','Dress socks',2,1,9,'fa41932c-317a-4fd0-8542-c037b0cfd0dd.jpg','fa41932c-317a-4fd0-8542-c037b0cfd0dd.jpg',''),(51,'What should you match your socks with when creating an outfit?','When wearing dress pants or casual pants, apart from jeans, the color of your socks should be dictated by the color of your pants and not by the shade of your shoes.','Your shoes','Your shirt','Your watch','Your pants','Your pants',2,1,9,'fffb2d5c-a69b-4b9a-9591-471b25a1dd81.jpg','fffb2d5c-a69b-4b9a-9591-471b25a1dd81.jpg',''),(52,'Which of the following is NOT an athletic sock?','Over the calf socks are a type of dress sock.','Crew','No-show','Quarter','Over the calf','Over the calf',2,1,9,'Null','Null',''),(53,'What is the best material for the summer ?','Rayon is excellent choice for hot weather and warm climates, rayon dress pants have a similar feeling to cotton.','Wool','Polyester','Silk','Rayon','Rayon',2,1,10,'98f21933-6f92-43be-8f8d-662e92cb4758.jpeg','98f21933-6f92-43be-8f8d-662e92cb4758.jpeg',''),(54,'What type of material is best for all weather?','Wool can be lightweight or heavyweight, so there are wool dress pants for all seasons.','Cotton','Rayon','Polyester','Wool','Wool',2,1,10,'ab1331b3-dc3a-4e7b-ad50-5ab0bca0bfcb.jpg','ab1331b3-dc3a-4e7b-ad50-5ab0bca0bfcb.jpg',''),(55,'When a guests asks for  help what is the first thing you do ?','In order to help them you must first know their size.','pick out a shirt','refer them to someone else','not help them','Ask them if they would like to meas','Ask them if they would like to meas',2,1,11,'18ce4052-6f51-4f48-8d7b-0eaf06c0e2bf.gif','18ce4052-6f51-4f48-8d7b-0eaf06c0e2bf.gif',''),(56,'Where do you measure the guest for a dress shirt?','Measurements need to be taken from the neck and the arms','the neck and torso','shoulders and torso','arms and waist','the neck and the arms','the neck and the arms',2,1,11,'3d76b926-138a-4b69-8928-11588d734631.jpg','3d76b926-138a-4b69-8928-11588d734631.jpg',''),(57,'What type of shirt would be best for a slim figured person ?','Slim-fit is the best fit for slim figured people.','Regular Fit','Classic Fit','Skinny Fit','Slim-Fit','Slim-Fit',2,1,11,'d3e60e3b-79a8-45d2-99b8-9a1a04bdbc75.jpg','d3e60e3b-79a8-45d2-99b8-9a1a04bdbc75.jpg',''),(58,'How wide should a tie bar for a skinny tie be?','Your tie bar should always be narrower than your tie.','1.3-1.4\"','2.0-2.5\"','6.0-6.5\"','1.5-1.75\"','1.5-1.75\"',2,1,12,'15591ff3-4fd6-4c1a-9213-47024dc224bd.jpg','15591ff3-4fd6-4c1a-9213-47024dc224bd.jpg','Tie bars'),(59,'which material would be best for a premium finished look?','Silk is luxury: light weight and smooth.','mircofiber','wool','cotton','Silk','Silk',2,1,12,'65f79689-5594-48b8-8b61-fddf475a9d6e.jpg','65f79689-5594-48b8-8b61-fddf475a9d6e.jpg','Materials'),(60,'How long should a tie be?','According to skinnyties.com, 5658 inch ties will fit 90% ','60-69 inches','34-35 inches','40-45 inches','56-58 inches','56-58 inches',2,1,12,'5b68f6a7-274e-4c79-a4e7-190e37f4fa2f.jpg','5b68f6a7-274e-4c79-a4e7-190e37f4fa2f.jpg','Tie length'),(61,'What type of shirt are cuff links worn with?','ufflinks are worn only on French-cuff shirts.','Regular Dress Shirts','Tuxedo Shirts','Tshirts','French Cuff Shirts','French Cuff Shirts',2,1,12,'9c883c04-56b3-4b58-ba39-9e47cdf1705e.jpg','9c883c04-56b3-4b58-ba39-9e47cdf1705e.jpg','Cufflinks'),(62,'What is the best breathable material to purchase when purchasing a suit?','Wool is a natural fiber that breathes, which means you\'ll be more comfortable and you\'ll sweat less than in a suit made of man-made materials.','cotton','polyester','microfiber','wool','wool',2,1,13,'00337def-1b60-477b-86e2-344dd959652a.jpg','00337def-1b60-477b-86e2-344dd959652a.jpg',''),(63,'What type of cut would be best for a sleek, modern look?','The European cut (Italian). Sleek, modern, with padded shoulders, no vents, flapless pockets, and tapered waist (V-shape) on the jacket.','American Cut','British Cut','Madagascar Cut','European Cut','European Cut',2,1,13,'7a20f81f-c2ab-4648-b611-153ea919b22e.jpg','7a20f81f-c2ab-4648-b611-153ea919b22e.jpg',''),(64,'Which of the following does NOT need to be measured when fitting for a a suit?','You should take all measurements: neck, shoulders, sleeves, chest, waist, and inseam. Measure them first, before you begin looking at suits.','inseam','neck','shoulders','Leg Length','Leg Length',2,1,13,'d250ad4b-50bd-4291-93de-f271b113441d.jpg','d250ad4b-50bd-4291-93de-f271b113441d.jpg',''),(65,'check','check','b','c','d','a','a',1,1,16,'47551bc6-794f-4490-b15d-50af7f62b24b.jpg','47551bc6-794f-4490-b15d-50af7f62b24b.jpg','check'),(66,'how r you','whats','b','c','d','a','a',1,1,16,'d2f11bd7-6fb9-4a92-9fea-cff1d8366dd0.jpg','d2f11bd7-6fb9-4a92-9fea-cff1d8366dd0.jpg','hru'),(68,'As a Merchandiser, what is the 1st thing  you do when arriving at the store','It is important to establish a positive relationship with the store manager.','Inventory cards','Check deliveries','Have coffee','Check in with store manager','Check in with store manager',2,0,26,'a505077c-05ec-47f0-9048-ad0849c58c82.jpg','a505077c-05ec-47f0-9048-ad0849c58c82.jpg','Arrival process'),(69,'What do you do if slot is empty and no shipment is on the way?','Accurate inventory is key to insuring that cards are available when the customer wants to buy them','Fill the slot with other cards','Do nothing','Create manual order','Audit the inventory location','Audit the inventory location',2,0,26,'e4cd1df6-4b26-4836-954c-09fdfef8a3c9.jpg','e4cd1df6-4b26-4836-954c-09fdfef8a3c9.jpg','Audit'),(70,'What do you do with holiday cards after the holiday is over?','Our cards represent our brand. We are very careful about managing our distribution channels at all times.','Take them home','Donate them to charity','Sell them at Flea Market','Return to Hallmark','Return to Hallmark',2,0,26,'1b01ba5a-2cee-41d4-8630-a4bf884c8a55.jpg','1b01ba5a-2cee-41d4-8630-a4bf884c8a55.jpg','Card disposal'),(71,'What is the correct way to greet a guest?','Always greet the guest with the time of day (morning, afternoon, evening) and make them feel welcome at your store.','Hi.','Hey, wassup?','Say nothing at all','Good Afternoon. Welcome to ______.','Good Afternoon. Welcome to ______.',2,0,27,'91d497a7-a1c5-4673-ab06-ba76f486f7c7.jpg','91d497a7-a1c5-4673-ab06-ba76f486f7c7.jpg','Greet a guest'),(72,'What is the best way to ask if a customer needs help?','By asking politely, you can gain trust and confidence with the guest. When the guest is comfortable with you they will be more likely to buy from you.','You need help?','If you need help ask.','What do you need?','How can I help you?','How can I help you?',2,0,27,'76322476-a1fc-437a-ae44-cfc818bcd52c.png','76322476-a1fc-437a-ae44-cfc818bcd52c.png','Customer needs help ?'),(73,'What do you do if a guest needs your help but you\'re working on a task ?','Taking care of our guests is our main priority. If a guest asks you for help while you\'re doing a task, set it aside and help the guest.','Tell the customer you\'re busy','Continue to work on your task','Tell them to ask someone else','Set aside your task for a moment','Set aside your task for a moment',2,0,27,'aec1f3d0-e561-4dea-a758-3abd579d1250.png','aec1f3d0-e561-4dea-a758-3abd579d1250.png','Too busy to help'),(74,'Where are the women\'s shoes located?','Women\'s shoes are located on the 2nd Floor between the kids department and the registers','Lower Level','1st floor','3rd floor','2nd floor','2nd floor',2,0,27,'8bf3e2ba-cfd6-4cbb-809f-d6b137d446a6.png','8bf3e2ba-cfd6-4cbb-809f-d6b137d446a6.png','Women\'s shoes location'),(75,'What time should you arrive for your shift?','You should always arrive at least 10 minutes before your shift. It leaves time to pick up your check, to change etc.','The exact time of your shift','5 minutes before','5 minutes after','10 minutes before','10 minutes before',2,0,27,'a930dd47-1992-4e90-9375-fd0719fb1ffe.png','a930dd47-1992-4e90-9375-fd0719fb1ffe.png','Shift times'),(76,'Where is the mens dressing room?','On the 3rd floor, directly in front of mens jackets/coats','2nd floor','Lower Level','1st floor','3rd floor','3rd floor',2,0,27,'3d192798-4277-4a82-bad5-4741e2ec7994.png','3d192798-4277-4a82-bad5-4741e2ec7994.png','Dressing room location'),(77,'If you have nothing to do during your shift, what should you do?','Nothing to do at the moment? It happens. Simply alert the manager or continue with customer service activities to build sales or loyalty count.','Get guest to sign up for loyalties','Greet and help customers','Let a manager know','All these options','All these options',2,0,27,'57e574d7-6e59-43f6-964a-6b62b11dba39.png','57e574d7-6e59-43f6-964a-6b62b11dba39.png','Idle time'),(78,'What day free Big Gulp Drinks are offered?','This is to make employee understand the combination.','Every Monday 5 p.m to 7 p.m','Every  Sunday 5 p.m to 7 p.m','Every Tuesday 5 p.m to 7 p.m','Every Saturday 5 p.m to 7 p.m','Every Saturday 5 p.m to 7 p.m',7,9,28,'b6171b5f-6227-4ed7-929f-09d43539f2e9.png','b6171b5f-6227-4ed7-929f-09d43539f2e9.png','and with What combination?'),(79,'What is the best thing to do when customer tries to give $100 dollar bill?','To minimize robbery our aim is to keep minimum money in register.','Refuse to sell products','Say that register do not have chang','Immediately take it and give change','Politely ask for smaller bills.','Politely ask for smaller bills.',8,9,28,'d51c79e2-9f0e-4e23-9513-397398fe1acd.png','d51c79e2-9f0e-4e23-9513-397398fe1acd.png','Change policy'),(80,'What is the first thing while offering hot food to customer?','To make employee know how to serve hot food.','Bare hand because its busy.','Ask them to wait','No hot Food','Always wear Gloves.','Always wear Gloves.',9,9,28,'b715f41c-662f-438a-93b7-b49e8849a156.png','b715f41c-662f-438a-93b7-b49e8849a156.png','Hot Food'),(81,'A fellow employee constantly disrespects and curses at you, what do you do?','Best thing to do is report it. You never know who else they can be their victim. An employee should know not to curse or disrespect others in the work environment.','Curse him/her out','Give them a hug and figure out why','Try to get them fired','Report it to a manager or superviso','Report it to a manager or superviso',3,10,30,'ebf9f20b-4444-4482-81ac-637fae021c40.jpg','ebf9f20b-4444-4482-81ac-637fae021c40.jpg','Insult'),(82,'What is the first thing to do when customers enter to store?','Customer service is the most important part of the business.','Ask to buy new item.','Tell them about special offers.','Do not look at them.','Greet them','Greet them',10,9,28,'cb375927-f823-4dbf-bd2c-d06cd6226872.png','cb375927-f823-4dbf-bd2c-d06cd6226872.png','Customer service'),(83,'A customer puts a product they didn\'t pay for in his bag, what do you do?','Never attempt to resolve theft yourself. Always let Asset Protection know.','Tackle the customer','Yell at him to STOP','Reach in his bag an take it back','Notify Asset Protection','Notify Asset Protection',3,10,30,'bc4e79f2-48d3-42ec-be47-7f06c9d3fb00.jpg','bc4e79f2-48d3-42ec-be47-7f06c9d3fb00.jpg','Theft'),(84,'Joey constantly flirts with Rachel by asking her out on dates and carresing her shoulder. She feels uncomfortable. What should she do?','After telling him, if he continues best to report him to HR or a manager','Tell him she\'s out of his league','Slap him','Start carrying mace','Tell him it makes her uncomfortable','Tell him it makes her uncomfortable',3,10,30,'f5c0f89c-c34e-48fc-b327-f7fe22238673.jpg','f5c0f89c-c34e-48fc-b327-f7fe22238673.jpg','Flirt'),(85,'A customer leaves their wallet after paying. They walk a few steps ahead and answer a phone call. What should you do?','Give the wallet back if they are in store still, if they have walked out give it Asset Protection to put in Lost and Found','They wont need it anymore!','Return after taking the cash','Turn it in to a manager','Walk up to them and return it','Walk up to them and return it',3,10,30,'32455885-5c07-47df-be21-0e442a36b5c5.jpg','32455885-5c07-47df-be21-0e442a36b5c5.jpg','wallet'),(86,'You received cash but gave the wrong amount of change back. You realize this as the customer is walking away. What should you do?','Everyone makes mistakes. Give them the correct change back.','Give change from your wallet','Give the next customer more change','They won\'t notice','Notify them and give correct change','Notify them and give correct change',3,10,30,'add0685c-accc-4f4a-aaa0-4093e6f66c6d.png','add0685c-accc-4f4a-aaa0-4093e6f66c6d.png','Miscount'),(87,'When buying a Blu Ray player, what else would a customer need?','Blu Ray players require an HDMI cable from TV to the player','Aux cord','VGA cable','Ethernet cable','HDMI cable','HDMI cable',3,10,29,'b1b7b853-a412-49d3-85ba-89f542407d75.jpg','b1b7b853-a412-49d3-85ba-89f542407d75.jpg','Blu Ray'),(88,'What is the difference between LED and LCD?','LEDs produce their own light for a clearer picture.','LCD looks sharper than LED','LCD costs more than LED','LED can be wall mounted LCD can\'t','LED looks sharper than LCD','LED looks sharper than LCD',3,10,29,'e714b7eb-aa1a-4ec7-918a-fa384d7ded7a.jpg','e714b7eb-aa1a-4ec7-918a-fa384d7ded7a.jpg','LED LCD'),(89,'A customer wishes to stream media from his laptop, smartphone, and tablet to his TV wirelessly. Which is the best device?','Chromecast allows wireless streaming from all devices.','Apple TV','ROKU box','MHL adapter','Chromecast','Chromecast',3,10,29,'2aed460b-c5a7-46a5-847a-95c12bca3778.jpg','2aed460b-c5a7-46a5-847a-95c12bca3778.jpg','stream'),(90,'What section do you find Hot Food in POS menu?','To provide training about POS','AM','Other Department','All of the above','PM','PM',11,9,28,'f6a0e568-4e4a-409f-a530-97f76239233e.png','f6a0e568-4e4a-409f-a530-97f76239233e.png','Menu'),(91,'What section do you find bakery and drinks in POS?','For POS trainning','PM','Other department','Lotto sale','AM','AM',11,9,28,'40553dcf-4456-453f-bee8-884b075e7de2.png','40553dcf-4456-453f-bee8-884b075e7de2.png','Bakery and Drinks'),(92,'What button do you press for lottery scratch winners?','Training on POS','Lotto win','Lotto sale','Other Department','Scratch win','Scratch win',11,9,28,'232aebd2-7ff9-417c-8088-da25f8a38a5d.png','232aebd2-7ff9-417c-8088-da25f8a38a5d.png','Lottery'),(93,'What do you do when your POS stop working?','POS Training','Try to fix by yourself','Unplug and plugin again','all of the above','Call Customer Service Immediately','Call Customer Service Immediately',11,9,28,'dc69a6de-3e2a-4369-a45b-bbf5f58ab45a.png','dc69a6de-3e2a-4369-a45b-bbf5f58ab45a.png','POS'),(94,'What do you do when customer come back to return Money order?','General Training','Return Immediately','Refuse to Return','All of the above','Call your Supervisior','Call your Supervisior',8,9,28,'003dc5ab-386a-40fc-bb8a-ca48102ff1da.png','003dc5ab-386a-40fc-bb8a-ca48102ff1da.png','Money Order'),(95,'What do you do when someone tries to rob the register?','Preventive measures','Fight Back','Call police Immediately','Start shouting','Do not resist, just do as they say','Do not resist, just do as they say',12,9,28,'801a6022-6b61-4e22-af9f-d014253ad7c4.png','801a6022-6b61-4e22-af9f-d014253ad7c4.png','Asset Protection'),(96,'What is the difference between the ROKU box 1, 2, and 3?','Roku 3 lets you use your headphones when streaming to the TV. You also have a USB port to playback music, photos, videos from an attached drive.','Roku 2 is faster than Roku 3','Roku 1 doesn\'t have remote','Roku 3 does\'t require HDMI','Roku 3 has audio jack,USB port,SD','Roku 3 has audio jack,USB port,SD',3,10,29,'1e74ac89-ce39-42d8-b061-662b9c0721c1.png','1e74ac89-ce39-42d8-b061-662b9c0721c1.png','ROKU'),(97,'What are the best products available in stores?','QA','Everything in stock','From fruitolays','Any Expensive Brands','All 7 select product','All 7 select product',1,9,28,'58888efe-2201-4796-ba13-8c3d7656be16.png','58888efe-2201-4796-ba13-8c3d7656be16.png','QA'),(98,'Which is NOT a type of TV wall mount?','There is no swing mount','Fixed','Full motion','Tilt','Swing','Swing',3,10,29,'55512d95-996e-45aa-8e79-a057fad999af.jpg','55512d95-996e-45aa-8e79-a057fad999af.jpg','mount'),(101,'What determines the speed of an HDMI cable?','GBPS(Gigabits per second) determines speed of HDMI, also the higher the better the quality','Length','Brand','Durability','GBPS','GBPS',3,10,29,'cab4fe86-601e-423d-a473-ace7888f28cc.jpg','cab4fe86-601e-423d-a473-ace7888f28cc.jpg','HDMI');
/*!40000 ALTER TABLE `tblquizquestions` ENABLE KEYS */;
UNLOCK TABLES;

--
-- Table structure for table `tblquizresulttotal`
--

DROP TABLE IF EXISTS `tblquizresulttotal`;
/*!40101 SET @saved_cs_client     = @@character_set_client */;
/*!40101 SET character_set_client = utf8 */;
CREATE TABLE `tblquizresulttotal` (
  `ResultID` int(11) NOT NULL AUTO_INCREMENT,
  `UserID` int(11) DEFAULT NULL,
  `QuizID` int(11) DEFAULT NULL,
  `Total` int(11) DEFAULT NULL,
  PRIMARY KEY (`ResultID`)
) ENGINE=InnoDB AUTO_INCREMENT=35 DEFAULT CHARSET=utf8;
/*!40101 SET character_set_client = @saved_cs_client */;

--
-- Dumping data for table `tblquizresulttotal`
--

LOCK TABLES `tblquizresulttotal` WRITE;
/*!40000 ALTER TABLE `tblquizresulttotal` DISABLE KEYS */;
INSERT INTO `tblquizresulttotal` VALUES (2,1,1,3),(3,1,2,6),(4,38,2,100),(5,40,2,94),(6,39,2,68),(7,37,8,75),(8,37,2,100),(9,37,1,60),(10,38,1,57),(11,39,1,60),(12,73,1,60),(13,96,27,174),(14,96,12,26),(15,37,27,148),(16,98,2,74),(17,98,27,90),(18,40,1,60),(19,42,1,20),(20,41,1,36),(21,94,27,42),(22,119,28,400),(23,120,30,1000),(24,119,30,600),(25,120,27,165),(26,120,29,750),(27,119,29,300),(28,125,28,403),(29,120,28,400),(30,125,30,500),(31,125,29,300),(32,126,30,300),(33,126,29,300),(34,128,28,277);
/*!40000 ALTER TABLE `tblquizresulttotal` ENABLE KEYS */;
UNLOCK TABLES;

--
-- Table structure for table `tblredeem`
--

DROP TABLE IF EXISTS `tblredeem`;
/*!40101 SET @saved_cs_client     = @@character_set_client */;
/*!40101 SET character_set_client = utf8 */;
CREATE TABLE `tblredeem` (
  `Redeem_ID` int(11) NOT NULL AUTO_INCREMENT,
  `User_ID` int(11) NOT NULL,
  `Reward_ID` int(11) NOT NULL,
  `Redeem_Points` int(11) NOT NULL,
  `Redeem_Date` datetime NOT NULL,
  PRIMARY KEY (`Redeem_ID`)
) ENGINE=MyISAM AUTO_INCREMENT=71 DEFAULT CHARSET=latin1;
/*!40101 SET character_set_client = @saved_cs_client */;

--
-- Dumping data for table `tblredeem`
--

LOCK TABLES `tblredeem` WRITE;
/*!40000 ALTER TABLE `tblredeem` DISABLE KEYS */;
INSERT INTO `tblredeem` VALUES (1,37,1,-250,'2013-11-15 21:49:22'),(2,39,1,-250,'2013-11-18 08:02:31'),(3,45,1,-250,'2013-12-02 04:31:06'),(4,37,1,-250,'2013-12-19 18:23:19'),(5,40,1,-250,'2014-03-28 16:05:18'),(6,39,1,-250,'2014-03-28 21:35:49'),(7,37,1,-25,'2014-06-18 19:14:10'),(8,37,1,-25,'2014-06-18 19:14:21'),(9,37,1,-25,'2014-06-18 19:52:18'),(10,66,1,-25,'2014-06-30 21:48:15'),(11,69,1,-25,'2014-08-07 14:25:05'),(12,69,1,-25,'2014-08-07 14:25:09'),(13,69,1,-25,'2014-08-07 14:25:14'),(14,69,1,-25,'2014-08-21 10:50:25'),(15,69,1,-25,'2014-08-21 10:50:39'),(16,69,1,-25,'2014-08-21 11:56:50'),(17,69,1,-25,'2014-08-21 12:19:25'),(18,40,1,-25,'2014-08-27 08:24:40'),(19,40,1,-25,'2014-08-27 08:25:18'),(20,40,1,-25,'2014-09-10 02:30:33'),(21,40,1,-25,'2014-09-11 09:04:41'),(22,41,1,-25,'2014-09-11 11:54:17'),(23,38,1,-25,'2014-09-11 20:39:56'),(24,37,1,-25,'2014-09-15 21:02:51'),(25,40,1,-25,'2014-09-16 09:01:40'),(26,40,1,-25,'2014-09-16 15:23:51'),(27,40,1,-25,'2014-09-16 15:30:33'),(28,40,1,-25,'2014-09-16 15:38:46'),(29,40,1,-25,'2014-09-16 16:10:25'),(30,40,1,-25,'2014-09-16 17:50:06'),(31,40,1,-25,'2014-09-16 18:05:31'),(32,82,1,-25,'2014-09-18 15:10:54'),(33,82,1,-25,'2014-09-18 15:11:31'),(34,39,1,-25,'2014-09-18 15:12:54'),(35,40,1,-25,'2014-09-22 14:20:04'),(36,73,1,-25,'2014-09-22 18:37:56'),(37,73,1,-25,'2014-09-22 18:38:07'),(38,73,1,-25,'2014-09-22 18:38:15'),(39,73,1,-25,'2014-09-22 18:38:19'),(40,73,1,-25,'2014-09-22 18:46:37'),(41,73,1,-25,'2014-09-22 18:46:46'),(42,73,1,-25,'2014-09-22 18:47:21'),(43,73,1,-25,'2014-09-22 18:48:29'),(44,73,1,-25,'2014-09-22 18:50:22'),(45,73,1,-25,'2014-09-22 18:50:38'),(46,73,1,-25,'2014-09-22 19:39:49'),(47,38,1,-25,'2014-09-22 19:47:31'),(48,73,1,-25,'2014-09-22 19:54:48'),(49,73,1,-25,'2014-09-22 20:01:01'),(50,40,1,-25,'2014-09-23 07:06:30'),(51,40,1,-25,'2014-09-23 07:13:12'),(52,40,1,-25,'2014-09-23 12:08:13'),(53,73,1,-25,'2014-09-23 18:09:32'),(54,73,1,-25,'2014-09-24 17:22:56'),(55,73,1,-25,'2014-09-30 22:09:31'),(56,73,1,-25,'2014-09-30 22:09:38'),(57,73,1,-25,'2014-10-14 20:53:21'),(58,73,1,-25,'2014-10-14 20:53:44'),(59,40,1,-25,'2014-10-20 11:07:02'),(60,39,2,-2500,'2014-10-20 11:13:09'),(61,40,1,-25,'2014-10-20 11:47:25'),(62,40,1,-25,'2014-10-20 12:10:23'),(63,39,1,-25,'2014-11-13 17:44:26'),(64,37,1,-25,'2015-03-30 21:27:42'),(65,119,1,-25,'2015-06-16 20:10:02'),(66,119,1,-25,'2015-06-16 20:12:58'),(67,37,1,-25,'2015-06-17 20:51:01'),(68,119,1,-25,'2015-06-18 16:33:42'),(69,120,1,-25,'2015-06-18 19:15:20'),(70,120,13,-500,'2015-06-18 19:32:38');
/*!40000 ALTER TABLE `tblredeem` ENABLE KEYS */;
UNLOCK TABLES;

--
-- Table structure for table `tblreferencedata`
--

DROP TABLE IF EXISTS `tblreferencedata`;
/*!40101 SET @saved_cs_client     = @@character_set_client */;
/*!40101 SET character_set_client = utf8 */;
CREATE TABLE `tblreferencedata` (
  `ReferenceData_ID` int(11) NOT NULL,
  `Reference_Code` varchar(50) DEFAULT NULL,
  `Item_Code` varchar(50) DEFAULT NULL,
  `Description` varchar(200) DEFAULT NULL,
  `Sort_Order` int(11) DEFAULT NULL,
  `Active` tinyint(4) DEFAULT NULL,
  `Parent_ID` int(11) DEFAULT NULL,
  PRIMARY KEY (`ReferenceData_ID`)
) ENGINE=MyISAM DEFAULT CHARSET=latin1;
/*!40101 SET character_set_client = @saved_cs_client */;

--
-- Dumping data for table `tblreferencedata`
--

LOCK TABLES `tblreferencedata` WRITE;
/*!40000 ALTER TABLE `tblreferencedata` DISABLE KEYS */;
INSERT INTO `tblreferencedata` VALUES (1,'TYPE','AWARD','AWARD',1,1,NULL),(2,'TYPE','CONTEST','CONTEST',2,1,NULL),(3,'KPI_TYPE','Cumulative','Cumulative',1,1,NULL),(4,'KPI_TYPE','Maximum','Maximum',2,1,NULL),(5,'KPI_TYPE','Boolean','Boolean',3,1,NULL),(6,'ROLE_TYPE','Admin','Admin',1,1,NULL),(7,'ROLE_TYPE','Manager','Manager',2,1,NULL),(8,'ROLE_TYPE','Player','Player',3,1,NULL),(9,'SITE_TYPE','Store-1','Store-1',1,1,NULL),(10,'SITE_TYPE','Store-2','Store-2',2,1,NULL),(11,'SITE_TYPE','Store-3','Store-3',3,1,NULL),(12,'SITE_TYPE','Store-4','Store-4',4,1,NULL),(13,'SITE_TYPE','Store-5','Store-5',5,1,NULL),(14,'SITE_TYPE','Store-6','Store-6',6,1,NULL),(15,'SITE_TYPE','Store-7','Store-7',7,1,NULL),(16,'SITE_TYPE','Store-8','Store-8',8,1,NULL),(17,'SITE_TYPE','Store-9','Store-9',9,1,NULL),(18,'SITE_TYPE','Store-10','Store-10',10,1,NULL),(19,'KPI_CATEGORY','Training','Training',1,1,NULL),(20,'KPI_CATEGORY','Performance','Performance',2,1,NULL),(21,'KPI_CATEGORY','Manager Recognition','Manager Recognition',3,1,NULL),(22,'KPI_CATEGORY','Other','Other',4,1,NULL),(23,'AWARD_CATEGORY','Manager','Manager',1,0,NULL),(24,'AWARD_CATEGORY','Level','Level',2,1,NULL),(25,'AWARD_CATEGORY','Performance','Performance',3,1,NULL),(26,'AWARD_CATEGORY','Contest','Contest',4,1,NULL),(27,'QUIZ_CATEGORY','Policy','Policy',1,1,NULL),(28,'QUIZ_CATEGORY','Process','Process',2,1,NULL);
/*!40000 ALTER TABLE `tblreferencedata` ENABLE KEYS */;
UNLOCK TABLES;

--
-- Table structure for table `tblrewardimages`
--

DROP TABLE IF EXISTS `tblrewardimages`;
/*!40101 SET @saved_cs_client     = @@character_set_client */;
/*!40101 SET character_set_client = utf8 */;
CREATE TABLE `tblrewardimages` (
  `ID` int(11) NOT NULL AUTO_INCREMENT,
  `Reward_Image` varchar(100) DEFAULT NULL,
  `Reward_Thumbnail` varchar(100) DEFAULT NULL,
  `Active` int(1) DEFAULT '1',
  `Reward_ID` int(11) DEFAULT NULL,
  `Uploaded_Date` date DEFAULT NULL,
  `Current_Image` int(1) DEFAULT '0',
  PRIMARY KEY (`ID`)
) ENGINE=MyISAM AUTO_INCREMENT=24 DEFAULT CHARSET=latin1;
/*!40101 SET character_set_client = @saved_cs_client */;

--
-- Dumping data for table `tblrewardimages`
--

LOCK TABLES `tblrewardimages` WRITE;
/*!40000 ALTER TABLE `tblrewardimages` DISABLE KEYS */;
INSERT INTO `tblrewardimages` VALUES (11,'15b98637-8a7a-4b79-90b7-194aa7f45c05.png','15b98637-8a7a-4b79-90b7-194aa7f45c05.png',1,1,'2014-04-22',1),(12,'7d8556e5-194e-47a8-a99a-dd41f6d72f0d.jpg','7d8556e5-194e-47a8-a99a-dd41f6d72f0d.jpg',1,2,'2014-04-22',1),(13,'a61abf0b-fc5e-48e1-9d68-4073e6d55fa0.jpg','a61abf0b-fc5e-48e1-9d68-4073e6d55fa0.jpg',1,3,'2014-04-22',1),(21,'8d660908-40b7-4c4f-a48b-3d21fdda7902.jpg','8d660908-40b7-4c4f-a48b-3d21fdda7902.jpg',1,10,'2014-08-08',1),(15,'0086db0f-9c06-4994-8272-94b6d8949c50.png','0086db0f-9c06-4994-8272-94b6d8949c50.png',1,5,'2014-04-22',1),(16,'2d61869e-3e86-4f89-9458-e80d5dee7b20.jpg','2d61869e-3e86-4f89-9458-e80d5dee7b20.jpg',1,6,'2014-04-22',1),(17,'8e50b925-58b7-47a2-8b29-cd9572649e9c.jpg','8e50b925-58b7-47a2-8b29-cd9572649e9c.jpg',1,7,'2014-04-22',1),(18,'83c3969a-2786-4bf0-8500-909e1742f6ab.jpg','83c3969a-2786-4bf0-8500-909e1742f6ab.jpg',1,8,'2014-04-22',1),(14,'7d901af0-ffb3-4018-b6ea-e55e30a6114b.jpg','7d901af0-ffb3-4018-b6ea-e55e30a6114b.jpg',1,4,'2014-04-22',1),(22,'d0afa31d-74de-4f6a-8bec-8f9f34c6c209.jpg','d0afa31d-74de-4f6a-8bec-8f9f34c6c209.jpg',1,12,'2015-06-15',1),(23,'17d9ea62-abb1-462d-8d8d-3f5bf40bfa23.jpg','17d9ea62-abb1-462d-8d8d-3f5bf40bfa23.jpg',1,13,'2015-06-18',1);
/*!40000 ALTER TABLE `tblrewardimages` ENABLE KEYS */;
UNLOCK TABLES;

--
-- Table structure for table `tblrewards`
--

DROP TABLE IF EXISTS `tblrewards`;
/*!40101 SET @saved_cs_client     = @@character_set_client */;
/*!40101 SET character_set_client = utf8 */;
CREATE TABLE `tblrewards` (
  `Reward_ID` int(11) NOT NULL AUTO_INCREMENT,
  `Reward_Name` varchar(100) NOT NULL,
  `Reward_Descp` varchar(200) DEFAULT NULL,
  `Reward_Cost` int(11) DEFAULT NULL,
  `Active` tinyint(1) DEFAULT '1',
  `Reward_Type` int(11) DEFAULT '0',
  PRIMARY KEY (`Reward_ID`),
  UNIQUE KEY `Reward_Name` (`Reward_Name`)
) ENGINE=InnoDB AUTO_INCREMENT=14 DEFAULT CHARSET=latin1;
/*!40101 SET character_set_client = @saved_cs_client */;

--
-- Dumping data for table `tblrewards`
--

LOCK TABLES `tblrewards` WRITE;
/*!40000 ALTER TABLE `tblrewards` DISABLE KEYS */;
INSERT INTO `tblrewards` VALUES (1,'Logo T-shirt','Get your own quality T with the world famous Acme logo',25,1,1),(2,'10% Employee Discount','Get another 10% discount off any purchase in the store for a month.',2500,1,0),(3,'Give to Orphans','We will donate $500 to the Retail Orphan Initiative (RetailROI) in your name.',4000,1,1),(4,'Lunch with Manager','Have an informal lunch with your manager. Learn about how your manager makes decisions and runs the store',5000,1,1),(5,'Pick of Shifts','Choose which shifts you would like to work for the next month.  Make sure you get the time slots off work when you need them. Or for special occasions. Or just because you like to sleep late.',6000,1,1),(6,'Best Parking Spot','Streamline your commute! Park right next to the main entrance. And show off your new wheels!',7000,1,1),(7,'1 Hour Paid Time Off','This special bonus is available in non peak times. Talk with your manager to schedule a good time to take this award.',7000,1,1),(8,'Dinner with CEO','Have dinner with the CEO. See what it takes to run our company. This premium award will be available to a limited number of qualified associates.',10000,1,0),(9,'Paid Hour For Shopping','we\'ll pay you for a hour to shop in our store',15000,0,0),(10,'EA Reward-Testing','EA Reward DPS-Testing',3600,0,1),(12,'Free Chipotle Meal','Get a free Chipotle meal with chips and drink included',3000,1,1),(13,'gyro','Have a gyro',500,1,0);
/*!40000 ALTER TABLE `tblrewards` ENABLE KEYS */;
UNLOCK TABLES;

--
-- Table structure for table `tblroles`
--

DROP TABLE IF EXISTS `tblroles`;
/*!40101 SET @saved_cs_client     = @@character_set_client */;
/*!40101 SET character_set_client = utf8 */;
CREATE TABLE `tblroles` (
  `Role_ID` int(11) NOT NULL AUTO_INCREMENT,
  `Role_Name` varchar(100) DEFAULT NULL,
  `Active` tinyint(4) DEFAULT '1',
  `ActiveUpdatedDate` date DEFAULT NULL,
  PRIMARY KEY (`Role_ID`),
  UNIQUE KEY `Role_Name` (`Role_Name`)
) ENGINE=InnoDB AUTO_INCREMENT=85 DEFAULT CHARSET=latin1;
/*!40101 SET character_set_client = @saved_cs_client */;

--
-- Dumping data for table `tblroles`
--

LOCK TABLES `tblroles` WRITE;
/*!40000 ALTER TABLE `tblroles` DISABLE KEYS */;
INSERT INTO `tblroles` VALUES (1,'Admin',1,'2014-08-07'),(2,'Manager',1,'2014-03-28'),(70,'Acme Sales Assoc',1,'2015-02-10'),(71,'Mechanic',1,'2014-03-28'),(72,'Technician',1,'2014-08-07'),(73,'Greeter',1,'2013-11-18'),(74,'Suit Sales Specialist',1,'2014-06-17'),(75,'EA Role- Testing',1,'2014-08-18'),(76,'Merchandiser',1,'2014-09-12'),(77,'Merchandiser Mgr',1,'2014-09-17'),(80,'Apparel Sales',1,'2014-12-01'),(81,'Security Operations',1,'2015-02-04'),(82,'Sale\'s Associate',1,'2015-06-22'),(83,'Home Theater Sales Consultant',1,'2015-06-15'),(84,'Supervisors',1,'2015-06-22');
/*!40000 ALTER TABLE `tblroles` ENABLE KEYS */;
UNLOCK TABLES;

--
-- Table structure for table `tblround`
--

DROP TABLE IF EXISTS `tblround`;
/*!40101 SET @saved_cs_client     = @@character_set_client */;
/*!40101 SET character_set_client = utf8 */;
CREATE TABLE `tblround` (
  `RoundID` int(11) NOT NULL AUTO_INCREMENT,
  `MatchID` int(11) NOT NULL,
  `RoundNumber` int(11) DEFAULT NULL,
  `RoundName` varchar(100) DEFAULT NULL,
  `NoOfDataSets` int(11) DEFAULT NULL,
  `TimePerRound` int(11) DEFAULT NULL,
  `PointsPerRound` int(11) DEFAULT NULL,
  `CreatedDate` datetime DEFAULT NULL,
  `ShowHint` int(11) DEFAULT '0',
  PRIMARY KEY (`RoundID`)
) ENGINE=MyISAM AUTO_INCREMENT=41 DEFAULT CHARSET=latin1;
/*!40101 SET character_set_client = @saved_cs_client */;

--
-- Dumping data for table `tblround`
--

LOCK TABLES `tblround` WRITE;
/*!40000 ALTER TABLE `tblround` DISABLE KEYS */;
INSERT INTO `tblround` VALUES (14,14,1,'Beginner',5,45,100,'2014-08-09 17:18:38',1),(15,14,2,'Rookie',6,45,125,'2014-08-09 17:19:54',1),(16,14,3,'Player',6,60,150,'2014-08-09 17:20:27',1),(17,14,4,'Star',6,20,175,'2014-08-09 17:20:54',0),(19,14,5,'VIP',8,20,200,'2014-08-09 17:38:58',0),(20,16,1,'Beginner',5,60,100,'2014-08-22 18:41:04',1),(21,16,2,'Rookie',5,60,125,'2014-08-22 18:41:28',1),(22,17,1,'Beginner',5,60,100,'2014-08-22 18:46:28',1),(23,17,2,'Rookie',5,60,150,'2014-08-22 18:46:44',1),(24,18,1,'Beginner',4,60,100,'2014-08-23 17:58:37',1),(25,18,2,'Rookie',4,60,125,'2014-08-23 17:59:14',1),(26,19,1,'Beginner',5,60,100,'2014-08-23 21:50:25',1),(27,19,2,'Rookie',4,60,125,'2014-08-23 21:51:00',1),(28,21,1,'Rookie',3,60,50,'2014-08-26 18:29:35',1),(29,17,3,'3rd round',3,30,50,'2014-09-02 18:13:11',1),(30,21,2,'Beginner',3,60,40,'2014-09-03 17:25:34',1),(31,21,3,'Junior',3,50,70,'2014-09-03 17:26:06',1),(32,22,1,'Easy',3,60,50,'2014-09-14 22:57:17',1),(33,22,2,'Medium',4,60,50,'2014-09-14 22:58:04',1),(34,22,3,'Hard',5,60,50,'2014-09-14 22:59:06',1),(35,36,1,'Round 1',1,35,10,'2014-11-13 09:03:06',0),(36,36,2,'Round 2',2,34,10,'2014-11-13 09:04:23',0),(37,39,1,'First',3,30,100,'2014-12-01 23:41:41',1),(38,39,2,'Second',5,20,200,'2014-12-01 23:42:14',1),(39,40,1,'Round1',3,30,300,'2015-06-17 21:36:10',1),(40,41,1,'Round 1',2,180,300,'2015-06-17 21:49:54',1);
/*!40000 ALTER TABLE `tblround` ENABLE KEYS */;
UNLOCK TABLES;

--
-- Table structure for table `tblrw_cube_gamefacts`
--

DROP TABLE IF EXISTS `tblrw_cube_gamefacts`;
/*!40101 SET @saved_cs_client     = @@character_set_client */;
/*!40101 SET character_set_client = utf8 */;
CREATE TABLE `tblrw_cube_gamefacts` (
  `FactID` int(11) NOT NULL AUTO_INCREMENT,
  `UserID` int(11) DEFAULT NULL,
  `RoleID` int(11) DEFAULT NULL,
  `LevelID` int(11) DEFAULT NULL,
  `QuizID` int(11) DEFAULT NULL,
  `QuestionID` int(11) DEFAULT NULL,
  `MatchID` int(11) DEFAULT NULL,
  `KpiID` int(11) DEFAULT NULL,
  `PointsAchieved` int(11) DEFAULT NULL,
  `ElaspedTime` int(11) DEFAULT NULL,
  `IsCorrect` int(11) DEFAULT NULL,
  `GameTime` datetime DEFAULT NULL,
  `ReduceChoices_LifeLine` int(11) DEFAULT NULL,
  `ReplaceQuestion_LifeLine` int(11) DEFAULT NULL,
  `AddCounter_LifeLine` int(11) DEFAULT NULL,
  PRIMARY KEY (`FactID`)
) ENGINE=InnoDB DEFAULT CHARSET=utf8;
/*!40101 SET character_set_client = @saved_cs_client */;

--
-- Dumping data for table `tblrw_cube_gamefacts`
--

LOCK TABLES `tblrw_cube_gamefacts` WRITE;
/*!40000 ALTER TABLE `tblrw_cube_gamefacts` DISABLE KEYS */;
/*!40000 ALTER TABLE `tblrw_cube_gamefacts` ENABLE KEYS */;
UNLOCK TABLES;

--
-- Table structure for table `tblrw_kpidim`
--

DROP TABLE IF EXISTS `tblrw_kpidim`;
/*!40101 SET @saved_cs_client     = @@character_set_client */;
/*!40101 SET character_set_client = utf8 */;
CREATE TABLE `tblrw_kpidim` (
  `KpiID` int(11) NOT NULL,
  `KpiName` varchar(300) DEFAULT NULL,
  `Measure` varchar(300) DEFAULT NULL,
  `Category` varchar(200) DEFAULT NULL,
  `Description` varchar(500) DEFAULT NULL,
  `TypeLevel` varchar(10) DEFAULT NULL,
  `TypeAward` varchar(10) DEFAULT NULL,
  `TypeContest` varchar(10) DEFAULT NULL,
  PRIMARY KEY (`KpiID`)
) ENGINE=InnoDB DEFAULT CHARSET=utf8;
/*!40101 SET character_set_client = @saved_cs_client */;

--
-- Dumping data for table `tblrw_kpidim`
--

LOCK TABLES `tblrw_kpidim` WRITE;
/*!40000 ALTER TABLE `tblrw_kpidim` DISABLE KEYS */;
/*!40000 ALTER TABLE `tblrw_kpidim` ENABLE KEYS */;
UNLOCK TABLES;

--
-- Table structure for table `tblrw_leveldim`
--

DROP TABLE IF EXISTS `tblrw_leveldim`;
/*!40101 SET @saved_cs_client     = @@character_set_client */;
/*!40101 SET character_set_client = utf8 */;
CREATE TABLE `tblrw_leveldim` (
  `LevelID` int(11) NOT NULL,
  `LevelName` varchar(200) DEFAULT NULL,
  `BaseHours` int(11) DEFAULT NULL,
  `Points` int(11) DEFAULT NULL,
  `RoleID` int(11) DEFAULT NULL,
  PRIMARY KEY (`LevelID`)
) ENGINE=InnoDB DEFAULT CHARSET=utf8;
/*!40101 SET character_set_client = @saved_cs_client */;

--
-- Dumping data for table `tblrw_leveldim`
--

LOCK TABLES `tblrw_leveldim` WRITE;
/*!40000 ALTER TABLE `tblrw_leveldim` DISABLE KEYS */;
/*!40000 ALTER TABLE `tblrw_leveldim` ENABLE KEYS */;
UNLOCK TABLES;

--
-- Table structure for table `tblrw_matchdatasetdim`
--

DROP TABLE IF EXISTS `tblrw_matchdatasetdim`;
/*!40101 SET @saved_cs_client     = @@character_set_client */;
/*!40101 SET character_set_client = utf8 */;
CREATE TABLE `tblrw_matchdatasetdim` (
  `DatasetID` int(11) NOT NULL,
  `DatasetElements` varchar(500) DEFAULT NULL,
  `SiteName` varchar(200) DEFAULT NULL,
  `MatchID` int(11) DEFAULT NULL,
  `RoleID` int(11) DEFAULT NULL,
  `LevelID` int(11) DEFAULT NULL,
  PRIMARY KEY (`DatasetID`)
) ENGINE=InnoDB DEFAULT CHARSET=utf8;
/*!40101 SET character_set_client = @saved_cs_client */;

--
-- Dumping data for table `tblrw_matchdatasetdim`
--

LOCK TABLES `tblrw_matchdatasetdim` WRITE;
/*!40000 ALTER TABLE `tblrw_matchdatasetdim` DISABLE KEYS */;
/*!40000 ALTER TABLE `tblrw_matchdatasetdim` ENABLE KEYS */;
UNLOCK TABLES;

--
-- Table structure for table `tblrw_matchdim`
--

DROP TABLE IF EXISTS `tblrw_matchdim`;
/*!40101 SET @saved_cs_client     = @@character_set_client */;
/*!40101 SET character_set_client = utf8 */;
CREATE TABLE `tblrw_matchdim` (
  `MatchID` int(11) NOT NULL,
  `KpiID` int(11) DEFAULT NULL,
  `RoleID` int(11) DEFAULT NULL,
  `LevelID` int(11) DEFAULT NULL,
  `MatchName` varchar(300) DEFAULT NULL,
  `CompletionPoints` int(11) DEFAULT NULL,
  `TimesPlayable` int(11) DEFAULT NULL,
  `NoOfDataSet` int(11) DEFAULT NULL,
  `NoOfRounds` int(11) DEFAULT NULL,
  PRIMARY KEY (`MatchID`)
) ENGINE=InnoDB DEFAULT CHARSET=utf8;
/*!40101 SET character_set_client = @saved_cs_client */;

--
-- Dumping data for table `tblrw_matchdim`
--

LOCK TABLES `tblrw_matchdim` WRITE;
/*!40000 ALTER TABLE `tblrw_matchdim` DISABLE KEYS */;
/*!40000 ALTER TABLE `tblrw_matchdim` ENABLE KEYS */;
UNLOCK TABLES;

--
-- Table structure for table `tblrw_questiondim`
--

DROP TABLE IF EXISTS `tblrw_questiondim`;
/*!40101 SET @saved_cs_client     = @@character_set_client */;
/*!40101 SET character_set_client = utf8 */;
CREATE TABLE `tblrw_questiondim` (
  `QuesID` int(11) NOT NULL,
  `Text` varchar(300) DEFAULT NULL,
  `Explanation` varchar(500) DEFAULT NULL,
  `Answer1` varchar(300) DEFAULT NULL,
  `Answer2` varchar(300) DEFAULT NULL,
  `Answer3` varchar(300) DEFAULT NULL,
  `Answer4` varchar(300) DEFAULT NULL,
  `CorrectAnswer` varchar(300) DEFAULT NULL,
  `CategoryName` varchar(200) DEFAULT NULL,
  `SiteName` varchar(200) DEFAULT NULL,
  `QuizID` int(11) DEFAULT NULL,
  `RoleID` int(11) DEFAULT NULL,
  `LevelID` int(11) DEFAULT NULL,
  PRIMARY KEY (`QuesID`)
) ENGINE=InnoDB DEFAULT CHARSET=utf8;
/*!40101 SET character_set_client = @saved_cs_client */;

--
-- Dumping data for table `tblrw_questiondim`
--

LOCK TABLES `tblrw_questiondim` WRITE;
/*!40000 ALTER TABLE `tblrw_questiondim` DISABLE KEYS */;
/*!40000 ALTER TABLE `tblrw_questiondim` ENABLE KEYS */;
UNLOCK TABLES;

--
-- Table structure for table `tblrw_quizdim`
--

DROP TABLE IF EXISTS `tblrw_quizdim`;
/*!40101 SET @saved_cs_client     = @@character_set_client */;
/*!40101 SET character_set_client = utf8 */;
CREATE TABLE `tblrw_quizdim` (
  `QuizID` int(11) NOT NULL,
  `KpiID` int(11) DEFAULT NULL,
  `RoleID` int(11) DEFAULT NULL,
  `LevelID` int(11) DEFAULT NULL,
  `QuizName` varchar(200) DEFAULT NULL,
  `NoOfQuestions` int(11) DEFAULT NULL,
  `TimePerQuestion` int(11) DEFAULT NULL,
  `TimesPlayable` int(11) DEFAULT NULL,
  `PointsQuestion` int(11) DEFAULT NULL,
  `DeductionTimeDelay` int(11) DEFAULT NULL,
  PRIMARY KEY (`QuizID`)
) ENGINE=InnoDB DEFAULT CHARSET=utf8;
/*!40101 SET character_set_client = @saved_cs_client */;

--
-- Dumping data for table `tblrw_quizdim`
--

LOCK TABLES `tblrw_quizdim` WRITE;
/*!40000 ALTER TABLE `tblrw_quizdim` DISABLE KEYS */;
/*!40000 ALTER TABLE `tblrw_quizdim` ENABLE KEYS */;
UNLOCK TABLES;

--
-- Table structure for table `tblrw_roledim`
--

DROP TABLE IF EXISTS `tblrw_roledim`;
/*!40101 SET @saved_cs_client     = @@character_set_client */;
/*!40101 SET character_set_client = utf8 */;
CREATE TABLE `tblrw_roledim` (
  `RoleID` int(11) NOT NULL,
  `RoleName` varchar(200) DEFAULT NULL,
  PRIMARY KEY (`RoleID`)
) ENGINE=InnoDB DEFAULT CHARSET=utf8;
/*!40101 SET character_set_client = @saved_cs_client */;

--
-- Dumping data for table `tblrw_roledim`
--

LOCK TABLES `tblrw_roledim` WRITE;
/*!40000 ALTER TABLE `tblrw_roledim` DISABLE KEYS */;
/*!40000 ALTER TABLE `tblrw_roledim` ENABLE KEYS */;
UNLOCK TABLES;

--
-- Table structure for table `tblrw_userdim`
--

DROP TABLE IF EXISTS `tblrw_userdim`;
/*!40101 SET @saved_cs_client     = @@character_set_client */;
/*!40101 SET character_set_client = utf8 */;
CREATE TABLE `tblrw_userdim` (
  `UserID` int(11) NOT NULL,
  `EMPID` varchar(100) DEFAULT NULL,
  `SystemRole` varchar(50) DEFAULT NULL,
  `UserRole` int(11) DEFAULT NULL,
  `UserLevel` int(11) DEFAULT NULL,
  `UserName` varchar(500) DEFAULT NULL,
  `SiteName` varchar(500) DEFAULT NULL,
  `UserPoints` varchar(50) DEFAULT NULL,
  PRIMARY KEY (`UserID`)
) ENGINE=InnoDB DEFAULT CHARSET=utf8;
/*!40101 SET character_set_client = @saved_cs_client */;

--
-- Dumping data for table `tblrw_userdim`
--

LOCK TABLES `tblrw_userdim` WRITE;
/*!40000 ALTER TABLE `tblrw_userdim` DISABLE KEYS */;
/*!40000 ALTER TABLE `tblrw_userdim` ENABLE KEYS */;
UNLOCK TABLES;

--
-- Table structure for table `tblscores`
--

DROP TABLE IF EXISTS `tblscores`;
/*!40101 SET @saved_cs_client     = @@character_set_client */;
/*!40101 SET character_set_client = utf8 */;
CREATE TABLE `tblscores` (
  `ID` int(11) NOT NULL AUTO_INCREMENT,
  `User_ID` int(11) NOT NULL,
  `U_Type` varchar(50) DEFAULT NULL,
  `Type_ID` int(11) DEFAULT NULL,
  `Score` int(11) DEFAULT NULL,
  `Measure` varchar(50) DEFAULT NULL,
  `Entry_Date` datetime DEFAULT NULL,
  `LevelID` int(11) DEFAULT NULL,
  PRIMARY KEY (`ID`)
) ENGINE=MyISAM AUTO_INCREMENT=475 DEFAULT CHARSET=latin1;
/*!40101 SET character_set_client = @saved_cs_client */;

--
-- Dumping data for table `tblscores`
--

LOCK TABLES `tblscores` WRITE;
/*!40000 ALTER TABLE `tblscores` DISABLE KEYS */;
INSERT INTO `tblscores` VALUES (2,42,'KPI',72,98,NULL,'2013-11-15 20:10:31',158),(331,40,'KPI',82,10,'cum','2014-11-19 00:00:00',0),(330,39,'KPI',124,0,NULL,'2014-11-19 17:37:16',159),(329,38,'KPI',124,0,NULL,'2014-11-19 17:29:39',158),(328,37,'KPI',124,0,NULL,'2014-11-19 17:26:30',158),(327,37,'KPI',104,131,NULL,'2014-11-19 16:31:48',158),(325,70,'KPI',125,0,NULL,'2014-11-17 21:03:41',159),(324,70,'KPI',75,0,NULL,'2014-11-17 21:03:41',159),(323,70,'KPI',74,0,NULL,'2014-11-17 21:03:41',159),(12,40,'KPI',67,5,NULL,'2013-11-15 21:45:34',158),(13,40,'KPI',68,8,NULL,'2013-11-15 21:45:34',158),(14,40,'KPI',72,177,NULL,'2013-11-15 21:45:34',158),(15,40,'KPI',69,300,NULL,'2013-11-15 21:45:34',158),(16,40,'KPI',71,1,NULL,'2013-11-15 21:45:34',158),(17,42,'KPI',67,5,'cum','2013-11-15 00:00:00',158),(18,42,'KPI',68,8,'cum','2013-11-16 00:00:00',158),(19,42,'KPI',69,250,'cum','2013-11-18 00:00:00',158),(20,42,'KPI',71,1,'cum','2013-11-19 00:00:00',158),(21,39,'KPI',67,5,'cum','2013-11-15 00:00:00',158),(22,39,'KPI',68,2,'cum','2013-11-16 00:00:00',158),(23,39,'KPI',72,66,'cum','2013-11-17 00:00:00',158),(24,39,'KPI',69,500,'cum','2013-11-18 00:00:00',158),(25,39,'KPI',71,1,'cum','2013-11-19 00:00:00',158),(322,70,'KPI',69,1000,NULL,'2014-11-17 21:03:41',159),(33,41,'KPI',67,5,'cum','2013-11-15 00:00:00',158),(34,41,'KPI',68,2,'cum','2013-11-16 00:00:00',158),(35,41,'KPI',72,424,'cum','2013-11-17 00:00:00',158),(36,41,'KPI',69,500,'cum','2013-11-18 00:00:00',158),(37,41,'KPI',71,1,'cum','2013-11-19 00:00:00',158),(38,38,'KPI',67,5,NULL,'2013-11-15 21:52:20',158),(39,38,'KPI',68,10,NULL,'2013-11-15 21:52:20',158),(40,38,'KPI',72,200,NULL,'2013-11-15 21:52:20',158),(41,38,'KPI',69,500,NULL,'2013-11-15 21:52:20',158),(42,38,'KPI',71,1,NULL,'2013-11-15 21:52:20',158),(321,70,'KPI',68,0,NULL,'2014-11-17 21:03:41',159),(44,43,'KPI',79,16,NULL,'2013-11-15 22:57:20',163),(45,46,'KPI',79,20,NULL,'2013-11-18 19:25:02',163),(46,39,'KPI',81,2000004,'cum','2013-11-18 00:00:00',0),(47,42,'KPI',81,4000000,'cum','2013-11-18 00:00:00',0),(48,45,'KPI',67,5,NULL,'2013-11-19 08:08:03',158),(49,45,'KPI',68,2,NULL,'2013-11-19 08:08:03',158),(50,45,'KPI',72,54,NULL,'2013-11-19 08:08:03',158),(51,45,'KPI',69,500,NULL,'2013-11-19 08:08:03',158),(52,45,'KPI',71,2,NULL,'2013-11-19 08:08:03',158),(53,45,'KPI',96,400,'max','2013-11-19 00:00:00',158),(54,45,'KPI',72,200,NULL,'2013-11-19 10:33:42',159),(55,45,'KPI',68,4,NULL,'2013-11-19 10:33:43',159),(56,45,'KPI',69,1000,NULL,'2013-11-19 10:33:43',159),(57,45,'KPI',74,20,NULL,'2013-11-19 10:33:44',159),(58,45,'KPI',75,2,NULL,'2013-11-19 10:33:45',159),(70,48,'KPI',82,30,NULL,'2013-11-20 20:15:47',178),(320,70,'KPI',72,89,NULL,'2014-11-17 20:50:29',159),(60,39,'KPI',96,500,NULL,'2013-11-19 19:55:51',158),(61,49,'KPI',82,100,NULL,'2013-11-20 02:23:11',178),(62,49,'KPI',83,100,NULL,'2013-11-20 02:23:11',178),(63,49,'KPI',84,10,NULL,'2013-11-20 02:23:11',178),(64,49,'KPI',86,5,NULL,'2013-11-20 02:23:11',178),(65,49,'KPI',88,10,NULL,'2013-11-20 02:23:12',178),(66,42,'KPI',72,0,'cum','2013-11-22 00:00:00',159),(67,42,'KPI',69,0,'max','2013-11-23 00:00:00',159),(68,42,'KPI',71,0,'max','2013-11-24 00:00:00',0),(326,38,'KPI',125,200,NULL,'2014-11-19 11:30:56',158),(69,40,'KPI',96,0,NULL,'2013-11-20 19:59:06',158),(71,48,'KPI',83,60,NULL,'2013-11-20 20:30:29',178),(72,48,'KPI',84,6,NULL,'2013-11-20 20:30:29',178),(73,48,'KPI',86,3,NULL,'2013-11-20 20:30:29',178),(74,48,'KPI',88,3,NULL,'2013-11-20 20:30:29',178),(75,50,'KPI',82,100,NULL,'2013-11-20 20:33:22',178),(76,50,'KPI',83,100,NULL,'2013-11-20 20:33:22',178),(77,50,'KPI',84,10,NULL,'2013-11-20 20:33:22',178),(78,50,'KPI',86,5,NULL,'2013-11-20 20:33:22',178),(79,50,'KPI',88,10,NULL,'2013-11-20 20:33:22',178),(80,51,'KPI',82,60,NULL,'2013-11-20 20:34:53',178),(81,51,'KPI',83,100,NULL,'2013-11-20 20:34:53',178),(82,51,'KPI',84,10,NULL,'2013-11-20 20:34:53',178),(83,51,'KPI',86,5,NULL,'2013-11-20 20:34:53',178),(84,51,'KPI',88,2,NULL,'2013-11-20 20:34:53',178),(85,52,'KPI',82,100,NULL,'2013-11-20 20:36:12',178),(86,52,'KPI',83,60,NULL,'2013-11-20 20:36:12',178),(87,52,'KPI',84,10,NULL,'2013-11-20 20:36:12',178),(88,52,'KPI',86,4,NULL,'2013-11-20 20:36:12',178),(89,52,'KPI',88,4,NULL,'2013-11-20 20:36:12',178),(90,39,'KPI',72,200,NULL,'2013-11-21 05:30:08',159),(91,39,'KPI',68,2,NULL,'2013-11-21 05:30:08',159),(92,39,'KPI',69,1000,NULL,'2013-11-21 05:30:08',159),(93,39,'KPI',74,6,NULL,'2013-11-21 05:30:08',159),(94,39,'KPI',75,2,NULL,'2013-11-21 05:30:08',159),(95,39,'KPI',79,772,NULL,'2013-11-21 05:30:08',159),(122,42,'KPI',68,0,NULL,'2013-12-09 15:22:28',159),(96,53,'KPI',82,43,NULL,'2013-11-22 18:28:00',178),(97,53,'KPI',84,3,NULL,'2013-11-22 18:28:00',178),(98,53,'KPI',86,3,NULL,'2013-11-22 18:28:00',178),(99,53,'KPI',88,3,NULL,'2013-11-22 18:28:00',178),(100,53,'KPI',83,60,NULL,'2013-11-22 18:28:00',178),(101,55,'KPI',82,19,NULL,'2013-11-22 18:36:56',178),(102,55,'KPI',84,10,NULL,'2013-11-22 18:36:56',178),(103,55,'KPI',86,5,NULL,'2013-11-22 18:36:56',178),(104,55,'KPI',88,10,NULL,'2013-11-22 18:36:56',178),(105,55,'KPI',83,100,NULL,'2013-11-22 18:36:56',178),(106,56,'KPI',82,100,NULL,'2013-11-22 18:41:59',178),(107,56,'KPI',84,10,NULL,'2013-11-22 18:41:59',178),(108,56,'KPI',86,5,NULL,'2013-11-22 18:41:59',178),(109,56,'KPI',88,10,NULL,'2013-11-22 18:41:59',178),(110,56,'KPI',83,65,NULL,'2013-11-22 18:41:59',178),(111,57,'KPI',82,60,NULL,'2013-11-22 18:45:59',178),(112,57,'KPI',84,10,NULL,'2013-11-22 18:46:00',178),(113,57,'KPI',86,5,NULL,'2013-11-22 18:46:00',178),(114,57,'KPI',88,2,NULL,'2013-11-22 18:46:00',178),(115,57,'KPI',83,100,NULL,'2013-11-22 18:46:00',178),(116,58,'KPI',82,100,NULL,'2013-11-22 18:49:43',178),(117,58,'KPI',84,10,NULL,'2013-11-22 18:49:43',178),(118,58,'KPI',86,4,NULL,'2013-11-22 18:49:43',178),(119,58,'KPI',88,4,NULL,'2013-11-22 18:49:43',178),(120,58,'KPI',83,60,NULL,'2013-11-22 18:49:43',178),(319,70,'KPI',73,100,NULL,'2014-11-17 20:49:02',159),(123,42,'KPI',74,0,NULL,'2013-12-09 15:22:28',159),(124,42,'KPI',75,0,NULL,'2013-12-09 15:22:28',159),(125,42,'KPI',79,0,NULL,'2013-12-09 15:22:28',159),(126,45,'KPI',69,5000,NULL,'2014-03-28 21:41:53',160),(127,45,'KPI',75,2,NULL,'2014-03-28 21:41:53',160),(128,45,'KPI',72,200,NULL,'2014-03-28 21:41:53',160),(129,45,'KPI',74,20,NULL,'2014-03-28 21:41:53',160),(130,45,'KPI',68,4,NULL,'2014-03-28 21:41:53',160),(131,61,'KPI',67,3,NULL,'2014-04-25 14:23:14',158),(132,61,'KPI',68,1,NULL,'2014-04-25 14:23:14',158),(133,61,'KPI',72,76,NULL,'2014-04-25 14:23:14',158),(134,61,'KPI',71,1,NULL,'2014-04-25 14:23:14',158),(135,61,'KPI',69,500,NULL,'2014-04-25 14:23:15',158),(136,66,'KPI',67,1,NULL,'2014-06-09 19:50:30',158),(137,66,'KPI',68,1,NULL,'2014-06-09 19:50:30',158),(138,66,'KPI',72,89,NULL,'2014-06-09 19:50:30',158),(139,66,'KPI',71,1,NULL,'2014-06-09 19:50:30',158),(140,66,'KPI',69,500,NULL,'2014-06-09 19:50:30',158),(141,65,'KPI',69,200,NULL,'2014-06-09 19:55:05',158),(142,65,'KPI',67,2,NULL,'2014-06-09 19:55:05',158),(143,65,'KPI',68,2,NULL,'2014-06-09 19:55:06',158),(144,65,'KPI',72,50,NULL,'2014-06-09 19:55:06',158),(145,65,'KPI',71,0,NULL,'2014-06-09 19:55:06',158),(146,67,'KPI',67,2,NULL,'2014-06-09 20:55:08',158),(147,67,'KPI',68,2,NULL,'2014-06-09 20:55:08',158),(148,67,'KPI',72,100,NULL,'2014-06-09 20:55:08',158),(149,67,'KPI',71,1,NULL,'2014-06-09 20:55:08',158),(150,67,'KPI',69,250,NULL,'2014-06-09 20:55:08',158),(151,68,'KPI',97,2,NULL,'2014-06-18 15:50:32',196),(152,68,'KPI',74,3,NULL,'2014-06-18 15:50:32',196),(153,68,'KPI',98,3,NULL,'2014-06-25 17:13:10',197),(154,68,'KPI',67,5,NULL,'2014-06-25 17:13:10',197),(155,68,'KPI',74,3,NULL,'2014-06-25 17:13:10',197),(156,68,'KPI',102,100,NULL,'2014-06-25 17:13:10',197),(157,68,'KPI',100,96,NULL,'2014-06-26 15:44:04',198),(158,69,'KPI',67,5,NULL,'2014-07-25 10:10:14',158),(159,69,'KPI',68,2,NULL,'2014-07-25 10:10:14',158),(160,69,'KPI',72,100,NULL,'2014-07-25 10:10:14',158),(161,69,'KPI',71,1,NULL,'2014-07-25 10:10:14',158),(162,69,'KPI',69,500,NULL,'2014-07-25 10:10:14',158),(163,69,'KPI',72,200,NULL,'2014-08-07 14:25:50',159),(164,71,'KPI',115,2,NULL,'2014-08-08 13:54:14',210),(165,70,'KPI',67,5,NULL,'2014-08-08 14:00:43',158),(166,70,'KPI',68,2,NULL,'2014-08-08 14:00:43',158),(167,70,'KPI',72,0,NULL,'2014-08-08 14:00:43',158),(168,70,'KPI',71,1,NULL,'2014-08-08 14:00:43',158),(169,70,'KPI',69,500,NULL,'2014-08-08 14:00:43',158),(170,65,'KPI',72,0,NULL,'2014-08-21 19:24:49',160),(177,65,'KPI',74,0,NULL,'2014-08-22 20:22:27',160),(171,69,'KPI',68,4,NULL,'2014-08-22 12:18:22',159),(172,69,'KPI',69,1000,NULL,'2014-08-22 12:18:22',159),(173,69,'KPI',74,20,NULL,'2014-08-22 12:18:22',159),(174,69,'KPI',75,2,NULL,'2014-08-22 12:18:22',159),(175,65,'KPI',69,0,NULL,'2014-08-22 20:22:27',160),(176,65,'KPI',75,0,NULL,'2014-08-22 20:22:27',160),(178,65,'KPI',68,0,NULL,'2014-08-22 20:22:27',160),(179,66,'KPI',72,147,NULL,'2014-08-22 20:56:54',160),(180,39,'KPI',120,100,NULL,'2014-08-24 20:38:13',158),(181,40,'KPI',120,0,NULL,'2014-08-24 23:56:56',158),(182,78,'KPI',72,100,NULL,'2014-08-25 13:55:41',158),(183,78,'KPI',67,5,NULL,'2014-08-25 14:10:40',158),(184,78,'KPI',68,2,NULL,'2014-08-25 14:10:41',158),(185,78,'KPI',71,1,NULL,'2014-08-25 14:10:43',158),(186,78,'KPI',69,500,NULL,'2014-08-25 14:10:44',158),(187,78,'KPI',120,100,NULL,'2014-08-25 14:10:44',158),(188,78,'KPI',121,100,NULL,'2014-08-25 14:10:45',158),(189,69,'KPI',72,200,NULL,'2014-08-25 14:35:15',160),(191,41,'KPI',120,100,NULL,'2014-08-27 19:19:55',158),(192,41,'KPI',125,170,NULL,'2014-08-27 19:43:33',158),(318,37,'KPI',73,118,NULL,'2014-11-12 17:52:13',158),(195,78,'KPI',68,4,NULL,'2014-08-28 13:14:03',159),(196,78,'KPI',75,2,NULL,'2014-08-28 13:24:41',159),(197,78,'KPI',73,200,NULL,'2014-08-28 13:27:52',159),(198,78,'KPI',72,200,NULL,'2014-08-28 13:32:31',159),(199,78,'KPI',69,1000,NULL,'2014-08-28 13:34:13',159),(200,78,'KPI',74,20,NULL,'2014-08-28 14:12:48',159),(201,78,'KPI',68,4,NULL,'2014-08-28 14:18:20',160),(202,78,'KPI',75,2,NULL,'2014-08-28 14:18:55',160),(203,78,'KPI',72,200,NULL,'2014-08-28 14:21:43',160),(204,78,'KPI',69,5000,NULL,'2014-08-28 14:22:01',160),(205,78,'KPI',74,20,NULL,'2014-08-28 14:22:21',160),(206,79,'KPI',67,5,NULL,'2014-08-28 14:33:18',158),(207,79,'KPI',68,2,NULL,'2014-08-28 14:33:33',158),(208,79,'KPI',79,100,NULL,'2014-08-28 14:33:55',158),(209,79,'KPI',72,100,NULL,'2014-08-28 14:34:18',158),(210,79,'KPI',125,200,NULL,'2014-08-28 14:34:50',158),(211,79,'KPI',121,100,NULL,'2014-08-28 14:35:07',158),(212,79,'KPI',71,1,NULL,'2014-08-28 14:35:35',158),(213,79,'KPI',69,500,NULL,'2014-08-28 14:35:53',158),(214,79,'KPI',120,100,NULL,'2014-08-28 14:36:16',158),(215,79,'KPI',68,4,NULL,'2014-08-28 14:55:21',159),(216,79,'KPI',75,2,NULL,'2014-08-28 14:55:40',159),(217,79,'KPI',73,200,NULL,'2014-08-28 14:55:59',159),(218,79,'KPI',72,200,NULL,'2014-08-28 14:56:20',159),(219,79,'KPI',69,1000,NULL,'2014-08-28 14:56:41',159),(220,79,'KPI',74,20,NULL,'2014-08-28 14:57:05',159),(221,79,'KPI',68,4,NULL,'2014-08-29 08:12:58',160),(222,39,'KPI',121,100,NULL,'2014-08-29 13:16:59',158),(223,39,'KPI',125,200,NULL,'2014-09-01 14:52:52',158),(224,79,'KPI',75,2,NULL,'2014-09-02 11:56:40',160),(225,79,'KPI',69,5000,NULL,'2014-09-02 11:57:01',160),(226,39,'KPI',79,100,NULL,'2014-09-02 18:07:58',158),(227,40,'Award',78,100,NULL,'2014-09-03 12:58:18',0),(228,40,'KPI',121,0,NULL,'2014-09-03 14:45:32',158),(229,40,'KPI',125,125,NULL,'2014-09-03 14:45:32',158),(230,40,'KPI',79,100,NULL,'2014-09-03 14:45:32',158),(231,41,'KPI',73,200,NULL,'2014-09-09 15:41:21',158),(232,41,'KPI',79,100,NULL,'2014-09-11 11:47:08',158),(233,40,'KPI',73,200,NULL,'2014-09-11 20:22:51',158),(234,79,'KPI',72,200,NULL,'2014-09-15 09:52:39',160),(235,79,'KPI',74,20,NULL,'2014-09-15 09:53:32',160),(236,69,'KPI',68,1,NULL,'2014-09-15 11:12:45',160),(237,82,'KPI',126,195,NULL,'2014-09-15 15:10:45',213),(238,84,'KPI',126,125,NULL,'2014-09-15 21:00:59',215),(240,39,'KPI',73,200,NULL,'2014-09-17 00:52:54',158),(241,83,'KPI',131,1,NULL,'2014-09-17 17:05:01',214),(242,83,'KPI',132,0,NULL,'2014-09-17 17:05:01',214),(243,83,'KPI',133,25,NULL,'2014-09-17 17:05:01',214),(244,83,'KPI',134,75,NULL,'2014-09-17 17:05:01',214),(245,83,'KPI',135,40,NULL,'2014-09-17 17:05:01',214),(246,83,'KPI',136,0,NULL,'2014-09-17 17:05:01',214),(247,83,'KPI',137,2,NULL,'2014-09-17 17:05:01',214),(248,82,'KPI',130,1,NULL,'2014-09-17 18:12:23',213),(249,82,'KPI',127,1,NULL,'2014-09-17 18:12:58',213),(250,82,'KPI',128,25,NULL,'2014-09-17 18:24:58',213),(251,82,'KPI',129,75,NULL,'2014-09-17 18:24:58',213),(252,84,'KPI',140,200,NULL,'2014-09-17 19:55:53',215),(253,84,'KPI',137,2,NULL,'2014-09-17 21:03:03',215),(254,84,'KPI',142,1,NULL,'2014-09-17 21:03:21',215),(255,84,'KPI',135,50,NULL,'2014-09-17 21:03:40',215),(256,84,'KPI',138,1,NULL,'2014-09-17 21:04:00',215),(257,86,'KPI',143,1,NULL,'2014-09-17 22:36:14',216),(258,86,'KPI',144,55,NULL,'2014-09-17 22:36:14',216),(259,86,'KPI',133,44,NULL,'2014-09-17 22:36:14',216),(260,86,'KPI',146,55,NULL,'2014-09-17 22:36:14',216),(261,86,'KPI',147,70,NULL,'2014-09-17 22:36:14',216),(262,86,'KPI',148,67,NULL,'2014-09-17 22:36:14',216),(263,86,'KPI',149,0,NULL,'2014-09-17 22:36:14',216),(264,38,'KPI',73,200,NULL,'2014-09-18 15:17:45',158),(265,84,'KPI',139,1,NULL,'2014-09-18 15:19:12',215),(266,84,'KPI',141,50,NULL,'2014-09-18 17:23:32',215),(269,39,'KPI',104,200,NULL,'2014-09-22 17:05:59',158),(270,39,'KPI',73,200,NULL,'2014-09-22 18:42:31',159),(271,39,'KPI',125,200,NULL,'2014-09-22 18:42:31',159),(272,87,'KPI',67,5,NULL,'2014-09-22 19:06:08',158),(273,87,'KPI',68,2,NULL,'2014-09-22 19:06:08',158),(274,87,'KPI',71,1,NULL,'2014-09-22 19:06:09',158),(275,87,'KPI',69,500,NULL,'2014-09-22 19:06:09',158),(276,87,'KPI',79,100,NULL,'2014-09-22 19:06:09',158),(277,87,'KPI',73,200,NULL,'2014-09-22 19:06:10',158),(278,87,'KPI',104,200,NULL,'2014-09-22 19:06:10',158),(279,87,'KPI',125,200,NULL,'2014-09-22 19:20:27',159),(280,87,'KPI',72,200,NULL,'2014-09-22 19:24:44',159),(281,87,'KPI',68,4,NULL,'2014-09-22 19:24:44',159),(282,87,'KPI',69,1000,NULL,'2014-09-22 19:24:44',159),(283,87,'KPI',74,20,NULL,'2014-09-22 19:24:45',159),(284,87,'KPI',75,2,NULL,'2014-09-22 19:24:45',159),(285,87,'KPI',73,200,NULL,'2014-09-22 19:24:45',159),(286,87,'KPI',69,5000,NULL,'2014-09-22 19:42:59',160),(287,87,'KPI',75,2,NULL,'2014-09-22 19:42:59',160),(288,87,'KPI',72,200,NULL,'2014-09-22 19:43:00',160),(289,87,'KPI',74,20,NULL,'2014-09-22 19:43:00',160),(290,87,'KPI',68,4,NULL,'2014-09-22 19:43:00',160),(291,73,'KPI',79,100,NULL,'2014-09-23 16:03:09',158),(292,73,'KPI',104,167,NULL,'2014-09-23 16:42:08',158),(333,92,'KPI',67,5,NULL,'2014-11-24 18:43:56',158),(294,73,'KPI',73,151,NULL,'2014-09-23 17:55:31',158),(295,40,'KPI',104,124,NULL,'2014-09-23 22:11:51',158),(296,40,'KPI',82,0,NULL,'2014-09-24 09:06:12',158),(297,41,'KPI',104,200,NULL,'2014-09-24 10:32:11',158),(298,69,'KPI',75,2,NULL,'2014-09-24 12:22:20',160),(299,73,'KPI',72,200,NULL,'2014-10-02 13:53:59',158),(300,39,'KPI',120,0,NULL,'2014-10-06 15:34:38',159),(301,1,'KPI',72,70,NULL,'2014-10-13 20:31:05',159),(334,92,'KPI',68,2,NULL,'2014-11-24 18:45:53',158),(335,92,'KPI',73,200,NULL,'2014-11-24 18:46:23',158),(305,70,'KPI',73,200,NULL,'2014-10-13 22:29:19',158),(306,70,'KPI',79,100,NULL,'2014-10-13 22:36:01',158),(307,70,'KPI',104,200,NULL,'2014-10-13 22:36:01',158),(308,69,'KPI',69,5000,NULL,'2014-10-14 09:49:34',160),(309,41,'KPI',72,64,NULL,'2014-10-15 08:31:15',159),(310,41,'KPI',68,2,NULL,'2014-10-15 08:31:15',159),(311,41,'KPI',69,1500,NULL,'2014-10-15 08:31:15',159),(312,41,'KPI',74,10,NULL,'2014-10-15 08:31:15',159),(313,41,'KPI',75,1,NULL,'2014-10-15 08:31:15',159),(314,41,'KPI',73,150,NULL,'2014-10-15 08:31:15',159),(315,41,'KPI',125,0,NULL,'2014-10-15 08:31:15',159),(336,92,'KPI',125,200,NULL,'2014-11-24 18:47:35',158),(332,37,'KPI',72,200,NULL,'2014-11-24 17:57:41',158),(317,82,'KPI',140,0,NULL,'2014-10-30 19:58:07',213),(337,92,'KPI',104,200,NULL,'2014-11-24 18:47:43',158),(338,92,'KPI',69,500,NULL,'2014-11-24 18:47:53',158),(339,92,'KPI',71,1,NULL,'2014-11-24 18:48:10',158),(340,37,'KPI',67,5,NULL,'2014-11-25 22:41:44',158),(341,37,'KPI',68,8,NULL,'2014-11-25 22:41:44',158),(342,37,'KPI',71,1,NULL,'2014-11-25 22:41:44',158),(343,37,'KPI',69,200,NULL,'2014-11-25 22:41:44',158),(344,37,'KPI',125,175,NULL,'2014-11-25 22:41:44',158),(345,94,'KPI',150,1,NULL,'2014-12-01 21:02:47',217),(346,94,'KPI',151,0,NULL,'2014-12-01 21:03:00',217),(347,94,'KPI',152,30,NULL,'2014-12-01 21:03:15',217),(348,94,'KPI',153,1,NULL,'2014-12-01 21:03:47',217),(349,94,'KPI',154,1,NULL,'2014-12-01 21:13:55',217),(350,96,'KPI',155,1,NULL,'2014-12-01 21:14:35',218),(351,96,'KPI',156,1,NULL,'2014-12-01 21:14:50',218),(352,96,'KPI',157,100,NULL,'2014-12-01 21:15:08',218),(353,96,'KPI',158,65,NULL,'2014-12-01 21:15:24',218),(354,96,'KPI',159,2,NULL,'2014-12-01 21:15:38',218),(355,96,'KPI',160,1,NULL,'2014-12-01 21:15:52',218),(356,97,'KPI',153,1,NULL,'2014-12-01 21:17:14',217),(357,97,'KPI',151,1,NULL,'2014-12-01 21:17:38',217),(358,97,'KPI',152,35,NULL,'2014-12-01 21:17:56',217),(359,95,'KPI',155,1,NULL,'2014-12-01 21:19:09',218),(360,95,'KPI',156,1,NULL,'2014-12-01 21:19:22',218),(361,95,'KPI',157,25,NULL,'2014-12-01 21:19:38',218),(362,95,'KPI',158,25,NULL,'2014-12-01 21:19:58',218),(363,95,'KPI',159,4,NULL,'2014-12-01 21:20:12',218),(364,95,'KPI',160,2,NULL,'2014-12-01 21:20:25',218),(365,73,'KPI',67,0,NULL,'2014-12-01 21:38:56',158),(366,73,'KPI',68,6,NULL,'2014-12-01 21:38:56',158),(367,73,'KPI',71,0,NULL,'2014-12-01 21:38:56',158),(368,73,'KPI',69,20,NULL,'2014-12-01 21:38:56',158),(369,73,'KPI',125,200,NULL,'2014-12-01 21:38:57',158),(370,96,'KPI',106,0,NULL,'2014-12-02 00:02:37',218),(371,96,'KPI',152,0,NULL,'2014-12-02 17:12:28',218),(372,96,'KPI',73,0,NULL,'2014-12-02 17:13:05',218),(373,37,'KPI',157,0,NULL,'2014-12-03 17:30:27',158),(374,98,'KPI',73,0,NULL,'2014-12-05 14:26:29',217),(375,98,'KPI',157,0,NULL,'2014-12-05 14:29:29',217),(376,94,'KPI',73,0,NULL,'2014-12-05 20:00:11',217),(377,94,'KPI',157,0,NULL,'2014-12-05 20:01:50',217),(378,37,'KPI',70,10,NULL,'2014-12-17 17:26:14',158),(379,37,'KPI',78,7,NULL,'2014-12-17 17:27:53',158),(380,42,'KPI',70,10,NULL,'2014-12-17 17:33:29',158),(381,38,'KPI',70,10,NULL,'2014-12-17 17:42:29',158),(382,40,'KPI',70,7,NULL,'2014-12-17 17:43:27',158),(383,37,'KPI',152,0,NULL,'2014-12-18 14:36:11',158),(384,39,'KPI',104,0,NULL,'2015-01-12 19:27:33',159),(385,73,'KPI',78,10,'max','2015-01-26 00:00:00',158),(386,73,'KPI',50000,5,'max','2015-02-02 00:00:00',0),(387,73,'KPI',70,0,NULL,'2015-02-03 23:00:01',158),(388,73,'KPI',161,4,NULL,'2015-02-03 23:00:01',158),(389,73,'KPI',162,45,'cum','2015-03-02 00:00:00',158),(390,74,'KPI',162,38,'cum','2015-03-02 00:00:00',158),(391,91,'KPI',162,101,'cum','2015-03-02 00:00:00',158),(392,100,'KPI',162,52,'cum','2015-03-02 00:00:00',158),(393,102,'KPI',162,63,'cum','2015-03-02 00:00:00',158),(394,104,'KPI',162,132,'cum','2015-03-02 00:00:00',158),(395,105,'KPI',162,61,'cum','2015-03-02 00:00:00',158),(396,106,'KPI',162,81,'cum','2015-03-02 00:00:00',158),(397,107,'KPI',162,91,'cum','2015-03-02 00:00:00',158),(398,108,'KPI',162,45,'cum','2015-03-02 00:00:00',158),(399,109,'KPI',162,36,'cum','2015-03-02 00:00:00',158),(400,110,'KPI',162,63,'cum','2015-03-02 00:00:00',158),(401,111,'KPI',162,94,'cum','2015-03-02 00:00:00',158),(402,113,'KPI',162,81,'cum','2015-03-02 00:00:00',158),(403,114,'KPI',162,104,'cum','2015-03-02 00:00:00',158),(404,115,'KPI',162,79,'cum','2015-03-02 00:00:00',158),(405,116,'KPI',162,81,'cum','2015-03-02 00:00:00',158),(406,117,'KPI',162,111,'cum','2015-03-02 00:00:00',158),(407,73,'KPI',163,10,'max','2015-03-02 00:00:00',158),(408,74,'KPI',163,5,'max','2015-03-02 00:00:00',158),(409,91,'KPI',163,7,'max','2015-03-02 00:00:00',158),(410,100,'KPI',163,9,'max','2015-03-02 00:00:00',158),(411,102,'KPI',163,4,'max','2015-03-02 00:00:00',158),(412,104,'KPI',163,8,'max','2015-03-02 00:00:00',158),(413,105,'KPI',163,2,'max','2015-03-02 00:00:00',158),(414,106,'KPI',163,3,'max','2015-03-02 00:00:00',158),(415,107,'KPI',163,9,'max','2015-03-02 00:00:00',158),(416,108,'KPI',163,10,'max','2015-03-02 00:00:00',158),(417,109,'KPI',163,7,'max','2015-03-02 00:00:00',158),(418,110,'KPI',163,8,'max','2015-03-02 00:00:00',158),(419,111,'KPI',163,5,'max','2015-03-02 00:00:00',158),(420,113,'KPI',163,7,'max','2015-03-02 00:00:00',158),(421,114,'KPI',163,3,'max','2015-03-02 00:00:00',158),(422,115,'KPI',163,3,'max','2015-03-02 00:00:00',158),(423,116,'KPI',163,1,'max','2015-03-02 00:00:00',158),(424,117,'KPI',163,8,'max','2015-03-02 00:00:00',158),(425,74,'KPI',67,2,'cum','2015-03-02 00:00:00',158),(426,37,'KPI',162,13,NULL,'2015-03-11 14:22:59',158),(427,40,'KPI',162,40,NULL,'2015-03-11 14:50:57',158),(428,38,'KPI',162,50,NULL,'2015-03-11 14:52:18',158),(429,42,'KPI',125,150,NULL,'2015-03-11 14:55:18',158),(430,107,'KPI',67,5,NULL,'2015-03-11 14:55:54',158),(431,107,'KPI',68,10,NULL,'2015-03-11 14:56:06',158),(432,107,'KPI',125,200,NULL,'2015-03-11 14:56:23',158),(433,75,'KPI',68,2,NULL,'2015-03-11 14:59:20',160),(434,39,'KPI',157,0,NULL,'2015-03-11 15:14:27',159),(435,40,'KPI',157,0,NULL,'2015-03-12 07:55:07',158),(436,92,'KPI',68,4,NULL,'2015-03-18 20:51:06',159),(437,92,'KPI',69,1000,NULL,'2015-03-18 20:51:22',159),(438,90,'KPI',68,10,NULL,'2015-03-18 20:52:27',158),(439,90,'KPI',125,200,NULL,'2015-03-18 20:52:45',158),(440,101,'KPI',68,10,NULL,'2015-03-18 20:53:17',158),(441,101,'KPI',125,200,NULL,'2015-03-18 20:53:39',158),(442,119,'KPI',129,0,NULL,'2015-06-15 21:01:00',158),(443,120,'KPI',166,0,NULL,'2015-06-15 21:30:45',158),(444,119,'KPI',166,0,NULL,'2015-06-15 21:32:56',158),(445,120,'KPI',157,0,NULL,'2015-06-15 21:39:39',158),(446,120,'KPI',165,300,NULL,'2015-06-16 17:34:51',224),(447,119,'KPI',129,0,NULL,'2015-06-16 19:07:20',223),(448,119,'KPI',167,5,'cum','2020-06-16 00:00:00',223),(449,119,'KPI',168,20,NULL,'2015-06-16 19:38:24',223),(461,125,'KPI',165,300,NULL,'2015-06-17 16:40:04',224),(450,120,'KPI',166,1000,NULL,'2015-06-16 20:07:53',224),(451,119,'KPI',165,650,NULL,'2015-06-17 14:26:01',224),(452,119,'KPI',168,0,NULL,'2015-06-17 14:32:42',226),(453,120,'KPI',165,450,NULL,'2015-06-17 14:49:46',227),(454,125,'KPI',168,20,NULL,'2015-06-17 15:08:15',223),(455,125,'KPI',167,5,NULL,'2015-06-17 15:15:38',223),(456,125,'KPI',168,0,NULL,'2015-06-17 15:25:34',225),(457,119,'KPI',168,0,NULL,'2015-06-17 15:37:30',225),(458,120,'KPI',168,20,NULL,'2015-06-17 15:48:56',223),(459,120,'KPI',167,1,NULL,'2015-06-17 15:56:39',223),(460,120,'KPI',169,500,NULL,'2015-06-17 16:06:47',224),(462,125,'KPI',166,1000,NULL,'2015-06-17 16:46:13',224),(463,125,'KPI',169,500,NULL,'2015-06-17 16:46:14',224),(464,125,'KPI',166,0,NULL,'2015-06-17 16:54:27',227),(465,125,'KPI',165,300,NULL,'2015-06-17 16:54:27',227),(466,126,'KPI',165,300,NULL,'2015-06-17 18:53:23',224),(467,126,'KPI',166,400,NULL,'2015-06-17 18:58:15',224),(468,126,'KPI',169,200,NULL,'2015-06-17 18:58:15',224),(469,119,'KPI',167,2,'cum','2015-06-18 00:00:00',0),(470,125,'KPI',167,2,'cum','2015-06-18 00:00:00',0),(471,125,'KPI',167,2,'cum','2015-06-18 00:00:00',225),(472,128,'KPI',162,0,NULL,'2015-06-17 21:37:05',223),(473,128,'KPI',168,20,NULL,'2015-06-18 14:23:33',223),(474,120,'KPI',166,300,NULL,'2015-06-24 16:33:39',227);
/*!40000 ALTER TABLE `tblscores` ENABLE KEYS */;
UNLOCK TABLES;

--
-- Table structure for table `tblsecurityanswers`
--

DROP TABLE IF EXISTS `tblsecurityanswers`;
/*!40101 SET @saved_cs_client     = @@character_set_client */;
/*!40101 SET character_set_client = utf8 */;
CREATE TABLE `tblsecurityanswers` (
  `ID` int(11) NOT NULL AUTO_INCREMENT,
  `UserID` int(11) DEFAULT NULL,
  `Question_ID` int(11) DEFAULT NULL,
  `Answer` varchar(200) DEFAULT NULL,
  PRIMARY KEY (`ID`)
) ENGINE=MyISAM AUTO_INCREMENT=228 DEFAULT CHARSET=latin1;
/*!40101 SET character_set_client = @saved_cs_client */;

--
-- Dumping data for table `tblsecurityanswers`
--

LOCK TABLES `tblsecurityanswers` WRITE;
/*!40000 ALTER TABLE `tblsecurityanswers` DISABLE KEYS */;
INSERT INTO `tblsecurityanswers` VALUES (1,38,1,'1000:1O0VrUf/7ntjNdAEEZTv/s7zueQT/To3:KlrrTyZPjFKjQ2jzPEpD0uERJ2N48OIB'),(2,38,2,'1000:1O0VrUf/7ntjNdAEEZTv/s7zueQT/To3:KlrrTyZPjFKjQ2jzPEpD0uERJ2N48OIB'),(3,38,4,'1000:1O0VrUf/7ntjNdAEEZTv/s7zueQT/To3:KlrrTyZPjFKjQ2jzPEpD0uERJ2N48OIB'),(4,42,1,'1000:1O0VrUf/7ntjNdAEEZTv/s7zueQT/To3:KlrrTyZPjFKjQ2jzPEpD0uERJ2N48OIB'),(5,42,2,'1000:1O0VrUf/7ntjNdAEEZTv/s7zueQT/To3:KlrrTyZPjFKjQ2jzPEpD0uERJ2N48OIB'),(6,42,4,'1000:1O0VrUf/7ntjNdAEEZTv/s7zueQT/To3:KlrrTyZPjFKjQ2jzPEpD0uERJ2N48OIB'),(7,43,1,'1000:1O0VrUf/7ntjNdAEEZTv/s7zueQT/To3:KlrrTyZPjFKjQ2jzPEpD0uERJ2N48OIB'),(8,43,2,'1000:1O0VrUf/7ntjNdAEEZTv/s7zueQT/To3:KlrrTyZPjFKjQ2jzPEpD0uERJ2N48OIB'),(9,43,3,'1000:1O0VrUf/7ntjNdAEEZTv/s7zueQT/To3:KlrrTyZPjFKjQ2jzPEpD0uERJ2N48OIB'),(98,44,2,'1000:1O0VrUf/7ntjNdAEEZTv/s7zueQT/To3:KlrrTyZPjFKjQ2jzPEpD0uERJ2N48OIB'),(13,39,1,'1000:1O0VrUf/7ntjNdAEEZTv/s7zueQT/To3:KlrrTyZPjFKjQ2jzPEpD0uERJ2N48OIB'),(14,39,2,'1000:1O0VrUf/7ntjNdAEEZTv/s7zueQT/To3:KlrrTyZPjFKjQ2jzPEpD0uERJ2N48OIB'),(15,39,3,'1000:1O0VrUf/7ntjNdAEEZTv/s7zueQT/To3:KlrrTyZPjFKjQ2jzPEpD0uERJ2N48OIB'),(16,46,1,'1000:1O0VrUf/7ntjNdAEEZTv/s7zueQT/To3:KlrrTyZPjFKjQ2jzPEpD0uERJ2N48OIB'),(17,46,2,'1000:1O0VrUf/7ntjNdAEEZTv/s7zueQT/To3:KlrrTyZPjFKjQ2jzPEpD0uERJ2N48OIB'),(18,46,3,'1000:1O0VrUf/7ntjNdAEEZTv/s7zueQT/To3:KlrrTyZPjFKjQ2jzPEpD0uERJ2N48OIB'),(19,45,2,'1000:1O0VrUf/7ntjNdAEEZTv/s7zueQT/To3:KlrrTyZPjFKjQ2jzPEpD0uERJ2N48OIB'),(20,45,3,'1000:1O0VrUf/7ntjNdAEEZTv/s7zueQT/To3:KlrrTyZPjFKjQ2jzPEpD0uERJ2N48OIB'),(21,45,4,'1000:1O0VrUf/7ntjNdAEEZTv/s7zueQT/To3:KlrrTyZPjFKjQ2jzPEpD0uERJ2N48OIB'),(22,49,1,'1000:1O0VrUf/7ntjNdAEEZTv/s7zueQT/To3:KlrrTyZPjFKjQ2jzPEpD0uERJ2N48OIB'),(23,49,2,'1000:1O0VrUf/7ntjNdAEEZTv/s7zueQT/To3:KlrrTyZPjFKjQ2jzPEpD0uERJ2N48OIB'),(24,49,3,'1000:1O0VrUf/7ntjNdAEEZTv/s7zueQT/To3:KlrrTyZPjFKjQ2jzPEpD0uERJ2N48OIB'),(25,47,1,'1000:1O0VrUf/7ntjNdAEEZTv/s7zueQT/To3:KlrrTyZPjFKjQ2jzPEpD0uERJ2N48OIB'),(26,47,2,'1000:1O0VrUf/7ntjNdAEEZTv/s7zueQT/To3:KlrrTyZPjFKjQ2jzPEpD0uERJ2N48OIB'),(27,47,3,'1000:1O0VrUf/7ntjNdAEEZTv/s7zueQT/To3:KlrrTyZPjFKjQ2jzPEpD0uERJ2N48OIB'),(28,48,1,'1000:1O0VrUf/7ntjNdAEEZTv/s7zueQT/To3:KlrrTyZPjFKjQ2jzPEpD0uERJ2N48OIB'),(29,48,2,'1000:1O0VrUf/7ntjNdAEEZTv/s7zueQT/To3:KlrrTyZPjFKjQ2jzPEpD0uERJ2N48OIB'),(30,48,3,'1000:1O0VrUf/7ntjNdAEEZTv/s7zueQT/To3:KlrrTyZPjFKjQ2jzPEpD0uERJ2N48OIB'),(31,50,1,'1000:1O0VrUf/7ntjNdAEEZTv/s7zueQT/To3:KlrrTyZPjFKjQ2jzPEpD0uERJ2N48OIB'),(32,50,2,'1000:1O0VrUf/7ntjNdAEEZTv/s7zueQT/To3:KlrrTyZPjFKjQ2jzPEpD0uERJ2N48OIB'),(33,50,3,'1000:1O0VrUf/7ntjNdAEEZTv/s7zueQT/To3:KlrrTyZPjFKjQ2jzPEpD0uERJ2N48OIB'),(34,51,1,'1000:1O0VrUf/7ntjNdAEEZTv/s7zueQT/To3:KlrrTyZPjFKjQ2jzPEpD0uERJ2N48OIB'),(35,51,2,'1000:1O0VrUf/7ntjNdAEEZTv/s7zueQT/To3:KlrrTyZPjFKjQ2jzPEpD0uERJ2N48OIB'),(36,51,3,'1000:1O0VrUf/7ntjNdAEEZTv/s7zueQT/To3:KlrrTyZPjFKjQ2jzPEpD0uERJ2N48OIB'),(37,52,1,'1000:1O0VrUf/7ntjNdAEEZTv/s7zueQT/To3:KlrrTyZPjFKjQ2jzPEpD0uERJ2N48OIB'),(38,52,2,'1000:1O0VrUf/7ntjNdAEEZTv/s7zueQT/To3:KlrrTyZPjFKjQ2jzPEpD0uERJ2N48OIB'),(39,52,3,'1000:1O0VrUf/7ntjNdAEEZTv/s7zueQT/To3:KlrrTyZPjFKjQ2jzPEpD0uERJ2N48OIB'),(40,54,1,'1000:1O0VrUf/7ntjNdAEEZTv/s7zueQT/To3:KlrrTyZPjFKjQ2jzPEpD0uERJ2N48OIB'),(41,54,2,'1000:1O0VrUf/7ntjNdAEEZTv/s7zueQT/To3:KlrrTyZPjFKjQ2jzPEpD0uERJ2N48OIB'),(42,54,3,'1000:1O0VrUf/7ntjNdAEEZTv/s7zueQT/To3:KlrrTyZPjFKjQ2jzPEpD0uERJ2N48OIB'),(43,58,1,'1000:1O0VrUf/7ntjNdAEEZTv/s7zueQT/To3:KlrrTyZPjFKjQ2jzPEpD0uERJ2N48OIB'),(44,58,2,'1000:1O0VrUf/7ntjNdAEEZTv/s7zueQT/To3:KlrrTyZPjFKjQ2jzPEpD0uERJ2N48OIB'),(45,58,3,'1000:1O0VrUf/7ntjNdAEEZTv/s7zueQT/To3:KlrrTyZPjFKjQ2jzPEpD0uERJ2N48OIB'),(46,57,1,'1000:1O0VrUf/7ntjNdAEEZTv/s7zueQT/To3:KlrrTyZPjFKjQ2jzPEpD0uERJ2N48OIB'),(47,57,2,'1000:1O0VrUf/7ntjNdAEEZTv/s7zueQT/To3:KlrrTyZPjFKjQ2jzPEpD0uERJ2N48OIB'),(48,57,3,'1000:1O0VrUf/7ntjNdAEEZTv/s7zueQT/To3:KlrrTyZPjFKjQ2jzPEpD0uERJ2N48OIB'),(49,53,1,'1000:1O0VrUf/7ntjNdAEEZTv/s7zueQT/To3:KlrrTyZPjFKjQ2jzPEpD0uERJ2N48OIB'),(50,53,2,'1000:1O0VrUf/7ntjNdAEEZTv/s7zueQT/To3:KlrrTyZPjFKjQ2jzPEpD0uERJ2N48OIB'),(51,53,3,'1000:1O0VrUf/7ntjNdAEEZTv/s7zueQT/To3:KlrrTyZPjFKjQ2jzPEpD0uERJ2N48OIB'),(52,55,1,'1000:1O0VrUf/7ntjNdAEEZTv/s7zueQT/To3:KlrrTyZPjFKjQ2jzPEpD0uERJ2N48OIB'),(53,55,2,'1000:1O0VrUf/7ntjNdAEEZTv/s7zueQT/To3:KlrrTyZPjFKjQ2jzPEpD0uERJ2N48OIB'),(54,55,3,'1000:1O0VrUf/7ntjNdAEEZTv/s7zueQT/To3:KlrrTyZPjFKjQ2jzPEpD0uERJ2N48OIB'),(55,56,1,'1000:1O0VrUf/7ntjNdAEEZTv/s7zueQT/To3:KlrrTyZPjFKjQ2jzPEpD0uERJ2N48OIB'),(56,56,2,'1000:1O0VrUf/7ntjNdAEEZTv/s7zueQT/To3:KlrrTyZPjFKjQ2jzPEpD0uERJ2N48OIB'),(57,56,3,'1000:1O0VrUf/7ntjNdAEEZTv/s7zueQT/To3:KlrrTyZPjFKjQ2jzPEpD0uERJ2N48OIB'),(58,59,1,'1000:1O0VrUf/7ntjNdAEEZTv/s7zueQT/To3:KlrrTyZPjFKjQ2jzPEpD0uERJ2N48OIB'),(59,59,2,'1000:1O0VrUf/7ntjNdAEEZTv/s7zueQT/To3:KlrrTyZPjFKjQ2jzPEpD0uERJ2N48OIB'),(60,59,3,'1000:1O0VrUf/7ntjNdAEEZTv/s7zueQT/To3:KlrrTyZPjFKjQ2jzPEpD0uERJ2N48OIB'),(61,40,1,'1000:1O0VrUf/7ntjNdAEEZTv/s7zueQT/To3:KlrrTyZPjFKjQ2jzPEpD0uERJ2N48OIB'),(62,40,2,'1000:1O0VrUf/7ntjNdAEEZTv/s7zueQT/To3:KlrrTyZPjFKjQ2jzPEpD0uERJ2N48OIB'),(63,40,3,'1000:1O0VrUf/7ntjNdAEEZTv/s7zueQT/To3:KlrrTyZPjFKjQ2jzPEpD0uERJ2N48OIB'),(64,41,1,'1000:1O0VrUf/7ntjNdAEEZTv/s7zueQT/To3:KlrrTyZPjFKjQ2jzPEpD0uERJ2N48OIB'),(65,41,2,'1000:1O0VrUf/7ntjNdAEEZTv/s7zueQT/To3:KlrrTyZPjFKjQ2jzPEpD0uERJ2N48OIB'),(66,41,3,'1000:1O0VrUf/7ntjNdAEEZTv/s7zueQT/To3:KlrrTyZPjFKjQ2jzPEpD0uERJ2N48OIB'),(67,61,1,'1000:1O0VrUf/7ntjNdAEEZTv/s7zueQT/To3:KlrrTyZPjFKjQ2jzPEpD0uERJ2N48OIB'),(68,61,2,'1000:1O0VrUf/7ntjNdAEEZTv/s7zueQT/To3:KlrrTyZPjFKjQ2jzPEpD0uERJ2N48OIB'),(69,61,4,'1000:1O0VrUf/7ntjNdAEEZTv/s7zueQT/To3:KlrrTyZPjFKjQ2jzPEpD0uERJ2N48OIB'),(70,60,1,'1000:1O0VrUf/7ntjNdAEEZTv/s7zueQT/To3:KlrrTyZPjFKjQ2jzPEpD0uERJ2N48OIB'),(71,60,2,'1000:1O0VrUf/7ntjNdAEEZTv/s7zueQT/To3:KlrrTyZPjFKjQ2jzPEpD0uERJ2N48OIB'),(72,60,4,'1000:1O0VrUf/7ntjNdAEEZTv/s7zueQT/To3:KlrrTyZPjFKjQ2jzPEpD0uERJ2N48OIB'),(73,65,1,'1000:1O0VrUf/7ntjNdAEEZTv/s7zueQT/To3:KlrrTyZPjFKjQ2jzPEpD0uERJ2N48OIB'),(74,65,2,'1000:1O0VrUf/7ntjNdAEEZTv/s7zueQT/To3:KlrrTyZPjFKjQ2jzPEpD0uERJ2N48OIB'),(75,65,3,'1000:1O0VrUf/7ntjNdAEEZTv/s7zueQT/To3:KlrrTyZPjFKjQ2jzPEpD0uERJ2N48OIB'),(76,66,1,'1000:1O0VrUf/7ntjNdAEEZTv/s7zueQT/To3:KlrrTyZPjFKjQ2jzPEpD0uERJ2N48OIB'),(77,66,2,'1000:1O0VrUf/7ntjNdAEEZTv/s7zueQT/To3:KlrrTyZPjFKjQ2jzPEpD0uERJ2N48OIB'),(78,66,3,'1000:1O0VrUf/7ntjNdAEEZTv/s7zueQT/To3:KlrrTyZPjFKjQ2jzPEpD0uERJ2N48OIB'),(79,67,1,'1000:1O0VrUf/7ntjNdAEEZTv/s7zueQT/To3:KlrrTyZPjFKjQ2jzPEpD0uERJ2N48OIB'),(80,67,2,'1000:1O0VrUf/7ntjNdAEEZTv/s7zueQT/To3:KlrrTyZPjFKjQ2jzPEpD0uERJ2N48OIB'),(81,67,3,'1000:1O0VrUf/7ntjNdAEEZTv/s7zueQT/To3:KlrrTyZPjFKjQ2jzPEpD0uERJ2N48OIB'),(82,64,1,'1000:1O0VrUf/7ntjNdAEEZTv/s7zueQT/To3:KlrrTyZPjFKjQ2jzPEpD0uERJ2N48OIB'),(83,64,2,'1000:1O0VrUf/7ntjNdAEEZTv/s7zueQT/To3:KlrrTyZPjFKjQ2jzPEpD0uERJ2N48OIB'),(84,64,3,'1000:1O0VrUf/7ntjNdAEEZTv/s7zueQT/To3:KlrrTyZPjFKjQ2jzPEpD0uERJ2N48OIB'),(85,68,4,'1000:1O0VrUf/7ntjNdAEEZTv/s7zueQT/To3:KlrrTyZPjFKjQ2jzPEpD0uERJ2N48OIB'),(86,68,2,'1000:1O0VrUf/7ntjNdAEEZTv/s7zueQT/To3:KlrrTyZPjFKjQ2jzPEpD0uERJ2N48OIB'),(87,68,1,'1000:1O0VrUf/7ntjNdAEEZTv/s7zueQT/To3:KlrrTyZPjFKjQ2jzPEpD0uERJ2N48OIB'),(99,44,3,'1000:1O0VrUf/7ntjNdAEEZTv/s7zueQT/To3:KlrrTyZPjFKjQ2jzPEpD0uERJ2N48OIB'),(97,44,1,'1000:1O0VrUf/7ntjNdAEEZTv/s7zueQT/To3:KlrrTyZPjFKjQ2jzPEpD0uERJ2N48OIB'),(161,69,3,'1000:1O0VrUf/7ntjNdAEEZTv/s7zueQT/To3:KlrrTyZPjFKjQ2jzPEpD0uERJ2N48OIB'),(160,69,2,'1000:1O0VrUf/7ntjNdAEEZTv/s7zueQT/To3:KlrrTyZPjFKjQ2jzPEpD0uERJ2N48OIB'),(159,69,1,'1000:1O0VrUf/7ntjNdAEEZTv/s7zueQT/To3:KlrrTyZPjFKjQ2jzPEpD0uERJ2N48OIB'),(167,37,1,'1000:1O0VrUf/7ntjNdAEEZTv/s7zueQT/To3:KlrrTyZPjFKjQ2jzPEpD0uERJ2N48OIB'),(166,37,4,'1000:1O0VrUf/7ntjNdAEEZTv/s7zueQT/To3:KlrrTyZPjFKjQ2jzPEpD0uERJ2N48OIB'),(165,37,2,'1000:1O0VrUf/7ntjNdAEEZTv/s7zueQT/To3:KlrrTyZPjFKjQ2jzPEpD0uERJ2N48OIB'),(103,74,1,'1000:1O0VrUf/7ntjNdAEEZTv/s7zueQT/To3:KlrrTyZPjFKjQ2jzPEpD0uERJ2N48OIB'),(104,74,2,'1000:1O0VrUf/7ntjNdAEEZTv/s7zueQT/To3:KlrrTyZPjFKjQ2jzPEpD0uERJ2N48OIB'),(105,74,3,'1000:1O0VrUf/7ntjNdAEEZTv/s7zueQT/To3:KlrrTyZPjFKjQ2jzPEpD0uERJ2N48OIB'),(106,75,1,'1000:1O0VrUf/7ntjNdAEEZTv/s7zueQT/To3:KlrrTyZPjFKjQ2jzPEpD0uERJ2N48OIB'),(107,75,2,'1000:1O0VrUf/7ntjNdAEEZTv/s7zueQT/To3:KlrrTyZPjFKjQ2jzPEpD0uERJ2N48OIB'),(108,75,3,'1000:1O0VrUf/7ntjNdAEEZTv/s7zueQT/To3:KlrrTyZPjFKjQ2jzPEpD0uERJ2N48OIB'),(109,76,1,'1000:1O0VrUf/7ntjNdAEEZTv/s7zueQT/To3:KlrrTyZPjFKjQ2jzPEpD0uERJ2N48OIB'),(110,76,2,'1000:1O0VrUf/7ntjNdAEEZTv/s7zueQT/To3:KlrrTyZPjFKjQ2jzPEpD0uERJ2N48OIB'),(111,76,3,'1000:1O0VrUf/7ntjNdAEEZTv/s7zueQT/To3:KlrrTyZPjFKjQ2jzPEpD0uERJ2N48OIB'),(112,77,1,'1000:1O0VrUf/7ntjNdAEEZTv/s7zueQT/To3:KlrrTyZPjFKjQ2jzPEpD0uERJ2N48OIB'),(113,77,2,'1000:1O0VrUf/7ntjNdAEEZTv/s7zueQT/To3:KlrrTyZPjFKjQ2jzPEpD0uERJ2N48OIB'),(114,77,3,'1000:1O0VrUf/7ntjNdAEEZTv/s7zueQT/To3:KlrrTyZPjFKjQ2jzPEpD0uERJ2N48OIB'),(115,39,4,'1000:1O0VrUf/7ntjNdAEEZTv/s7zueQT/To3:KlrrTyZPjFKjQ2jzPEpD0uERJ2N48OIB'),(116,38,3,'1000:1O0VrUf/7ntjNdAEEZTv/s7zueQT/To3:KlrrTyZPjFKjQ2jzPEpD0uERJ2N48OIB'),(117,78,1,'1000:1O0VrUf/7ntjNdAEEZTv/s7zueQT/To3:KlrrTyZPjFKjQ2jzPEpD0uERJ2N48OIB'),(118,78,2,'1000:1O0VrUf/7ntjNdAEEZTv/s7zueQT/To3:KlrrTyZPjFKjQ2jzPEpD0uERJ2N48OIB'),(119,78,4,'1000:1O0VrUf/7ntjNdAEEZTv/s7zueQT/To3:KlrrTyZPjFKjQ2jzPEpD0uERJ2N48OIB'),(120,79,1,'1000:1O0VrUf/7ntjNdAEEZTv/s7zueQT/To3:KlrrTyZPjFKjQ2jzPEpD0uERJ2N48OIB'),(121,79,3,'1000:1O0VrUf/7ntjNdAEEZTv/s7zueQT/To3:KlrrTyZPjFKjQ2jzPEpD0uERJ2N48OIB'),(122,79,4,'1000:1O0VrUf/7ntjNdAEEZTv/s7zueQT/To3:KlrrTyZPjFKjQ2jzPEpD0uERJ2N48OIB'),(164,73,3,'1000:1O0VrUf/7ntjNdAEEZTv/s7zueQT/To3:KlrrTyZPjFKjQ2jzPEpD0uERJ2N48OIB'),(163,73,2,'1000:1O0VrUf/7ntjNdAEEZTv/s7zueQT/To3:KlrrTyZPjFKjQ2jzPEpD0uERJ2N48OIB'),(162,73,1,'1000:1O0VrUf/7ntjNdAEEZTv/s7zueQT/To3:KlrrTyZPjFKjQ2jzPEpD0uERJ2N48OIB'),(135,70,1,'1000:1O0VrUf/7ntjNdAEEZTv/s7zueQT/To3:KlrrTyZPjFKjQ2jzPEpD0uERJ2N48OIB'),(136,70,2,'1000:1O0VrUf/7ntjNdAEEZTv/s7zueQT/To3:KlrrTyZPjFKjQ2jzPEpD0uERJ2N48OIB'),(137,70,4,'1000:1O0VrUf/7ntjNdAEEZTv/s7zueQT/To3:KlrrTyZPjFKjQ2jzPEpD0uERJ2N48OIB'),(138,82,1,'1000:1O0VrUf/7ntjNdAEEZTv/s7zueQT/To3:KlrrTyZPjFKjQ2jzPEpD0uERJ2N48OIB'),(139,82,2,'1000:1O0VrUf/7ntjNdAEEZTv/s7zueQT/To3:KlrrTyZPjFKjQ2jzPEpD0uERJ2N48OIB'),(140,82,3,'1000:1O0VrUf/7ntjNdAEEZTv/s7zueQT/To3:KlrrTyZPjFKjQ2jzPEpD0uERJ2N48OIB'),(141,83,1,'1000:1O0VrUf/7ntjNdAEEZTv/s7zueQT/To3:KlrrTyZPjFKjQ2jzPEpD0uERJ2N48OIB'),(142,83,2,'1000:1O0VrUf/7ntjNdAEEZTv/s7zueQT/To3:KlrrTyZPjFKjQ2jzPEpD0uERJ2N48OIB'),(143,83,3,'1000:1O0VrUf/7ntjNdAEEZTv/s7zueQT/To3:KlrrTyZPjFKjQ2jzPEpD0uERJ2N48OIB'),(144,84,1,'1000:1O0VrUf/7ntjNdAEEZTv/s7zueQT/To3:KlrrTyZPjFKjQ2jzPEpD0uERJ2N48OIB'),(145,84,2,'1000:1O0VrUf/7ntjNdAEEZTv/s7zueQT/To3:KlrrTyZPjFKjQ2jzPEpD0uERJ2N48OIB'),(146,84,3,'1000:1O0VrUf/7ntjNdAEEZTv/s7zueQT/To3:KlrrTyZPjFKjQ2jzPEpD0uERJ2N48OIB'),(147,85,1,'1000:1O0VrUf/7ntjNdAEEZTv/s7zueQT/To3:KlrrTyZPjFKjQ2jzPEpD0uERJ2N48OIB'),(148,85,2,'1000:1O0VrUf/7ntjNdAEEZTv/s7zueQT/To3:KlrrTyZPjFKjQ2jzPEpD0uERJ2N48OIB'),(149,85,3,'1000:1O0VrUf/7ntjNdAEEZTv/s7zueQT/To3:KlrrTyZPjFKjQ2jzPEpD0uERJ2N48OIB'),(150,86,1,'1000:1O0VrUf/7ntjNdAEEZTv/s7zueQT/To3:KlrrTyZPjFKjQ2jzPEpD0uERJ2N48OIB'),(151,86,2,'1000:1O0VrUf/7ntjNdAEEZTv/s7zueQT/To3:KlrrTyZPjFKjQ2jzPEpD0uERJ2N48OIB'),(152,86,3,'1000:1O0VrUf/7ntjNdAEEZTv/s7zueQT/To3:KlrrTyZPjFKjQ2jzPEpD0uERJ2N48OIB'),(153,87,1,'1000:1O0VrUf/7ntjNdAEEZTv/s7zueQT/To3:KlrrTyZPjFKjQ2jzPEpD0uERJ2N48OIB'),(154,87,2,'1000:1O0VrUf/7ntjNdAEEZTv/s7zueQT/To3:KlrrTyZPjFKjQ2jzPEpD0uERJ2N48OIB'),(155,87,4,'1000:1O0VrUf/7ntjNdAEEZTv/s7zueQT/To3:KlrrTyZPjFKjQ2jzPEpD0uERJ2N48OIB'),(168,90,1,'1000:JWv+D0aK8M3RqaF1bhptcCXI/SmEr2qj:aOfurjcGKG/EES1RDsfkVdO6yAsdZEzi'),(169,90,2,'1000:5YNmTv5zqtdCCGfLVn3tMOKUNx8uO+Yy:kVwrvg3vcWLIWbqpe6dPM4Lkh8681ITv'),(170,90,3,'1000:L29F+Y6Pfs+iLWIK4W0Hx+gmQbRDKycc:dkeFkbUkdn3w1mjAQoevKJoeSmDhJTxO'),(174,1,1,'1000:sUazzT8qEGLRrKGBF0cp1mfAQducUCTV:EJGz7xW4StXZO6dWA74wxUASxq+A0s65'),(175,1,2,'1000:OiM+rJOLGs8jGGA2PvRmxKF+wAg5Fk1F:YbLIyG0p4hgNZYPPcAgFRwjO/zWosfiQ'),(176,1,3,'1000:FtytVRulhwVBA2dPb6IOqsOOp6rhqNVr:dzOmY+751m5PhlNV/Sf1S/CCFwwgr5pX'),(177,94,1,'1000:GZs0hWn96hPEdw+T3t4jCGz6D3j12jR8:S10Gr6hjrJqPMUH6PZCQApvaFQX/BA4b'),(178,94,2,'1000:A7sH/B2prEFe8oKlQYN+AanBolo19oyh:xoeqPSZqi18VPBWIYHud08OURIXoR+l4'),(179,94,3,'1000:NfpFUuROhU++6t2kSabsoJn2cbyRsRRI:7QQSUscJCbwlNX9o3GAtsTwcbvVY2sMO'),(180,96,1,'1000:S7A+HPucM5UWPkXg8jYIP4XSWCXZVZXL:fZL6ahBKvzKZI170tWazGc+CIrxXAMpi'),(181,96,2,'1000:IerTYmRPn38q7xHkuunmMu1WaBk+Lufk:fifmboP4+UaGAPFqeriFQ8mTgEDC1zOn'),(182,96,3,'1000:Y+ahuuBimuG0FMzEboOC71J6tJgvsBEK:QiNeLEjTHZW5CRRWpeoiOXECxIiI9aOp'),(183,98,1,'1000:alykRx86tqDDVq47zYPR4wUEwf8qEtc8:Z/trFz4T1giFAwYtiheqrO3V3g7uQRhH'),(184,98,2,'1000:Aj+9DGvgZwd7naCPzsx+3EMuCSt3CHY2:OriHNs7eKm6MfHTZW3ITD/C0HKxAjUYP'),(185,98,3,'1000:BqkpkGhl0aRfG5FqKQ/VaHGlnIFhdr9S:1nO+Zr6L0d92JHBVyLDeGhHZRel/PQRC'),(186,99,1,'1000:nswajwNlGRuabk9WbWe1fxUPw46gY/3J:awk9HRx23QG2fQHoxFlnkw3GRwBscFLf'),(187,99,2,'1000:hhQ74dssuMndt30N81GPblf2COA1cX+C:KrWiViHY02OxHgWVfS9DBo+DIR9u75nV'),(188,99,3,'1000:TF0tvY5LtH0iTmt9p1L9+r2RGB838tO1:9KdX04P1qoP0gd4G5Ni3zwVqyL3cgdNj'),(189,95,1,'1000:gqQPh1CL4lbmaL6oGASeugoJ/t1rPPxA:QDaMTM91Lv8DpfjTk9l59pX3l5hGS66g'),(190,95,2,'1000:rT/TqRepsurua5FhaSi4Xs5MWOAYGT2F:r7krIwKEs65Iwcxv7m815K9eYLy1Sisl'),(191,95,3,'1000:gRNCE6iI1WZaYzB8zQFcc1vTa4XKWcrr:rWILrPw0rurR7uFrzCB8sX0/9PTyF1JC'),(192,97,1,'1000:7l7sN4mvnS+NK8BLs0pKluyqiF8uQd+G:gEHVrODWo0dxsq9qsCq45IcdpOfFnucL'),(193,97,2,'1000:C8EJPfqpB/slJORckvV6Mi14dZPbznyG:6A/vEr/ujM+pEBG315jgIRvdYY1V2kNB'),(194,97,3,'1000:Z4WXQ+4c6xeQNCxFkOTgVmtOvDwDcLpS:BAJW+3gvzEptnJp+NhrIvcAGJIB3gJuK'),(195,100,1,'1000:z9XciY8BQW3p2S9TIwsIg/T78JFkQuqr:42ngpAK8cd7+pA/bfOoZQFKd8rAQwAgI'),(196,100,2,'1000:xPGjqiWd+hSU4IeNAuYwNa/4RK1PR+ip:245o5hjByW+81kp3TMeW8KDNaE7SrQQZ'),(197,100,3,'1000:DxMDW4gMZvdYnmmLSY+V5WIhOwYNORe7:NdGAzVAX31Q6voCzAklworR/Ffj+10o3'),(198,102,1,'1000:IDv+Kn7jtdNzMADm10/SP9zzpkQrkMlh:MsBF+tQJe3J5MSmJg1LSnpqIc2SRg0r1'),(199,102,2,'1000:msft6gvO/57D3EaKdPeXtCORJ4yzSpvT:LaYhg9162sQ9V0WKzDaljMw2JP40WREp'),(200,102,3,'1000:2mgZbAlK95hIcb6N8VsbtBvONR3Hb+Ef:lNKAwdCfhoy9BvK3kKRuYLPnquUg9aWi'),(201,104,1,'1000:OB6WUkNS/g0qMJKZGf+8hqeTT5i3yZna:cc45eWRmL2tG+QoZe8FG5Dagm+pGkPp7'),(202,104,2,'1000:slg8i0WGWn6bJABUYZ9GX9okjGM0K5xS:56NttsGYzKwgyEWwEBFVt/PtpTn0nJwV'),(203,104,3,'1000:t9dvQ772ZGdNxGStOL05Zd//BUPRDt5R:ez2wqYOXuSlV5hIKh3CUmy01eGCQfaPk'),(204,106,1,'1000:+mZsVRGRJk92QY8ZsR9PYwgHlDxAjpuB:8m/DLlMaPFkUYf8NOOWNX2wMTApZDs0l'),(205,106,2,'1000:wTuMxMY63YVBQnA+55X5tXfbxEsE/7JO:8n2GezqooT33XnoawYKXr38vTZJbn/uA'),(206,106,3,'1000:ryT1u3z0Bmv2oB9J7cUOyrIF6m5EO5hk:1NqfIH9BzyP3US7ui2AJ1hfo30ue+T1K'),(207,105,1,'1000:hWKkMwkvc0f265AsB+6iwddB4zsqNkhb:AcFvTz3AQXHOsVXEXNjiXnNtWijLGS9H'),(208,105,2,'1000:Qpp5qAVhNOnWbXuvuJ6Fso/d9omwUCn5:GafYTurz/asH73BpLr1/dxdMvribtxhn'),(209,105,3,'1000:8i5nTKYaOAw/Hokg1cMYzblbbBpeaxGD:xkQYjxuRmqW1yHlQcpTtFi1B0lBKdRha'),(210,118,1,'1000:s3Nl0U4ufHuKdDckfSJRM7fc0GpxOBh2:X2zfRSdlmKFsa6Huh86VqKtQDrtI1Tkr'),(211,118,2,'1000:92cD82PA+BbLGDykSmrephJOMOfEK/Fj:6mFWpkySA5nWmzo2sCJ+uHMwmQDUJ62o'),(212,118,3,'1000:+GzA+coi7FphDfWOnBPsuPhFNlkocEc0:PlN1nK8mQ9/hEEHZGyeLjH0Pu3p6BCgf'),(213,119,2,'1000:C0hgvHNm/h2Ykdl6XXMWb/MRxQfaaCHq:EwZdZ7yaFhVrJz3Lg4IPNQ1A3XbRBCwc'),(214,119,4,'1000:Ym9ZIms/c1I12IY7XXsYee03IvwduwU0:/wMzIq9nd5ApkwGQgYujAer1l4swWkde'),(215,119,1,'1000:my8XetgBqUy38zNsWWv0dKW7/5xAUE5N:YsdfkeMpklKejRtuKXJibOUEmipRa/zw'),(216,120,3,'1000:f0dI7+BnClK54T+HEYkPniHXgr5IoEOf:rIxKO95HvJKLXpPkSuhJKUS9BaM0TepQ'),(217,120,4,'1000:fgzlafEaOsdoeqAqELroCxI1hgk2Us6d:B/5T3xuqts6bowKfd2K2vysbIjFY1t0N'),(218,120,1,'1000:hjig+Sac70tAQ1qL+w+y8b3YPunflSfq:+Z1ZdKvWbHC5ebTIxxyL0flZniVt0axV'),(219,125,4,'1000:Oj7V0ZSBOCTiHaBFYqc9aMTc+RuqIGGR:gc+9F0j8pD5Orlagq6HvaC7gQ7V3pG94'),(220,125,3,'1000:CwJuMJb7ygbOjTThA6EEwb2efAuVs1nE:gqxXlaZmRSWmwUfQlH+5y6MAYMQGRYoR'),(221,125,2,'1000:uRO7GnXL4RZmnUhgn6q2zJjFlH7fJLpY:1jHtxzItAtvitHaUuWK66fPkVGKbND0u'),(222,126,1,'1000:2ePxmTS4HUkdVsITqcY93Oyo+11DVcyl:wjKhEBypKy7Fb4tfG3j68KTxTMQVaeuG'),(223,126,2,'1000:8KtbfIOdrW5fjK6ohnXz0JnG5GHbAt1h:sf9O+xW981is4gdCK9Ue3gDVrRPeWkru'),(224,126,3,'1000:afqP/WPZwgDksouzfANqjBcTKCYs7byU:qddmCrJJWnDJRJ7SzphA94qOGLO9xlBQ'),(225,128,1,'1000:4IJQMs6hJ6idtEpXQgbHg6qsgmwjPMIm:UcCP5d7uFIIswMeGO0vfUD/O88BGL3xu'),(226,128,2,'1000:H0pS4GAApoa+CDgM5HcfccYEBRvnd4Xc:gRiHespkE1OZfsTA1nNu4bkLjedGHfln'),(227,128,3,'1000:NVMQjIdEnoLSN44qoH1YvHrG+V2hO3Bl:xn1Q8oJlAOEwz+g0o6kZmdBnO3B0l6hV');
/*!40000 ALTER TABLE `tblsecurityanswers` ENABLE KEYS */;
UNLOCK TABLES;

--
-- Table structure for table `tblsecurityquestions`
--

DROP TABLE IF EXISTS `tblsecurityquestions`;
/*!40101 SET @saved_cs_client     = @@character_set_client */;
/*!40101 SET character_set_client = utf8 */;
CREATE TABLE `tblsecurityquestions` (
  `Question_ID` int(11) NOT NULL AUTO_INCREMENT,
  `Question_Text` varchar(200) DEFAULT NULL,
  PRIMARY KEY (`Question_ID`)
) ENGINE=MyISAM AUTO_INCREMENT=5 DEFAULT CHARSET=latin1;
/*!40101 SET character_set_client = @saved_cs_client */;

--
-- Dumping data for table `tblsecurityquestions`
--

LOCK TABLES `tblsecurityquestions` WRITE;
/*!40000 ALTER TABLE `tblsecurityquestions` DISABLE KEYS */;
INSERT INTO `tblsecurityquestions` VALUES (1,'What is your mother\'s maiden name'),(2,'What is the name of your favorite pet?'),(3,'What was the first school that you attended?'),(4,'What color was your first car?');
/*!40000 ALTER TABLE `tblsecurityquestions` ENABLE KEYS */;
UNLOCK TABLES;

--
-- Table structure for table `tblsite`
--

DROP TABLE IF EXISTS `tblsite`;
/*!40101 SET @saved_cs_client     = @@character_set_client */;
/*!40101 SET character_set_client = utf8 */;
CREATE TABLE `tblsite` (
  `site_id` int(11) NOT NULL AUTO_INCREMENT,
  `site_name` varchar(50) NOT NULL,
  `site_type` varchar(50) NOT NULL,
  `site_address` varchar(150) NOT NULL,
  `Active` tinyint(1) NOT NULL DEFAULT '1',
  PRIMARY KEY (`site_id`)
) ENGINE=MyISAM AUTO_INCREMENT=11 DEFAULT CHARSET=latin1;
/*!40101 SET character_set_client = @saved_cs_client */;

--
-- Dumping data for table `tblsite`
--

LOCK TABLES `tblsite` WRITE;
/*!40000 ALTER TABLE `tblsite` DISABLE KEYS */;
INSERT INTO `tblsite` VALUES (4,'Salt lake city','Store-1','3647 Macintosh lane',1),(1,'Acme - Broad St','Store-1','454 Broad Street\r\nPensacola, FL',1),(5,'McDonald\'s','Store-1','Torronto,Canada',1),(6,'718-Saskatoon','Store-1','2907 Faithfull Ave, Saskatoon',1),(7,'Tucson Store','Store-1','123 ItsaDryHeat Rd',1),(8,'EA Site-Testing','Store-8','DPS-LTI',1),(9,'7 Elevenn','Store-1','NYCC',1),(10,'BestBuy','Store-1','NYC',1);
/*!40000 ALTER TABLE `tblsite` ENABLE KEYS */;
UNLOCK TABLES;

--
-- Table structure for table `tbltarget`
--

DROP TABLE IF EXISTS `tbltarget`;
/*!40101 SET @saved_cs_client     = @@character_set_client */;
/*!40101 SET character_set_client = utf8 */;
CREATE TABLE `tbltarget` (
  `Target_ID` int(11) NOT NULL AUTO_INCREMENT,
  `Target_Value` int(11) DEFAULT NULL,
  `KPI_ID` int(11) DEFAULT NULL,
  `Level_ID` int(11) DEFAULT NULL,
  `Role_ID` int(11) DEFAULT NULL,
  `Active` tinyint(1) DEFAULT '1',
  `Target_Desc` varchar(500) DEFAULT NULL,
  `Points` int(11) DEFAULT NULL,
  `Target_Order` int(11) DEFAULT NULL,
  PRIMARY KEY (`Target_ID`),
  KEY `RoleID` (`Role_ID`),
  KEY `LevelID` (`Level_ID`),
  KEY `KPIID` (`KPI_ID`),
  CONSTRAINT `KPIID` FOREIGN KEY (`KPI_ID`) REFERENCES `tblkpi` (`KPI_ID`) ON DELETE CASCADE ON UPDATE CASCADE,
  CONSTRAINT `LevelID` FOREIGN KEY (`Level_ID`) REFERENCES `tbllevel` (`Level_ID`) ON DELETE CASCADE ON UPDATE CASCADE,
  CONSTRAINT `RoleID` FOREIGN KEY (`Role_ID`) REFERENCES `tblroles` (`Role_ID`) ON DELETE CASCADE ON UPDATE CASCADE
) ENGINE=InnoDB AUTO_INCREMENT=139 DEFAULT CHARSET=latin1;
/*!40101 SET character_set_client = @saved_cs_client */;

--
-- Dumping data for table `tbltarget`
--

LOCK TABLES `tbltarget` WRITE;
/*!40000 ALTER TABLE `tbltarget` DISABLE KEYS */;
INSERT INTO `tbltarget` VALUES (2,5,67,158,70,1,'',300,4),(3,10,68,158,70,1,'',200,1),(9,4,68,159,70,1,'',300,1),(10,2000,69,159,70,1,'',600,3),(11,20,74,159,70,1,'',500,4),(12,2,75,159,70,1,'',300,5),(13,5000,69,160,70,1,'',1000,NULL),(14,2,75,160,70,1,'',500,NULL),(15,200,72,160,70,1,'',500,NULL),(16,20,74,160,70,1,'',400,NULL),(17,4,68,160,70,1,'',400,NULL),(18,20,79,163,71,1,'',10,NULL),(20,100,82,178,72,1,'',100,NULL),(22,10,84,178,72,1,'',200,NULL),(23,5,86,178,72,1,'',200,NULL),(24,10,88,178,72,1,'',100,NULL),(25,200,82,179,72,1,'',150,NULL),(26,200,83,179,72,1,'',150,NULL),(27,20,85,179,72,1,'',200,NULL),(28,10,86,179,72,1,'',200,NULL),(29,25,88,179,72,1,'',200,NULL),(32,100,83,178,72,1,'',200,NULL),(36,500,69,158,70,1,'',500,3),(37,2,97,196,74,1,'',100,NULL),(39,3,98,197,74,1,'',200,NULL),(41,5,67,197,74,1,'',750,NULL),(42,3,74,197,74,1,'',850,NULL),(43,3,74,198,74,1,'',850,NULL),(45,6,99,198,74,1,'',900,NULL),(46,3,74,196,74,1,'',500,NULL),(47,5,101,198,74,1,'',1000,NULL),(48,3,103,199,74,1,'',600,NULL),(49,100,100,198,74,1,'',1000,NULL),(50,100,105,199,74,1,'',1000,NULL),(51,3,108,200,74,1,'',850,NULL),(53,100,107,201,74,1,'',1000,NULL),(54,100,113,201,74,1,'',1000,NULL),(55,3,112,201,74,1,'',1500,NULL),(56,5,111,201,74,1,'',2000,NULL),(57,5,110,200,74,1,'',900,NULL),(58,100,106,200,74,1,'',1000,NULL),(59,100,102,197,74,1,'',1000,NULL),(61,300,115,210,75,1,'',300,NULL),(66,323,115,211,75,1,'',333,NULL),(69,200,73,159,70,1,'',300,2),(81,1,127,213,76,1,'',50,NULL),(82,200,128,213,76,1,'',200,NULL),(83,200,129,213,76,1,'',200,NULL),(84,1,130,213,76,1,'',50,NULL),(85,1,131,214,76,1,'',100,NULL),(86,1,132,214,76,1,'',100,NULL),(87,200,133,214,76,1,'',100,NULL),(88,200,134,214,76,1,'',200,NULL),(89,100,135,214,76,1,'',200,NULL),(90,1,136,214,76,1,'',200,NULL),(91,5,137,214,76,1,'',500,NULL),(92,1,138,215,76,1,'',50,NULL),(93,1,139,215,76,1,'',50,NULL),(94,200,140,215,76,1,'',200,NULL),(95,200,141,215,76,1,'',200,NULL),(96,500,135,215,76,1,'',200,NULL),(97,5,142,215,76,1,'',200,NULL),(98,10,137,215,76,1,'',500,NULL),(99,1,143,216,77,1,'',50,NULL),(100,200,144,216,77,1,'',200,NULL),(101,200,133,216,77,1,'',200,NULL),(102,80,146,216,77,1,'',300,NULL),(103,70,147,216,77,1,'',400,NULL),(104,90,148,216,77,1,'',300,NULL),(105,5,149,216,77,1,'',300,NULL),(108,200,125,158,70,1,'',200,2),(110,1,150,217,80,1,'',100,2),(111,1,151,217,80,1,'',100,3),(112,120,152,217,80,1,'',200,5),(113,1,153,217,80,1,'',100,1),(114,1,154,217,80,1,'',200,4),(115,1,155,218,80,1,'',100,1),(116,1,156,218,80,1,'',100,2),(117,100,157,218,80,1,'',250,3),(118,100,158,218,80,1,'',250,4),(119,5,159,218,80,1,'',150,5),(120,2,160,218,80,1,'',100,6),(126,50,162,158,70,1,'',500,5),(129,10,163,158,70,1,'',300,6),(130,5,167,223,82,1,'',100,1),(131,20,168,223,82,1,'',100,2),(132,300,165,224,83,1,'',400,2),(133,1000,166,224,83,1,'',600,3),(134,450,165,227,83,1,'',750,1),(135,2000,166,227,83,1,'',900,2),(136,500,169,224,83,1,'',300,1),(137,5,167,225,82,1,'',50,1);
/*!40000 ALTER TABLE `tbltarget` ENABLE KEYS */;
UNLOCK TABLES;

--
-- Table structure for table `tblteam`
--

DROP TABLE IF EXISTS `tblteam`;
/*!40101 SET @saved_cs_client     = @@character_set_client */;
/*!40101 SET character_set_client = utf8 */;
CREATE TABLE `tblteam` (
  `team_id` int(11) NOT NULL AUTO_INCREMENT,
  `team_name` varchar(50) DEFAULT NULL,
  `team_leader` int(11) DEFAULT NULL,
  PRIMARY KEY (`team_id`)
) ENGINE=MyISAM DEFAULT CHARSET=latin1;
/*!40101 SET character_set_client = @saved_cs_client */;

--
-- Dumping data for table `tblteam`
--

LOCK TABLES `tblteam` WRITE;
/*!40000 ALTER TABLE `tblteam` DISABLE KEYS */;
/*!40000 ALTER TABLE `tblteam` ENABLE KEYS */;
UNLOCK TABLES;

--
-- Table structure for table `tbluser`
--

DROP TABLE IF EXISTS `tbluser`;
/*!40101 SET @saved_cs_client     = @@character_set_client */;
/*!40101 SET character_set_client = utf8 */;
CREATE TABLE `tbluser` (
  `UserID` int(11) NOT NULL AUTO_INCREMENT,
  `U_EmpID` varchar(200) NOT NULL,
  `U_Name` varchar(50) NOT NULL,
  `U_SysRole` varchar(50) NOT NULL,
  `U_RolesID` int(11) NOT NULL,
  `U_Password` varchar(100) DEFAULT NULL,
  `U_FirstName` varchar(50) DEFAULT NULL,
  `U_LastName` varchar(20) DEFAULT NULL,
  `U_NickName` varchar(50) DEFAULT NULL,
  `Active` tinyint(4) DEFAULT '1',
  `U_Email` varchar(45) DEFAULT NULL,
  `U_SiteID` int(11) DEFAULT NULL,
  `U_TeamID` int(11) DEFAULT NULL,
  `ActiveUpdatedDate` datetime DEFAULT NULL,
  `U_EmpNo` int(11) DEFAULT NULL,
  `ManagerID` int(11) DEFAULT '0',
  `Display_Name` int(11) NOT NULL DEFAULT '1',
  `U_Points` int(11) NOT NULL DEFAULT '0',
  `LastLogin` datetime DEFAULT NULL,
  PRIMARY KEY (`UserID`),
  UNIQUE KEY `U_Name` (`U_Name`)
) ENGINE=InnoDB AUTO_INCREMENT=129 DEFAULT CHARSET=latin1;
/*!40101 SET character_set_client = @saved_cs_client */;

--
-- Dumping data for table `tbluser`
--

LOCK TABLES `tbluser` WRITE;
/*!40000 ALTER TABLE `tbluser` DISABLE KEYS */;
INSERT INTO `tbluser` VALUES (1,'EMP1','Admin','Admin',1,'1000:Myy1NgFm4oYRAQgcGIDAA1/KUtFEKdxH:UBGWkbfizVyOIcHLF/fXX6RyaTz56zlV','Stuart','Silverman','Stu',1,'stuart@impactsimulations.com',1,NULL,'2014-04-21 23:31:59',NULL,NULL,1,0,'2015-03-30 21:27:16'),(2,'EMP2','TopManager','Manager',2,'Manager','John','Parkin','John',1,'jparkin@impactsimulations.com',1,NULL,'2014-04-21 23:31:59',NULL,2,1,0,'2014-06-23 19:54:19'),(37,'EMP37','99999','Player',70,'1000:GXSpEfmED2ICSA1awzH7oAc3uJcIVzQN:KK3rIVc551Gezb+wan8uXk728A2u5+US','Angela','Chang','',1,'',1,NULL,'2015-03-11 14:31:35',NULL,44,1,4109,'2015-06-17 21:34:59'),(38,'EMP38','33333','Player',70,'1000:1O0VrUf/7ntjNdAEEZTv/s7zueQT/To3:KlrrTyZPjFKjQ2jzPEpD0uERJ2N48OIB','Ricky','Avila','Rik',1,'',1,NULL,'2015-03-02 14:22:22',NULL,44,1,14404,'2015-06-22 01:05:32'),(39,'EMP39','44444','Player',70,'1000:1O0VrUf/7ntjNdAEEZTv/s7zueQT/To3:KlrrTyZPjFKjQ2jzPEpD0uERJ2N48OIB','Jordan','Brown','Jordy',1,'',1,NULL,'2015-03-11 14:36:28',NULL,44,1,3154,'2015-06-18 16:19:13'),(40,'EMP40','55555','Player',70,'1000:J2Z6wvUIqbMANszuQR0h4kNxMwqjn9Ni:vS5aB+IJIVPEtr0OObWoWd+fBNYy8uRG','Sandra','Harvey','Sandy',1,'',1,NULL,'2015-03-11 14:49:47',NULL,44,0,15287,'2015-05-14 08:49:24'),(41,'EMP41','66666','Player',70,'1000:1O0VrUf/7ntjNdAEEZTv/s7zueQT/To3:KlrrTyZPjFKjQ2jzPEpD0uERJ2N48OIB','Santiago','Cruz','Santi',1,'',1,NULL,'2015-03-11 14:44:22',NULL,44,1,4388,'2015-03-11 18:06:28'),(42,'EMP42','77777','Player',70,'1000:1O0VrUf/7ntjNdAEEZTv/s7zueQT/To3:KlrrTyZPjFKjQ2jzPEpD0uERJ2N48OIB','Jessica','Ashah','Jess',1,'',1,NULL,'2014-12-17 17:34:50',NULL,44,1,2138,'2014-12-17 17:36:31'),(43,'EMP43','1234','Player',71,'qwer','Alex','Smith','Smudger',1,'',4,NULL,'2014-08-25 15:36:26',NULL,2,1,33,'2013-11-15 23:15:51'),(44,'EMP44','22222','Manager',2,'1000:1O0VrUf/7ntjNdAEEZTv/s7zueQT/To3:KlrrTyZPjFKjQ2jzPEpD0uERJ2N48OIB','LINDA','McPhee','Lindy',1,'',1,NULL,'2014-04-22 00:31:32',NULL,2,0,600,NULL),(45,'EMP45','haseeb','Player',70,'1000:1O0VrUf/7ntjNdAEEZTv/s7zueQT/To3:KlrrTyZPjFKjQ2jzPEpD0uERJ2N48OIB','Abdul','Haseeb','demos',1,'haseeb_vic@hotmail.com',1,NULL,'2014-11-06 12:31:32',NULL,44,1,8438,'2015-05-14 08:53:25'),(46,'EMP46','12345','Player',71,'1000:1O0VrUf/7ntjNdAEEZTv/s7zueQT/To3:KlrrTyZPjFKjQ2jzPEpD0uERJ2N48OIB','Jason','Bourn','Ja',0,'',4,NULL,'2013-11-20 02:56:19',NULL,44,1,35,'2013-11-18 19:36:15'),(47,'EMP47','220','Manager',2,'1000:1O0VrUf/7ntjNdAEEZTv/s7zueQT/To3:KlrrTyZPjFKjQ2jzPEpD0uERJ2N48OIB','John','Parkin Test','John',1,'',6,NULL,'2014-04-21 23:32:41',NULL,0,1,0,NULL),(48,'EMP48','221','Player',72,'1000:1O0VrUf/7ntjNdAEEZTv/s7zueQT/To3:KlrrTyZPjFKjQ2jzPEpD0uERJ2N48OIB','Bill','Kennedy Test','Bill',1,'',6,NULL,'2013-11-22 18:33:32',NULL,47,1,55,'2013-11-20 20:28:14'),(49,'EMP49','222','Player',72,'1000:1O0VrUf/7ntjNdAEEZTv/s7zueQT/To3:KlrrTyZPjFKjQ2jzPEpD0uERJ2N48OIB','Eric','Olafson Test','Eric',1,'',6,NULL,'2013-11-22 18:19:20',NULL,47,1,950,'2013-11-26 14:17:39'),(50,'EMP50','223','Player',72,'1000:1O0VrUf/7ntjNdAEEZTv/s7zueQT/To3:KlrrTyZPjFKjQ2jzPEpD0uERJ2N48OIB','Jaye','Olafson Test','Jaye',1,'',6,NULL,'2013-11-22 18:19:46',NULL,47,1,800,NULL),(51,'EMP51','224','Player',72,'1000:1O0VrUf/7ntjNdAEEZTv/s7zueQT/To3:KlrrTyZPjFKjQ2jzPEpD0uERJ2N48OIB','Kathryn','Murphy Test','Kathryn',1,'',6,NULL,'2013-11-22 18:20:22',NULL,47,1,500,NULL),(52,'EMP52','225','Player',72,'1000:1O0VrUf/7ntjNdAEEZTv/s7zueQT/To3:KlrrTyZPjFKjQ2jzPEpD0uERJ2N48OIB','Kathy','McCarthy Test','Kathy',1,'',6,NULL,'2013-11-22 18:20:40',NULL,47,1,300,NULL),(53,'EMP53','KennedyB','Player',72,'1000:1O0VrUf/7ntjNdAEEZTv/s7zueQT/To3:KlrrTyZPjFKjQ2jzPEpD0uERJ2N48OIB','Bill','Kennedy','Bill',1,'',6,NULL,'2013-11-22 18:53:52',NULL,54,1,33,'2014-12-08 19:13:50'),(54,'EMP54','ParkinJ','Manager',2,'1000:1O0VrUf/7ntjNdAEEZTv/s7zueQT/To3:KlrrTyZPjFKjQ2jzPEpD0uERJ2N48OIB','John','Parkin','John',1,'',6,NULL,'2014-04-21 23:31:22',NULL,0,1,0,NULL),(55,'EMP55','OlafsonE','Player',72,'1000:1O0VrUf/7ntjNdAEEZTv/s7zueQT/To3:KlrrTyZPjFKjQ2jzPEpD0uERJ2N48OIB','Eric','Olafson','Eric',1,'',6,NULL,'2013-11-22 18:54:23',NULL,54,1,800,'2013-11-28 21:33:13'),(56,'EMP56','OlafsonJ','Player',72,'1000:1O0VrUf/7ntjNdAEEZTv/s7zueQT/To3:KlrrTyZPjFKjQ2jzPEpD0uERJ2N48OIB','Jaye','Olafson','Jaye',1,'',6,NULL,'2013-11-22 18:55:03',NULL,54,1,600,'2013-11-22 19:23:35'),(57,'EMP57','MurphyK','Player',72,'1000:1O0VrUf/7ntjNdAEEZTv/s7zueQT/To3:KlrrTyZPjFKjQ2jzPEpD0uERJ2N48OIB','Kathryn','Murphy','Kathryn',0,'',6,NULL,'2014-12-01 20:21:43',NULL,54,1,600,'2013-11-22 19:02:34'),(58,'EMP58','McCarthyK','Player',72,'1000:1O0VrUf/7ntjNdAEEZTv/s7zueQT/To3:KlrrTyZPjFKjQ2jzPEpD0uERJ2N48OIB','Kathy','McCarthy','Kathy',1,'',6,NULL,'2013-11-22 18:56:10',NULL,54,1,300,'2013-12-04 00:52:10'),(59,'EMP59','PinkK','Player',72,'1000:1O0VrUf/7ntjNdAEEZTv/s7zueQT/To3:KlrrTyZPjFKjQ2jzPEpD0uERJ2N48OIB','Ken','Pink','Ken',1,'',6,NULL,'2013-11-24 21:03:01',NULL,54,1,0,'2013-11-24 21:05:08'),(60,'EMP60','PeterW','Manager',2,'1000:1O0VrUf/7ntjNdAEEZTv/s7zueQT/To3:KlrrTyZPjFKjQ2jzPEpD0uERJ2N48OIB','Peter','Wellman','PW',1,'',7,NULL,'2014-04-25 14:55:00',NULL,54,1,0,NULL),(61,'EMP61','SanjayaN','Player',70,'1000:1O0VrUf/7ntjNdAEEZTv/s7zueQT/To3:KlrrTyZPjFKjQ2jzPEpD0uERJ2N48OIB','Sanjaya','Nath','Sanj',1,'',7,NULL,'2014-04-25 14:56:03',NULL,60,1,1100,'2014-05-13 19:28:57'),(63,'EMP63','Ioo1','Manager',2,NULL,'Kishor','Gummaraju','Kishor',1,'',1,NULL,NULL,NULL,2,1,0,NULL),(64,'EMP64','Kishor','Manager',2,'1000:1O0VrUf/7ntjNdAEEZTv/s7zueQT/To3:KlrrTyZPjFKjQ2jzPEpD0uERJ2N48OIB','Kishor','Gummaraju','Kishor',1,'',1,NULL,'2014-06-09 19:10:10',NULL,2,1,0,NULL),(65,'EMP65','Michael','Player',70,'1000:1O0VrUf/7ntjNdAEEZTv/s7zueQT/To3:KlrrTyZPjFKjQ2jzPEpD0uERJ2N48OIB','Michael','Hendrix','Michael',1,'',1,NULL,'2014-06-09 19:45:33',NULL,64,1,1488,'2014-08-26 18:22:15'),(66,'EMP66','Holly','Player',70,'1000:1O0VrUf/7ntjNdAEEZTv/s7zueQT/To3:KlrrTyZPjFKjQ2jzPEpD0uERJ2N48OIB','Holly','Benson','Holly',1,'',1,NULL,'2014-06-09 19:52:06',NULL,64,1,1888,'2014-11-17 19:24:45'),(67,'EMP67','Rudi','Player',70,'1000:1O0VrUf/7ntjNdAEEZTv/s7zueQT/To3:KlrrTyZPjFKjQ2jzPEpD0uERJ2N48OIB','Rudi','Lehman','Rudi',1,'',1,NULL,'2014-06-09 20:53:20',NULL,64,1,1788,'2014-06-09 19:35:18'),(68,'EMP68','2345','Player',74,'1000:1O0VrUf/7ntjNdAEEZTv/s7zueQT/To3:KlrrTyZPjFKjQ2jzPEpD0uERJ2N48OIB','Ashely','Fletcher','Ash',1,'ash.fletch@blah.com',1,NULL,'2014-06-24 18:54:55',NULL,44,1,3900,'2014-09-22 18:17:51'),(69,'EMP69','Aun','Player',70,'1000:SkunISJjxaEksHb8y4egFPluXjuFiBGH:gnjKyeSnRnWMW0Tt1cVj7aWf7WZyasOI','Aun','Haider','Aun',1,'aunhaider65@yahoo.com',1,NULL,NULL,NULL,44,1,5925,'2014-11-17 19:23:29'),(70,'EMP70','AleksP','Player',70,'1000:1O0VrUf/7ntjNdAEEZTv/s7zueQT/To3:KlrrTyZPjFKjQ2jzPEpD0uERJ2N48OIB','Aleksandra','Player','Aleks',0,'',1,NULL,'2014-12-01 20:22:05',NULL,44,1,2000,'2014-11-17 20:55:36'),(71,'EMP71','EaPlayer','Player',75,NULL,'EA','Player','Testing',1,'test@tester.com',8,NULL,'2014-08-08 13:52:15',NULL,2,1,3063,NULL),(72,'EMP72','test','Manager',71,NULL,'test','test','test',1,'test@abc.xom',6,NULL,NULL,NULL,60,1,0,NULL),(73,'EMP73','tester1','Player',70,'1000:aKmPb6H4sdpMyhzjOzRdNPyBdYrwWeJI:BKd9wpbGDKnBHsoXjLfCjFh7zrtTmFPx','Tester','One','Joe',1,'',1,NULL,'2015-03-02 14:44:01',NULL,54,1,6082,'2015-06-24 21:01:52'),(74,'EMP74','tester2','Player',70,'1000:1O0VrUf/7ntjNdAEEZTv/s7zueQT/To3:KlrrTyZPjFKjQ2jzPEpD0uERJ2N48OIB','Tester','Two','Mike',1,'',1,NULL,'2014-11-17 23:16:56',NULL,60,1,1000,'2015-03-18 20:09:46'),(75,'EMP75','tester3','Player',70,'1000:1O0VrUf/7ntjNdAEEZTv/s7zueQT/To3:KlrrTyZPjFKjQ2jzPEpD0uERJ2N48OIB','Tester','Three','Anne',1,'',1,NULL,'2015-02-11 18:07:29',NULL,44,1,200,'2015-02-18 19:02:09'),(76,'EMP76','tester4','Player',70,'1000:1O0VrUf/7ntjNdAEEZTv/s7zueQT/To3:KlrrTyZPjFKjQ2jzPEpD0uERJ2N48OIB','Tester','Four','Bobby',1,'',1,NULL,'2014-09-23 18:52:46',NULL,2,1,0,'2015-02-04 20:08:11'),(77,'EMP77','tester5','Player',70,'1000:1O0VrUf/7ntjNdAEEZTv/s7zueQT/To3:KlrrTyZPjFKjQ2jzPEpD0uERJ2N48OIB','Tester','Five','Henry',1,'',7,NULL,'2014-09-23 18:53:06',NULL,64,1,0,'2014-10-14 20:24:15'),(78,'EMP78','makh','Player',70,'1000:1O0VrUf/7ntjNdAEEZTv/s7zueQT/To3:KlrrTyZPjFKjQ2jzPEpD0uERJ2N48OIB','Salman','Lone','',0,'r3xd3mo@gmail.com',1,NULL,NULL,NULL,44,1,8300,'2014-08-28 14:20:13'),(79,'EMP79','shah','Player',70,'1000:1O0VrUf/7ntjNdAEEZTv/s7zueQT/To3:KlrrTyZPjFKjQ2jzPEpD0uERJ2N48OIB','Shah','sherazi','shah',1,'aunhaider65@yahoo.com',1,NULL,'2014-09-09 09:19:43',NULL,44,1,11000,'2014-09-25 09:52:13'),(80,'EMP80','TomParkin','Player',71,NULL,'Tom','Parkin','Glorber',1,'',6,NULL,NULL,NULL,54,1,0,NULL),(81,'EMP81','Stuart','Player',70,NULL,'Stuart','Silvermantoo','',0,'',1,NULL,'2014-09-11 21:12:40',NULL,44,1,0,NULL),(82,'EMP82','HM1','Player',76,'1000:9kgivOm0KU/cr9s+IFk8q9mKPU8hzlGY:YBHKAnxOUgsnWarsRNtTeM090V8Xd3gE','Harry','Markham','',1,'',4,NULL,'2014-09-17 21:11:46',NULL,85,1,250,'2014-12-05 15:54:35'),(83,'EMP83','HM2','Player',76,'1000:B4Qqvog69/v2xSt6c5UDstLWHkS63Vq+:0QeA+9WfncK+BC0LKAFMLkLOcRupqpHf','Holly','Morris','',1,'',4,NULL,'2014-09-17 18:05:26',NULL,85,1,626,'2014-09-18 14:51:09'),(84,'EMP84','HM3','Player',76,'1000:Kq3zuv3lbYNaRRADaGmQ/Jt8cIWQl8jE:mlunPzI6cXIsmb2fDM/hm7+VsZD3R0RR','Hap','Martinez','',1,'',7,NULL,'2014-09-18 15:21:52',NULL,85,1,700,'2014-12-05 16:52:48'),(85,'EMP85','hmmm','Manager',2,'1000:6kmqEYAbH8naHSWQ/n72uGEWTO5NwYLC:ujgYwdujZGleZrIbxT14HIc7N5K/q1lr','Hope','Marshall','',1,'',7,NULL,'2014-09-17 18:03:27',NULL,2,1,0,'2014-09-18 17:43:40'),(86,'EMP86','Hmmp','Player',77,'1000:LGZ9w0oTMcO3a+bhhGnZmQmNTJu7xFq/:cWtv7bMao64VJS68GKYE/aywR9wbfc3h','Hope','Marshall','',1,'',7,NULL,'2014-09-17 22:32:19',NULL,54,1,450,'2014-09-22 02:17:29'),(87,'EMP87','Dee','Player',70,'1000:ctm1hkCRvATK6fYTEJMtB3jDTx04XKvi:HpWews0pZEjlGbm9FXdn0FsF/zZO44Lx','Khadijah','Okoh','Dee',1,'',1,NULL,NULL,NULL,44,1,8800,'2014-09-24 16:04:22'),(88,'EMP88','ajksh','Player',70,'demo','asd','asd','asd',1,NULL,1,123,NULL,NULL,0,1,0,NULL),(89,'EMP103','moiz','Player',70,NULL,'moiz','rauf','mm',1,'moiz.rauf@d-p-s.com',6,NULL,NULL,NULL,64,1,0,NULL),(90,'EMP90','tester6','Player',70,'1000:vMErd9jDbZQm+Ix40i9IjMnBtaR3txX1:RdZ6pEO5jYD7Zdwvqf8nbIXzuzrc//EI','Tester','Six','TS',1,'',1,1,'2014-12-17 17:40:03',1,99,1,9200,'2014-09-24 16:04:22'),(91,'EMP91','tester7','Player',70,'1000:aKmPb6H4sdpMyhzjOzRdNPyBdYrwWeJI:BKd9wpbGDKnBHsoXjLfCjFh7zrtTmFPx','Tester','Seven','Tseven',1,'',1,1,'2014-11-20 00:00:00',1,44,1,1056,'2015-02-18 20:50:44'),(92,'EMP92','tester8','Player',70,'1000:1O0VrUf/7ntjNdAEEZTv/s7zueQT/To3:KlrrTyZPjFKjQ2jzPEpD0uERJ2N48OIB','Tester','Eight','Teight',1,'',1,1,'2014-12-17 17:38:58',1,99,1,2956,'2015-02-18 21:39:23'),(93,'1000','jseas','Player',70,'1000:1O0VrUf/7ntjNdAEEZTv/s7zueQT/To3:KlrrTyZPjFKjQ2jzPEpD0uERJ2N48OIB','jseas','jseas','jseas',1,'jseas@test.com',6,NULL,NULL,NULL,2,1,0,'2014-11-29 23:02:02'),(94,'a12345','aangelac','Player',80,'1000:zM8U6Q6wG2fj66UTIsdqg2QpYF1TqEKv:Y8jGj4RkGryLyXOF+CZoh3q/XEewmmeP','Angela','Chang','Angie',1,'',1,NULL,'2014-12-01 21:12:57',NULL,99,1,700,'2015-05-12 02:13:01'),(95,'a12346','adaniellah','Player',80,'1000:8eoymLRkqh8KE3cFdht4fuNSuNuC/vxE:hbLfsGiWWKBmL2OcxxvKWsimAHhvD+TZ','Daniella','Harvey','Dani',1,'',1,NULL,'2014-12-01 21:24:47',NULL,99,1,1761,'2014-12-01 21:33:27'),(96,'a12347','ajordanb','Player',80,'1000:XntdnwMSgKSsI50DqKTpOyLyJBFqFYrF:HQ3KCucOyyBY8H50XnJjaqyjhwnH+Egb','Jordan','Brown','Jordie',1,'',1,NULL,'2014-12-02 18:03:49',NULL,99,1,450,'2015-05-12 02:18:29'),(97,'a12348','arickya','Player',80,'1000:ApZbXgLx/2ntaZYdb2iUKDaXoNcaT3FL:lVaTRnNzBN4GJM/tCghJ5AwnVVBQLOcW','Ricky','Avila','Ricky',1,'',1,NULL,'2015-03-18 20:08:02',NULL,99,1,4047,'2015-03-19 18:10:19'),(98,'a12349','asantiagoc','Player',80,'1000:V9JMqSL8QXxZDfWf0ZjkYaEZjkwvDmcH:lRJb6nnezmU3TNPJF92Wk2LkBob0d/dU','Santiago','Cruz','Ti',1,'',1,NULL,'2014-12-01 21:27:55',NULL,99,1,1933,'2014-12-01 21:34:47'),(99,'a12340','alindam','Manager',2,'1000:wUApiPrJFmPE3xJfwJZ2vsv5gczFMRLn:6kg7ufDXH7EcLf+xNClNp0ty3k7ikhqB','Linda','McPhee','Linda',1,'',1,NULL,'2014-12-01 20:45:36',NULL,2,1,0,NULL),(100,'EMP93','tester9','Player',70,'1000:0c1tZg266Ix11IvUPhKylk9U2NhQCLZq:+cgjvhKeAVA37yN5bOUjFMEq4BXRA8LX','Tester','Nine','Tnine',1,'',1,NULL,NULL,NULL,2,1,200,'2015-02-18 20:52:20'),(101,'EMP92','tester10','Player',70,'1000:1O0VrUf/7ntjNdAEEZTv/s7zueQT/To3:KlrrTyZPjFKjQ2jzPEpD0uERJ2N48OIB','Tester','Ten','TTen',1,'',1,1,'2014-12-17 17:39:36',1,99,1,1056,'2015-02-18 19:11:53'),(102,'EMP94','tester11','Player',70,'1000:t8a0U3NJbYLijh3ti/Y1JXjyu6lsTO23:JCXGLkW3f/e6yhY4v8NdSRMdaitI38WE','Tester','Eleven','Televen',1,'',1,1,'2014-12-17 17:40:38',1,99,1,878,'2015-02-18 20:52:36'),(104,'EMP95','tester12','Player',70,'1000:9UGso/fqTzPEjIG4krvUUuBPvL2jjbRW:3QFT20bXtO/YTXC0GHommFwcFMk6Upud','Tester','Twelve','TTwelve',1,'',1,NULL,'2015-02-04 22:29:38',NULL,44,1,700,NULL),(105,'EMP96','tester13','Player',70,'1000:+5Cp3M6VLP+i2mSB5qsSr+GbceoTZoY4:xH6l5gQBxLprxB7ZFeyhxeghh8g4dbVw','Tester','Thirteen','TThirteen',1,'',1,NULL,NULL,NULL,44,1,200,'2015-02-18 23:00:45'),(106,'EMP97','tester14','Player',70,'1000:zti2jgm/jt/jrKnWH3i49zOYUh/QyqJX:SG7Kva941KS28EiwCTSsQiGm8SiPkFMV','Tester','Fourteen','TFourteen',1,'',1,NULL,NULL,NULL,44,1,200,'2015-02-18 23:02:06'),(107,'EMP98','tester15','Player',70,'1000:zti2jgm/jt/jrKnWH3i49zOYUh/QyqJX:SG7Kva941KS28EiwCTSsQiGm8SiPkFMV','Tester','Fifteen','Tfifteen',1,'',1,1,'2015-02-04 22:29:38',1,44,1,900,'2015-02-18 23:02:43'),(108,'EMP99','tester16','Player',70,'1000:zti2jgm/jt/jrKnWH3i49zOYUh/QyqJX:SG7Kva941KS28EiwCTSsQiGm8SiPkFMV','Tester','Sixteen','Tsixteen',1,'',1,1,'2015-02-04 22:29:38',1,44,1,500,'2015-02-18 23:03:03'),(109,'EMP100','tester17','Player',70,'1000:zti2jgm/jt/jrKnWH3i49zOYUh/QyqJX:SG7Kva941KS28EiwCTSsQiGm8SiPkFMV','Tester','Seventeen','Tseventeen',1,'',1,1,'2015-02-04 22:29:38',1,44,1,200,'2015-02-18 23:04:00'),(110,'EMP101','tester18','Player',70,'1000:zti2jgm/jt/jrKnWH3i49zOYUh/QyqJX:SG7Kva941KS28EiwCTSsQiGm8SiPkFMV','Tester','Eighteen','Teighteen',1,'',1,1,'2015-02-04 22:29:38',1,44,1,200,'2015-03-18 19:13:01'),(111,'EMP102','tester19','Player',70,'1000:zti2jgm/jt/jrKnWH3i49zOYUh/QyqJX:SG7Kva941KS28EiwCTSsQiGm8SiPkFMV','Tester','Nineteen','Tnineteen',1,'',1,1,'2015-02-04 22:29:38',1,44,1,200,'2015-02-18 23:04:31'),(112,'EMP103','tester20','Player',70,'1000:zti2jgm/jt/jrKnWH3i49zOYUh/QyqJX:SG7Kva941KS28EiwCTSsQiGm8SiPkFMV','Tester','Twenty','Ttwenty',1,'',1,1,'2015-02-04 22:29:38',1,44,1,200,'2015-02-18 23:05:09'),(113,'EMP104','tester21','Player',70,'1000:zti2jgm/jt/jrKnWH3i49zOYUh/QyqJX:SG7Kva941KS28EiwCTSsQiGm8SiPkFMV','Tester','TwentyOne','TTwentyOne',1,'',1,1,'2015-02-04 22:29:38',1,44,1,200,'2015-02-18 23:05:39'),(114,'EMP105','tester22','Player',70,'1000:zti2jgm/jt/jrKnWH3i49zOYUh/QyqJX:SG7Kva941KS28EiwCTSsQiGm8SiPkFMV','Tester','TwentyTwo','TTwentyTwo',1,'',1,1,'2015-02-04 22:29:38',1,44,1,200,'2015-02-18 23:05:57'),(115,'EMP106','tester23','Player',70,'1000:zti2jgm/jt/jrKnWH3i49zOYUh/QyqJX:SG7Kva941KS28EiwCTSsQiGm8SiPkFMV','Tester','TwentyThree','TTwentyThree',1,'',1,1,'2015-02-04 22:29:38',1,44,1,200,'2015-02-18 23:06:17'),(116,'EMP107','tester24','Player',70,'1000:zti2jgm/jt/jrKnWH3i49zOYUh/QyqJX:SG7Kva941KS28EiwCTSsQiGm8SiPkFMV','Tester','TwentyFour','TTwentyFour',1,'',1,1,'2015-02-04 22:29:38',1,44,1,200,'2015-02-18 23:06:53'),(117,'EMP108','tester25','Player',70,'1000:zti2jgm/jt/jrKnWH3i49zOYUh/QyqJX:SG7Kva941KS28EiwCTSsQiGm8SiPkFMV','Tester','TwentyFive','TTwentyFive',1,'',1,1,'2015-02-04 22:29:38',1,44,1,200,'2015-03-24 18:29:26'),(118,'EMP109','tester26','Player',70,'1000:fxKBpvnSoHqB4XHEJU2ViBvkpEVi1zcT:/LSYuttmfQrv6iZBhtFz4VDBfN2kgrnX','Tester','TwentySix','TSix',1,'',1,NULL,NULL,NULL,44,1,300,'2015-02-18 23:00:31'),(119,'EMP120','Dhiraj','Player',83,'1000:u3Cls3iVRpxJ4Utu1WFKi9DDaCCEJqnI:3jP1WKvWGZVoxiPiOpD9qoF5bMbmcQVu','Dhiraj','Gupta','hou',1,'',10,NULL,'2015-06-17 15:49:30',NULL,2,1,1225,'2015-06-23 20:17:04'),(120,'EMP121','Ash','Player',83,'1000:lLaZyQNiy//cKhE8mP5EyAS5JrOUK/lS:Qr/dir3UyF9W5WkZzCu/cjcwjQ0WdZVl','Ash','Ahmed','',1,'',10,NULL,'2015-06-16 20:07:00',NULL,2,1,1875,'2015-06-24 17:17:35'),(125,'EMP28','tester28','Player',82,'1000:UEzuFN5eB0Y4MGvl8K6planOOCycZA5O:vKCuAF2mVaACCMUUAuY9/pLBxUh+9OTa','tester','gupta','',1,'',9,NULL,'2015-06-17 20:16:43',NULL,2,1,2250,'2015-06-23 20:20:25'),(126,'emp7','ash7','Player',83,'1000:sJ+lihHXsqUYTp1PJWmOoqo+9y477Hvu:5Y/XwAK5ObHDNth1KDqhyGc9whP8hLM1','ash','ahmed','',1,'',10,NULL,NULL,NULL,2,1,700,'2015-06-24 17:17:58'),(127,'EMP122','tester30','Player',83,'1000:1O0VrUf/7ntjNdAEEZTv/s7zueQT/To3:KlrrTyZPjFKjQ2jzPEpD0uERJ2N48OIB','tester','thirty','TThirty',1,'',10,NULL,'2015-06-17 15:06:36',1,2,1,90000,'2015-06-17 15:21:13'),(128,'EMP131','tester131','Player',82,'1000:IfdKe1WGiGHfTa3tRc4jmFJsjLZbmujh:FaessAJHOSXkTXUTx7NHiHjKzO6moocY','testerabc','abc','',1,'',9,NULL,'2015-06-24 16:45:52',NULL,2,1,100,'2015-06-24 20:42:51');
/*!40000 ALTER TABLE `tbluser` ENABLE KEYS */;
UNLOCK TABLES;

--
-- Table structure for table `tbluserawardachieved`
--

DROP TABLE IF EXISTS `tbluserawardachieved`;
/*!40101 SET @saved_cs_client     = @@character_set_client */;
/*!40101 SET character_set_client = utf8 */;
CREATE TABLE `tbluserawardachieved` (
  `ID` int(11) NOT NULL AUTO_INCREMENT,
  `UserID` int(11) NOT NULL,
  `Award_ID` int(11) NOT NULL,
  PRIMARY KEY (`ID`)
) ENGINE=MyISAM DEFAULT CHARSET=latin1;
/*!40101 SET character_set_client = @saved_cs_client */;

--
-- Dumping data for table `tbluserawardachieved`
--

LOCK TABLES `tbluserawardachieved` WRITE;
/*!40000 ALTER TABLE `tbluserawardachieved` DISABLE KEYS */;
/*!40000 ALTER TABLE `tbluserawardachieved` ENABLE KEYS */;
UNLOCK TABLES;

--
-- Table structure for table `tbluserawards`
--

DROP TABLE IF EXISTS `tbluserawards`;
/*!40101 SET @saved_cs_client     = @@character_set_client */;
/*!40101 SET character_set_client = utf8 */;
CREATE TABLE `tbluserawards` (
  `userAwardsId` int(11) NOT NULL AUTO_INCREMENT,
  `user_id` int(11) DEFAULT NULL,
  `award_id` int(11) DEFAULT NULL,
  `awarded_date` datetime DEFAULT NULL,
  `manual` tinyint(1) DEFAULT NULL,
  `awardedBy` int(11) DEFAULT NULL,
  `target_scores` int(11) DEFAULT NULL,
  `achieved_scores` int(11) DEFAULT NULL,
  `popup_showed` tinyint(1) DEFAULT '0',
  `kpi_id` int(11) DEFAULT NULL,
  PRIMARY KEY (`userAwardsId`)
) ENGINE=MyISAM AUTO_INCREMENT=632 DEFAULT CHARSET=latin1;
/*!40101 SET character_set_client = @saved_cs_client */;

--
-- Dumping data for table `tbluserawards`
--

LOCK TABLES `tbluserawards` WRITE;
/*!40000 ALTER TABLE `tbluserawards` DISABLE KEYS */;
INSERT INTO `tbluserawards` VALUES (24,49,12,'2013-11-20 02:55:26',1,1,NULL,NULL,1,NULL),(25,49,1,'2013-11-20 02:55:35',1,1,NULL,NULL,1,NULL),(23,49,4,'2013-11-20 02:55:17',1,1,NULL,NULL,1,NULL),(22,49,8,'2013-11-20 02:55:09',1,1,NULL,NULL,1,NULL),(205,40,10,'2014-11-21 12:11:09',0,NULL,NULL,150,0,78),(19,48,8,'2013-11-20 02:53:53',1,1,NULL,NULL,1,NULL),(20,48,12,'2013-11-20 02:54:00',1,1,NULL,NULL,1,NULL),(17,45,2,'2013-11-19 12:13:42',1,1,NULL,NULL,1,NULL),(206,40,9,'2014-11-21 12:11:21',0,NULL,NULL,145000,0,69),(18,37,3,'2013-11-19 19:29:49',1,1,NULL,NULL,1,NULL),(207,40,2,'2014-11-25 19:30:15',1,1,NULL,NULL,1,NULL),(21,48,7,'2013-11-20 02:54:22',1,1,NULL,NULL,1,NULL),(26,50,8,'2013-11-20 02:57:06',1,1,NULL,NULL,1,NULL),(27,50,12,'2013-11-20 02:57:15',1,1,NULL,NULL,1,NULL),(28,50,3,'2013-11-20 02:57:26',1,1,NULL,NULL,1,NULL),(29,50,2,'2013-11-20 02:57:36',1,1,NULL,NULL,1,NULL),(30,51,8,'2013-11-20 02:58:19',1,1,NULL,NULL,0,NULL),(31,51,12,'2013-11-20 02:58:24',1,1,NULL,NULL,0,NULL),(32,51,3,'2013-11-20 02:58:33',1,1,NULL,NULL,0,NULL),(33,52,8,'2013-11-20 02:59:24',1,1,NULL,NULL,1,NULL),(34,52,12,'2013-11-20 02:59:30',1,1,NULL,NULL,1,NULL),(35,52,6,'2013-11-20 02:59:40',1,1,NULL,NULL,1,NULL),(208,40,2,'2014-11-25 23:58:01',1,1,NULL,NULL,1,NULL),(37,55,8,'2013-11-22 18:37:16',1,1,NULL,NULL,1,NULL),(38,55,12,'2013-11-22 18:37:21',1,1,NULL,NULL,1,NULL),(39,55,6,'2013-11-22 18:37:30',1,1,NULL,NULL,1,NULL),(40,53,8,'2013-11-22 18:38:16',1,1,NULL,NULL,1,NULL),(41,53,1,'2013-11-22 18:38:21',1,1,NULL,NULL,1,NULL),(42,53,12,'2013-11-22 18:38:33',1,1,NULL,NULL,1,NULL),(44,53,3,'2013-11-22 18:39:14',1,1,NULL,NULL,1,NULL),(45,56,8,'2013-11-22 18:42:45',1,1,NULL,NULL,1,NULL),(46,56,12,'2013-11-22 18:42:50',1,1,NULL,NULL,1,NULL),(47,56,7,'2013-11-22 18:42:55',1,1,NULL,NULL,1,NULL),(48,56,5,'2013-11-22 18:43:01',1,1,NULL,NULL,1,NULL),(49,56,3,'2013-11-22 18:43:08',1,1,NULL,NULL,1,NULL),(50,57,12,'2013-11-22 18:46:11',1,1,NULL,NULL,1,NULL),(51,57,8,'2013-11-22 18:46:16',1,1,NULL,NULL,1,NULL),(52,57,7,'2013-11-22 18:46:23',1,1,NULL,NULL,1,NULL),(53,57,1,'2013-11-22 18:46:29',1,1,NULL,NULL,1,NULL),(54,58,8,'2013-11-22 18:49:53',1,1,NULL,NULL,1,NULL),(55,58,12,'2013-11-22 18:49:57',1,1,NULL,NULL,1,NULL),(56,58,7,'2013-11-22 18:50:05',1,1,NULL,NULL,1,NULL),(57,58,4,'2013-11-22 18:50:12',1,1,NULL,NULL,1,NULL),(474,37,18,'2014-12-23 20:15:07',0,NULL,NULL,2,0,88),(210,37,1,'2014-11-25 23:58:01',1,1,NULL,NULL,1,NULL),(211,40,2,'2014-11-26 04:23:40',1,1,NULL,NULL,1,NULL),(473,37,9,'2014-12-23 20:02:45',0,NULL,NULL,60150,0,69),(213,37,1,'2014-11-26 04:23:40',1,1,NULL,NULL,1,NULL),(214,40,2,'2014-11-26 04:46:29',1,1,NULL,NULL,1,NULL),(64,40,8,'2013-12-09 17:01:00',1,44,NULL,NULL,1,NULL),(66,40,7,'2013-12-09 17:01:50',1,44,NULL,NULL,1,NULL),(67,42,8,'2013-12-09 17:02:04',1,44,NULL,NULL,1,NULL),(68,42,3,'2013-12-09 17:02:08',1,44,NULL,NULL,1,NULL),(69,42,2,'2013-12-09 17:02:11',1,44,NULL,NULL,1,NULL),(472,37,1,'2014-12-18 19:27:40',1,44,NULL,NULL,1,NULL),(471,38,7,'2014-12-18 14:31:02',1,44,NULL,NULL,1,NULL),(72,41,7,'2013-12-09 17:02:49',1,44,NULL,NULL,1,NULL),(73,38,8,'2013-12-09 17:03:20',1,44,NULL,NULL,1,NULL),(74,38,6,'2013-12-09 17:03:23',1,44,NULL,NULL,1,NULL),(75,38,2,'2013-12-09 17:03:27',1,44,NULL,NULL,1,NULL),(76,37,8,'2013-12-09 17:03:48',1,44,NULL,NULL,1,NULL),(77,37,5,'2013-12-09 17:03:51',1,44,NULL,NULL,1,NULL),(78,39,8,'2013-12-09 17:03:59',1,44,NULL,NULL,1,NULL),(79,39,2,'2013-12-09 17:04:03',1,44,NULL,NULL,1,NULL),(80,39,4,'2013-12-09 17:04:05',1,44,NULL,NULL,1,NULL),(82,37,4,'2014-01-06 20:33:44',1,44,NULL,NULL,1,NULL),(83,37,1,'2014-01-08 03:00:48',1,44,NULL,NULL,1,NULL),(84,37,7,'2014-01-08 19:47:15',1,44,NULL,NULL,1,NULL),(469,41,1,'2014-12-17 22:50:54',1,44,NULL,NULL,1,NULL),(86,53,12,'2014-01-09 20:45:38',1,54,NULL,NULL,1,NULL),(88,40,3,'2014-01-14 16:15:47',1,44,NULL,NULL,1,NULL),(89,40,12,'2014-01-18 10:35:10',1,44,NULL,NULL,1,NULL),(90,37,7,'2014-01-20 19:35:47',1,44,NULL,NULL,1,NULL),(91,40,2,'2014-01-23 00:24:54',1,44,NULL,NULL,1,NULL),(92,40,2,'2014-01-23 00:25:09',1,44,NULL,NULL,1,NULL),(93,41,1,'2014-03-28 15:47:27',1,44,NULL,NULL,1,NULL),(94,53,7,'2014-03-28 16:10:34',1,1,NULL,NULL,1,NULL),(95,39,6,'2014-03-28 19:33:49',1,44,NULL,NULL,1,NULL),(96,43,12,'2014-03-28 19:39:08',1,1,NULL,NULL,0,NULL),(97,38,4,'2014-03-28 21:36:44',1,44,NULL,NULL,1,NULL),(98,45,1,'2014-03-28 21:41:37',1,1,NULL,NULL,1,NULL),(99,39,7,'2014-03-28 21:54:22',1,44,NULL,NULL,1,NULL),(100,48,2,'2014-03-28 21:58:33',1,1,NULL,NULL,0,NULL),(101,37,1,'2014-04-22 01:10:57',1,1,NULL,NULL,1,NULL),(102,37,1,'2014-04-22 01:10:58',1,1,NULL,NULL,1,NULL),(103,37,2,'2014-04-22 01:11:24',1,1,NULL,NULL,1,NULL),(104,61,8,'2014-04-26 15:30:56',1,60,NULL,NULL,1,NULL),(105,61,1,'2014-05-09 22:11:06',1,60,NULL,NULL,1,NULL),(106,37,1,'2014-05-27 16:32:13',1,44,NULL,NULL,1,NULL),(107,37,7,'2014-06-09 17:58:52',1,44,NULL,NULL,1,NULL),(108,67,8,'2014-06-09 21:03:08',1,64,NULL,NULL,1,NULL),(109,66,8,'2014-06-09 21:03:40',1,64,NULL,NULL,1,NULL),(110,65,8,'2014-06-09 21:04:10',1,64,NULL,NULL,1,NULL),(111,41,4,'2014-06-12 19:29:11',1,44,NULL,NULL,1,NULL),(112,39,1,'2014-06-12 19:51:25',1,44,NULL,NULL,1,NULL),(113,67,1,'2014-06-13 18:11:09',1,64,NULL,NULL,1,NULL),(114,40,1,'2014-06-16 15:03:02',1,44,NULL,NULL,1,NULL),(115,41,3,'2014-06-16 16:55:37',1,44,NULL,NULL,1,NULL),(116,41,3,'2014-06-16 21:41:36',1,44,NULL,NULL,1,NULL),(117,41,1,'2014-06-16 21:58:31',1,44,NULL,NULL,1,NULL),(118,66,3,'2014-06-23 13:35:01',1,64,NULL,NULL,1,NULL),(119,68,1,'2014-06-25 17:13:35',1,1,NULL,NULL,1,NULL),(120,68,3,'2014-06-25 17:13:40',1,1,NULL,NULL,1,NULL),(123,68,8,'2014-06-30 15:53:21',1,1,NULL,NULL,1,NULL),(122,68,5,'2014-06-25 17:13:54',1,1,NULL,NULL,1,NULL),(124,37,5,'2014-06-30 16:22:31',1,1,NULL,NULL,1,NULL),(125,39,2,'2014-07-08 15:30:02',1,44,NULL,NULL,1,NULL),(132,45,4,'2014-08-08 13:46:25',1,1,NULL,NULL,1,NULL),(127,41,6,'2014-07-15 12:32:02',1,44,NULL,NULL,1,NULL),(128,37,1,'2014-07-24 16:24:21',1,1,NULL,NULL,1,NULL),(129,69,2,'2014-07-25 10:07:40',1,1,NULL,NULL,1,NULL),(130,69,3,'2014-07-25 10:32:46',1,1,NULL,NULL,1,NULL),(131,37,1,'2014-07-29 20:28:49',1,1,NULL,NULL,1,NULL),(133,71,16,'2014-08-08 13:52:28',1,1,NULL,NULL,0,NULL),(134,72,4,'2014-08-08 14:00:00',1,1,NULL,NULL,0,NULL),(135,37,3,'2014-08-20 17:05:14',1,1,NULL,NULL,1,NULL),(136,69,7,'2014-08-22 07:13:28',1,1,NULL,NULL,1,NULL),(137,69,16,'2014-08-22 11:48:56',1,1,NULL,NULL,1,NULL),(138,69,8,'2014-08-22 12:12:08',1,1,NULL,NULL,1,NULL),(139,69,2,'2014-08-22 12:12:14',1,1,NULL,NULL,1,NULL),(140,69,1,'2014-08-22 12:26:18',1,1,NULL,NULL,1,NULL),(141,37,3,'2014-08-25 15:05:22',1,1,NULL,NULL,1,NULL),(142,37,1,'2014-08-25 16:20:54',1,1,NULL,NULL,1,NULL),(143,70,1,'2014-09-05 19:19:08',1,1,NULL,NULL,1,NULL),(144,79,4,'2014-09-09 13:06:01',1,44,NULL,NULL,1,NULL),(147,83,8,'2014-09-17 17:33:48',1,44,NULL,NULL,1,NULL),(148,83,1,'2014-09-17 17:34:01',1,44,NULL,NULL,1,NULL),(149,82,8,'2014-09-17 18:26:42',1,85,NULL,NULL,1,NULL),(150,82,7,'2014-09-17 18:26:52',1,85,NULL,NULL,1,NULL),(151,84,8,'2014-09-17 21:09:57',1,85,NULL,NULL,1,NULL),(152,84,1,'2014-09-17 21:10:13',1,85,NULL,NULL,1,NULL),(153,82,2,'2014-09-18 07:51:44',1,85,NULL,NULL,1,NULL),(154,82,6,'2014-09-18 09:53:09',1,1,NULL,NULL,1,NULL),(155,84,3,'2014-09-18 17:47:11',1,85,NULL,NULL,1,NULL),(156,84,1,'2014-09-19 14:37:19',1,85,NULL,NULL,1,NULL),(157,84,1,'2014-09-20 14:18:32',1,85,NULL,NULL,1,NULL),(158,84,3,'2014-09-22 00:21:50',1,85,NULL,NULL,1,NULL),(159,84,3,'2014-09-22 02:06:29',1,85,NULL,NULL,1,NULL),(160,84,3,'2014-09-22 02:06:33',1,85,NULL,NULL,1,NULL),(161,84,3,'2014-09-22 15:41:10',1,85,NULL,NULL,1,NULL),(162,73,1,'2014-09-22 19:14:20',1,1,NULL,NULL,1,NULL),(163,73,2,'2014-09-22 19:14:24',1,1,NULL,NULL,1,NULL),(164,73,1,'2014-09-22 19:14:26',1,1,NULL,NULL,1,NULL),(165,73,2,'2014-09-22 19:14:31',1,1,NULL,NULL,1,NULL),(166,73,3,'2014-09-22 19:14:36',1,1,NULL,NULL,1,NULL),(167,73,4,'2014-09-22 19:14:39',1,1,NULL,NULL,1,NULL),(168,73,5,'2014-09-22 19:14:42',1,1,NULL,NULL,1,NULL),(169,73,5,'2014-09-22 19:14:42',1,1,NULL,NULL,1,NULL),(170,73,6,'2014-09-22 19:14:47',1,1,NULL,NULL,1,NULL),(171,73,7,'2014-09-22 19:14:49',1,1,NULL,NULL,1,NULL),(172,73,8,'2014-09-22 19:14:51',1,1,NULL,NULL,1,NULL),(173,73,12,'2014-09-22 19:14:53',1,1,NULL,NULL,1,NULL),(174,73,16,'2014-09-22 19:14:55',1,1,NULL,NULL,1,NULL),(175,69,12,'2014-09-23 12:12:51',1,44,NULL,NULL,1,NULL),(176,82,3,'2014-09-30 02:27:14',1,85,NULL,NULL,1,NULL),(177,37,5,'2014-10-13 19:56:21',1,1,NULL,NULL,1,NULL),(178,37,5,'2014-10-13 20:03:03',1,37,NULL,NULL,1,NULL),(179,37,5,'2014-10-13 20:14:33',1,37,NULL,NULL,1,NULL),(180,69,3,'2014-10-14 09:45:26',1,1,NULL,NULL,1,NULL),(181,41,1,'2014-10-15 08:41:51',1,39,NULL,NULL,1,NULL),(182,41,1,'2014-10-15 08:42:07',1,39,NULL,NULL,1,NULL),(183,39,4,'2014-10-15 09:28:32',1,1,NULL,NULL,1,NULL),(184,37,1,'2014-10-20 22:22:41',1,44,NULL,NULL,1,NULL),(185,84,1,'2014-10-29 09:12:33',1,85,NULL,NULL,1,NULL),(186,37,16,'2014-11-05 11:52:56',1,1,NULL,NULL,1,NULL),(187,37,3,'2014-11-05 16:31:02',1,1,NULL,NULL,1,NULL),(188,68,2,'2014-11-05 16:31:35',1,1,NULL,NULL,0,NULL),(189,40,7,'2014-11-06 13:15:10',1,1,NULL,NULL,1,NULL),(191,38,1,'2014-11-13 11:08:00',1,1,NULL,NULL,1,NULL),(192,73,1,'2014-11-13 11:08:00',1,1,NULL,NULL,1,NULL),(193,39,3,'2014-11-13 11:08:00',1,1,NULL,NULL,1,NULL),(194,38,1,'2014-11-13 23:58:00',1,1,NULL,NULL,1,NULL),(195,73,1,'2014-11-13 23:58:00',1,1,NULL,NULL,1,NULL),(196,38,1,'2014-11-14 23:58:00',1,1,NULL,NULL,1,NULL),(197,73,1,'2014-11-14 23:58:00',1,1,NULL,NULL,1,NULL),(198,41,1,'2014-11-17 23:58:01',1,1,NULL,NULL,1,NULL),(199,38,2,'2014-11-17 23:58:01',1,1,NULL,NULL,1,NULL),(200,39,3,'2014-11-17 23:58:01',1,1,NULL,NULL,1,NULL),(470,37,1,'2014-12-17 23:04:07',1,44,NULL,NULL,1,NULL),(216,37,1,'2014-11-26 04:46:29',1,1,NULL,NULL,1,NULL),(217,40,2,'2014-11-26 04:53:10',1,1,NULL,NULL,1,NULL),(218,41,3,'2014-11-26 04:53:30',1,1,NULL,NULL,1,NULL),(219,37,1,'2014-11-26 04:53:50',1,1,NULL,NULL,1,NULL),(220,40,2,'2014-11-26 05:01:32',1,1,NULL,NULL,1,NULL),(475,40,18,'2014-12-23 20:15:07',0,NULL,NULL,3,0,88),(222,37,1,'2014-11-26 05:01:32',1,1,NULL,NULL,1,NULL),(223,40,1,'2014-11-26 12:43:08',1,1,NULL,NULL,1,NULL),(224,38,2,'2014-11-29 20:56:54',1,1,NULL,NULL,1,NULL),(225,73,2,'2014-11-29 20:56:54',1,1,NULL,NULL,1,NULL),(226,39,7,'2014-11-29 20:56:54',1,1,NULL,NULL,1,NULL),(227,38,2,'2014-11-29 20:59:03',1,1,NULL,NULL,1,NULL),(228,73,2,'2014-11-29 20:59:03',1,1,NULL,NULL,1,NULL),(229,39,7,'2014-11-29 20:59:03',1,1,NULL,NULL,1,NULL),(230,38,2,'2014-11-29 20:59:08',1,1,NULL,NULL,1,NULL),(231,73,2,'2014-11-29 20:59:08',1,1,NULL,NULL,1,NULL),(232,39,7,'2014-11-29 20:59:09',1,1,NULL,NULL,1,NULL),(233,38,2,'2014-11-29 20:59:38',1,1,NULL,NULL,1,NULL),(234,73,2,'2014-11-29 20:59:38',1,1,NULL,NULL,1,NULL),(235,39,7,'2014-11-29 20:59:38',1,1,NULL,NULL,1,NULL),(236,38,2,'2014-11-29 21:00:54',1,1,NULL,NULL,1,NULL),(237,73,2,'2014-11-29 21:00:54',1,1,NULL,NULL,1,NULL),(238,39,7,'2014-11-29 21:00:54',1,1,NULL,NULL,1,NULL),(239,38,2,'2014-11-29 21:08:17',1,1,NULL,NULL,1,NULL),(240,73,2,'2014-11-29 21:08:17',1,1,NULL,NULL,1,NULL),(241,38,2,'2014-11-29 21:09:32',1,1,NULL,NULL,1,NULL),(242,73,2,'2014-11-29 21:09:32',1,1,NULL,NULL,1,NULL),(243,38,2,'2014-11-29 21:11:23',1,1,NULL,NULL,1,NULL),(244,73,2,'2014-11-29 21:11:23',1,1,NULL,NULL,1,NULL),(245,38,2,'2014-11-29 21:13:07',1,1,NULL,NULL,1,NULL),(246,73,2,'2014-11-29 21:13:07',1,1,NULL,NULL,1,NULL),(247,38,2,'2014-11-29 21:15:03',1,1,NULL,NULL,1,NULL),(248,73,2,'2014-11-29 21:15:03',1,1,NULL,NULL,1,NULL),(249,39,7,'2014-11-29 21:15:03',1,1,NULL,NULL,1,NULL),(250,38,2,'2014-11-29 21:16:07',1,1,NULL,NULL,1,NULL),(251,73,2,'2014-11-29 21:16:07',1,1,NULL,NULL,1,NULL),(252,39,7,'2014-11-29 21:16:07',1,1,NULL,NULL,1,NULL),(253,38,2,'2014-11-29 21:16:34',1,1,NULL,NULL,1,NULL),(254,73,2,'2014-11-29 21:16:34',1,1,NULL,NULL,1,NULL),(255,39,7,'2014-11-29 21:16:34',1,1,NULL,NULL,1,NULL),(256,38,2,'2014-11-29 21:18:27',1,1,NULL,NULL,1,NULL),(257,73,2,'2014-11-29 21:18:27',1,1,NULL,NULL,1,NULL),(258,39,7,'2014-11-29 21:18:27',1,1,NULL,NULL,1,NULL),(259,38,2,'2014-11-29 21:19:31',1,1,NULL,NULL,1,NULL),(260,73,2,'2014-11-29 21:19:31',1,1,NULL,NULL,1,NULL),(261,39,7,'2014-11-29 21:19:31',1,1,NULL,NULL,1,NULL),(262,38,2,'2014-11-29 21:26:16',1,1,NULL,NULL,1,NULL),(263,73,2,'2014-11-29 21:26:16',1,1,NULL,NULL,1,NULL),(264,39,7,'2014-11-29 21:26:16',1,1,NULL,NULL,1,NULL),(265,38,2,'2014-11-29 21:28:46',1,1,NULL,NULL,1,NULL),(266,73,2,'2014-11-29 21:28:46',1,1,NULL,NULL,1,NULL),(267,39,7,'2014-11-29 21:28:46',1,1,NULL,NULL,1,NULL),(268,38,2,'2014-11-29 21:28:54',1,1,NULL,NULL,1,NULL),(269,73,2,'2014-11-29 21:28:54',1,1,NULL,NULL,1,NULL),(270,39,7,'2014-11-29 21:28:54',1,1,NULL,NULL,1,NULL),(271,38,2,'2014-11-29 21:33:30',1,1,NULL,NULL,1,NULL),(272,73,2,'2014-11-29 21:33:30',1,1,NULL,NULL,1,NULL),(273,39,7,'2014-11-29 21:33:30',1,1,NULL,NULL,1,NULL),(274,38,2,'2014-11-29 21:33:36',1,1,NULL,NULL,1,NULL),(275,73,2,'2014-11-29 21:33:36',1,1,NULL,NULL,1,NULL),(276,39,7,'2014-11-29 21:33:36',1,1,NULL,NULL,1,NULL),(277,38,2,'2014-11-29 21:33:44',1,1,NULL,NULL,1,NULL),(278,73,2,'2014-11-29 21:33:44',1,1,NULL,NULL,1,NULL),(279,39,7,'2014-11-29 21:33:44',1,1,NULL,NULL,1,NULL),(280,38,2,'2014-11-29 21:33:48',1,1,NULL,NULL,1,NULL),(281,73,2,'2014-11-29 21:33:48',1,1,NULL,NULL,1,NULL),(282,39,7,'2014-11-29 21:33:48',1,1,NULL,NULL,1,NULL),(283,38,2,'2014-11-29 21:33:50',1,1,NULL,NULL,1,NULL),(284,73,2,'2014-11-29 21:33:50',1,1,NULL,NULL,1,NULL),(285,39,7,'2014-11-29 21:33:50',1,1,NULL,NULL,1,NULL),(286,38,2,'2014-11-29 21:33:52',1,1,NULL,NULL,1,NULL),(287,73,2,'2014-11-29 21:33:52',1,1,NULL,NULL,1,NULL),(288,39,7,'2014-11-29 21:33:52',1,1,NULL,NULL,1,NULL),(289,38,2,'2014-11-29 21:33:56',1,1,NULL,NULL,1,NULL),(290,73,2,'2014-11-29 21:33:56',1,1,NULL,NULL,1,NULL),(291,39,7,'2014-11-29 21:33:56',1,1,NULL,NULL,1,NULL),(292,38,2,'2014-11-29 21:34:59',1,1,NULL,NULL,1,NULL),(293,73,2,'2014-11-29 21:34:59',1,1,NULL,NULL,1,NULL),(294,39,7,'2014-11-29 21:34:59',1,1,NULL,NULL,1,NULL),(295,38,2,'2014-11-29 21:37:40',1,1,NULL,NULL,1,NULL),(296,73,2,'2014-11-29 21:37:40',1,1,NULL,NULL,1,NULL),(297,39,7,'2014-11-29 21:37:40',1,1,NULL,NULL,1,NULL),(298,38,2,'2014-11-29 21:38:04',1,1,NULL,NULL,1,NULL),(299,73,2,'2014-11-29 21:38:04',1,1,NULL,NULL,1,NULL),(300,39,7,'2014-11-29 21:38:04',1,1,NULL,NULL,1,NULL),(301,38,2,'2014-11-29 21:38:38',1,1,NULL,NULL,1,NULL),(302,73,2,'2014-11-29 21:38:38',1,1,NULL,NULL,1,NULL),(303,39,7,'2014-11-29 21:38:38',1,1,NULL,NULL,1,NULL),(304,38,2,'2014-11-29 21:40:44',1,1,NULL,NULL,1,NULL),(305,73,2,'2014-11-29 21:40:44',1,1,NULL,NULL,1,NULL),(306,39,7,'2014-11-29 21:40:44',1,1,NULL,NULL,1,NULL),(307,38,2,'2014-11-29 21:42:34',1,1,NULL,NULL,1,NULL),(308,73,2,'2014-11-29 21:42:34',1,1,NULL,NULL,1,NULL),(309,39,7,'2014-11-29 21:42:34',1,1,NULL,NULL,1,NULL),(310,38,2,'2014-11-29 21:43:40',1,1,NULL,NULL,1,NULL),(311,73,2,'2014-11-29 21:43:40',1,1,NULL,NULL,1,NULL),(312,39,7,'2014-11-29 21:43:40',1,1,NULL,NULL,1,NULL),(313,38,2,'2014-11-29 21:43:49',1,1,NULL,NULL,1,NULL),(314,73,2,'2014-11-29 21:43:49',1,1,NULL,NULL,1,NULL),(315,39,7,'2014-11-29 21:43:49',1,1,NULL,NULL,1,NULL),(316,38,2,'2014-11-29 21:43:56',1,1,NULL,NULL,1,NULL),(317,73,2,'2014-11-29 21:43:56',1,1,NULL,NULL,1,NULL),(318,39,7,'2014-11-29 21:43:56',1,1,NULL,NULL,1,NULL),(319,38,2,'2014-11-29 21:44:01',1,1,NULL,NULL,1,NULL),(320,73,2,'2014-11-29 21:44:01',1,1,NULL,NULL,1,NULL),(321,39,7,'2014-11-29 21:44:01',1,1,NULL,NULL,1,NULL),(322,38,2,'2014-11-29 21:44:49',1,1,NULL,NULL,1,NULL),(323,73,2,'2014-11-29 21:44:49',1,1,NULL,NULL,1,NULL),(324,39,7,'2014-11-29 21:44:49',1,1,NULL,NULL,1,NULL),(325,38,2,'2014-11-29 21:45:14',1,1,NULL,NULL,1,NULL),(326,73,2,'2014-11-29 21:45:14',1,1,NULL,NULL,1,NULL),(327,39,7,'2014-11-29 21:45:14',1,1,NULL,NULL,1,NULL),(328,38,2,'2014-11-29 21:45:59',1,1,NULL,NULL,1,NULL),(329,73,2,'2014-11-29 21:45:59',1,1,NULL,NULL,1,NULL),(330,39,7,'2014-11-29 21:45:59',1,1,NULL,NULL,1,NULL),(331,38,2,'2014-11-29 21:47:54',1,1,NULL,NULL,1,NULL),(332,73,2,'2014-11-29 21:47:54',1,1,NULL,NULL,1,NULL),(333,39,7,'2014-11-29 21:47:54',1,1,NULL,NULL,1,NULL),(334,38,2,'2014-11-29 23:58:01',1,1,NULL,NULL,1,NULL),(335,73,2,'2014-11-29 23:58:01',1,1,NULL,NULL,1,NULL),(336,39,7,'2014-11-29 23:58:01',1,1,NULL,NULL,1,NULL),(337,38,2,'2014-11-30 00:54:16',1,1,NULL,NULL,1,NULL),(338,73,2,'2014-11-30 00:54:16',1,1,NULL,NULL,1,NULL),(339,39,7,'2014-11-30 00:54:16',1,1,NULL,NULL,1,NULL),(340,38,2,'2014-11-30 01:19:25',1,1,NULL,NULL,1,NULL),(341,73,2,'2014-11-30 01:19:25',1,1,NULL,NULL,1,NULL),(342,39,7,'2014-11-30 01:19:25',1,1,NULL,NULL,1,NULL),(343,38,2,'2014-11-30 23:58:01',1,1,NULL,NULL,1,NULL),(344,73,2,'2014-11-30 23:58:01',1,1,NULL,NULL,1,NULL),(345,39,7,'2014-11-30 23:58:01',1,1,NULL,NULL,1,NULL),(346,94,8,'2014-12-01 21:04:21',1,99,NULL,NULL,1,NULL),(347,96,8,'2014-12-01 21:16:23',1,99,NULL,NULL,1,NULL),(348,96,7,'2014-12-01 21:16:33',1,99,NULL,NULL,1,NULL),(349,97,8,'2014-12-01 21:18:18',1,99,NULL,NULL,1,NULL),(350,97,3,'2014-12-01 21:18:30',1,99,NULL,NULL,1,NULL),(351,95,8,'2014-12-01 21:20:50',1,99,NULL,NULL,1,NULL),(352,95,6,'2014-12-01 21:20:58',1,99,NULL,NULL,1,NULL),(353,95,7,'2014-12-01 21:21:11',1,99,NULL,NULL,1,NULL),(354,97,1,'2014-12-02 17:04:41',1,99,NULL,NULL,1,NULL),(355,96,1,'2014-12-02 19:09:45',1,99,NULL,NULL,1,NULL),(446,73,1,'2014-12-08 23:58:01',1,1,NULL,NULL,1,NULL),(445,38,1,'2014-12-08 23:58:01',1,1,NULL,NULL,1,NULL),(444,37,1,'2014-12-08 23:58:01',1,1,NULL,NULL,1,NULL),(443,42,3,'2014-12-05 23:58:01',1,1,NULL,NULL,1,NULL),(442,37,3,'2014-12-05 23:58:01',1,1,NULL,NULL,1,NULL),(441,44,2,'2014-12-05 23:58:01',1,1,NULL,NULL,0,NULL),(440,39,7,'2014-12-05 23:58:01',1,1,NULL,NULL,1,NULL),(439,73,2,'2014-12-05 23:58:01',1,1,NULL,NULL,1,NULL),(438,38,2,'2014-12-05 23:58:01',1,1,NULL,NULL,1,NULL),(437,94,3,'2014-12-05 19:35:59',1,99,NULL,NULL,1,NULL),(436,94,1,'2014-12-05 14:19:42',1,99,NULL,NULL,1,NULL),(435,37,3,'2014-12-04 23:58:01',1,1,NULL,NULL,1,NULL),(434,38,2,'2014-12-04 23:58:01',1,1,NULL,NULL,1,NULL),(433,39,1,'2014-12-04 23:58:01',1,1,NULL,NULL,1,NULL),(432,37,3,'2014-12-04 04:54:45',1,1,NULL,NULL,1,NULL),(431,38,2,'2014-12-04 04:54:45',1,1,NULL,NULL,1,NULL),(430,39,1,'2014-12-04 04:54:45',1,1,NULL,NULL,1,NULL),(429,42,3,'2014-12-04 04:30:20',1,1,NULL,NULL,1,NULL),(428,37,3,'2014-12-04 04:30:20',1,1,NULL,NULL,1,NULL),(427,44,2,'2014-12-04 04:30:20',1,1,NULL,NULL,0,NULL),(426,39,7,'2014-12-04 04:30:20',1,1,NULL,NULL,1,NULL),(425,73,2,'2014-12-04 04:30:20',1,1,NULL,NULL,1,NULL),(424,38,2,'2014-12-04 04:30:20',1,1,NULL,NULL,1,NULL),(459,38,5,'2014-12-16 23:58:00',1,1,NULL,NULL,1,NULL),(458,37,4,'2014-12-16 23:58:00',1,1,NULL,NULL,1,NULL),(457,38,6,'2014-12-15 23:58:00',1,1,NULL,NULL,1,NULL),(456,40,4,'2014-12-15 23:58:00',1,1,NULL,NULL,1,NULL),(455,39,4,'2014-12-15 23:58:00',1,1,NULL,NULL,1,NULL),(454,39,5,'2014-12-11 23:58:00',1,1,NULL,NULL,1,NULL),(453,37,5,'2014-12-11 23:58:00',1,1,NULL,NULL,1,NULL),(452,73,4,'2014-12-11 23:58:00',1,1,NULL,NULL,1,NULL),(450,94,1,'2014-12-11 14:57:10',1,1,NULL,NULL,1,NULL),(449,73,6,'2014-12-09 23:58:01',1,1,NULL,NULL,1,NULL),(448,38,5,'2014-12-09 23:58:01',1,1,NULL,NULL,1,NULL),(447,37,4,'2014-12-09 23:58:01',1,1,NULL,NULL,1,NULL),(464,45,5,'2014-12-16 23:58:00',1,1,NULL,NULL,1,NULL),(463,42,5,'2014-12-16 23:58:00',1,1,NULL,NULL,1,NULL),(462,41,5,'2014-12-16 23:58:00',1,1,NULL,NULL,1,NULL),(461,40,5,'2014-12-16 23:58:00',1,1,NULL,NULL,1,NULL),(460,39,5,'2014-12-16 23:58:00',1,1,NULL,NULL,1,NULL),(476,37,19,'2014-12-23 21:26:13',0,NULL,NULL,90,0,69),(468,73,5,'2014-12-16 23:58:00',1,1,NULL,NULL,1,NULL),(467,67,5,'2014-12-16 23:58:00',1,1,NULL,NULL,0,NULL),(466,66,5,'2014-12-16 23:58:00',1,1,NULL,NULL,0,NULL),(465,65,5,'2014-12-16 23:58:00',1,1,NULL,NULL,0,NULL),(481,40,4,'2014-12-23 23:58:00',1,1,NULL,NULL,1,NULL),(480,39,0,'2014-12-23 23:58:00',1,1,NULL,NULL,0,NULL),(479,40,0,'2014-12-23 23:58:00',1,1,NULL,NULL,0,NULL),(478,37,0,'2014-12-23 23:58:00',1,1,NULL,NULL,0,NULL),(477,40,19,'2014-12-23 21:32:04',0,NULL,NULL,110,1,69),(482,39,5,'2014-12-23 23:58:00',1,1,NULL,NULL,1,NULL),(483,38,6,'2014-12-23 23:58:00',1,1,NULL,NULL,1,NULL),(484,37,4,'2014-12-24 23:58:00',1,1,NULL,NULL,1,NULL),(485,38,5,'2014-12-24 23:58:00',1,1,NULL,NULL,1,NULL),(486,39,5,'2014-12-24 23:58:00',1,1,NULL,NULL,1,NULL),(487,40,5,'2014-12-24 23:58:00',1,1,NULL,NULL,1,NULL),(488,41,5,'2014-12-24 23:58:00',1,1,NULL,NULL,1,NULL),(489,42,5,'2014-12-24 23:58:00',1,1,NULL,NULL,0,NULL),(490,45,5,'2014-12-24 23:58:00',1,1,NULL,NULL,1,NULL),(491,65,5,'2014-12-24 23:58:00',1,1,NULL,NULL,0,NULL),(492,66,5,'2014-12-24 23:58:00',1,1,NULL,NULL,0,NULL),(493,67,5,'2014-12-24 23:58:00',1,1,NULL,NULL,0,NULL),(494,73,5,'2014-12-24 23:58:00',1,1,NULL,NULL,1,NULL),(495,97,4,'2014-12-31 23:58:01',1,1,NULL,NULL,1,NULL),(496,98,5,'2014-12-31 23:58:01',1,1,NULL,NULL,0,NULL),(497,95,6,'2014-12-31 23:58:01',1,1,NULL,NULL,1,NULL),(498,37,4,'2014-12-31 23:58:01',1,1,NULL,NULL,1,NULL),(499,38,5,'2014-12-31 23:58:01',1,1,NULL,NULL,1,NULL),(500,39,5,'2014-12-31 23:58:01',1,1,NULL,NULL,1,NULL),(501,40,5,'2014-12-31 23:58:01',1,1,NULL,NULL,1,NULL),(502,41,5,'2014-12-31 23:58:01',1,1,NULL,NULL,1,NULL),(503,42,5,'2014-12-31 23:58:01',1,1,NULL,NULL,0,NULL),(504,45,5,'2014-12-31 23:58:01',1,1,NULL,NULL,1,NULL),(505,65,5,'2014-12-31 23:58:01',1,1,NULL,NULL,0,NULL),(506,66,5,'2014-12-31 23:58:01',1,1,NULL,NULL,0,NULL),(507,67,5,'2014-12-31 23:58:01',1,1,NULL,NULL,0,NULL),(508,73,5,'2014-12-31 23:58:01',1,1,NULL,NULL,1,NULL),(509,73,15,'2015-01-26 18:12:06',0,NULL,NULL,100,1,81),(510,73,9,'2015-01-26 18:13:46',0,NULL,NULL,1000000,1,69),(511,73,19,'2015-01-26 18:13:42',0,NULL,NULL,100,1,69),(512,73,4,'2015-01-26 23:58:01',1,1,NULL,NULL,1,NULL),(513,37,5,'2015-01-26 23:58:01',1,1,NULL,NULL,1,NULL),(514,38,5,'2015-01-26 23:58:01',1,1,NULL,NULL,1,NULL),(515,39,5,'2015-01-26 23:58:01',1,1,NULL,NULL,1,NULL),(516,40,5,'2015-01-26 23:58:01',1,1,NULL,NULL,1,NULL),(517,41,5,'2015-01-26 23:58:01',1,1,NULL,NULL,1,NULL),(518,42,5,'2015-01-26 23:58:01',1,1,NULL,NULL,0,NULL),(519,45,5,'2015-01-26 23:58:01',1,1,NULL,NULL,1,NULL),(520,65,5,'2015-01-26 23:58:01',1,1,NULL,NULL,0,NULL),(521,66,5,'2015-01-26 23:58:01',1,1,NULL,NULL,0,NULL),(522,67,5,'2015-01-26 23:58:01',1,1,NULL,NULL,0,NULL),(523,73,4,'2015-01-26 23:58:01',1,1,NULL,NULL,1,NULL),(524,37,5,'2015-01-26 23:58:01',1,1,NULL,NULL,1,NULL),(525,38,5,'2015-01-26 23:58:01',1,1,NULL,NULL,1,NULL),(526,39,5,'2015-01-26 23:58:01',1,1,NULL,NULL,1,NULL),(527,40,5,'2015-01-26 23:58:01',1,1,NULL,NULL,1,NULL),(528,41,5,'2015-01-26 23:58:01',1,1,NULL,NULL,1,NULL),(529,42,5,'2015-01-26 23:58:01',1,1,NULL,NULL,0,NULL),(530,45,5,'2015-01-26 23:58:01',1,1,NULL,NULL,1,NULL),(531,65,5,'2015-01-26 23:58:01',1,1,NULL,NULL,0,NULL),(532,66,5,'2015-01-26 23:58:01',1,1,NULL,NULL,0,NULL),(533,67,5,'2015-01-26 23:58:01',1,1,NULL,NULL,0,NULL),(534,40,1,'2015-03-04 10:46:57',1,44,NULL,NULL,1,NULL),(535,39,1,'2015-03-11 18:04:40',1,44,NULL,NULL,1,NULL),(536,39,1,'2015-03-11 18:48:34',1,44,NULL,NULL,1,NULL),(537,73,22,'2015-03-12 11:24:34',0,NULL,NULL,9,0,163),(538,74,22,'2015-03-12 11:24:36',0,NULL,NULL,4,0,163),(539,91,22,'2015-03-12 11:24:39',0,NULL,NULL,6,0,163),(540,100,22,'2015-03-12 11:24:41',0,NULL,NULL,8,0,163),(541,92,22,'2015-03-12 11:24:43',0,NULL,NULL,5,0,163),(542,102,22,'2015-03-12 11:24:45',0,NULL,NULL,3,0,163),(543,104,22,'2015-03-12 11:24:49',0,NULL,NULL,7,0,163),(544,105,22,'2015-03-12 11:24:52',0,NULL,NULL,1,0,163),(545,106,22,'2015-03-12 11:24:54',0,NULL,NULL,2,0,163),(546,107,22,'2015-03-12 11:24:58',0,NULL,NULL,8,0,163),(547,108,22,'2015-03-12 11:25:03',0,NULL,NULL,9,0,163),(548,109,22,'2015-03-12 11:25:05',0,NULL,NULL,6,0,163),(549,110,22,'2015-03-12 11:25:09',0,NULL,NULL,7,0,163),(550,111,22,'2015-03-12 11:25:12',0,NULL,NULL,4,0,163),(551,89,22,'2015-03-12 11:25:14',0,NULL,NULL,4,0,163),(552,113,22,'2015-03-12 11:25:16',0,NULL,NULL,6,0,163),(553,114,22,'2015-03-12 11:25:21',0,NULL,NULL,2,0,163),(554,115,22,'2015-03-12 11:25:24',0,NULL,NULL,2,0,163),(555,116,22,'2015-03-12 11:25:27',0,NULL,NULL,1,0,163),(556,117,22,'2015-03-12 11:25:30',0,NULL,NULL,7,0,163),(557,94,3,'2015-03-19 18:43:18',1,99,NULL,NULL,1,NULL),(558,95,3,'2015-03-19 19:48:16',1,99,NULL,NULL,1,NULL),(559,39,4,'2015-03-31 23:58:03',1,1,NULL,NULL,1,NULL),(560,37,5,'2015-03-31 23:58:04',1,1,NULL,NULL,1,NULL),(561,41,6,'2015-03-31 23:58:04',1,1,NULL,NULL,0,NULL),(562,73,4,'2015-03-31 23:58:05',1,1,NULL,NULL,1,NULL),(563,37,5,'2015-03-31 23:58:05',1,1,NULL,NULL,1,NULL),(564,118,6,'2015-03-31 23:58:05',1,1,NULL,NULL,0,NULL),(565,73,4,'2015-03-31 23:58:05',1,1,NULL,NULL,1,NULL),(566,37,5,'2015-03-31 23:58:06',1,1,NULL,NULL,1,NULL),(567,39,5,'2015-03-31 23:58:06',1,1,NULL,NULL,1,NULL),(568,40,5,'2015-03-31 23:58:06',1,1,NULL,NULL,1,NULL),(569,41,5,'2015-03-31 23:58:06',1,1,NULL,NULL,0,NULL),(570,42,5,'2015-03-31 23:58:06',1,1,NULL,NULL,0,NULL),(571,45,5,'2015-03-31 23:58:06',1,1,NULL,NULL,1,NULL),(572,65,5,'2015-03-31 23:58:06',1,1,NULL,NULL,0,NULL),(573,66,5,'2015-03-31 23:58:06',1,1,NULL,NULL,0,NULL),(574,67,5,'2015-03-31 23:58:06',1,1,NULL,NULL,0,NULL),(575,74,5,'2015-03-31 23:58:06',1,1,NULL,NULL,0,NULL),(576,75,5,'2015-03-31 23:58:06',1,1,NULL,NULL,0,NULL),(577,91,5,'2015-03-31 23:58:06',1,1,NULL,NULL,0,NULL),(578,92,5,'2015-03-31 23:58:06',1,1,NULL,NULL,0,NULL),(579,100,5,'2015-03-31 23:58:06',1,1,NULL,NULL,0,NULL),(580,101,5,'2015-03-31 23:58:06',1,1,NULL,NULL,0,NULL),(581,102,5,'2015-03-31 23:58:06',1,1,NULL,NULL,0,NULL),(582,104,5,'2015-03-31 23:58:06',1,1,NULL,NULL,0,NULL),(583,105,5,'2015-03-31 23:58:06',1,1,NULL,NULL,0,NULL),(584,106,5,'2015-03-31 23:58:06',1,1,NULL,NULL,0,NULL),(585,107,5,'2015-03-31 23:58:06',1,1,NULL,NULL,0,NULL),(586,108,5,'2015-03-31 23:58:06',1,1,NULL,NULL,0,NULL),(587,109,5,'2015-03-31 23:58:06',1,1,NULL,NULL,0,NULL),(588,110,5,'2015-03-31 23:58:06',1,1,NULL,NULL,0,NULL),(589,111,5,'2015-03-31 23:58:06',1,1,NULL,NULL,0,NULL),(590,112,5,'2015-03-31 23:58:06',1,1,NULL,NULL,0,NULL),(591,113,5,'2015-03-31 23:58:06',1,1,NULL,NULL,0,NULL),(592,114,5,'2015-03-31 23:58:06',1,1,NULL,NULL,0,NULL),(593,115,5,'2015-03-31 23:58:06',1,1,NULL,NULL,0,NULL),(594,116,5,'2015-03-31 23:58:06',1,1,NULL,NULL,0,NULL),(595,117,5,'2015-03-31 23:58:06',1,1,NULL,NULL,0,NULL),(596,118,5,'2015-03-31 23:58:06',1,1,NULL,NULL,0,NULL),(597,73,4,'2015-04-03 23:58:04',1,1,NULL,NULL,1,NULL),(598,74,5,'2015-04-03 23:58:04',1,1,NULL,NULL,0,NULL),(599,91,6,'2015-04-03 23:58:04',1,1,NULL,NULL,0,NULL),(600,73,4,'2015-04-03 23:58:04',1,1,NULL,NULL,1,NULL),(601,74,5,'2015-04-03 23:58:04',1,1,NULL,NULL,0,NULL),(602,91,6,'2015-04-03 23:58:04',1,1,NULL,NULL,0,NULL),(603,73,4,'2015-04-03 23:58:04',1,1,NULL,NULL,1,NULL),(604,74,5,'2015-04-03 23:58:04',1,1,NULL,NULL,0,NULL),(605,91,6,'2015-04-03 23:58:04',1,1,NULL,NULL,0,NULL),(606,73,4,'2015-04-03 23:58:04',1,1,NULL,NULL,1,NULL),(607,74,5,'2015-04-03 23:58:04',1,1,NULL,NULL,0,NULL),(608,91,6,'2015-04-03 23:58:05',1,1,NULL,NULL,0,NULL),(609,95,21,'2015-04-30 23:58:08',1,1,NULL,NULL,0,NULL),(610,97,21,'2015-04-30 23:58:08',1,1,NULL,NULL,0,NULL),(611,98,21,'2015-04-30 23:58:08',1,1,NULL,NULL,0,NULL),(612,97,4,'2015-05-01 23:58:05',1,1,NULL,NULL,0,NULL),(613,95,0,'2015-05-01 23:58:05',1,1,NULL,NULL,0,NULL),(614,94,0,'2015-05-01 23:58:05',1,1,NULL,NULL,0,NULL),(615,98,0,'2015-05-01 23:58:05',1,1,NULL,NULL,0,NULL),(616,97,0,'2015-05-01 23:58:06',1,1,NULL,NULL,0,NULL),(617,95,0,'2015-05-01 23:58:06',1,1,NULL,NULL,0,NULL),(618,97,4,'2015-05-31 23:58:05',1,1,NULL,NULL,0,NULL),(619,95,0,'2015-05-31 23:58:06',1,1,NULL,NULL,0,NULL),(620,94,0,'2015-05-31 23:58:07',1,1,NULL,NULL,0,NULL),(621,120,26,'2015-06-17 21:31:38',1,1,NULL,NULL,1,NULL),(622,125,6,'2015-06-17 23:58:03',1,1,NULL,NULL,1,NULL),(623,119,5,'2015-06-17 23:58:03',1,1,NULL,NULL,1,NULL),(625,125,1,'2015-06-18 23:58:02',1,1,NULL,NULL,1,NULL),(626,119,5,'2015-06-18 23:58:02',1,1,NULL,NULL,1,NULL),(627,98,1,'2015-06-19 23:58:04',1,1,NULL,NULL,0,NULL),(628,97,1,'2015-06-19 23:58:04',1,1,NULL,NULL,0,NULL),(629,95,1,'2015-06-19 23:58:04',1,1,NULL,NULL,0,NULL),(630,40,7,'2015-06-23 17:22:10',1,44,NULL,NULL,0,NULL),(631,40,2,'2015-06-23 17:23:46',1,44,NULL,NULL,0,NULL);
/*!40000 ALTER TABLE `tbluserawards` ENABLE KEYS */;
UNLOCK TABLES;

--
-- Table structure for table `tbluserimages`
--

DROP TABLE IF EXISTS `tbluserimages`;
/*!40101 SET @saved_cs_client     = @@character_set_client */;
/*!40101 SET character_set_client = utf8 */;
CREATE TABLE `tbluserimages` (
  `U_UserIDImage` int(11) NOT NULL AUTO_INCREMENT,
  `Active` tinyint(4) NOT NULL DEFAULT '1',
  `UserID` int(11) NOT NULL,
  `U_UploadDate` date NOT NULL,
  `U_Current` tinyint(4) NOT NULL DEFAULT '0',
  `Player_Image` varchar(100) DEFAULT NULL,
  `Player_Thumbnail` varchar(100) DEFAULT NULL,
  PRIMARY KEY (`U_UserIDImage`),
  KEY `UserID` (`UserID`)
) ENGINE=InnoDB AUTO_INCREMENT=129 DEFAULT CHARSET=latin1;
/*!40101 SET character_set_client = @saved_cs_client */;

--
-- Dumping data for table `tbluserimages`
--

LOCK TABLES `tbluserimages` WRITE;
/*!40000 ALTER TABLE `tbluserimages` DISABLE KEYS */;
INSERT INTO `tbluserimages` VALUES (3,1,42,'2013-11-13',0,'270a73d8-1001-45de-be13-09d2fc48f2a5.jpg','270a73d8-1001-45de-be13-09d2fc48f2a5.jpg'),(13,1,51,'2013-11-19',0,'7c9eb7c6-bb7b-4ecd-9581-eb449f02aaf9.jpg','7c9eb7c6-bb7b-4ecd-9581-eb449f02aaf9.jpg'),(15,1,49,'2013-11-21',1,'78111f49-ab14-424b-aa95-fac3247fb7e2.jpg','78111f49-ab14-424b-aa95-fac3247fb7e2.jpg'),(16,1,50,'2013-11-21',1,'f536e8f3-7eab-4d4a-b15c-cb9bb9141bf8.jpg','f536e8f3-7eab-4d4a-b15c-cb9bb9141bf8.jpg'),(17,1,52,'2013-11-21',0,'12c90ad3-9ec3-4af2-bc8d-4239e1afeee0.jpg','12c90ad3-9ec3-4af2-bc8d-4239e1afeee0.jpg'),(18,1,48,'2013-11-21',0,'2334b025-ab2d-4e2a-ba3f-c6e22601b0ff.jpg','2334b025-ab2d-4e2a-ba3f-c6e22601b0ff.jpg'),(21,1,51,'2013-11-21',1,'00c1afb9-e0ba-46eb-8735-091b6f3db228.jpg','00c1afb9-e0ba-46eb-8735-091b6f3db228.jpg'),(22,1,52,'2013-11-21',1,'a37c09c5-9d54-4f19-a49b-249f60913a22.jpg','a37c09c5-9d54-4f19-a49b-249f60913a22.jpg'),(23,1,53,'2013-11-22',1,'26bf9dc5-f163-426e-bf6b-efb558812e9e.jpg','26bf9dc5-f163-426e-bf6b-efb558812e9e.jpg'),(24,1,54,'2013-11-22',0,'788addf3-36fc-40ea-9f1d-642820af142d.jpg','788addf3-36fc-40ea-9f1d-642820af142d.jpg'),(25,1,55,'2013-11-22',1,'422ec3fd-398b-46a8-a174-a56aed1c3ba4.jpg','422ec3fd-398b-46a8-a174-a56aed1c3ba4.jpg'),(26,1,56,'2013-11-22',1,'e64ae631-bfe3-42f6-884f-be90ed29bd2d.jpg','e64ae631-bfe3-42f6-884f-be90ed29bd2d.jpg'),(27,1,57,'2013-11-22',1,'ca267a13-09d4-481b-9306-6b04447df1c6.jpg','ca267a13-09d4-481b-9306-6b04447df1c6.jpg'),(28,1,58,'2013-11-22',1,'b4f4cc97-3b7e-4442-b806-ce18d1d2eb5d.jpg','b4f4cc97-3b7e-4442-b806-ce18d1d2eb5d.jpg'),(29,1,59,'2013-11-24',1,'ae89e50a-7d84-4a0b-99a5-5779991ffa6e.jpg','ae89e50a-7d84-4a0b-99a5-5779991ffa6e.jpg'),(31,1,54,'2014-04-21',1,'0964debc-1568-4d1e-9c4a-635e8b44e2f4.jpg','0964debc-1568-4d1e-9c4a-635e8b44e2f4.jpg'),(32,1,2,'2014-04-21',1,'81add93f-ccb6-4638-9e83-f1fd08a8db26.jpg','81add93f-ccb6-4638-9e83-f1fd08a8db26.jpg'),(33,1,47,'2014-04-21',1,'895eca19-18f8-464f-abff-c9daa5463466.jpg','895eca19-18f8-464f-abff-c9daa5463466.jpg'),(34,1,37,'2014-04-22',1,'c720f864-e11f-46dc-83c1-d40260438c1e.jpg','c720f864-e11f-46dc-83c1-d40260438c1e.jpg'),(35,1,42,'2014-04-22',1,'b71995f6-fa73-4431-b442-a0581de6119a.jpg','b71995f6-fa73-4431-b442-a0581de6119a.jpg'),(36,1,42,'2014-04-22',0,'33a301dd-1ac9-4afa-affb-499469178c4e.jpg','33a301dd-1ac9-4afa-affb-499469178c4e.jpg'),(37,1,42,'2014-04-22',0,'9f97a141-879a-4cdf-a82d-bf82e7da412e.jpg','9f97a141-879a-4cdf-a82d-bf82e7da412e.jpg'),(39,1,44,'2014-04-22',1,'2afb9a31-db06-43bc-b881-fe9fb45bc4d4.jpg','2afb9a31-db06-43bc-b881-fe9fb45bc4d4.jpg'),(41,1,40,'2014-04-22',1,'63c81a04-bee9-4a45-a1b5-9e73c93aca5e.jpg','63c81a04-bee9-4a45-a1b5-9e73c93aca5e.jpg'),(42,1,42,'2014-04-22',0,'2d6f9ae9-0647-4637-8478-6608673d1ce0.jpg','2d6f9ae9-0647-4637-8478-6608673d1ce0.jpg'),(43,1,42,'2014-04-22',0,'effe21b0-92da-4b19-a5c7-7c57aa770c66.jpg','effe21b0-92da-4b19-a5c7-7c57aa770c66.jpg'),(44,1,60,'2014-04-25',1,'c89fbf0f-664c-4752-9b6f-54100504178b.jpg','c89fbf0f-664c-4752-9b6f-54100504178b.jpg'),(45,1,61,'2014-04-25',1,'6308264d-5ddb-4670-b54e-4e747d7dab83.jpg','6308264d-5ddb-4670-b54e-4e747d7dab83.jpg'),(46,1,62,'2014-05-14',1,'a2bc8088-8c80-4b04-bed1-456e6d202021.jpg','a2bc8088-8c80-4b04-bed1-456e6d202021.jpg'),(48,1,64,'2014-06-09',1,'c2f0177d-2022-48c7-8eaf-f917086c9092.jpg','c2f0177d-2022-48c7-8eaf-f917086c9092.jpg'),(49,1,65,'2014-06-09',1,'c23e4bbc-7cd7-421d-bc5b-e20390c3c505.jpg','c23e4bbc-7cd7-421d-bc5b-e20390c3c505.jpg'),(50,1,66,'2014-06-09',1,'128433a2-7c68-4dd7-828f-58108bcaf515.jpg','128433a2-7c68-4dd7-828f-58108bcaf515.jpg'),(51,1,67,'2014-06-09',1,'d3716a78-318e-41a0-a403-80d92f1bc460.jpg','d3716a78-318e-41a0-a403-80d92f1bc460.jpg'),(52,1,42,'2014-06-12',0,'34037d13-ae7c-4755-b192-025f231ce864.jpg','34037d13-ae7c-4755-b192-025f231ce864.jpg'),(53,1,42,'2014-06-12',0,'74e2f56e-3b10-4aab-8e08-0d44eca2b164.jpg','74e2f56e-3b10-4aab-8e08-0d44eca2b164.jpg'),(54,1,42,'2014-06-12',0,'4db9bbd0-46bd-413d-8739-ccb622a43b86.jpg','4db9bbd0-46bd-413d-8739-ccb622a43b86.jpg'),(55,1,41,'2014-06-12',1,'9d6b8f3c-1de8-47e4-b67e-1911f946e3d4.jpg','9d6b8f3c-1de8-47e4-b67e-1911f946e3d4.jpg'),(57,1,68,'2014-06-24',1,'1220821e-4685-4ce7-bc05-f5b96930a502.jpg','1220821e-4685-4ce7-bc05-f5b96930a502.jpg'),(58,1,45,'2014-07-17',1,'0b5049e0-38ef-4106-98de-b022357a2213.jpg','0b5049e0-38ef-4106-98de-b022357a2213.jpg'),(61,1,71,'2014-08-08',1,'9c0b97f4-8dea-4dd9-8eef-da197fa5f587.jpg','9c0b97f4-8dea-4dd9-8eef-da197fa5f587.jpg'),(62,1,40,'2014-08-12',0,'50ac00e8-1c6b-4c2d-8c0e-eaac6ec92ec4.png','50ac00e8-1c6b-4c2d-8c0e-eaac6ec92ec4.png'),(63,1,40,'2014-08-12',0,'44fe96b2-d578-4a5f-b31c-590195956e16.png','44fe96b2-d578-4a5f-b31c-590195956e16.png'),(65,1,82,'2014-09-15',1,'454f8321-c359-4ca0-a9ba-c238c3a26c0f.jpg','454f8321-c359-4ca0-a9ba-c238c3a26c0f.jpg'),(66,1,83,'2014-09-15',1,'b7b0b2c2-d8ee-4c7b-ac7f-7442d9a707d5.jpg','b7b0b2c2-d8ee-4c7b-ac7f-7442d9a707d5.jpg'),(67,1,84,'2014-09-15',1,'727178f9-d190-468c-83e6-9d1ef4c48c58.jpg','727178f9-d190-468c-83e6-9d1ef4c48c58.jpg'),(68,1,85,'2014-09-17',1,'2c1b0ff2-b1a3-4bbc-8515-cebe3311cd21.jpg','2c1b0ff2-b1a3-4bbc-8515-cebe3311cd21.jpg'),(70,1,86,'2014-09-17',1,'4a9743c6-e4e7-4dea-9709-a991b6d8a248.jpg','4a9743c6-e4e7-4dea-9709-a991b6d8a248.jpg'),(76,1,37,'2014-11-04',0,'c8df9074-ed0a-4abb-ada1-f91b2812da12.jpg','c8df9074-ed0a-4abb-ada1-f91b2812da12.jpg'),(77,1,41,'2014-11-04',0,'0e7bb383-f172-46b2-9667-f400f8b25432.jpg','0e7bb383-f172-46b2-9667-f400f8b25432.jpg'),(78,1,42,'2014-11-04',0,'d44bf8fa-9e62-4773-b8a1-aa8739d584d4.jpg','d44bf8fa-9e62-4773-b8a1-aa8739d584d4.jpg'),(79,1,42,'2014-11-04',0,'11b46271-6b39-4f79-b79b-e9a826bbc970.jpg','11b46271-6b39-4f79-b79b-e9a826bbc970.jpg'),(80,1,42,'2014-11-04',0,'7a4549aa-6a60-4714-a5d8-8a0735a38abd.jpg','7a4549aa-6a60-4714-a5d8-8a0735a38abd.jpg'),(81,1,42,'2014-11-04',0,'715f0706-acb0-4f56-b8d8-266f91808072.png','715f0706-acb0-4f56-b8d8-266f91808072.png'),(82,1,42,'2014-11-04',0,'ec70e288-114d-4970-96ed-8c7fb62fd2c1.jpg','ec70e288-114d-4970-96ed-8c7fb62fd2c1.jpg'),(83,1,42,'2014-11-04',0,'768cf1c9-fb0b-47a7-b335-22321c853376.jpg','768cf1c9-fb0b-47a7-b335-22321c853376.jpg'),(84,1,42,'2014-11-04',0,'8350514d-dde6-4312-9837-ba21fc462e06.png','8350514d-dde6-4312-9837-ba21fc462e06.png'),(85,1,94,'2014-12-01',1,'4b7170de-0ccc-4d59-b0da-c77c13e31c13.jpg','4b7170de-0ccc-4d59-b0da-c77c13e31c13.jpg'),(86,1,95,'2014-12-01',1,'0727d2d8-f07a-4bd9-93b8-55d5dc62d71a.jpg','0727d2d8-f07a-4bd9-93b8-55d5dc62d71a.jpg'),(87,1,96,'2014-12-01',1,'d57ee4d5-a637-43d6-9273-372d19968723.jpg','d57ee4d5-a637-43d6-9273-372d19968723.jpg'),(89,1,98,'2014-12-01',1,'30951485-40b5-44d2-91a3-e454875c19a6.jpg','30951485-40b5-44d2-91a3-e454875c19a6.jpg'),(90,1,99,'2014-12-01',1,'36b51e85-25ea-4e32-ae6d-78748d20c616.jpg','36b51e85-25ea-4e32-ae6d-78748d20c616.jpg'),(91,1,39,'2014-12-17',1,'da4a4125-30df-4e46-8056-d39b1bd00992.jpg','da4a4125-30df-4e46-8056-d39b1bd00992.jpg'),(93,1,74,'2015-02-18',1,'0cf8020d-eede-45d2-a766-8771bf384c31.jpg','0cf8020d-eede-45d2-a766-8771bf384c31.jpg'),(94,1,75,'2015-02-18',1,'ba513f38-f16e-4278-8391-0325cc3aa40e.jpg','ba513f38-f16e-4278-8391-0325cc3aa40e.jpg'),(95,1,101,'2015-02-18',0,'c8a003b7-fae5-44c8-9e4e-62e6512d5dc6.jpg','c8a003b7-fae5-44c8-9e4e-62e6512d5dc6.jpg'),(97,1,101,'2015-02-18',1,'738eee59-bc8e-463d-8ee7-833b1fa9040e.jpg','738eee59-bc8e-463d-8ee7-833b1fa9040e.jpg'),(99,1,102,'2015-02-18',1,'be201c4d-3b15-4957-9e30-7ae5fb8e92e9.jpg','be201c4d-3b15-4957-9e30-7ae5fb8e92e9.jpg'),(100,1,91,'2015-02-18',1,'385fc86c-62ab-4d61-8e08-4488d7824455.jpg','385fc86c-62ab-4d61-8e08-4488d7824455.jpg'),(101,1,92,'2015-02-18',1,'54b02225-693b-4b4d-b714-7d7b9949ff27.jpg','54b02225-693b-4b4d-b714-7d7b9949ff27.jpg'),(102,1,100,'2015-02-18',1,'f4642c9e-c011-42f2-bba7-3daca3a5c2a5.jpg','f4642c9e-c011-42f2-bba7-3daca3a5c2a5.jpg'),(103,1,104,'2015-02-18',1,'27f03055-df6f-41f6-84b0-1726d8cb1bf6.jpg','27f03055-df6f-41f6-84b0-1726d8cb1bf6.jpg'),(105,1,105,'2015-02-18',1,'746010e0-d9ef-46e5-b9bf-2bc2ab883e05.jpg','746010e0-d9ef-46e5-b9bf-2bc2ab883e05.jpg'),(106,1,106,'2015-02-18',1,'1affac12-5e05-4bab-b281-60a033430e32.jpg','1affac12-5e05-4bab-b281-60a033430e32.jpg'),(108,1,118,'2015-02-18',1,'06a31949-a599-43d6-bdf6-61aa95842e31.jpg','06a31949-a599-43d6-bdf6-61aa95842e31.jpg'),(109,1,107,'2015-02-18',1,'773a4498-0d9c-47fb-bd6b-ca3db85352c2.jpg','773a4498-0d9c-47fb-bd6b-ca3db85352c2.jpg'),(110,1,108,'2015-02-18',1,'0f14c346-f86c-47f1-93df-d89e9a8cb78f.jpg','0f14c346-f86c-47f1-93df-d89e9a8cb78f.jpg'),(111,1,109,'2015-02-18',1,'77971722-f0b7-4e15-b945-51a8d4a3cd1c.jpg','77971722-f0b7-4e15-b945-51a8d4a3cd1c.jpg'),(112,1,110,'2015-02-18',1,'b50adb23-00df-471e-8116-1e663cf58453.jpg','b50adb23-00df-471e-8116-1e663cf58453.jpg'),(113,1,111,'2015-02-18',1,'bfd816cc-9378-4ea8-9b26-03b21fe13d33.jpg','bfd816cc-9378-4ea8-9b26-03b21fe13d33.jpg'),(114,1,112,'2015-02-18',1,'90e5a1cb-8fc2-413c-ad4e-36ae5390bbfe.jpg','90e5a1cb-8fc2-413c-ad4e-36ae5390bbfe.jpg'),(115,1,113,'2015-02-18',1,'9533a175-f5d3-45f9-a27e-9437e85fad5c.jpg','9533a175-f5d3-45f9-a27e-9437e85fad5c.jpg'),(116,1,114,'2015-02-18',1,'cb6d3d0e-a4ee-4fac-aca6-108a93f31c67.jpg','cb6d3d0e-a4ee-4fac-aca6-108a93f31c67.jpg'),(117,1,115,'2015-02-18',1,'46de7468-32c7-46f4-9d8e-84c62ef01a7f.jpg','46de7468-32c7-46f4-9d8e-84c62ef01a7f.jpg'),(118,1,116,'2015-02-18',1,'8afae26d-1025-4485-b94a-8dd6ba4f222f.jpg','8afae26d-1025-4485-b94a-8dd6ba4f222f.jpg'),(119,1,117,'2015-02-18',1,'48c2b459-0e48-482c-9b34-315ae3956da2.jpg','48c2b459-0e48-482c-9b34-315ae3956da2.jpg'),(120,1,38,'2015-03-02',0,'af46d07d-01d0-4710-bcfc-3cf67d1d9261.png','af46d07d-01d0-4710-bcfc-3cf67d1d9261.png'),(122,1,73,'2015-03-02',1,'b6b2bd03-82cc-4b5a-bc2c-92cc43aca846.png','b6b2bd03-82cc-4b5a-bc2c-92cc43aca846.png'),(123,1,97,'2015-03-18',1,'e3045f30-0a07-4d74-8b59-59010ea3d0c7.jpg','e3045f30-0a07-4d74-8b59-59010ea3d0c7.jpg'),(124,1,119,'2015-06-15',1,'6447d608-e9b7-44bb-94bf-2bd99429da01.png','6447d608-e9b7-44bb-94bf-2bd99429da01.png'),(125,1,120,'2015-06-16',1,'965fca10-a22c-4195-b886-022b40346293.jpg','965fca10-a22c-4195-b886-022b40346293.jpg'),(126,1,125,'2015-06-17',1,'4ffd8c29-b1da-4a2d-8f70-ad4af470ca3b.png','4ffd8c29-b1da-4a2d-8f70-ad4af470ca3b.png'),(127,1,128,'2015-06-17',1,'7dcf8706-585b-4704-925e-9576fb9c78df.png','7dcf8706-585b-4704-925e-9576fb9c78df.png'),(128,1,126,'2015-06-24',1,'7d45fc4c-9db2-4f5b-b116-41b483f3733f.jpg','7d45fc4c-9db2-4f5b-b116-41b483f3733f.jpg');
/*!40000 ALTER TABLE `tbluserimages` ENABLE KEYS */;
UNLOCK TABLES;

--
-- Table structure for table `tblusermatchpoints`
--

DROP TABLE IF EXISTS `tblusermatchpoints`;
/*!40101 SET @saved_cs_client     = @@character_set_client */;
/*!40101 SET character_set_client = utf8 */;
CREATE TABLE `tblusermatchpoints` (
  `UserMatchPointsID` int(11) NOT NULL AUTO_INCREMENT,
  `UserID` int(11) DEFAULT NULL,
  `MatchID` int(11) DEFAULT NULL,
  `PointsAchieved` int(11) DEFAULT NULL,
  `ElaspedTime` int(11) DEFAULT NULL,
  `IsCorrect` tinyint(4) DEFAULT NULL,
  `MatchTime` datetime DEFAULT NULL,
  PRIMARY KEY (`UserMatchPointsID`)
) ENGINE=MyISAM AUTO_INCREMENT=1530 DEFAULT CHARSET=latin1;
/*!40101 SET character_set_client = @saved_cs_client */;

--
-- Dumping data for table `tblusermatchpoints`
--

LOCK TABLES `tblusermatchpoints` WRITE;
/*!40000 ALTER TABLE `tblusermatchpoints` DISABLE KEYS */;
INSERT INTO `tblusermatchpoints` VALUES (426,39,19,70,25,1,'2014-08-24 17:38:21'),(427,39,19,77,25,1,'2014-08-24 18:34:31'),(428,39,19,0,0,0,'2014-08-24 18:39:16'),(429,39,19,77,25,1,'2014-08-24 19:49:27'),(430,39,19,70,25,1,'2014-08-24 20:35:15'),(431,39,19,90,25,1,'2014-08-24 20:58:03'),(432,39,19,0,0,0,'2014-08-24 21:01:37'),(433,39,14,0,0,0,'2014-08-24 21:09:54'),(434,39,14,0,0,0,'2014-08-24 21:22:19'),(435,39,14,0,0,0,'2014-08-24 21:27:51'),(436,39,14,0,0,0,'2014-08-24 21:33:30'),(437,39,14,0,0,0,'2014-08-24 21:56:20'),(438,39,14,0,0,0,'2014-08-24 22:22:04'),(439,39,14,0,0,0,'2014-08-24 22:35:28'),(440,39,19,150,25,1,'2014-08-24 23:01:53'),(441,39,19,167,25,1,'2014-08-24 23:10:17'),(442,39,16,0,0,0,'2014-08-24 23:17:14'),(443,39,16,0,0,0,'2014-08-24 23:21:21'),(444,39,16,0,0,0,'2014-08-24 23:31:12'),(445,39,16,0,0,0,'2014-08-24 23:34:11'),(446,40,19,275,25,1,'2014-08-24 23:56:54'),(447,40,19,233,25,1,'2014-08-25 00:04:00'),(448,40,14,0,0,0,'2014-08-25 00:05:57'),(449,40,14,0,0,0,'2014-08-25 00:06:23'),(450,40,17,0,0,0,'2014-08-25 00:21:37'),(451,39,14,0,0,0,'2014-08-25 02:14:23'),(452,39,14,0,0,0,'2014-08-25 02:15:30'),(453,39,18,0,0,0,'2014-08-25 02:52:00'),(454,39,18,0,0,0,'2014-08-25 02:52:23'),(455,40,19,262,25,1,'2014-08-25 03:42:24'),(456,40,19,257,25,1,'2014-08-25 03:50:12'),(457,40,19,265,25,1,'2014-08-25 03:50:53'),(458,40,19,245,25,1,'2014-08-25 03:52:16'),(459,40,14,0,0,0,'2014-08-25 04:23:28'),(460,40,14,0,0,0,'2014-08-25 04:25:13'),(461,40,14,0,0,0,'2014-08-25 04:26:21'),(462,40,14,0,0,0,'2014-08-25 04:26:38'),(463,40,14,0,0,0,'2014-08-25 04:29:35'),(464,40,14,0,0,0,'2014-08-25 04:30:40'),(465,40,14,0,0,0,'2014-08-25 04:31:23'),(466,40,14,0,0,0,'2014-08-25 04:32:13'),(467,40,14,0,0,0,'2014-08-25 04:32:55'),(468,40,14,0,0,0,'2014-08-25 04:37:22'),(469,39,14,0,0,0,'2014-08-25 13:05:51'),(470,39,14,0,0,0,'2014-08-25 13:06:08'),(471,39,14,0,0,0,'2014-08-25 13:38:51'),(472,1,14,0,0,0,'2014-08-25 13:49:41'),(473,39,14,0,0,0,'2014-08-25 13:50:26'),(474,39,14,0,0,0,'2014-08-25 14:07:27'),(475,39,14,0,0,0,'2014-08-25 14:07:50'),(476,39,14,0,0,0,'2014-08-25 14:11:11'),(477,39,14,0,0,0,'2014-08-25 14:15:48'),(478,39,14,0,0,0,'2014-08-25 14:18:17'),(479,39,14,0,0,0,'2014-08-25 14:33:13'),(480,39,14,0,0,0,'2014-08-25 14:52:33'),(481,39,14,0,0,0,'2014-08-25 15:08:40'),(482,39,14,0,0,0,'2014-08-25 15:44:48'),(483,39,14,0,0,0,'2014-08-25 15:45:19'),(484,39,14,0,0,0,'2014-08-25 15:46:04'),(485,39,14,0,0,0,'2014-08-25 15:46:14'),(486,39,14,0,0,0,'2014-08-25 15:49:26'),(487,39,14,0,0,0,'2014-08-25 15:49:39'),(488,39,14,0,0,0,'2014-08-25 15:52:40'),(489,1,14,0,0,0,'2014-08-25 15:55:25'),(490,1,14,0,0,0,'2014-08-25 15:59:40'),(491,37,16,0,0,0,'2014-08-25 18:31:53'),(492,37,16,0,0,0,'2014-08-25 18:31:57'),(493,37,16,0,0,0,'2014-08-25 18:32:01'),(494,37,14,0,0,0,'2014-08-25 18:47:48'),(495,37,14,0,0,0,'2014-08-25 18:53:30'),(496,37,14,0,0,0,'2014-08-25 18:54:57'),(497,37,14,0,0,0,'2014-08-25 18:55:10'),(498,37,14,0,0,0,'2014-08-25 18:55:14'),(499,37,14,0,0,0,'2014-08-25 19:30:59'),(500,37,14,0,0,0,'2014-08-25 19:41:45'),(501,39,19,0,0,0,'2014-08-25 21:57:05'),(502,39,14,0,0,0,'2014-08-25 21:57:38'),(503,39,19,0,0,0,'2014-08-25 22:49:21'),(504,39,19,0,0,0,'2014-08-25 23:28:20'),(505,39,19,0,0,0,'2014-08-25 23:29:10'),(506,39,19,0,0,0,'2014-08-25 23:29:57'),(507,39,19,0,0,0,'2014-08-25 23:31:23'),(508,39,19,253,25,1,'2014-08-26 06:05:40'),(509,39,19,0,0,0,'2014-08-26 06:06:12'),(510,39,19,0,0,0,'2014-08-26 06:12:09'),(511,39,19,0,0,0,'2014-08-26 17:19:22'),(512,39,19,0,0,0,'2014-08-27 04:54:28'),(513,39,14,0,0,0,'2014-08-27 05:10:34'),(514,39,14,0,0,0,'2014-08-27 05:14:57'),(515,39,21,74,25,1,'2014-08-27 17:06:35'),(516,39,19,0,0,0,'2014-08-27 17:07:51'),(517,39,19,0,0,0,'2014-08-27 17:08:09'),(518,39,18,0,0,0,'2014-08-27 17:09:06'),(519,39,16,0,0,0,'2014-08-27 17:29:53'),(520,39,16,0,0,0,'2014-08-27 17:31:48'),(521,37,21,64,25,1,'2014-08-27 17:32:17'),(522,37,21,0,0,0,'2014-08-27 17:32:43'),(523,37,21,0,0,0,'2014-08-27 17:32:44'),(524,39,16,0,0,0,'2014-08-27 17:35:09'),(525,39,16,0,0,0,'2014-08-27 17:42:44'),(526,39,16,0,0,0,'2014-08-27 17:42:58'),(527,37,16,175,60,1,'2014-08-27 17:45:44'),(528,37,16,160,60,1,'2014-08-27 17:49:30'),(529,37,18,0,0,0,'2014-08-27 19:04:32'),(530,37,17,0,0,0,'2014-08-27 19:11:05'),(531,41,19,261,60,1,'2014-08-27 19:19:54'),(532,41,14,0,0,0,'2014-08-27 19:22:42'),(533,41,14,0,0,0,'2014-08-27 19:24:16'),(534,41,14,0,0,0,'2014-08-27 19:25:41'),(535,41,14,0,0,0,'2014-08-27 19:27:56'),(536,41,14,0,0,0,'2014-08-27 19:29:49'),(537,41,16,0,0,0,'2014-08-27 19:36:39'),(538,41,16,170,60,1,'2014-08-27 19:43:32'),(539,37,21,0,0,0,'2014-08-27 20:03:28'),(540,37,21,0,0,0,'2014-08-27 20:03:29'),(541,37,21,0,0,0,'2014-08-27 20:20:54'),(542,37,14,0,0,0,'2014-08-27 20:25:07'),(543,37,14,0,0,0,'2014-08-27 20:27:10'),(544,37,14,297,60,1,'2014-08-27 20:30:58'),(545,37,16,0,0,0,'2014-08-27 20:37:57'),(546,37,16,0,0,0,'2014-08-27 20:38:12'),(547,37,16,198,60,1,'2014-08-27 20:42:12'),(548,37,16,0,0,0,'2014-08-27 20:52:40'),(549,37,16,0,0,0,'2014-08-27 20:55:24'),(550,37,16,0,0,0,'2014-08-27 20:56:43'),(551,37,16,0,0,0,'2014-08-27 20:56:56'),(552,37,16,158,60,1,'2014-08-27 20:58:59'),(553,39,19,0,0,0,'2014-08-29 06:35:50'),(554,39,14,0,0,0,'2014-08-29 06:53:32'),(555,39,19,292,60,1,'2014-08-29 06:54:28'),(556,39,14,291,60,1,'2014-08-29 13:16:56'),(557,39,19,0,0,0,'2014-08-29 13:21:51'),(558,39,21,0,0,0,'2014-08-29 15:12:26'),(559,39,19,0,0,0,'2014-08-29 21:27:51'),(560,39,21,0,0,0,'2014-09-01 14:39:41'),(561,39,19,280,60,1,'2014-09-01 14:40:30'),(562,39,19,241,60,1,'2014-09-01 14:41:48'),(563,39,21,0,0,0,'2014-09-01 14:42:40'),(564,39,18,0,0,0,'2014-09-01 14:43:59'),(565,39,18,0,0,0,'2014-09-01 14:44:14'),(566,39,17,0,0,0,'2014-09-01 14:45:33'),(567,39,17,0,0,0,'2014-09-01 14:46:50'),(568,39,17,0,0,0,'2014-09-01 14:49:52'),(569,39,16,0,0,0,'2014-09-01 14:51:12'),(570,39,16,186,60,1,'2014-09-01 14:52:51'),(571,39,21,0,0,0,'2014-09-01 14:53:12'),(572,39,16,0,0,0,'2014-09-01 14:53:31'),(573,39,21,0,0,0,'2014-09-01 14:54:00'),(574,39,21,0,0,0,'2014-09-01 14:54:46'),(575,39,16,0,0,0,'2014-09-01 14:55:12'),(576,39,16,0,0,0,'2014-09-01 14:55:13'),(577,39,19,0,0,0,'2014-09-01 14:55:36'),(578,39,16,0,0,0,'2014-09-01 14:56:21'),(579,39,16,0,0,0,'2014-09-02 18:16:25'),(580,39,17,0,0,0,'2014-09-02 18:16:42'),(581,39,18,0,0,0,'2014-09-02 18:16:54'),(582,39,19,0,0,0,'2014-09-02 18:17:26'),(583,39,19,229,60,1,'2014-09-02 18:28:27'),(584,39,16,0,0,0,'2014-09-02 18:38:31'),(585,39,16,148,60,1,'2014-09-02 18:47:37'),(586,39,14,0,0,0,'2014-09-02 18:58:54'),(587,39,18,0,0,0,'2014-09-03 00:44:02'),(588,39,21,0,0,0,'2014-09-03 00:45:17'),(589,39,16,0,0,0,'2014-09-03 02:20:35'),(590,39,17,0,0,0,'2014-09-03 02:22:32'),(591,39,18,0,0,0,'2014-09-03 02:22:46'),(592,39,14,324,60,1,'2014-09-03 02:23:25'),(593,39,21,0,0,0,'2014-09-03 03:27:37'),(594,39,21,0,0,0,'2014-09-03 03:28:44'),(595,39,19,0,0,0,'2014-09-03 03:34:11'),(596,39,17,0,0,0,'2014-09-03 03:36:01'),(597,39,19,0,0,0,'2014-09-03 04:20:03'),(598,39,19,0,0,0,'2014-09-03 04:49:44'),(599,39,18,0,0,0,'2014-09-03 04:50:04'),(600,39,17,0,0,0,'2014-09-03 04:55:29'),(601,39,21,0,0,0,'2014-09-03 05:26:21'),(602,39,19,0,0,0,'2014-09-03 05:31:18'),(603,39,21,0,0,0,'2014-09-03 05:44:25'),(604,39,19,0,0,0,'2014-09-03 05:44:36'),(605,39,18,0,0,0,'2014-09-03 05:44:50'),(606,39,17,0,0,0,'2014-09-03 05:45:00'),(607,39,16,0,0,0,'2014-09-03 05:45:21'),(608,40,19,0,0,0,'2014-09-03 05:49:14'),(609,39,21,0,0,0,'2014-09-03 13:55:36'),(610,39,19,0,0,0,'2014-09-03 13:55:57'),(611,39,18,0,0,0,'2014-09-03 13:56:14'),(612,39,17,0,0,0,'2014-09-03 13:56:34'),(613,39,19,0,0,0,'2014-09-03 14:23:05'),(614,39,21,0,0,0,'2014-09-03 14:23:16'),(615,39,17,0,0,0,'2014-09-03 14:50:34'),(616,39,19,281,60,1,'2014-09-03 14:52:05'),(617,39,19,0,0,0,'2014-09-03 14:53:31'),(618,39,19,0,0,0,'2014-09-03 14:54:01'),(619,39,17,0,0,0,'2014-09-03 14:54:08'),(620,39,21,0,0,0,'2014-09-03 14:56:13'),(621,39,18,0,0,0,'2014-09-03 14:56:24'),(622,39,14,341,20,1,'2014-09-03 14:59:13'),(623,39,19,0,0,0,'2014-09-03 15:55:42'),(624,39,14,0,0,0,'2014-09-03 15:59:10'),(625,39,14,448,20,1,'2014-09-03 16:01:08'),(626,39,21,0,0,0,'2014-09-03 16:13:48'),(627,39,19,0,0,0,'2014-09-03 17:19:44'),(628,39,14,0,0,0,'2014-09-03 17:19:57'),(629,39,21,0,0,0,'2014-09-03 17:24:25'),(630,40,21,194,50,1,'2014-09-03 17:27:41'),(631,39,19,0,0,0,'2014-09-03 18:51:18'),(632,39,19,0,0,0,'2014-09-03 18:51:58'),(633,39,21,189,50,1,'2014-09-03 18:52:47'),(634,39,21,0,0,0,'2014-09-03 19:01:35'),(635,39,19,0,0,0,'2014-09-03 19:01:52'),(636,39,21,0,0,0,'2014-09-03 19:13:59'),(637,39,14,0,0,0,'2014-09-03 19:14:07'),(638,39,17,0,0,0,'2014-09-03 19:14:12'),(639,39,18,0,0,0,'2014-09-03 19:14:16'),(640,39,19,0,0,0,'2014-09-03 19:14:20'),(641,39,14,0,0,0,'2014-09-03 19:15:25'),(642,39,14,0,0,0,'2014-09-03 19:15:34'),(643,41,17,0,0,0,'2014-09-10 09:44:16'),(644,41,17,0,0,0,'2014-09-10 09:45:47'),(645,41,17,0,0,0,'2014-09-10 12:30:51'),(646,41,16,0,0,0,'2014-09-10 12:53:55'),(647,41,19,0,0,0,'2014-09-10 13:04:41'),(648,41,18,0,0,0,'2014-09-10 13:59:47'),(649,41,19,0,0,0,'2014-09-10 14:12:41'),(650,40,18,0,0,0,'2014-09-10 14:50:08'),(651,39,21,0,0,0,'2014-09-10 15:08:12'),(652,40,16,0,0,0,'2014-09-10 15:19:29'),(653,40,16,0,0,0,'2014-09-10 15:21:37'),(654,40,19,0,0,0,'2014-09-10 15:23:20'),(655,40,17,0,0,0,'2014-09-10 15:23:45'),(656,39,14,0,0,0,'2014-09-10 15:25:07'),(657,39,14,0,0,0,'2014-09-10 15:25:18'),(658,40,18,0,0,0,'2014-09-10 15:25:39'),(659,39,14,0,0,0,'2014-09-10 15:25:51'),(660,40,16,174,60,1,'2014-09-10 22:48:57'),(661,41,17,0,0,0,'2014-09-11 11:44:31'),(662,41,17,0,0,0,'2014-09-11 11:45:47'),(663,41,21,164,50,1,'2014-09-11 11:47:08'),(664,41,16,211,60,1,'2014-09-11 11:48:36'),(665,41,18,0,0,0,'2014-09-11 11:49:26'),(666,38,19,0,0,0,'2014-09-11 21:14:32'),(667,38,18,0,0,0,'2014-09-11 21:16:00'),(668,38,18,0,0,0,'2014-09-11 21:17:18'),(669,38,18,0,0,0,'2014-09-11 21:18:12'),(670,40,16,0,0,0,'2014-09-12 12:35:20'),(671,82,22,0,0,0,'2014-09-14 23:25:54'),(672,82,22,0,0,0,'2014-09-15 00:26:41'),(673,82,22,0,0,0,'2014-09-15 00:30:03'),(674,82,22,0,0,0,'2014-09-15 00:36:18'),(675,82,22,0,0,0,'2014-09-15 00:39:16'),(676,82,22,278,60,1,'2014-09-15 00:42:38'),(677,40,16,0,0,0,'2014-09-15 01:14:45'),(678,40,16,0,0,0,'2014-09-15 01:15:50'),(679,40,16,0,0,0,'2014-09-15 01:19:19'),(680,40,17,0,0,0,'2014-09-15 01:21:15'),(681,82,22,260,60,1,'2014-09-15 15:10:45'),(682,84,22,0,0,0,'2014-09-15 18:52:06'),(683,40,22,281,60,1,'2014-09-15 20:33:13'),(684,40,22,0,0,0,'2014-09-15 20:33:50'),(685,37,22,0,0,0,'2014-09-15 20:35:45'),(686,37,22,0,0,0,'2014-09-15 20:40:06'),(687,84,22,265,60,1,'2014-09-15 21:00:59'),(688,82,22,0,0,0,'2014-09-16 08:24:05'),(689,82,22,0,0,0,'2014-09-16 08:24:08'),(690,82,22,0,0,0,'2014-09-16 08:40:53'),(691,82,22,0,0,0,'2014-09-16 08:42:14'),(692,39,21,0,0,0,'2014-09-16 16:05:35'),(693,39,19,0,0,0,'2014-09-16 16:06:15'),(694,39,18,0,0,0,'2014-09-16 16:06:35'),(695,39,14,0,0,0,'2014-09-16 16:46:38'),(696,39,21,0,0,0,'2014-09-16 16:46:45'),(697,82,22,0,0,0,'2014-09-16 19:52:08'),(698,82,22,284,60,1,'2014-09-16 19:53:48'),(699,39,18,0,0,0,'2014-09-16 23:22:59'),(700,39,21,0,0,0,'2014-09-17 00:52:43'),(701,39,19,0,0,0,'2014-09-17 02:38:04'),(702,39,19,0,0,0,'2014-09-17 02:38:22'),(703,39,18,0,0,0,'2014-09-17 02:39:51'),(704,39,17,0,0,0,'2014-09-17 02:40:16'),(705,39,14,0,0,0,'2014-09-17 02:42:18'),(706,40,21,0,0,0,'2014-09-17 14:13:00'),(707,40,21,0,0,0,'2014-09-17 14:16:02'),(708,40,21,0,0,0,'2014-09-17 14:16:07'),(709,84,22,0,0,0,'2014-09-17 20:46:58'),(710,40,21,0,0,0,'2014-09-18 11:46:10'),(711,40,21,0,0,0,'2014-09-18 11:47:57'),(712,83,22,0,0,0,'2014-09-18 14:50:42'),(713,83,17,0,0,0,'2014-09-18 14:50:59'),(714,39,17,0,0,0,'2014-09-18 14:55:41'),(715,40,22,0,0,0,'2014-09-18 17:04:10'),(716,84,22,0,0,0,'2014-09-18 17:19:15'),(717,84,22,285,60,1,'2014-09-18 17:23:31'),(718,39,22,0,0,0,'2014-09-18 17:43:41'),(719,40,22,0,0,0,'2014-09-18 17:45:54'),(720,40,22,0,0,0,'2014-09-18 17:48:17'),(721,40,22,0,0,0,'2014-09-18 17:55:34'),(722,40,22,0,0,0,'2014-09-18 17:56:49'),(723,40,22,0,0,0,'2014-09-18 18:00:35'),(724,40,22,0,0,0,'2014-09-18 18:02:09'),(725,40,22,0,0,0,'2014-09-18 18:02:17'),(726,40,22,0,0,0,'2014-09-18 18:02:26'),(727,40,22,0,0,0,'2014-09-18 18:09:52'),(728,40,21,0,0,0,'2014-09-18 18:10:28'),(729,84,22,0,0,0,'2014-09-18 18:31:28'),(730,84,22,0,0,0,'2014-09-18 18:31:59'),(731,84,22,0,0,0,'2014-09-19 14:50:00'),(732,84,16,0,0,0,'2014-09-19 14:50:57'),(733,84,17,0,0,0,'2014-09-19 14:51:09'),(734,40,21,0,0,0,'2014-09-19 21:11:43'),(735,84,22,0,0,0,'2014-09-20 15:13:56'),(736,84,22,0,0,0,'2014-09-20 15:26:43'),(737,84,22,0,0,0,'2014-09-22 00:13:28'),(738,82,17,0,0,0,'2014-09-22 00:20:25'),(739,84,22,0,0,0,'2014-09-22 02:13:58'),(740,84,16,0,0,0,'2014-09-22 02:14:23'),(741,84,17,0,0,0,'2014-09-22 02:15:51'),(742,84,17,0,0,0,'2014-09-22 02:15:51'),(743,40,21,0,0,0,'2014-09-22 13:06:54'),(744,40,21,0,0,0,'2014-09-22 13:07:00'),(745,84,22,0,0,0,'2014-09-22 15:50:21'),(746,87,16,0,0,0,'2014-09-22 19:17:43'),(747,87,16,0,0,0,'2014-09-22 19:18:46'),(748,87,16,150,60,1,'2014-09-22 19:20:26'),(749,73,21,144,50,1,'2014-09-23 16:03:08'),(750,73,21,506,50,1,'2014-09-23 16:05:52'),(751,73,21,616,50,1,'2014-09-23 16:05:53'),(752,73,21,726,50,1,'2014-09-23 16:05:53'),(753,73,21,836,50,1,'2014-09-23 16:05:53'),(754,73,21,946,50,1,'2014-09-23 16:05:55'),(755,73,21,1056,50,1,'2014-09-23 16:05:55'),(756,73,21,1166,50,1,'2014-09-23 16:05:56'),(757,73,21,1276,50,1,'2014-09-23 16:05:58'),(758,73,21,1386,50,1,'2014-09-23 16:05:58'),(759,73,21,1496,50,1,'2014-09-23 16:05:58'),(760,73,21,506,50,1,'2014-09-23 16:06:38'),(761,73,21,616,50,1,'2014-09-23 16:06:39'),(762,73,21,726,50,1,'2014-09-23 16:06:40'),(763,73,21,836,50,1,'2014-09-23 16:06:40'),(764,73,21,946,50,1,'2014-09-23 16:06:40'),(765,73,21,1056,50,1,'2014-09-23 16:06:42'),(766,73,21,1166,50,1,'2014-09-23 16:06:42'),(767,73,21,1276,50,1,'2014-09-23 16:06:42'),(768,73,21,1386,50,1,'2014-09-23 16:06:44'),(769,73,21,1496,50,1,'2014-09-23 16:06:46'),(770,73,21,2114,50,1,'2014-09-23 16:07:25'),(771,73,21,2224,50,1,'2014-09-23 16:07:26'),(772,73,21,2334,50,1,'2014-09-23 16:07:27'),(773,73,21,2444,50,1,'2014-09-23 16:07:27'),(774,73,21,2554,50,1,'2014-09-23 16:07:28'),(775,73,21,2664,50,1,'2014-09-23 16:07:29'),(776,73,21,2774,50,1,'2014-09-23 16:07:29'),(777,73,21,2884,50,1,'2014-09-23 16:07:31'),(778,73,21,2994,50,1,'2014-09-23 16:07:32'),(779,73,21,3104,50,1,'2014-09-23 16:07:33'),(780,73,21,3624,50,1,'2014-09-23 16:08:08'),(781,73,21,3914,50,1,'2014-09-23 16:08:09'),(782,73,21,4024,50,1,'2014-09-23 16:08:10'),(783,73,21,4134,50,1,'2014-09-23 16:08:12'),(784,73,21,4244,50,1,'2014-09-23 16:08:12'),(785,73,21,4354,50,1,'2014-09-23 16:08:12'),(786,73,21,4464,50,1,'2014-09-23 16:08:15'),(787,73,21,4574,50,1,'2014-09-23 16:08:15'),(788,73,21,4684,50,1,'2014-09-23 16:08:17'),(789,73,21,4794,50,1,'2014-09-23 16:08:17'),(790,73,21,5202,50,1,'2014-09-23 16:08:59'),(791,73,21,5372,50,1,'2014-09-23 16:09:00'),(792,73,21,5662,50,1,'2014-09-23 16:09:03'),(793,73,21,5772,50,1,'2014-09-23 16:09:04'),(794,73,21,5882,50,1,'2014-09-23 16:09:05'),(795,73,21,5992,50,1,'2014-09-23 16:09:06'),(796,73,21,6102,50,1,'2014-09-23 16:09:07'),(797,73,21,6212,50,1,'2014-09-23 16:09:07'),(798,73,21,6322,50,1,'2014-09-23 16:09:09'),(799,73,21,6432,50,1,'2014-09-23 16:09:09'),(800,73,21,6836,50,1,'2014-09-23 16:09:43'),(801,73,21,7006,50,1,'2014-09-23 16:09:44'),(802,73,21,7296,50,1,'2014-09-23 16:09:46'),(803,73,21,7406,50,1,'2014-09-23 16:09:47'),(804,73,21,7516,50,1,'2014-09-23 16:09:48'),(805,73,21,7626,50,1,'2014-09-23 16:09:49'),(806,73,21,7736,50,1,'2014-09-23 16:09:50'),(807,73,21,7846,50,1,'2014-09-23 16:09:51'),(808,73,21,7956,50,1,'2014-09-23 16:09:52'),(809,73,21,8066,50,1,'2014-09-23 16:09:52'),(810,73,21,8680,50,1,'2014-09-23 16:10:30'),(811,73,21,8790,50,1,'2014-09-23 16:10:30'),(812,73,21,8960,50,1,'2014-09-23 16:10:32'),(813,73,21,9070,50,1,'2014-09-23 16:10:32'),(814,73,21,9180,50,1,'2014-09-23 16:10:33'),(815,73,21,9290,50,1,'2014-09-23 16:10:35'),(816,73,21,9400,50,1,'2014-09-23 16:10:35'),(817,73,21,9510,50,1,'2014-09-23 16:10:36'),(818,73,21,9620,50,1,'2014-09-23 16:10:37'),(819,73,21,9730,50,1,'2014-09-23 16:10:38'),(820,73,21,10396,50,1,'2014-09-23 16:11:14'),(821,73,21,10506,50,1,'2014-09-23 16:11:14'),(822,73,21,10736,50,1,'2014-09-23 16:11:15'),(823,73,21,10846,50,1,'2014-09-23 16:11:16'),(824,73,21,10956,50,1,'2014-09-23 16:11:17'),(825,73,21,11066,50,1,'2014-09-23 16:11:19'),(826,73,21,11176,50,1,'2014-09-23 16:11:20'),(827,73,21,11286,50,1,'2014-09-23 16:11:21'),(828,73,21,11396,50,1,'2014-09-23 16:11:22'),(829,73,21,11506,50,1,'2014-09-23 16:11:23'),(830,73,21,12056,50,1,'2014-09-23 16:11:57'),(831,73,21,12166,50,1,'2014-09-23 16:11:57'),(832,73,21,12336,50,1,'2014-09-23 16:11:58'),(833,73,21,12446,50,1,'2014-09-23 16:11:59'),(834,73,21,12616,50,1,'2014-09-23 16:12:00'),(835,73,21,12726,50,1,'2014-09-23 16:12:02'),(836,73,21,12836,50,1,'2014-09-23 16:12:03'),(837,73,21,12946,50,1,'2014-09-23 16:12:04'),(838,73,21,13056,50,1,'2014-09-23 16:12:05'),(839,73,21,13166,50,1,'2014-09-23 16:12:06'),(840,73,21,13660,50,1,'2014-09-23 16:12:39'),(841,73,21,13770,50,1,'2014-09-23 16:12:40'),(842,73,21,13880,50,1,'2014-09-23 16:12:41'),(843,73,21,14170,50,1,'2014-09-23 16:12:42'),(844,73,21,14280,50,1,'2014-09-23 16:12:44'),(845,73,21,14390,50,1,'2014-09-23 16:12:45'),(846,73,21,14500,50,1,'2014-09-23 16:12:46'),(847,73,21,14610,50,1,'2014-09-23 16:12:47'),(848,73,21,14720,50,1,'2014-09-23 16:12:48'),(849,73,21,14830,50,1,'2014-09-23 16:12:49'),(850,73,21,450,50,1,'2014-09-23 16:21:07'),(851,73,21,560,50,1,'2014-09-23 16:21:07'),(852,73,21,670,50,1,'2014-09-23 16:21:09'),(853,73,21,780,50,1,'2014-09-23 16:21:09'),(854,73,21,890,50,1,'2014-09-23 16:21:09'),(855,73,21,1000,50,1,'2014-09-23 16:21:10'),(856,73,21,1110,50,1,'2014-09-23 16:21:12'),(857,73,21,1220,50,1,'2014-09-23 16:21:12'),(858,73,21,1330,50,1,'2014-09-23 16:21:14'),(859,73,21,1440,50,1,'2014-09-23 16:21:14'),(860,73,21,584,50,1,'2014-09-23 16:21:50'),(861,73,21,754,50,1,'2014-09-23 16:21:52'),(862,73,21,864,50,1,'2014-09-23 16:21:53'),(863,73,21,974,50,1,'2014-09-23 16:21:54'),(864,73,21,1084,50,1,'2014-09-23 16:21:54'),(865,73,21,1194,50,1,'2014-09-23 16:21:56'),(866,73,21,1304,50,1,'2014-09-23 16:21:56'),(867,73,21,1414,50,1,'2014-09-23 16:21:57'),(868,73,21,1524,50,1,'2014-09-23 16:21:58'),(869,73,21,1634,50,1,'2014-09-23 16:21:58'),(870,73,21,426,50,1,'2014-09-23 16:22:33'),(871,73,21,716,50,1,'2014-09-23 16:22:35'),(872,73,21,886,50,1,'2014-09-23 16:22:36'),(873,73,21,996,50,1,'2014-09-23 16:22:37'),(874,73,21,1106,50,1,'2014-09-23 16:22:38'),(875,73,21,1216,50,1,'2014-09-23 16:22:39'),(876,73,21,1326,50,1,'2014-09-23 16:22:40'),(877,73,21,1436,50,1,'2014-09-23 16:22:41'),(878,73,21,1546,50,1,'2014-09-23 16:22:42'),(879,73,21,1656,50,1,'2014-09-23 16:22:43'),(880,73,21,362,50,1,'2014-09-23 16:23:16'),(881,73,21,532,50,1,'2014-09-23 16:23:19'),(882,73,21,642,50,1,'2014-09-23 16:23:20'),(883,73,21,812,50,1,'2014-09-23 16:23:20'),(884,73,21,982,50,1,'2014-09-23 16:23:23'),(885,73,21,1092,50,1,'2014-09-23 16:23:24'),(886,73,21,1202,50,1,'2014-09-23 16:23:24'),(887,73,21,1312,50,1,'2014-09-23 16:23:26'),(888,73,21,1422,50,1,'2014-09-23 16:23:27'),(889,73,21,1532,50,1,'2014-09-23 16:23:28'),(890,73,21,512,50,1,'2014-09-23 16:24:00'),(891,73,21,622,50,1,'2014-09-23 16:24:01'),(892,73,21,852,50,1,'2014-09-23 16:24:03'),(893,73,21,1022,50,1,'2014-09-23 16:24:04'),(894,73,21,1132,50,1,'2014-09-23 16:24:05'),(895,73,21,1242,50,1,'2014-09-23 16:24:06'),(896,73,21,1352,50,1,'2014-09-23 16:24:07'),(897,73,21,1462,50,1,'2014-09-23 16:24:09'),(898,73,21,1572,50,1,'2014-09-23 16:24:09'),(899,73,21,1682,50,1,'2014-09-23 16:24:11'),(900,73,21,448,50,1,'2014-09-23 16:24:46'),(901,73,21,648,50,1,'2014-09-23 16:24:49'),(902,73,21,878,50,1,'2014-09-23 16:24:49'),(903,73,21,988,50,1,'2014-09-23 16:24:50'),(904,73,21,1098,50,1,'2014-09-23 16:24:51'),(905,73,21,1208,50,1,'2014-09-23 16:24:52'),(906,73,21,1318,50,1,'2014-09-23 16:24:53'),(907,73,21,1428,50,1,'2014-09-23 16:24:55'),(908,73,21,1538,50,1,'2014-09-23 16:24:56'),(909,73,21,1648,50,1,'2014-09-23 16:24:57'),(910,73,21,448,50,1,'2014-09-23 16:25:29'),(911,73,21,738,50,1,'2014-09-23 16:25:31'),(912,73,21,848,50,1,'2014-09-23 16:25:32'),(913,73,21,1018,50,1,'2014-09-23 16:25:33'),(914,73,21,1128,50,1,'2014-09-23 16:25:34'),(915,73,21,1238,50,1,'2014-09-23 16:25:36'),(916,73,21,1348,50,1,'2014-09-23 16:25:36'),(917,73,21,1458,50,1,'2014-09-23 16:25:38'),(918,73,21,1568,50,1,'2014-09-23 16:25:38'),(919,73,21,1678,50,1,'2014-09-23 16:25:40'),(920,73,21,430,50,1,'2014-09-23 16:26:14'),(921,73,21,600,50,1,'2014-09-23 16:26:15'),(922,73,21,830,50,1,'2014-09-23 16:26:18'),(923,73,21,940,50,1,'2014-09-23 16:26:18'),(924,73,21,1050,50,1,'2014-09-23 16:26:18'),(925,73,21,1160,50,1,'2014-09-23 16:26:21'),(926,73,21,1270,50,1,'2014-09-23 16:26:21'),(927,73,21,1380,50,1,'2014-09-23 16:26:21'),(928,73,21,1490,50,1,'2014-09-23 16:26:24'),(929,73,21,1600,50,1,'2014-09-23 16:26:25'),(930,73,21,344,50,1,'2014-09-23 16:26:57'),(931,73,21,574,50,1,'2014-09-23 16:26:59'),(932,73,21,804,50,1,'2014-09-23 16:27:02'),(933,73,21,914,50,1,'2014-09-23 16:27:02'),(934,73,21,1024,50,1,'2014-09-23 16:27:04'),(935,73,21,1134,50,1,'2014-09-23 16:27:04'),(936,73,21,1244,50,1,'2014-09-23 16:27:05'),(937,73,21,1354,50,1,'2014-09-23 16:27:06'),(938,73,21,1464,50,1,'2014-09-23 16:27:07'),(939,73,21,1574,50,1,'2014-09-23 16:27:08'),(940,73,21,400,50,1,'2014-09-23 16:27:40'),(941,73,21,660,50,1,'2014-09-23 16:27:43'),(942,73,21,890,50,1,'2014-09-23 16:27:44'),(943,73,21,1000,50,1,'2014-09-23 16:27:45'),(944,73,21,1110,50,1,'2014-09-23 16:27:46'),(945,73,21,1220,50,1,'2014-09-23 16:27:47'),(946,73,21,1330,50,1,'2014-09-23 16:27:48'),(947,73,21,1440,50,1,'2014-09-23 16:27:49'),(948,73,21,1550,50,1,'2014-09-23 16:27:50'),(949,73,21,1660,50,1,'2014-09-23 16:27:51'),(950,73,21,0,0,0,'2014-09-23 16:40:55'),(951,87,14,0,0,0,'2014-09-23 16:43:52'),(952,87,19,0,0,0,'2014-09-23 16:44:00'),(953,87,18,0,0,0,'2014-09-23 16:44:04'),(954,87,22,0,0,0,'2014-09-23 16:44:12'),(955,73,21,2446,50,1,'2014-09-23 17:45:53'),(956,73,21,2556,50,1,'2014-09-23 17:45:53'),(957,73,21,2666,50,1,'2014-09-23 17:45:54'),(958,73,21,2776,50,1,'2014-09-23 17:45:55'),(959,73,21,2886,50,1,'2014-09-23 17:45:56'),(960,73,21,2996,50,1,'2014-09-23 17:45:56'),(961,73,21,3216,50,1,'2014-09-23 17:45:56'),(962,73,21,3106,50,1,'2014-09-23 17:45:56'),(963,73,21,3326,50,1,'2014-09-23 17:45:59'),(964,73,21,3436,50,1,'2014-09-23 17:45:59'),(965,73,21,3546,50,1,'2014-09-23 17:45:59'),(966,73,21,3656,50,1,'2014-09-23 17:46:01'),(967,73,21,3766,50,1,'2014-09-23 17:46:01'),(968,73,21,3876,50,1,'2014-09-23 17:46:02'),(969,73,21,3986,50,1,'2014-09-23 17:46:04'),(970,73,21,4096,50,1,'2014-09-23 17:46:05'),(971,73,21,4206,50,1,'2014-09-23 17:46:05'),(972,73,21,4316,50,1,'2014-09-23 17:46:05'),(973,73,21,4426,50,1,'2014-09-23 17:46:05'),(974,73,21,4536,50,1,'2014-09-23 17:46:08'),(975,73,21,4646,50,1,'2014-09-23 17:46:08'),(976,73,21,4756,50,1,'2014-09-23 17:46:08'),(977,73,21,4866,50,1,'2014-09-23 17:46:10'),(978,73,21,4976,50,1,'2014-09-23 17:46:10'),(979,73,21,5086,50,1,'2014-09-23 17:46:10'),(980,73,21,5196,50,1,'2014-09-23 17:46:10'),(981,73,21,5306,50,1,'2014-09-23 17:46:13'),(982,73,21,5416,50,1,'2014-09-23 17:46:14'),(983,73,21,5526,50,1,'2014-09-23 17:46:14'),(984,73,21,5636,50,1,'2014-09-23 17:46:15'),(985,73,21,5746,50,1,'2014-09-23 17:46:17'),(986,73,21,5856,50,1,'2014-09-23 17:46:18'),(987,73,21,5966,50,1,'2014-09-23 17:46:18'),(988,73,21,6076,50,1,'2014-09-23 17:46:20'),(989,73,21,6186,50,1,'2014-09-23 17:46:22'),(990,73,21,6296,50,1,'2014-09-23 17:46:23'),(991,73,21,6406,50,1,'2014-09-23 17:46:24'),(992,73,21,6516,50,1,'2014-09-23 17:46:24'),(993,73,21,6626,50,1,'2014-09-23 17:46:24'),(994,73,21,6736,50,1,'2014-09-23 17:46:24'),(995,73,21,6846,50,1,'2014-09-23 17:46:26'),(996,73,21,6956,50,1,'2014-09-23 17:46:28'),(997,73,21,7066,50,1,'2014-09-23 17:46:30'),(998,73,21,7176,50,1,'2014-09-23 17:46:30'),(999,73,21,9352,50,1,'2014-09-23 17:47:38'),(1000,73,21,9462,50,1,'2014-09-23 17:47:38'),(1001,73,21,9572,50,1,'2014-09-23 17:47:38'),(1002,73,21,10042,50,1,'2014-09-23 17:47:41'),(1003,73,21,10212,50,1,'2014-09-23 17:47:41'),(1004,73,21,10322,50,1,'2014-09-23 17:47:42'),(1005,73,21,10432,50,1,'2014-09-23 17:47:42'),(1006,73,21,10722,50,1,'2014-09-23 17:47:44'),(1007,73,21,10952,50,1,'2014-09-23 17:47:45'),(1008,73,21,11292,50,1,'2014-09-23 17:47:46'),(1009,73,21,11182,50,1,'2014-09-23 17:47:46'),(1010,73,21,11402,50,1,'2014-09-23 17:47:46'),(1011,73,21,11512,50,1,'2014-09-23 17:47:48'),(1012,73,21,11622,50,1,'2014-09-23 17:47:48'),(1013,73,21,11732,50,1,'2014-09-23 17:47:48'),(1014,73,21,11842,50,1,'2014-09-23 17:47:49'),(1015,73,21,11952,50,1,'2014-09-23 17:47:50'),(1016,73,21,12062,50,1,'2014-09-23 17:47:52'),(1017,73,21,12232,50,1,'2014-09-23 17:47:53'),(1018,73,21,12342,50,1,'2014-09-23 17:47:53'),(1019,73,21,12452,50,1,'2014-09-23 17:47:55'),(1020,73,21,12562,50,1,'2014-09-23 17:47:55'),(1021,73,21,12672,50,1,'2014-09-23 17:47:55'),(1022,73,21,12782,50,1,'2014-09-23 17:47:57'),(1023,73,21,12892,50,1,'2014-09-23 17:47:57'),(1024,73,21,13002,50,1,'2014-09-23 17:48:00'),(1025,73,21,13112,50,1,'2014-09-23 17:48:00'),(1026,73,21,13222,50,1,'2014-09-23 17:48:01'),(1027,73,21,13332,50,1,'2014-09-23 17:48:01'),(1028,73,21,13442,50,1,'2014-09-23 17:48:02'),(1029,73,21,13552,50,1,'2014-09-23 17:48:02'),(1030,73,21,13662,50,1,'2014-09-23 17:48:05'),(1031,73,21,13772,50,1,'2014-09-23 17:48:06'),(1032,73,21,13882,50,1,'2014-09-23 17:48:06'),(1033,73,21,13992,50,1,'2014-09-23 17:48:07'),(1034,73,21,14322,50,1,'2014-09-23 17:48:10'),(1035,73,21,14212,50,1,'2014-09-23 17:48:10'),(1036,73,21,14432,50,1,'2014-09-23 17:48:11'),(1037,73,21,14102,50,1,'2014-09-23 17:48:14'),(1038,73,21,14542,50,1,'2014-09-23 17:48:15'),(1039,73,21,14652,50,1,'2014-09-23 17:48:16'),(1040,73,21,14762,50,1,'2014-09-23 17:48:17'),(1041,73,21,14872,50,1,'2014-09-23 17:48:21'),(1042,73,21,14982,50,1,'2014-09-23 17:48:23'),(1043,73,21,15092,50,1,'2014-09-23 17:48:26'),(1044,73,21,16022,50,1,'2014-09-23 17:49:25'),(1045,73,21,16132,50,1,'2014-09-23 17:49:25'),(1046,73,21,16212,50,1,'2014-09-23 17:49:25'),(1047,73,21,16484,50,1,'2014-09-23 17:49:27'),(1048,73,21,16834,50,1,'2014-09-23 17:49:29'),(1049,73,21,17064,50,1,'2014-09-23 17:49:30'),(1050,73,21,17264,50,1,'2014-09-23 17:49:31'),(1051,73,21,17554,50,1,'2014-09-23 17:49:31'),(1052,73,21,18174,50,1,'2014-09-23 17:49:34'),(1053,73,21,18344,50,1,'2014-09-23 17:49:34'),(1054,73,21,18454,50,1,'2014-09-23 17:49:36'),(1055,73,21,18564,50,1,'2014-09-23 17:49:36'),(1056,73,21,18734,50,1,'2014-09-23 17:49:37'),(1057,73,21,18904,50,1,'2014-09-23 17:49:37'),(1058,73,21,19014,50,1,'2014-09-23 17:49:39'),(1059,73,21,19124,50,1,'2014-09-23 17:49:39'),(1060,73,21,19234,50,1,'2014-09-23 17:49:39'),(1061,73,21,19344,50,1,'2014-09-23 17:49:39'),(1062,73,21,19454,50,1,'2014-09-23 17:49:41'),(1063,73,21,19804,50,1,'2014-09-23 17:49:43'),(1064,73,21,19914,50,1,'2014-09-23 17:49:45'),(1065,73,21,20084,50,1,'2014-09-23 17:49:45'),(1066,73,21,20194,50,1,'2014-09-23 17:49:46'),(1067,73,21,20414,50,1,'2014-09-23 17:49:47'),(1068,73,21,20304,50,1,'2014-09-23 17:49:47'),(1069,73,21,20524,50,1,'2014-09-23 17:49:47'),(1070,73,21,20634,50,1,'2014-09-23 17:49:50'),(1071,73,21,20744,50,1,'2014-09-23 17:49:51'),(1072,73,21,20854,50,1,'2014-09-23 17:49:51'),(1073,73,21,20964,50,1,'2014-09-23 17:49:54'),(1074,73,21,21074,50,1,'2014-09-23 17:49:56'),(1075,73,21,21244,50,1,'2014-09-23 17:49:57'),(1076,73,21,21354,50,1,'2014-09-23 17:49:57'),(1077,73,21,21464,50,1,'2014-09-23 17:49:57'),(1078,73,21,21574,50,1,'2014-09-23 17:50:04'),(1079,73,21,21684,50,1,'2014-09-23 17:50:05'),(1080,73,21,21794,50,1,'2014-09-23 17:50:06'),(1081,73,21,21904,50,1,'2014-09-23 17:50:06'),(1082,73,21,22014,50,1,'2014-09-23 17:50:06'),(1083,73,21,22124,50,1,'2014-09-23 17:50:07'),(1084,73,21,22234,50,1,'2014-09-23 17:50:10'),(1085,73,21,22344,50,1,'2014-09-23 17:50:10'),(1086,73,21,22454,50,1,'2014-09-23 17:50:13'),(1087,73,21,22564,50,1,'2014-09-23 17:50:17'),(1088,73,21,22674,50,1,'2014-09-23 17:50:23'),(1089,73,21,22784,50,1,'2014-09-23 17:50:25'),(1090,73,21,23328,50,1,'2014-09-23 17:51:18'),(1091,73,21,23558,50,1,'2014-09-23 17:51:19'),(1092,73,21,23668,50,1,'2014-09-23 17:51:19'),(1093,73,21,24338,50,1,'2014-09-23 17:51:23'),(1094,73,21,24628,50,1,'2014-09-23 17:51:23'),(1095,73,21,25008,50,1,'2014-09-23 17:51:26'),(1096,73,21,25340,50,1,'2014-09-23 17:51:28'),(1097,73,21,25540,50,1,'2014-09-23 17:51:29'),(1098,73,21,25650,50,1,'2014-09-23 17:51:29'),(1099,73,21,25820,50,1,'2014-09-23 17:51:30'),(1100,73,21,25994,50,1,'2014-09-23 17:51:32'),(1101,73,21,26164,50,1,'2014-09-23 17:51:33'),(1102,73,21,26304,50,1,'2014-09-23 17:51:34'),(1103,73,21,26414,50,1,'2014-09-23 17:51:35'),(1104,73,21,26524,50,1,'2014-09-23 17:51:36'),(1105,73,21,26634,50,1,'2014-09-23 17:51:37'),(1106,73,21,26744,50,1,'2014-09-23 17:51:37'),(1107,73,21,26854,50,1,'2014-09-23 17:51:39'),(1108,73,21,26964,50,1,'2014-09-23 17:51:39'),(1109,73,21,27074,50,1,'2014-09-23 17:51:40'),(1110,73,21,27184,50,1,'2014-09-23 17:51:40'),(1111,73,21,27294,50,1,'2014-09-23 17:51:42'),(1112,73,21,27404,50,1,'2014-09-23 17:51:43'),(1113,73,21,27514,50,1,'2014-09-23 17:51:43'),(1114,73,21,27624,50,1,'2014-09-23 17:51:43'),(1115,73,21,27734,50,1,'2014-09-23 17:51:45'),(1116,73,21,27964,50,1,'2014-09-23 17:51:47'),(1117,73,21,28134,50,1,'2014-09-23 17:51:47'),(1118,73,21,28214,50,1,'2014-09-23 17:51:48'),(1119,73,21,28444,50,1,'2014-09-23 17:51:50'),(1120,73,21,28614,50,1,'2014-09-23 17:51:52'),(1121,73,21,28724,50,1,'2014-09-23 17:51:56'),(1122,73,21,28804,50,1,'2014-09-23 17:51:58'),(1123,73,21,28974,50,1,'2014-09-23 17:52:00'),(1124,73,21,29144,50,1,'2014-09-23 17:52:01'),(1125,73,21,29254,50,1,'2014-09-23 17:52:01'),(1126,73,21,29474,50,1,'2014-09-23 17:52:03'),(1127,73,21,29364,50,1,'2014-09-23 17:52:03'),(1128,73,21,29704,50,1,'2014-09-23 17:52:08'),(1129,73,21,29814,50,1,'2014-09-23 17:52:08'),(1130,73,21,29924,50,1,'2014-09-23 17:52:09'),(1131,73,21,30034,50,1,'2014-09-23 17:52:10'),(1132,73,21,30144,50,1,'2014-09-23 17:52:11'),(1133,73,21,30254,50,1,'2014-09-23 17:52:12'),(1134,73,21,30364,50,1,'2014-09-23 17:52:12'),(1135,73,21,30474,50,1,'2014-09-23 17:52:14'),(1136,73,21,30584,50,1,'2014-09-23 17:52:23'),(1137,73,21,30694,50,1,'2014-09-23 17:52:26'),(1138,73,21,30804,50,1,'2014-09-23 17:52:31'),(1139,73,21,30914,50,1,'2014-09-23 17:52:31'),(1140,73,21,31780,50,1,'2014-09-23 17:53:28'),(1141,73,21,31950,50,1,'2014-09-23 17:53:29'),(1142,73,21,32162,50,1,'2014-09-23 17:53:32'),(1143,73,21,32302,50,1,'2014-09-23 17:53:32'),(1144,73,21,32472,50,1,'2014-09-23 17:53:33'),(1145,73,21,33280,50,1,'2014-09-23 17:53:37'),(1146,73,21,33450,50,1,'2014-09-23 17:53:38'),(1147,73,21,33560,50,1,'2014-09-23 17:53:39'),(1148,73,21,33730,50,1,'2014-09-23 17:53:39'),(1149,73,21,33900,50,1,'2014-09-23 17:53:39'),(1150,73,21,34010,50,1,'2014-09-23 17:53:41'),(1151,73,21,34120,50,1,'2014-09-23 17:53:41'),(1152,73,21,34230,50,1,'2014-09-23 17:53:42'),(1153,73,21,34340,50,1,'2014-09-23 17:53:44'),(1154,73,21,34480,50,1,'2014-09-23 17:53:45'),(1155,73,21,34560,50,1,'2014-09-23 17:53:45'),(1156,73,21,34760,50,1,'2014-09-23 17:53:47'),(1157,73,21,35110,50,1,'2014-09-23 17:53:48'),(1158,73,21,35220,50,1,'2014-09-23 17:53:49'),(1159,73,21,35330,50,1,'2014-09-23 17:53:49'),(1160,73,21,35440,50,1,'2014-09-23 17:53:50'),(1161,73,21,35550,50,1,'2014-09-23 17:53:51'),(1162,73,21,35630,50,1,'2014-09-23 17:53:53'),(1163,73,21,35770,50,1,'2014-09-23 17:53:54'),(1164,73,21,36180,50,1,'2014-09-23 17:53:56'),(1165,73,21,36440,50,1,'2014-09-23 17:53:57'),(1166,73,21,36550,50,1,'2014-09-23 17:54:00'),(1167,73,21,36660,50,1,'2014-09-23 17:54:00'),(1168,73,21,36800,50,1,'2014-09-23 17:54:02'),(1169,73,21,36880,50,1,'2014-09-23 17:54:03'),(1170,73,21,36990,50,1,'2014-09-23 17:54:05'),(1171,73,21,37100,50,1,'2014-09-23 17:54:05'),(1172,73,21,37210,50,1,'2014-09-23 17:54:06'),(1173,73,21,37440,50,1,'2014-09-23 17:54:10'),(1174,73,21,37610,50,1,'2014-09-23 17:54:11'),(1175,73,21,37690,50,1,'2014-09-23 17:54:13'),(1176,73,21,37800,50,1,'2014-09-23 17:54:16'),(1177,73,21,37910,50,1,'2014-09-23 17:54:18'),(1178,73,21,38020,50,1,'2014-09-23 17:54:18'),(1179,73,21,38130,50,1,'2014-09-23 17:54:19'),(1180,73,21,38240,50,1,'2014-09-23 17:54:20'),(1181,73,21,38350,50,1,'2014-09-23 17:54:22'),(1182,73,21,38460,50,1,'2014-09-23 17:54:22'),(1183,73,21,38570,50,1,'2014-09-23 17:54:23'),(1184,73,21,38680,50,1,'2014-09-23 17:54:24'),(1185,73,21,38850,50,1,'2014-09-23 17:54:28'),(1186,73,21,38960,50,1,'2014-09-23 17:54:35'),(1187,73,21,39070,50,1,'2014-09-23 17:54:35'),(1188,73,21,39180,50,1,'2014-09-23 17:54:41'),(1189,73,21,39290,50,1,'2014-09-23 17:54:46'),(1190,73,22,0,0,0,'2014-09-23 17:56:15'),(1191,73,17,0,0,0,'2014-09-23 17:57:42'),(1192,74,17,0,0,0,'2014-09-23 17:57:58'),(1193,74,17,0,0,0,'2014-09-23 17:58:02'),(1194,74,22,0,0,0,'2014-09-23 17:58:06'),(1195,74,21,0,0,0,'2014-09-23 17:58:10'),(1196,74,21,0,0,0,'2014-09-23 18:03:04'),(1197,74,22,0,0,0,'2014-09-23 18:03:17'),(1198,74,19,0,0,0,'2014-09-23 18:03:24'),(1199,74,17,0,0,0,'2014-09-23 18:03:32'),(1200,73,22,0,0,0,'2014-09-23 18:10:34'),(1201,73,19,0,0,0,'2014-09-23 18:10:38'),(1202,73,18,0,0,0,'2014-09-23 18:10:43'),(1203,73,17,0,0,0,'2014-09-23 18:10:54'),(1204,73,16,0,0,0,'2014-09-23 18:10:59'),(1205,73,14,0,0,0,'2014-09-23 18:11:04'),(1206,73,14,0,0,0,'2014-09-23 18:13:33'),(1207,75,16,0,0,0,'2014-09-23 18:15:35'),(1208,73,21,144,50,1,'2014-09-23 19:10:36'),(1209,73,21,624,50,1,'2014-09-23 19:12:35'),(1210,73,21,734,50,1,'2014-09-23 19:12:36'),(1211,73,21,904,50,1,'2014-09-23 19:12:39'),(1212,73,21,1014,50,1,'2014-09-23 19:12:39'),(1213,73,21,1124,50,1,'2014-09-23 19:12:41'),(1214,73,21,1234,50,1,'2014-09-23 19:12:41'),(1215,73,21,1344,50,1,'2014-09-23 19:12:41'),(1216,73,21,1454,50,1,'2014-09-23 19:12:43'),(1217,73,21,1564,50,1,'2014-09-23 19:12:44'),(1218,73,21,1674,50,1,'2014-09-23 19:12:45'),(1219,73,21,482,50,1,'2014-09-23 19:13:23'),(1220,73,21,772,50,1,'2014-09-23 19:13:25'),(1221,73,21,882,50,1,'2014-09-23 19:13:25'),(1222,73,21,1052,50,1,'2014-09-23 19:13:26'),(1223,73,21,1162,50,1,'2014-09-23 19:13:28'),(1224,73,21,1272,50,1,'2014-09-23 19:13:30'),(1225,73,21,1382,50,1,'2014-09-23 19:13:30'),(1226,73,21,1492,50,1,'2014-09-23 19:13:31'),(1227,73,21,1602,50,1,'2014-09-23 19:13:33'),(1228,73,21,1712,50,1,'2014-09-23 19:13:33'),(1229,73,21,512,50,1,'2014-09-23 19:14:09'),(1230,73,21,622,50,1,'2014-09-23 19:14:10'),(1231,73,21,852,50,1,'2014-09-23 19:14:11'),(1232,73,21,1022,50,1,'2014-09-23 19:14:12'),(1233,73,21,1132,50,1,'2014-09-23 19:14:13'),(1234,73,21,1242,50,1,'2014-09-23 19:14:14'),(1235,73,21,1352,50,1,'2014-09-23 19:14:15'),(1236,73,21,1462,50,1,'2014-09-23 19:14:16'),(1237,73,21,1572,50,1,'2014-09-23 19:14:17'),(1238,73,21,1682,50,1,'2014-09-23 19:14:19'),(1239,73,21,568,50,1,'2014-09-23 19:14:53'),(1240,73,21,798,50,1,'2014-09-23 19:14:55'),(1241,73,21,908,50,1,'2014-09-23 19:14:56'),(1242,73,21,1078,50,1,'2014-09-23 19:14:58'),(1243,73,21,1188,50,1,'2014-09-23 19:14:58'),(1244,73,21,1298,50,1,'2014-09-23 19:15:00'),(1245,73,21,1408,50,1,'2014-09-23 19:15:00'),(1246,73,21,1518,50,1,'2014-09-23 19:15:02'),(1247,73,21,1628,50,1,'2014-09-23 19:15:03'),(1248,73,21,1738,50,1,'2014-09-23 19:15:04'),(1249,73,21,362,50,1,'2014-09-23 19:15:39'),(1250,73,21,622,50,1,'2014-09-23 19:15:41'),(1251,73,21,732,50,1,'2014-09-23 19:15:42'),(1252,73,21,962,50,1,'2014-09-23 19:15:43'),(1253,73,21,1072,50,1,'2014-09-23 19:15:44'),(1254,73,21,1182,50,1,'2014-09-23 19:15:46'),(1255,73,21,1292,50,1,'2014-09-23 19:15:47'),(1256,73,21,1402,50,1,'2014-09-23 19:15:48'),(1257,73,21,1512,50,1,'2014-09-23 19:15:49'),(1258,73,21,1622,50,1,'2014-09-23 19:15:49'),(1259,73,21,534,50,1,'2014-09-23 19:16:25'),(1260,73,21,764,50,1,'2014-09-23 19:16:27'),(1261,73,21,874,50,1,'2014-09-23 19:16:27'),(1262,73,21,1044,50,1,'2014-09-23 19:16:28'),(1263,73,21,1214,50,1,'2014-09-23 19:16:29'),(1264,73,21,1324,50,1,'2014-09-23 19:16:31'),(1265,73,21,1434,50,1,'2014-09-23 19:16:32'),(1266,73,21,1544,50,1,'2014-09-23 19:16:34'),(1267,73,21,1654,50,1,'2014-09-23 19:16:35'),(1268,73,21,1764,50,1,'2014-09-23 19:16:36'),(1269,73,21,474,50,1,'2014-09-23 19:17:10'),(1270,73,21,644,50,1,'2014-09-23 19:17:12'),(1271,73,21,874,50,1,'2014-09-23 19:17:13'),(1272,73,21,984,50,1,'2014-09-23 19:17:13'),(1273,73,21,1154,50,1,'2014-09-23 19:17:15'),(1274,73,21,1264,50,1,'2014-09-23 19:17:17'),(1275,73,21,1374,50,1,'2014-09-23 19:17:18'),(1276,73,21,1484,50,1,'2014-09-23 19:17:20'),(1277,73,21,1594,50,1,'2014-09-23 19:17:20'),(1278,73,21,1704,50,1,'2014-09-23 19:17:23'),(1279,73,21,228,50,1,'2014-09-23 19:17:57'),(1280,73,21,458,50,1,'2014-09-23 19:17:58'),(1281,73,21,658,50,1,'2014-09-23 19:18:00'),(1282,73,21,828,50,1,'2014-09-23 19:18:03'),(1283,73,21,938,50,1,'2014-09-23 19:18:04'),(1284,73,21,1048,50,1,'2014-09-23 19:18:05'),(1285,73,21,1158,50,1,'2014-09-23 19:18:05'),(1286,73,21,1268,50,1,'2014-09-23 19:18:07'),(1287,73,21,1378,50,1,'2014-09-23 19:18:08'),(1288,73,21,1488,50,1,'2014-09-23 19:18:08'),(1289,73,21,242,50,1,'2014-09-23 19:18:43'),(1290,73,21,412,50,1,'2014-09-23 19:18:45'),(1291,73,21,552,50,1,'2014-09-23 19:18:48'),(1292,73,21,842,50,1,'2014-09-23 19:18:50'),(1293,73,21,1012,50,1,'2014-09-23 19:18:51'),(1294,73,21,1122,50,1,'2014-09-23 19:18:52'),(1295,73,21,1232,50,1,'2014-09-23 19:18:55'),(1296,73,21,1342,50,1,'2014-09-23 19:18:56'),(1297,73,21,1452,50,1,'2014-09-23 19:18:56'),(1298,73,21,1562,50,1,'2014-09-23 19:18:58'),(1299,73,21,384,50,1,'2014-09-23 19:19:29'),(1300,73,21,584,50,1,'2014-09-23 19:19:31'),(1301,73,21,724,50,1,'2014-09-23 19:19:34'),(1302,73,21,834,50,1,'2014-09-23 19:19:41'),(1303,73,21,1004,50,1,'2014-09-23 19:19:42'),(1304,73,21,1114,50,1,'2014-09-23 19:19:43'),(1305,73,21,1284,50,1,'2014-09-23 19:19:44'),(1306,73,21,1454,50,1,'2014-09-23 19:19:48'),(1307,73,21,1564,50,1,'2014-09-23 19:19:50'),(1308,73,21,1674,50,1,'2014-09-23 19:19:50'),(1309,37,22,0,0,0,'2014-09-23 21:33:35'),(1310,37,21,0,0,0,'2014-09-23 21:34:14'),(1311,37,19,0,0,0,'2014-09-23 21:34:36'),(1312,37,18,0,0,0,'2014-09-23 21:35:43'),(1313,37,18,0,0,0,'2014-09-23 21:37:41'),(1314,73,17,0,0,0,'2014-09-23 21:38:45'),(1315,40,21,155,50,1,'2014-09-23 22:11:01'),(1316,40,21,0,0,0,'2014-09-24 09:07:23'),(1317,40,21,0,0,0,'2014-09-24 09:07:30'),(1318,41,21,0,0,0,'2014-09-24 09:42:24'),(1319,41,19,0,0,0,'2014-09-24 09:43:16'),(1320,41,21,0,0,0,'2014-09-24 09:45:03'),(1321,41,19,0,0,0,'2014-09-24 09:45:18'),(1322,74,21,0,0,0,'2014-09-24 17:20:48'),(1323,74,21,0,0,0,'2014-09-24 17:21:00'),(1324,73,21,0,0,0,'2014-09-24 18:24:43'),(1325,73,21,0,0,0,'2014-09-24 18:33:53'),(1326,73,21,0,0,0,'2014-09-24 19:58:30'),(1327,73,21,0,0,0,'2014-09-24 19:59:41'),(1328,39,21,0,0,0,'2014-09-25 01:20:31'),(1329,84,21,0,0,0,'2014-09-30 02:37:22'),(1330,84,22,0,0,0,'2014-09-30 02:39:30'),(1331,84,19,0,0,0,'2014-09-30 02:39:41'),(1332,84,21,0,0,0,'2014-09-30 02:54:20'),(1333,84,22,0,0,0,'2014-09-30 02:54:27'),(1334,84,19,0,0,0,'2014-09-30 02:54:33'),(1335,73,21,0,0,0,'2014-09-30 22:10:01'),(1336,73,21,164,50,1,'2014-10-01 16:54:31'),(1337,73,21,0,0,0,'2014-10-01 16:57:38'),(1338,73,21,193,50,1,'2014-10-01 16:58:49'),(1339,40,21,166,50,1,'2014-10-02 12:56:50'),(1340,40,21,103,50,1,'2014-10-02 13:07:57'),(1341,73,22,0,0,0,'2014-10-02 13:53:19'),(1342,73,16,0,0,0,'2014-10-02 13:53:31'),(1343,73,21,183,50,1,'2014-10-02 14:34:20'),(1344,73,21,190,50,1,'2014-10-02 14:36:02'),(1345,73,21,197,50,1,'2014-10-02 14:36:43'),(1346,39,21,134,50,1,'2014-10-03 21:35:03'),(1347,39,21,192,50,1,'2014-10-06 15:27:06'),(1348,39,21,183,50,1,'2014-10-06 15:30:54'),(1349,39,21,0,0,0,'2014-10-06 15:33:37'),(1350,39,19,300,60,1,'2014-10-06 15:34:33'),(1351,73,22,0,0,0,'2014-10-06 18:42:10'),(1352,73,19,0,0,0,'2014-10-06 18:42:17'),(1353,73,18,0,0,0,'2014-10-06 18:42:25'),(1354,73,17,0,0,0,'2014-10-06 18:42:33'),(1355,73,22,0,0,0,'2014-10-06 18:43:01'),(1356,73,22,0,0,0,'2014-10-06 18:44:23'),(1357,74,22,0,0,0,'2014-10-06 18:44:40'),(1358,37,22,0,0,0,'2014-10-06 19:59:32'),(1359,37,16,0,0,0,'2014-10-07 17:41:33'),(1360,40,21,0,0,0,'2014-10-09 14:16:38'),(1361,40,22,0,0,0,'2014-10-09 14:16:44'),(1362,40,19,0,0,0,'2014-10-09 14:17:16'),(1363,40,17,0,0,0,'2014-10-09 14:17:52'),(1364,40,14,0,0,0,'2014-10-09 14:18:04'),(1365,40,21,0,0,0,'2014-10-10 10:21:09'),(1366,40,21,160,50,1,'2014-10-10 10:28:29'),(1367,40,21,173,50,1,'2014-10-10 10:34:16'),(1368,40,21,188,50,1,'2014-10-10 10:40:48'),(1369,40,21,167,50,1,'2014-10-10 10:43:33'),(1370,40,21,150,50,1,'2014-10-10 12:06:09'),(1371,37,21,190,50,1,'2014-10-20 08:46:55'),(1372,37,21,302,50,1,'2014-10-20 08:46:58'),(1373,37,21,414,50,1,'2014-10-20 08:47:01'),(1374,37,21,0,0,0,'2014-10-20 08:47:37'),(1375,37,21,172,50,1,'2014-10-20 08:58:12'),(1376,37,21,193,50,1,'2014-10-20 09:03:54'),(1377,37,21,197,50,1,'2014-10-20 09:18:59'),(1378,40,21,0,0,0,'2014-10-20 11:11:43'),(1379,37,19,0,0,0,'2014-10-22 18:38:03'),(1380,37,16,0,0,0,'2014-10-22 18:38:20'),(1381,37,21,192,50,1,'2014-10-22 18:40:51'),(1382,73,21,159,50,1,'2014-10-22 18:48:54'),(1383,73,21,0,0,0,'2014-10-22 18:52:11'),(1384,84,22,0,0,0,'2014-10-23 20:25:28'),(1385,40,21,172,50,1,'2014-10-27 12:36:54'),(1386,40,21,179,50,1,'2014-10-27 12:38:35'),(1387,40,19,0,0,0,'2014-10-27 12:41:07'),(1388,40,22,0,0,0,'2014-10-27 12:41:34'),(1389,40,19,204,60,1,'2014-10-27 12:42:38'),(1390,40,21,182,50,1,'2014-10-27 13:01:45'),(1391,37,16,0,0,0,'2014-10-27 15:55:32'),(1392,37,16,0,0,0,'2014-10-27 15:55:50'),(1393,73,22,0,0,0,'2014-10-27 21:55:07'),(1394,84,22,0,0,0,'2014-10-28 09:21:52'),(1395,84,22,0,0,0,'2014-10-29 09:19:32'),(1396,84,22,0,0,0,'2014-10-29 09:20:41'),(1397,84,22,0,0,0,'2014-10-29 09:21:26'),(1398,84,22,0,0,0,'2014-10-29 09:23:15'),(1399,84,21,0,0,0,'2014-10-29 09:23:44'),(1400,84,22,0,0,0,'2014-10-29 09:51:27'),(1401,73,22,0,0,0,'2014-10-29 16:54:50'),(1402,37,16,0,0,0,'2014-10-29 17:20:22'),(1403,37,16,0,0,0,'2014-10-29 17:20:22'),(1404,38,21,0,0,0,'2014-10-30 00:19:18'),(1405,38,17,0,0,0,'2014-10-30 00:22:39'),(1406,38,21,0,0,0,'2014-10-30 00:22:54'),(1407,38,21,0,0,0,'2014-10-30 00:23:24'),(1408,38,22,0,0,0,'2014-10-30 00:23:48'),(1409,38,14,0,0,0,'2014-10-30 00:24:07'),(1410,39,19,257,60,1,'2014-11-03 21:50:04'),(1411,84,22,0,0,0,'2014-11-07 19:03:35'),(1412,84,22,0,0,0,'2014-11-07 19:03:56'),(1413,84,22,0,0,0,'2014-11-07 19:16:38'),(1414,84,22,0,0,0,'2014-11-07 21:19:28'),(1415,39,16,170,60,1,'2014-11-11 08:39:11'),(1416,39,16,0,0,0,'2014-11-12 15:52:50'),(1417,40,19,0,0,0,'2014-11-12 16:54:45'),(1418,40,22,0,0,0,'2014-11-12 17:04:26'),(1419,40,22,0,0,0,'2014-11-12 17:18:26'),(1420,39,14,0,0,0,'2014-11-13 08:12:24'),(1421,40,36,0,0,0,'2014-11-17 18:26:40'),(1422,40,36,0,0,0,'2014-11-17 18:27:08'),(1423,40,14,0,0,0,'2014-11-17 18:29:55'),(1424,38,16,0,0,0,'2014-11-18 11:49:10'),(1425,38,16,0,0,0,'2014-11-19 11:29:22'),(1426,38,16,219,60,1,'2014-11-19 11:30:45'),(1427,37,16,0,0,0,'2014-11-19 17:07:43'),(1428,37,21,183,50,1,'2014-11-19 17:26:29'),(1429,37,21,166,50,1,'2014-11-19 17:27:52'),(1430,38,21,188,50,1,'2014-11-19 17:29:39'),(1431,38,21,172,50,1,'2014-11-19 17:30:32'),(1432,37,21,0,0,0,'2014-11-19 17:34:24'),(1433,39,21,187,50,1,'2014-11-19 17:37:15'),(1434,39,21,188,50,1,'2014-11-19 17:38:21'),(1435,38,21,189,50,1,'2014-11-19 17:45:07'),(1436,38,16,0,0,0,'2014-11-24 20:55:54'),(1437,40,21,0,0,0,'2014-11-25 10:56:19'),(1438,40,14,0,0,0,'2014-11-25 10:56:57'),(1439,40,16,0,0,0,'2014-11-28 03:30:40'),(1440,96,39,0,0,0,'2014-12-01 23:57:41'),(1441,96,39,357,20,1,'2014-12-02 17:12:27'),(1442,96,39,0,0,0,'2014-12-02 19:17:25'),(1443,96,16,0,0,0,'2014-12-02 19:18:34'),(1444,98,39,0,0,0,'2014-12-05 14:25:41'),(1445,94,39,0,0,0,'2014-12-05 19:49:28'),(1446,94,16,0,0,0,'2014-12-05 19:56:29'),(1447,41,16,0,0,0,'2014-12-11 06:03:22'),(1448,39,39,0,0,0,'2014-12-11 16:52:23'),(1449,40,39,0,0,0,'2014-12-15 18:29:19'),(1450,40,16,0,0,0,'2014-12-15 18:30:46'),(1451,94,39,0,0,0,'2014-12-17 16:48:12'),(1452,37,39,400,20,1,'2014-12-18 14:36:10'),(1453,37,17,0,0,0,'2014-12-18 14:37:53'),(1454,37,39,0,0,0,'2014-12-18 19:41:43'),(1455,37,16,0,0,0,'2014-12-18 19:44:42'),(1456,37,16,151,60,1,'2015-01-04 19:43:34'),(1457,37,39,457,20,1,'2015-01-04 19:44:23'),(1458,37,39,0,0,0,'2015-01-05 21:48:08'),(1459,37,39,0,0,0,'2015-01-05 21:48:52'),(1460,37,39,437,20,1,'2015-01-05 21:49:28'),(1461,37,39,0,0,0,'2015-01-05 22:03:34'),(1462,37,39,0,0,0,'2015-01-05 22:05:40'),(1463,37,39,447,20,1,'2015-01-05 22:22:17'),(1464,37,39,0,0,0,'2015-01-05 22:22:59'),(1465,37,39,0,0,0,'2015-01-05 22:23:00'),(1466,37,39,0,0,0,'2015-01-05 22:23:00'),(1467,37,39,0,0,0,'2015-01-05 22:23:02'),(1468,37,39,0,0,0,'2015-01-05 22:23:02'),(1469,39,16,0,0,0,'2015-02-04 23:25:54'),(1470,39,39,0,0,0,'2015-03-11 15:14:11'),(1471,39,39,0,0,0,'2015-03-11 15:14:11'),(1472,39,16,0,0,0,'2015-03-11 15:16:53'),(1473,94,39,0,0,0,'2015-03-18 20:44:43'),(1474,94,39,0,0,0,'2015-03-18 20:45:27'),(1475,94,39,0,0,0,'2015-03-18 20:46:10'),(1476,94,16,0,0,0,'2015-03-18 20:48:48'),(1477,96,39,0,0,0,'2015-03-19 19:42:02'),(1478,73,16,224,60,1,'2015-03-24 19:04:11'),(1479,37,16,0,0,0,'2015-04-30 13:34:19'),(1480,96,39,0,0,0,'2015-05-05 17:42:11'),(1481,96,39,0,0,0,'2015-05-05 17:42:56'),(1482,96,39,373,20,1,'2015-05-12 02:22:43'),(1483,40,16,0,0,0,'2015-05-12 11:53:41'),(1484,40,16,0,0,0,'2015-05-12 11:53:44'),(1485,40,16,0,0,0,'2015-05-12 11:55:45'),(1486,37,17,0,0,0,'2015-06-15 16:37:13'),(1487,37,39,0,0,0,'2015-06-15 16:38:10'),(1488,37,16,0,0,0,'2015-06-15 16:43:28'),(1489,37,39,0,0,0,'2015-06-17 21:05:17'),(1490,37,39,0,0,0,'2015-06-17 21:05:36'),(1491,37,39,0,0,0,'2015-06-17 21:34:59'),(1492,128,40,460,30,1,'2015-06-17 21:37:04'),(1493,128,40,430,30,1,'2015-06-17 21:37:32'),(1494,128,40,460,30,1,'2015-06-17 21:38:08'),(1495,128,40,0,0,0,'2015-06-17 21:43:09'),(1496,120,41,795,180,1,'2015-06-17 21:55:53'),(1497,120,41,792,180,1,'2015-06-17 21:56:12'),(1498,120,41,797,180,1,'2015-06-18 14:12:47'),(1499,128,40,230,30,1,'2015-06-18 14:23:15'),(1500,128,40,0,0,0,'2015-06-23 20:24:47'),(1501,128,40,0,0,0,'2015-06-23 20:26:13'),(1502,128,40,0,0,0,'2015-06-23 20:29:20'),(1503,128,40,0,0,0,'2015-06-23 20:29:32'),(1504,128,40,0,0,0,'2015-06-24 15:22:27'),(1505,128,40,0,0,0,'2015-06-24 15:23:12'),(1506,128,40,0,0,0,'2015-06-24 15:30:09'),(1507,128,40,330,30,1,'2015-06-24 15:30:49'),(1508,128,40,0,0,0,'2015-06-24 15:31:31'),(1509,128,40,450,30,1,'2015-06-24 15:31:49'),(1510,128,40,0,0,0,'2015-06-24 15:40:43'),(1511,128,40,410,30,1,'2015-06-24 15:53:19'),(1512,128,40,310,30,1,'2015-06-24 15:54:43'),(1513,128,40,0,0,0,'2015-06-24 15:54:54'),(1514,128,40,0,0,0,'2015-06-24 16:00:29'),(1515,128,40,0,0,0,'2015-06-24 16:01:13'),(1516,128,40,330,30,1,'2015-06-24 16:04:24'),(1517,128,40,0,0,0,'2015-06-24 16:17:44'),(1518,128,40,0,0,0,'2015-06-24 16:27:37'),(1519,128,40,0,0,0,'2015-06-24 16:30:01'),(1520,128,40,0,0,0,'2015-06-24 16:34:36'),(1521,128,40,0,0,0,'2015-06-24 16:37:59'),(1522,128,40,0,0,0,'2015-06-24 16:38:49'),(1523,128,40,0,0,0,'2015-06-24 16:40:18'),(1524,128,40,0,0,0,'2015-06-24 16:51:48'),(1525,128,40,0,0,0,'2015-06-24 16:52:42'),(1526,128,40,0,0,0,'2015-06-24 16:59:25'),(1527,128,40,0,0,0,'2015-06-24 17:00:00'),(1528,128,40,0,0,0,'2015-06-24 17:23:43'),(1529,128,40,0,0,0,'2015-06-24 17:28:17');
/*!40000 ALTER TABLE `tblusermatchpoints` ENABLE KEYS */;
UNLOCK TABLES;

--
-- Table structure for table `tblusermatchpointstemperory`
--

DROP TABLE IF EXISTS `tblusermatchpointstemperory`;
/*!40101 SET @saved_cs_client     = @@character_set_client */;
/*!40101 SET character_set_client = utf8 */;
CREATE TABLE `tblusermatchpointstemperory` (
  `UserMatchPointsID` int(11) NOT NULL AUTO_INCREMENT,
  `UserID` int(11) DEFAULT NULL,
  `MatchID` int(11) DEFAULT NULL,
  `PointsAchieved` int(11) DEFAULT NULL,
  `ElaspedTime` int(11) DEFAULT NULL,
  `IsCorrect` tinyint(4) DEFAULT NULL,
  `MatchTime` datetime DEFAULT NULL,
  PRIMARY KEY (`UserMatchPointsID`)
) ENGINE=MyISAM AUTO_INCREMENT=1530 DEFAULT CHARSET=latin1;
/*!40101 SET character_set_client = @saved_cs_client */;

--
-- Dumping data for table `tblusermatchpointstemperory`
--

LOCK TABLES `tblusermatchpointstemperory` WRITE;
/*!40000 ALTER TABLE `tblusermatchpointstemperory` DISABLE KEYS */;
INSERT INTO `tblusermatchpointstemperory` VALUES (490,1,14,0,0,0,'2014-08-25 15:59:40'),(1436,38,16,0,0,0,'2014-11-24 20:55:54'),(472,1,14,0,0,0,'2014-08-25 13:49:41'),(489,1,14,0,0,0,'2014-08-25 15:55:25'),(1476,94,16,0,0,0,'2015-03-18 20:48:48'),(1485,40,16,0,0,0,'2015-05-12 11:55:45'),(954,87,22,0,0,0,'2014-09-23 16:44:12'),(1414,84,22,0,0,0,'2014-11-07 21:19:28'),(738,82,17,0,0,0,'2014-09-22 00:20:25'),(713,83,17,0,0,0,'2014-09-18 14:50:59'),(1444,98,39,0,0,0,'2014-12-05 14:25:41'),(1491,37,39,0,0,0,'2015-06-17 21:34:59'),(1478,73,16,224,60,1,'2015-03-24 19:04:11'),(1207,75,16,0,0,0,'2014-09-23 18:15:35'),(1357,74,22,0,0,0,'2014-10-06 18:44:40'),(1498,120,41,797,180,1,'2015-06-18 14:12:47');
/*!40000 ALTER TABLE `tblusermatchpointstemperory` ENABLE KEYS */;
UNLOCK TABLES;

--
-- Table structure for table `tbluserquizpoints`
--

DROP TABLE IF EXISTS `tbluserquizpoints`;
/*!40101 SET @saved_cs_client     = @@character_set_client */;
/*!40101 SET character_set_client = utf8 */;
CREATE TABLE `tbluserquizpoints` (
  `UserQuizPointsID` int(11) NOT NULL AUTO_INCREMENT,
  `UserID` int(11) DEFAULT NULL,
  `QuizID` int(11) DEFAULT NULL,
  `QuestionID` int(11) DEFAULT NULL,
  `PointsAchieved` int(11) DEFAULT NULL,
  `ElaspedTime` int(11) DEFAULT NULL,
  `IsCorrect` tinyint(1) DEFAULT NULL,
  `QuizTime` datetime DEFAULT NULL,
  PRIMARY KEY (`UserQuizPointsID`)
) ENGINE=MyISAM AUTO_INCREMENT=8573 DEFAULT CHARSET=latin1;
/*!40101 SET character_set_client = @saved_cs_client */;

--
-- Dumping data for table `tbluserquizpoints`
--

LOCK TABLES `tbluserquizpoints` WRITE;
/*!40000 ALTER TABLE `tbluserquizpoints` DISABLE KEYS */;
INSERT INTO `tbluserquizpoints` VALUES (1,37,1,4,14,18,1,'2013-11-15 15:53:56'),(2,37,1,5,18,22,1,'2013-11-15 15:54:26'),(3,37,2,10,2,2,1,'2013-11-15 18:46:58'),(4,37,2,9,0,0,0,'2013-11-15 18:47:33'),(5,42,1,2,0,24,0,'2013-11-15 20:10:31'),(6,37,1,4,11,14,1,'2013-11-15 21:53:58'),(7,37,1,6,0,11,0,'2013-11-15 21:54:29'),(8,37,1,2,0,22,0,'2013-11-15 21:54:45'),(9,37,1,6,20,25,1,'2013-11-15 22:01:56'),(10,37,3,17,20,25,1,'2013-11-15 22:02:35'),(11,37,3,18,20,25,1,'2013-11-15 22:02:40'),(12,37,4,19,0,24,0,'2013-11-15 22:02:53'),(13,37,4,19,0,25,0,'2013-11-15 22:05:12'),(14,37,4,19,20,25,1,'2013-11-15 22:05:19'),(15,37,3,17,17,21,1,'2013-11-15 22:10:26'),(16,37,3,16,0,25,0,'2013-11-15 22:10:31'),(17,37,3,18,20,25,1,'2013-11-15 22:10:35'),(18,43,4,20,0,20,0,'2013-11-15 22:57:20'),(19,43,4,21,3,4,1,'2013-11-15 22:58:01'),(20,43,4,20,10,12,1,'2013-11-15 22:58:48'),(21,43,4,21,0,16,0,'2013-11-15 22:59:17'),(22,43,4,20,0,18,0,'2013-11-15 23:07:21'),(23,43,4,21,3,4,1,'2013-11-15 23:09:15'),(24,43,4,19,0,24,0,'2013-11-15 23:13:00'),(25,43,4,20,0,0,0,'2013-11-15 23:15:20'),(26,37,2,9,0,0,0,'2013-11-15 23:16:06'),(27,37,4,21,0,0,0,'2013-11-15 23:17:08'),(28,43,4,21,0,0,0,'2013-11-15 23:17:08'),(29,43,4,19,0,0,0,'2013-11-15 23:18:10'),(30,39,1,3,0,25,0,'2013-11-18 04:08:18'),(31,39,1,1,0,22,0,'2013-11-18 12:41:14'),(32,39,1,6,0,24,0,'2013-11-18 12:42:04'),(33,37,3,17,20,25,1,'2013-11-18 15:18:43'),(34,37,3,16,0,19,0,'2013-11-18 15:19:08'),(35,37,3,16,19,24,1,'2013-11-18 15:19:23'),(36,37,1,2,0,20,0,'2013-11-19 19:19:13'),(37,37,1,7,0,12,0,'2013-11-19 19:19:38'),(38,37,1,3,0,23,0,'2013-11-19 19:19:53'),(39,37,2,8,0,25,0,'2013-11-19 19:20:12'),(40,37,2,10,0,19,0,'2013-11-19 19:20:29'),(41,37,2,11,0,25,0,'2013-11-19 19:20:41'),(42,37,2,14,0,20,0,'2013-11-19 19:21:02'),(43,37,2,8,20,25,1,'2013-11-19 19:21:14'),(44,37,2,15,0,23,0,'2013-11-19 19:21:25'),(45,37,2,11,0,15,0,'2013-11-19 19:23:52'),(46,37,2,14,0,0,0,'2013-11-19 19:24:25'),(47,37,2,15,0,0,0,'2013-11-19 19:25:05'),(48,37,4,19,0,3,0,'2013-11-19 19:26:32'),(49,49,5,23,0,29,0,'2013-11-19 23:49:27'),(50,49,5,22,20,30,1,'2013-11-19 23:49:36'),(51,49,5,23,18,27,1,'2013-11-20 01:58:00'),(52,49,5,22,0,29,0,'2013-11-20 01:58:14'),(53,49,5,27,19,28,1,'2013-11-20 01:58:27'),(54,49,5,29,0,26,0,'2013-11-20 01:58:42'),(55,49,5,28,18,27,1,'2013-11-20 01:58:57'),(56,49,5,24,13,19,1,'2013-11-20 01:59:19'),(57,49,5,31,16,24,1,'2013-11-20 01:59:37'),(58,49,5,25,15,23,1,'2013-11-20 01:59:55'),(59,49,5,30,17,25,1,'2013-11-20 02:00:11'),(60,49,5,30,17,25,1,'2013-11-20 02:00:12'),(61,48,5,30,0,30,0,'2013-11-20 20:15:47'),(62,48,5,27,0,25,0,'2013-11-20 20:16:07'),(63,48,5,29,0,30,0,'2013-11-20 20:20:20'),(64,48,5,25,0,30,0,'2013-11-20 20:21:55'),(65,48,5,24,0,30,0,'2013-11-20 20:22:03'),(66,48,5,31,20,30,1,'2013-11-20 20:22:10'),(67,48,5,28,20,30,1,'2013-11-20 20:22:17'),(68,48,5,26,0,28,0,'2013-11-20 20:22:34'),(69,48,5,22,20,30,1,'2013-11-20 20:22:43'),(70,48,5,23,0,30,0,'2013-11-20 20:22:52'),(71,49,6,32,20,30,1,'2013-11-21 18:22:52'),(72,49,6,32,20,30,1,'2013-11-21 18:24:32'),(73,49,6,34,20,30,1,'2013-11-21 18:39:50'),(74,49,6,32,20,30,1,'2013-11-21 18:39:55'),(75,49,6,33,20,30,1,'2013-11-21 18:40:01'),(76,49,6,32,20,30,1,'2013-11-21 18:45:17'),(77,49,6,34,20,30,1,'2013-11-21 18:45:23'),(78,49,6,33,20,30,1,'2013-11-21 18:45:27'),(79,49,5,24,13,19,1,'2013-11-23 01:10:22'),(80,49,5,27,15,23,1,'2013-11-23 01:10:41'),(81,49,6,36,0,29,0,'2013-11-25 04:36:12'),(82,49,6,43,20,30,1,'2013-11-25 04:36:26'),(83,49,6,42,15,22,1,'2013-11-25 04:36:44'),(84,49,6,38,0,26,0,'2013-11-25 04:36:56'),(85,49,6,36,17,26,1,'2013-11-25 04:40:25'),(86,49,6,42,16,24,1,'2013-11-25 04:40:43'),(87,49,6,40,0,24,0,'2013-11-25 04:41:00'),(88,49,6,41,20,30,1,'2013-11-25 04:41:12'),(89,49,5,25,16,24,1,'2013-11-25 04:42:04'),(90,49,5,27,11,16,1,'2013-11-25 04:42:29'),(91,49,5,29,15,22,1,'2013-11-25 04:42:55'),(92,49,5,23,17,26,1,'2013-11-25 04:43:11'),(93,49,5,28,20,30,1,'2013-11-25 05:02:41'),(94,49,5,29,20,30,1,'2013-11-25 05:03:00'),(95,49,5,26,20,30,1,'2013-11-25 05:03:10'),(96,49,5,31,0,30,0,'2013-11-25 05:03:20'),(97,49,5,22,0,30,0,'2013-11-25 05:03:26'),(98,49,5,24,20,30,1,'2013-11-25 05:03:42'),(99,49,5,27,20,30,1,'2013-11-25 05:03:48'),(100,55,5,29,19,28,1,'2013-11-25 15:12:17'),(101,55,5,24,0,28,0,'2013-11-25 15:12:39'),(102,49,5,29,19,29,1,'2013-11-25 15:14:05'),(103,49,5,22,19,29,1,'2013-11-25 15:14:15'),(104,49,5,25,0,29,0,'2013-11-25 15:14:26'),(105,49,5,27,0,30,0,'2013-11-25 15:14:32'),(106,49,5,30,20,30,1,'2013-11-25 15:14:40'),(107,49,5,24,20,30,1,'2013-11-25 15:14:47'),(108,49,5,26,20,30,1,'2013-11-25 15:14:55'),(109,49,5,28,19,29,1,'2013-11-25 15:15:03'),(110,49,5,31,17,25,1,'2013-11-25 15:15:16'),(111,49,5,23,15,23,1,'2013-11-25 15:15:32'),(112,49,6,37,14,21,1,'2013-11-25 15:16:17'),(113,49,6,36,17,25,1,'2013-11-25 15:16:36'),(114,49,6,39,0,15,0,'2013-11-25 15:17:18'),(115,49,6,40,0,23,0,'2013-11-25 15:18:24'),(116,50,6,42,17,25,1,'2013-11-25 15:20:34'),(117,50,6,35,0,23,0,'2013-11-25 15:20:52'),(118,50,6,41,0,23,0,'2013-11-25 15:21:23'),(119,50,6,40,17,26,1,'2013-11-25 15:21:39'),(120,50,6,36,18,27,1,'2013-11-25 15:22:25'),(121,50,6,39,20,30,1,'2013-11-25 15:22:35'),(122,50,6,43,15,22,1,'2013-11-25 15:23:04'),(123,50,6,38,15,22,1,'2013-11-25 15:23:27'),(124,50,6,37,17,26,1,'2013-11-25 15:23:42'),(125,37,7,44,20,20,1,'2013-11-25 16:29:16'),(126,49,5,28,16,24,1,'2013-11-26 14:16:17'),(127,49,5,22,0,29,0,'2013-11-26 14:16:34'),(128,49,5,30,17,26,1,'2013-11-26 14:16:49'),(129,49,5,23,15,22,1,'2013-11-26 14:17:10'),(130,49,5,31,20,30,1,'2013-11-26 14:17:26'),(131,58,5,26,15,22,1,'2013-11-26 15:31:49'),(132,58,5,29,0,19,0,'2013-11-26 15:32:23'),(133,55,6,36,0,0,0,'2013-11-26 15:38:08'),(134,58,5,28,10,15,1,'2013-11-27 16:17:43'),(135,58,5,30,15,23,1,'2013-11-27 16:18:12'),(136,58,5,23,0,29,0,'2013-11-27 16:18:25'),(137,55,6,39,0,24,0,'2013-11-28 21:30:47'),(138,55,6,37,18,27,1,'2013-11-28 21:31:06'),(139,55,6,41,20,30,1,'2013-11-28 21:31:20'),(140,55,6,36,0,29,0,'2013-11-28 21:31:29'),(141,55,6,35,20,30,1,'2013-11-28 21:31:34'),(142,55,6,42,19,29,1,'2013-11-28 21:31:43'),(143,55,6,38,20,30,1,'2013-11-28 21:31:53'),(144,55,6,40,0,30,0,'2013-11-28 21:32:03'),(145,55,6,43,19,29,1,'2013-11-28 21:32:13'),(146,37,1,4,20,25,1,'2013-12-02 16:10:15'),(147,37,1,6,15,19,1,'2013-12-02 16:10:30'),(148,37,1,5,18,23,1,'2013-12-02 16:10:40'),(149,58,5,29,9,13,1,'2013-12-04 00:48:58'),(150,58,5,31,18,27,1,'2013-12-04 00:49:21'),(151,58,5,25,18,27,1,'2013-12-04 00:49:34'),(152,58,5,22,20,30,1,'2013-12-04 00:49:47'),(153,39,6,38,7,11,1,'2013-12-04 21:12:42'),(154,37,1,3,0,20,0,'2013-12-05 19:25:20'),(155,37,1,5,0,10,0,'2013-12-06 00:40:56'),(156,58,5,23,0,24,0,'2013-12-13 21:40:19'),(157,58,5,25,15,23,1,'2013-12-13 21:40:49'),(158,58,5,27,16,24,1,'2013-12-13 21:41:07'),(159,58,5,31,20,30,1,'2013-12-13 21:41:15'),(160,37,1,6,0,0,0,'2013-12-16 19:58:58'),(161,37,1,4,0,0,0,'2013-12-16 20:00:04'),(162,37,1,7,0,0,0,'2013-12-16 20:00:55'),(163,37,1,4,0,0,0,'2013-12-19 18:07:10'),(164,37,1,1,0,25,0,'2013-12-19 18:07:26'),(165,37,1,6,0,25,0,'2013-12-19 18:07:32'),(166,37,1,4,0,25,0,'2013-12-19 18:07:44'),(167,37,1,1,0,25,0,'2013-12-19 18:07:49'),(168,37,1,3,0,23,0,'2013-12-19 18:07:59'),(169,37,1,7,0,7,0,'2013-12-19 18:08:39'),(170,37,1,5,0,25,0,'2013-12-19 18:09:20'),(171,37,1,4,0,0,0,'2013-12-19 18:09:54'),(172,37,2,15,13,16,1,'2013-12-19 18:11:48'),(173,37,2,14,8,10,1,'2013-12-19 18:12:11'),(174,37,2,9,0,13,0,'2013-12-19 18:12:32'),(175,37,1,5,0,0,0,'2013-12-28 04:09:29'),(176,37,1,7,0,0,0,'2013-12-28 04:10:12'),(177,37,1,4,0,10,0,'2013-12-28 04:10:51'),(178,37,1,1,0,0,0,'2013-12-28 04:19:18'),(179,37,1,1,0,25,0,'2014-01-02 18:33:52'),(180,37,1,3,0,25,0,'2014-01-02 18:34:02'),(181,37,1,2,0,25,0,'2014-01-02 18:50:36'),(182,37,1,7,0,25,0,'2014-01-02 18:50:42'),(183,37,1,4,20,25,1,'2014-01-02 18:50:48'),(184,37,1,3,0,4,0,'2014-01-02 19:04:37'),(185,37,1,6,0,8,0,'2014-01-02 19:05:33'),(186,37,1,1,0,25,0,'2014-01-02 19:09:07'),(187,37,1,3,0,25,0,'2014-01-06 20:04:37'),(188,37,1,5,0,24,0,'2014-01-06 20:13:41'),(189,37,1,1,20,25,1,'2014-01-06 20:56:17'),(190,37,1,3,0,22,0,'2014-01-06 20:56:31'),(191,37,1,3,14,18,1,'2014-01-08 02:56:53'),(192,37,1,6,0,21,0,'2014-01-08 02:57:10'),(193,37,1,4,20,25,1,'2014-01-08 02:57:23'),(194,37,2,15,0,20,0,'2014-01-08 03:03:17'),(195,37,2,14,0,21,0,'2014-01-08 03:03:31'),(196,37,2,13,0,23,0,'2014-01-08 03:03:44'),(197,40,1,3,0,23,0,'2014-01-08 03:09:05'),(198,40,1,4,0,24,0,'2014-01-08 03:09:19'),(199,37,1,7,0,25,0,'2014-01-08 19:34:59'),(200,37,1,1,0,25,0,'2014-01-08 19:35:06'),(201,37,1,6,0,12,0,'2014-01-08 19:35:28'),(202,40,1,7,7,9,1,'2014-01-08 19:39:05'),(203,40,1,4,0,13,0,'2014-01-08 19:39:40'),(204,40,1,6,12,15,1,'2014-01-08 19:40:27'),(205,40,2,8,0,19,0,'2014-01-08 19:41:14'),(206,40,1,7,16,20,1,'2014-01-08 19:43:34'),(207,40,1,2,0,25,0,'2014-01-08 19:43:40'),(208,40,1,3,0,25,0,'2014-01-08 19:43:46'),(209,41,1,3,0,23,0,'2014-01-08 19:44:23'),(210,41,1,2,0,25,0,'2014-01-08 19:44:31'),(211,41,1,4,0,25,0,'2014-01-08 19:44:36'),(212,41,1,6,0,12,0,'2014-01-08 19:45:01'),(213,39,1,6,0,4,0,'2014-01-08 19:46:17'),(214,39,1,4,12,15,1,'2014-01-08 19:46:54'),(215,39,1,2,17,21,1,'2014-01-08 19:47:07'),(216,53,5,31,0,29,0,'2014-01-09 19:40:52'),(217,53,5,30,0,28,0,'2014-01-09 19:41:05'),(218,53,5,22,0,30,0,'2014-01-09 19:41:14'),(219,53,5,26,19,29,1,'2014-01-09 19:41:24'),(220,53,5,28,0,26,0,'2014-01-09 19:45:51'),(221,53,5,29,0,2,0,'2014-01-09 19:57:00'),(222,53,5,25,0,9,0,'2014-01-09 20:00:08'),(223,53,5,27,0,23,0,'2014-01-09 20:02:37'),(224,53,5,24,0,14,0,'2014-01-09 20:03:04'),(225,53,5,29,19,28,1,'2014-01-09 20:05:01'),(226,53,5,26,5,7,1,'2014-01-09 20:05:37'),(227,40,1,4,0,0,0,'2014-01-10 14:14:25'),(228,40,2,8,13,16,1,'2014-01-10 14:16:10'),(229,40,1,10,0,11,0,'2014-01-10 14:16:43'),(230,39,1,6,0,15,0,'2014-01-13 18:22:20'),(231,40,1,3,0,25,0,'2014-01-13 22:09:34'),(232,40,1,3,0,12,0,'2014-01-14 16:12:02'),(233,40,1,7,9,11,1,'2014-01-14 16:12:47'),(234,40,1,4,14,18,1,'2014-01-14 17:47:11'),(235,40,1,3,0,16,0,'2014-01-14 17:47:41'),(236,40,1,7,14,18,1,'2014-01-18 10:32:51'),(237,40,1,2,0,22,0,'2014-01-18 10:33:07'),(238,40,1,6,18,22,1,'2014-01-18 10:33:29'),(239,40,1,1,0,20,0,'2014-01-20 19:32:03'),(240,40,1,4,8,10,1,'2014-01-23 00:20:58'),(241,40,1,3,0,24,0,'2014-01-23 00:21:06'),(242,40,1,5,10,12,1,'2014-02-17 18:44:33'),(243,40,1,7,0,25,0,'2014-02-17 18:44:52'),(244,40,1,2,0,14,0,'2014-02-28 02:30:30'),(245,38,1,7,18,23,1,'2014-03-11 01:01:23'),(246,38,1,4,18,22,1,'2014-03-11 01:01:40'),(247,38,1,1,0,24,0,'2014-03-11 01:01:51'),(248,38,2,13,0,20,0,'2014-03-11 01:02:34'),(249,38,2,11,0,25,0,'2014-03-11 01:02:46'),(250,38,2,12,20,25,1,'2014-03-11 01:02:57'),(251,38,1,4,15,19,1,'2014-03-11 01:03:35'),(252,38,1,1,20,25,1,'2014-03-11 01:03:46'),(253,38,1,5,20,25,1,'2014-03-11 01:03:57'),(254,40,1,4,6,8,1,'2014-03-12 00:20:39'),(255,40,1,1,0,6,0,'2014-03-12 00:22:50'),(256,40,1,2,13,16,1,'2014-03-12 00:23:21'),(257,39,1,5,12,15,1,'2014-03-15 21:25:20'),(258,39,1,2,0,24,0,'2014-03-15 21:25:40'),(259,40,1,7,0,21,0,'2014-03-17 17:12:00'),(260,40,1,2,5,6,1,'2014-03-17 17:12:48'),(261,40,1,1,0,0,0,'2014-03-17 17:13:27'),(262,40,1,4,0,10,0,'2014-03-21 21:16:09'),(263,39,1,2,0,25,0,'2014-03-28 15:45:27'),(264,39,1,3,0,20,0,'2014-03-28 15:45:46'),(265,39,1,7,10,13,1,'2014-03-28 15:46:23'),(266,40,2,14,0,25,0,'2014-03-28 16:04:30'),(267,40,2,13,0,16,0,'2014-03-28 16:04:57'),(268,41,2,14,0,22,0,'2014-03-28 19:32:02'),(269,41,2,10,14,17,1,'2014-03-28 19:32:42'),(270,39,2,11,0,24,0,'2014-03-28 21:35:20'),(271,39,2,8,0,25,0,'2014-03-28 21:35:31'),(272,41,1,6,0,25,0,'2014-03-28 21:52:50'),(273,41,1,7,0,16,0,'2014-03-28 21:53:15'),(274,37,1,4,0,23,0,'2014-04-22 01:35:28'),(275,37,1,4,0,23,0,'2014-04-22 01:35:29'),(276,37,1,7,20,25,1,'2014-04-22 01:35:38'),(277,37,1,5,0,25,0,'2014-04-22 01:35:47'),(278,61,1,4,0,25,0,'2014-04-25 15:09:56'),(279,61,1,7,0,23,0,'2014-04-25 15:10:10'),(280,61,1,1,0,25,0,'2014-04-25 15:12:05'),(281,61,1,2,0,24,0,'2014-04-25 15:12:17'),(282,61,1,6,0,14,0,'2014-04-25 15:12:38'),(283,61,1,4,10,12,1,'2014-04-26 15:36:11'),(284,61,1,4,10,12,1,'2014-04-26 15:36:11'),(285,61,1,1,14,17,1,'2014-04-26 15:36:38'),(286,61,1,1,14,17,1,'2014-04-26 15:36:38'),(287,61,1,7,0,19,0,'2014-04-26 15:36:53'),(288,61,1,7,0,19,0,'2014-04-26 15:36:53'),(289,61,1,3,14,18,1,'2014-05-09 22:14:15'),(290,61,1,4,0,24,0,'2014-05-09 22:14:34'),(291,61,1,2,14,17,1,'2014-05-09 22:15:26'),(292,37,1,5,14,18,1,'2014-05-27 16:33:26'),(293,37,1,4,0,10,0,'2014-05-27 16:33:52'),(294,37,1,6,0,11,0,'2014-05-27 16:34:27'),(295,37,1,5,0,0,0,'2014-06-03 23:28:15'),(296,37,1,5,0,11,0,'2014-06-09 17:54:29'),(297,37,1,2,6,8,1,'2014-06-09 17:55:15'),(298,37,1,1,14,18,1,'2014-06-10 17:15:39'),(299,37,1,2,6,8,1,'2014-06-10 17:16:14'),(300,40,1,5,0,15,0,'2014-06-12 19:25:43'),(301,40,1,1,0,24,0,'2014-06-12 19:25:56'),(302,40,1,3,0,21,0,'2014-06-12 19:26:24'),(303,67,1,1,14,17,1,'2014-06-13 18:28:55'),(304,67,1,3,17,21,1,'2014-06-13 18:29:38'),(305,67,1,2,0,20,0,'2014-06-13 18:30:27'),(306,40,1,2,0,15,0,'2014-06-16 14:56:26'),(307,40,1,1,0,17,0,'2014-06-16 14:57:05'),(308,40,1,4,14,17,1,'2014-06-16 14:57:43'),(309,40,2,15,14,18,1,'2014-06-16 16:02:10'),(310,40,2,13,20,25,1,'2014-06-16 16:02:26'),(311,40,2,13,20,25,1,'2014-06-16 16:02:29'),(312,40,2,9,0,19,0,'2014-06-16 16:02:49'),(313,39,2,13,20,25,1,'2014-06-16 16:50:17'),(314,39,2,12,0,16,0,'2014-06-16 16:50:44'),(315,37,2,11,15,19,1,'2014-06-16 21:02:11'),(316,37,2,12,19,24,1,'2014-06-16 21:02:22'),(317,37,2,9,19,24,1,'2014-06-16 21:02:33'),(318,37,2,14,0,20,0,'2014-06-16 21:17:15'),(319,37,2,10,6,8,1,'2014-06-16 21:17:54'),(320,37,2,13,19,24,1,'2014-06-16 21:18:05'),(321,41,2,11,20,25,1,'2014-06-16 21:25:53'),(322,41,2,10,17,21,1,'2014-06-16 21:26:06'),(323,41,2,13,20,25,1,'2014-06-16 21:26:11'),(324,41,2,9,18,23,1,'2014-06-16 21:26:41'),(325,41,2,12,18,22,1,'2014-06-16 21:26:53'),(326,41,2,8,0,25,0,'2014-06-16 21:27:05'),(327,41,1,3,20,25,1,'2014-06-16 21:27:34'),(328,41,1,1,20,25,1,'2014-06-16 21:27:42'),(329,41,1,4,18,22,1,'2014-06-16 21:27:53'),(330,41,1,4,20,25,1,'2014-06-16 21:28:17'),(331,41,1,2,0,25,0,'2014-06-16 21:28:26'),(332,41,1,3,20,25,1,'2014-06-16 21:28:35'),(333,41,1,2,19,24,1,'2014-06-16 21:40:04'),(334,41,1,1,20,25,1,'2014-06-16 21:40:10'),(335,41,1,5,18,22,1,'2014-06-16 21:40:23'),(336,37,2,11,0,19,0,'2014-06-18 19:41:25'),(337,37,1,4,0,0,0,'2014-06-18 21:22:31'),(338,37,1,4,0,3,0,'2014-06-23 12:08:56'),(339,66,1,1,10,12,1,'2014-06-23 13:45:37'),(340,66,1,6,0,13,0,'2014-06-23 13:46:38'),(341,66,1,4,20,25,1,'2014-06-23 13:48:32'),(342,37,1,2,0,0,0,'2014-06-23 19:30:06'),(343,37,1,4,0,0,0,'2014-06-23 19:36:10'),(344,37,1,3,0,0,0,'2014-06-23 19:42:39'),(345,37,2,9,0,0,0,'2014-06-23 20:02:46'),(346,37,2,11,0,0,0,'2014-06-23 20:03:26'),(347,68,8,47,20,26,1,'2014-06-23 20:21:17'),(348,37,1,6,0,0,0,'2014-06-24 14:18:10'),(349,68,9,50,28,17,1,'2014-06-24 15:11:38'),(350,68,9,51,26,16,1,'2014-06-24 15:11:54'),(351,68,9,49,31,19,1,'2014-06-24 15:12:04'),(352,37,2,12,12,15,1,'2014-06-24 21:42:19'),(353,37,2,11,0,14,0,'2014-06-24 21:42:50'),(354,37,2,8,0,1,0,'2014-06-24 21:46:33'),(355,68,9,50,28,17,1,'2014-06-25 16:49:49'),(356,68,9,52,33,20,1,'2014-06-25 16:50:02'),(357,68,9,50,33,20,1,'2014-06-25 16:51:02'),(358,68,9,52,33,20,1,'2014-06-25 16:51:10'),(359,68,9,51,33,20,1,'2014-06-25 16:51:18'),(360,68,10,54,25,15,1,'2014-06-26 15:44:04'),(361,68,10,53,23,14,1,'2014-06-26 15:44:24'),(362,37,2,8,0,0,0,'2014-06-30 21:25:24'),(363,37,1,3,0,0,0,'2014-07-01 15:20:11'),(364,37,1,4,7,9,1,'2014-07-01 15:20:56'),(365,40,1,1,0,3,0,'2014-07-01 19:11:29'),(366,37,1,6,0,0,0,'2014-07-02 20:25:33'),(367,68,10,54,28,17,1,'2014-07-14 16:34:12'),(368,68,10,54,0,20,0,'2014-07-14 16:36:02'),(369,68,10,54,0,0,0,'2014-07-15 16:01:01'),(370,68,10,54,10,6,1,'2014-07-15 18:23:31'),(371,68,10,54,10,6,1,'2014-07-15 18:23:32'),(372,68,10,53,0,19,0,'2014-07-15 18:23:55'),(373,38,1,6,0,0,0,'2014-07-16 10:18:37'),(374,38,1,1,0,0,0,'2014-07-16 10:19:23'),(375,37,1,1,12,15,1,'2014-07-18 14:23:28'),(376,37,1,4,0,17,0,'2014-07-18 14:24:21'),(377,37,1,3,15,19,1,'2014-07-18 14:25:04'),(378,68,10,53,0,0,0,'2014-07-21 15:41:31'),(379,38,1,7,0,0,0,'2014-07-23 12:04:51'),(380,38,1,4,0,0,0,'2014-07-23 12:11:51'),(381,38,1,6,0,0,0,'2014-07-23 12:21:46'),(382,38,1,3,0,0,0,'2014-07-23 12:22:35'),(383,38,1,2,0,0,0,'2014-07-23 12:23:28'),(384,39,1,2,0,0,0,'2014-07-23 12:33:41'),(385,39,1,2,0,0,0,'2014-07-23 12:33:43'),(386,39,1,1,0,0,0,'2014-07-23 12:57:06'),(387,40,1,1,0,0,0,'2014-07-23 13:31:40'),(388,40,1,6,19,24,1,'2014-07-30 02:20:19'),(389,40,1,1,0,0,0,'2014-07-30 02:20:58'),(390,37,1,5,0,19,0,'2014-07-30 05:50:03'),(391,37,1,6,14,18,1,'2014-07-30 05:50:44'),(392,37,1,2,20,25,1,'2014-07-30 05:51:03'),(393,40,1,4,0,0,0,'2014-07-30 18:14:24'),(394,39,1,4,0,0,0,'2014-07-30 18:14:24'),(395,40,1,4,0,0,0,'2014-07-30 18:14:25'),(396,40,2,9,0,25,0,'2014-07-30 18:15:09'),(397,39,1,10,0,12,0,'2014-07-30 18:15:43'),(398,40,2,12,0,5,0,'2014-07-30 18:16:24'),(399,40,2,12,0,0,0,'2014-07-30 18:16:28'),(400,40,2,9,0,25,0,'2014-07-30 18:16:33'),(401,40,2,13,0,25,0,'2014-07-30 18:16:42'),(402,37,1,3,2,3,1,'2014-08-06 20:44:50'),(403,37,1,1,0,14,0,'2014-08-06 20:45:14'),(404,38,1,2,0,10,0,'2014-08-07 12:35:54'),(405,38,1,7,20,25,1,'2014-08-07 12:36:17'),(406,38,1,3,0,14,0,'2014-08-07 12:36:42'),(407,69,1,1,0,23,0,'2014-08-07 14:25:50'),(408,69,1,4,0,16,0,'2014-08-07 14:26:22'),(409,69,1,5,0,20,0,'2014-08-07 14:26:51'),(410,69,2,12,20,25,1,'2014-08-12 13:40:54'),(411,69,2,14,0,14,0,'2014-08-12 13:41:32'),(412,69,2,10,0,20,0,'2014-08-12 13:42:01'),(413,69,1,6,0,13,0,'2014-08-12 13:43:43'),(414,69,1,5,0,21,0,'2014-08-12 13:44:08'),(415,69,1,1,20,25,1,'2014-08-12 13:44:23'),(416,69,2,10,18,23,1,'2014-08-12 13:44:56'),(417,69,2,11,0,18,0,'2014-08-12 13:45:28'),(418,69,2,9,0,22,0,'2014-08-12 13:45:52'),(419,69,2,14,20,25,1,'2014-08-12 13:46:31'),(420,69,2,15,18,23,1,'2014-08-12 13:46:57'),(421,69,2,10,20,25,1,'2014-08-12 13:47:10'),(422,37,1,1,0,0,0,'2014-08-12 21:00:48'),(423,37,1,2,14,17,1,'2014-08-13 16:09:20'),(424,37,1,5,0,15,0,'2014-08-13 16:10:05'),(425,37,1,3,10,13,1,'2014-08-13 16:10:37'),(426,39,1,3,0,0,0,'2014-08-16 22:31:51'),(427,39,2,10,0,0,0,'2014-08-16 22:41:07'),(428,39,1,3,0,13,0,'2014-08-17 05:17:44'),(429,69,1,3,0,14,0,'2014-08-18 11:23:20'),(430,69,1,2,0,22,0,'2014-08-18 11:23:36'),(431,69,1,1,19,24,1,'2014-08-18 11:23:49'),(432,39,1,6,0,25,0,'2014-08-19 13:44:55'),(433,39,1,4,18,22,1,'2014-08-19 18:49:59'),(434,39,1,1,0,11,0,'2014-08-19 19:20:46'),(435,39,1,4,0,24,0,'2014-08-20 01:10:40'),(436,39,1,6,0,25,0,'2014-08-20 01:19:20'),(437,39,1,3,0,25,0,'2014-08-20 01:19:28'),(438,39,1,2,0,25,0,'2014-08-20 01:19:36'),(439,39,1,3,0,0,0,'2014-08-20 01:26:48'),(440,39,1,6,0,0,0,'2014-08-20 01:36:50'),(441,37,1,4,0,21,0,'2014-08-21 02:08:05'),(442,37,2,14,12,15,1,'2014-08-21 02:14:42'),(443,37,2,11,0,0,0,'2014-08-21 02:15:26'),(444,37,2,12,0,25,0,'2014-08-21 02:17:09'),(445,37,2,13,0,25,0,'2014-08-21 02:17:27'),(446,37,2,8,20,25,1,'2014-08-21 02:17:32'),(447,37,2,14,20,25,1,'2014-08-21 02:17:39'),(448,37,2,8,0,25,0,'2014-08-21 02:17:55'),(449,37,2,13,0,25,0,'2014-08-21 02:18:01'),(450,37,2,11,0,25,0,'2014-08-21 02:18:08'),(451,37,2,14,18,23,1,'2014-08-21 02:20:01'),(452,37,2,10,20,25,1,'2014-08-21 02:20:07'),(453,40,1,3,0,25,0,'2014-08-21 02:27:09'),(454,40,1,2,0,25,0,'2014-08-21 02:27:15'),(455,40,1,1,0,25,0,'2014-08-21 02:27:21'),(456,40,1,3,0,25,0,'2014-08-21 02:27:34'),(457,40,1,2,0,25,0,'2014-08-21 02:27:41'),(458,40,1,6,0,25,0,'2014-08-21 02:27:48'),(459,40,1,6,0,25,0,'2014-08-21 02:28:03'),(460,40,1,1,20,25,1,'2014-08-21 02:28:10'),(461,40,1,4,20,25,1,'2014-08-21 02:28:15'),(462,40,2,10,0,21,0,'2014-08-21 02:29:06'),(463,40,2,14,0,25,0,'2014-08-21 02:29:13'),(464,40,2,12,0,25,0,'2014-08-21 02:29:22'),(465,40,2,12,20,25,1,'2014-08-21 02:30:40'),(466,40,2,13,20,25,1,'2014-08-21 02:30:46'),(467,40,2,11,20,25,1,'2014-08-21 02:30:53'),(468,40,2,11,0,25,0,'2014-08-21 02:31:07'),(469,40,2,13,0,25,0,'2014-08-21 02:31:15'),(470,40,2,12,20,25,1,'2014-08-21 02:31:20'),(471,41,2,12,0,25,0,'2014-08-21 02:33:21'),(472,41,2,14,20,25,1,'2014-08-21 02:33:27'),(473,41,2,15,20,25,1,'2014-08-21 02:33:33'),(474,41,2,10,0,25,0,'2014-08-21 02:33:39'),(475,41,2,9,0,0,0,'2014-08-21 02:34:14'),(476,41,2,11,0,25,0,'2014-08-21 02:34:43'),(477,41,2,11,0,25,0,'2014-08-21 02:34:44'),(478,41,2,12,0,25,0,'2014-08-21 02:34:50'),(479,41,2,8,0,25,0,'2014-08-21 02:34:55'),(480,41,2,8,0,25,0,'2014-08-21 02:34:55'),(481,41,2,14,20,25,1,'2014-08-21 02:35:00'),(482,41,2,14,20,25,1,'2014-08-21 02:35:01'),(483,41,2,15,0,25,0,'2014-08-21 02:35:06'),(484,39,2,14,0,25,0,'2014-08-21 02:37:14'),(485,39,2,14,0,25,0,'2014-08-21 02:37:15'),(486,39,2,10,20,25,1,'2014-08-21 02:37:22'),(487,39,2,10,20,25,1,'2014-08-21 02:37:23'),(488,39,2,11,0,25,0,'2014-08-21 02:37:28'),(489,39,2,12,20,25,1,'2014-08-21 02:37:34'),(490,39,2,13,20,25,1,'2014-08-21 02:37:39'),(491,39,2,8,15,19,1,'2014-08-21 02:38:35'),(492,39,2,11,0,25,0,'2014-08-21 02:38:41'),(493,39,2,15,0,25,0,'2014-08-21 02:38:46'),(494,39,2,14,0,25,0,'2014-08-21 02:38:52'),(495,39,2,10,0,25,0,'2014-08-21 02:38:57'),(496,69,1,4,0,24,0,'2014-08-21 07:36:53'),(497,69,1,2,0,25,0,'2014-08-21 07:37:02'),(498,69,1,6,0,25,0,'2014-08-21 07:37:08'),(499,69,1,2,0,25,0,'2014-08-21 07:37:32'),(500,69,1,4,20,25,1,'2014-08-21 07:37:38'),(501,69,1,1,0,25,0,'2014-08-21 07:37:43'),(502,69,1,6,0,25,0,'2014-08-21 07:38:02'),(503,69,1,2,0,25,0,'2014-08-21 07:38:07'),(504,69,1,3,20,25,1,'2014-08-21 07:38:12'),(505,69,2,12,0,17,0,'2014-08-21 11:48:49'),(506,69,2,8,0,25,0,'2014-08-21 11:49:11'),(507,69,2,11,0,25,0,'2014-08-21 11:49:21'),(508,69,2,15,0,25,0,'2014-08-21 11:49:29'),(509,69,2,9,0,25,0,'2014-08-21 11:49:41'),(510,38,1,2,4,5,1,'2014-08-21 14:49:59'),(511,38,1,4,0,15,0,'2014-08-21 14:50:21'),(512,38,1,6,0,25,0,'2014-08-21 14:50:38'),(513,38,1,3,0,25,0,'2014-08-21 14:50:43'),(514,38,1,2,0,25,0,'2014-08-21 14:50:48'),(515,38,1,1,0,25,0,'2014-08-21 14:51:03'),(516,38,1,6,0,25,0,'2014-08-21 14:51:13'),(517,38,1,3,18,23,1,'2014-08-21 14:51:24'),(518,66,1,3,0,9,0,'2014-08-21 15:11:48'),(519,66,1,2,0,25,0,'2014-08-21 15:12:01'),(520,66,1,4,0,25,0,'2014-08-21 15:12:08'),(521,66,1,5,0,25,0,'2014-08-21 15:12:24'),(522,66,1,2,20,25,1,'2014-08-21 15:12:32'),(523,66,1,6,0,24,0,'2014-08-21 15:12:41'),(524,66,1,2,19,24,1,'2014-08-21 15:13:02'),(525,66,1,4,0,25,0,'2014-08-21 15:13:09'),(526,66,1,3,20,25,1,'2014-08-21 15:13:15'),(527,66,2,15,0,22,0,'2014-08-21 15:20:20'),(528,66,2,8,0,25,0,'2014-08-21 15:20:30'),(529,66,2,12,20,25,1,'2014-08-21 15:20:36'),(530,66,2,10,18,23,1,'2014-08-21 15:20:47'),(531,66,2,11,0,0,0,'2014-08-21 15:21:21'),(532,66,2,12,20,25,1,'2014-08-21 15:22:14'),(533,66,2,14,0,25,0,'2014-08-21 15:22:20'),(534,66,2,15,0,25,0,'2014-08-21 15:22:27'),(535,66,2,13,0,25,0,'2014-08-21 15:22:33'),(536,66,2,11,5,6,1,'2014-08-21 15:23:01'),(537,66,2,9,0,2,0,'2014-08-21 15:23:49'),(538,65,2,11,0,21,0,'2014-08-21 19:21:55'),(539,65,2,10,13,16,1,'2014-08-21 19:22:22'),(540,65,2,14,0,25,0,'2014-08-21 19:22:40'),(541,65,2,15,0,23,0,'2014-08-21 19:22:50'),(542,65,2,9,0,25,0,'2014-08-21 19:22:58'),(543,65,2,9,0,25,0,'2014-08-21 19:23:23'),(544,65,2,9,0,25,0,'2014-08-21 19:23:23'),(545,65,2,11,20,25,1,'2014-08-21 19:23:31'),(546,65,2,8,20,25,1,'2014-08-21 19:23:38'),(547,65,2,15,0,25,0,'2014-08-21 19:23:45'),(548,65,2,12,20,25,1,'2014-08-21 19:23:51'),(549,65,1,3,0,25,0,'2014-08-21 19:24:49'),(550,65,1,5,20,25,1,'2014-08-21 19:24:58'),(551,65,1,2,20,25,1,'2014-08-21 19:25:04'),(552,65,1,3,0,9,0,'2014-08-21 19:25:50'),(553,65,1,6,0,23,0,'2014-08-21 19:26:01'),(554,65,1,6,0,23,0,'2014-08-21 19:26:01'),(555,65,1,6,0,25,0,'2014-08-21 19:27:03'),(556,65,1,5,0,25,0,'2014-08-21 19:27:08'),(557,65,1,3,0,25,0,'2014-08-21 19:27:26'),(558,67,1,1,0,16,0,'2014-08-21 19:29:09'),(559,67,1,3,17,21,1,'2014-08-21 19:29:24'),(560,67,1,2,20,25,1,'2014-08-21 19:29:36'),(561,67,1,6,0,25,0,'2014-08-21 19:30:08'),(562,67,1,4,18,22,1,'2014-08-21 19:30:29'),(563,67,1,1,0,23,0,'2014-08-21 19:30:49'),(564,67,1,3,0,25,0,'2014-08-21 19:31:25'),(565,67,1,2,20,25,1,'2014-08-21 19:31:40'),(566,67,2,11,0,17,0,'2014-08-21 19:32:36'),(567,67,2,11,0,17,0,'2014-08-21 19:32:36'),(568,67,2,14,0,22,0,'2014-08-21 19:32:50'),(569,67,2,8,20,25,1,'2014-08-21 19:33:05'),(570,67,2,9,0,25,0,'2014-08-21 19:33:23'),(571,67,2,10,14,18,1,'2014-08-21 19:33:47'),(572,67,2,10,0,22,0,'2014-08-21 19:52:12'),(573,67,2,12,0,25,0,'2014-08-21 19:52:45'),(574,67,2,11,20,25,1,'2014-08-21 19:53:00'),(575,67,2,11,20,25,1,'2014-08-21 19:53:00'),(576,67,2,14,14,18,1,'2014-08-21 19:53:28'),(577,67,2,8,20,25,1,'2014-08-21 19:53:40'),(578,69,1,1,18,22,1,'2014-08-22 11:30:41'),(579,69,1,6,0,17,0,'2014-08-22 11:31:16'),(580,69,1,2,14,17,1,'2014-08-22 11:31:49'),(581,69,1,2,14,17,1,'2014-08-22 11:31:50'),(582,69,2,8,0,25,0,'2014-08-22 11:32:30'),(583,69,2,14,0,7,0,'2014-08-22 11:33:20'),(584,69,2,11,0,22,0,'2014-08-22 11:33:38'),(585,69,2,12,20,25,1,'2014-08-22 11:33:50'),(586,69,2,13,0,25,0,'2014-08-22 11:34:06'),(587,69,1,5,20,25,1,'2014-08-22 11:34:53'),(588,69,1,1,20,25,1,'2014-08-22 11:35:00'),(589,69,1,4,18,23,1,'2014-08-22 11:35:16'),(590,69,1,5,19,24,1,'2014-08-22 11:35:42'),(591,69,1,6,0,0,0,'2014-08-22 11:37:17'),(592,69,1,6,0,0,0,'2014-08-22 11:37:25'),(593,69,1,4,20,25,1,'2014-08-22 11:37:37'),(594,69,2,8,0,21,0,'2014-08-22 11:40:40'),(595,69,2,15,0,25,0,'2014-08-22 11:40:46'),(596,69,2,12,20,25,1,'2014-08-22 11:40:52'),(597,69,2,13,20,25,1,'2014-08-22 11:40:57'),(598,69,2,9,0,25,0,'2014-08-22 11:41:02'),(599,69,2,11,20,25,1,'2014-08-22 11:43:01'),(600,69,2,13,11,14,1,'2014-08-22 11:54:45'),(601,69,2,11,14,17,1,'2014-08-22 11:55:10'),(602,69,2,15,20,25,1,'2014-08-22 11:55:19'),(603,69,2,12,20,25,1,'2014-08-22 11:55:30'),(604,69,2,9,20,25,1,'2014-08-22 11:55:44'),(605,69,2,11,16,20,1,'2014-08-22 12:04:39'),(606,69,2,11,16,20,1,'2014-08-22 12:04:46'),(607,69,1,3,0,25,0,'2014-08-22 12:08:53'),(608,69,1,1,20,25,1,'2014-08-22 12:08:59'),(609,69,1,6,20,25,1,'2014-08-22 12:09:09'),(610,39,1,3,0,25,0,'2014-08-22 15:57:52'),(611,39,1,4,0,25,0,'2014-08-22 15:57:59'),(612,39,1,2,20,25,1,'2014-08-22 15:58:03'),(613,39,1,1,0,16,0,'2014-08-22 15:58:22'),(614,39,1,5,20,25,1,'2014-08-22 15:58:30'),(615,39,1,4,14,18,1,'2014-08-22 15:59:02'),(616,39,1,1,20,25,1,'2014-08-22 15:59:19'),(617,39,1,3,0,25,0,'2014-08-22 15:59:33'),(618,39,1,5,0,20,0,'2014-08-22 15:59:51'),(619,39,1,2,20,25,1,'2014-08-22 16:00:01'),(620,39,1,2,0,25,0,'2014-08-22 16:00:32'),(621,39,1,4,0,25,0,'2014-08-22 16:00:44'),(622,39,1,6,0,23,0,'2014-08-22 16:01:00'),(623,39,1,1,18,22,1,'2014-08-22 16:01:12'),(624,39,1,3,0,23,0,'2014-08-22 16:01:28'),(625,39,2,14,0,23,0,'2014-08-22 16:12:49'),(626,39,2,15,0,24,0,'2014-08-22 16:13:14'),(627,39,2,11,20,25,1,'2014-08-22 16:13:30'),(628,39,2,8,20,25,1,'2014-08-22 16:13:46'),(629,39,2,9,18,22,1,'2014-08-22 16:14:04'),(630,39,2,13,0,18,0,'2014-08-22 16:14:56'),(631,39,2,11,19,24,1,'2014-08-22 16:15:20'),(632,39,2,14,0,25,0,'2014-08-22 16:15:37'),(633,39,2,15,0,25,0,'2014-08-22 16:15:53'),(634,39,2,10,19,24,1,'2014-08-22 16:16:10'),(635,39,2,9,0,24,0,'2014-08-22 16:16:37'),(636,39,2,14,18,22,1,'2014-08-22 16:16:58'),(637,39,2,15,18,22,1,'2014-08-22 16:17:18'),(638,39,2,10,0,24,0,'2014-08-22 16:17:33'),(639,39,2,8,0,16,0,'2014-08-22 16:17:52'),(640,39,2,12,15,19,1,'2014-08-22 16:18:21'),(641,39,2,14,0,25,0,'2014-08-22 16:18:32'),(642,39,2,15,0,25,0,'2014-08-22 16:18:41'),(643,39,2,8,20,25,1,'2014-08-22 16:18:50'),(644,39,2,10,0,25,0,'2014-08-22 16:19:01'),(645,39,2,12,16,20,1,'2014-08-22 16:19:36'),(646,39,2,8,16,20,1,'2014-08-22 16:19:51'),(647,39,2,15,0,25,0,'2014-08-22 16:20:02'),(648,39,2,14,20,25,1,'2014-08-22 16:20:17'),(649,39,2,10,0,25,0,'2014-08-22 16:20:30'),(650,65,1,4,20,25,1,'2014-08-22 20:22:59'),(651,65,1,1,0,25,0,'2014-08-22 20:23:07'),(652,65,1,2,0,7,0,'2014-08-22 20:23:35'),(653,65,1,6,0,22,0,'2014-08-22 20:23:47'),(654,65,1,5,20,25,1,'2014-08-22 20:23:56'),(655,65,1,4,0,24,0,'2014-08-22 20:28:11'),(656,65,1,1,0,18,0,'2014-08-22 20:28:29'),(657,65,1,5,18,23,1,'2014-08-22 20:28:39'),(658,65,1,2,14,18,1,'2014-08-22 20:28:55'),(659,65,1,3,17,21,1,'2014-08-22 20:29:08'),(660,65,1,5,16,20,1,'2014-08-22 20:45:26'),(661,65,1,1,0,25,0,'2014-08-22 20:45:35'),(662,65,1,2,20,25,1,'2014-08-22 20:45:40'),(663,65,1,4,0,25,0,'2014-08-22 20:45:47'),(664,65,1,6,20,25,1,'2014-08-22 20:45:56'),(665,66,1,6,20,25,1,'2014-08-22 20:56:54'),(666,66,1,2,18,23,1,'2014-08-22 20:57:06'),(667,66,1,5,20,25,1,'2014-08-22 20:57:14'),(668,78,1,3,0,21,0,'2014-08-25 13:36:14'),(669,78,1,3,0,19,0,'2014-08-25 13:36:18'),(670,78,1,3,0,17,0,'2014-08-25 13:36:21'),(671,78,1,3,0,14,0,'2014-08-25 13:36:26'),(672,78,1,3,0,13,0,'2014-08-25 13:36:28'),(673,78,1,3,0,13,0,'2014-08-25 13:36:30'),(674,78,1,3,0,13,0,'2014-08-25 13:36:32'),(675,78,1,3,6,8,1,'2014-08-25 13:36:37'),(676,78,1,3,4,5,1,'2014-08-25 13:36:41'),(677,78,1,3,3,4,1,'2014-08-25 13:36:43'),(678,78,1,3,2,3,1,'2014-08-25 13:36:46'),(679,78,1,3,2,3,1,'2014-08-25 13:36:48'),(680,78,1,3,0,0,0,'2014-08-25 13:36:51'),(681,78,1,3,0,0,0,'2014-08-25 13:36:53'),(682,78,1,3,0,0,0,'2014-08-25 13:36:55'),(683,78,1,3,0,0,0,'2014-08-25 13:36:57'),(684,78,1,3,0,0,0,'2014-08-25 13:36:58'),(685,78,1,3,0,0,0,'2014-08-25 13:37:00'),(686,78,1,3,0,0,0,'2014-08-25 13:37:02'),(687,78,1,3,0,0,0,'2014-08-25 13:37:04'),(688,78,1,3,0,0,0,'2014-08-25 13:37:06'),(689,78,1,3,0,0,0,'2014-08-25 13:37:07'),(690,78,1,3,0,0,0,'2014-08-25 13:37:09'),(691,78,1,3,0,0,0,'2014-08-25 13:37:11'),(692,78,1,3,0,0,0,'2014-08-25 13:37:13'),(693,78,1,3,0,0,0,'2014-08-25 13:37:14'),(694,78,1,3,0,0,0,'2014-08-25 13:37:16'),(695,78,1,3,0,0,0,'2014-08-25 13:37:18'),(696,78,1,3,0,0,0,'2014-08-25 13:37:19'),(697,78,1,3,0,0,0,'2014-08-25 13:37:21'),(698,78,1,2,0,23,0,'2014-08-25 13:37:35'),(699,78,1,2,0,19,0,'2014-08-25 13:37:41'),(700,78,1,2,0,19,0,'2014-08-25 13:37:43'),(701,78,1,2,0,18,0,'2014-08-25 13:37:46'),(702,78,1,2,0,9,0,'2014-08-25 13:37:56'),(703,78,1,2,0,9,0,'2014-08-25 13:37:58'),(704,78,1,2,0,9,0,'2014-08-25 13:37:59'),(705,78,1,2,0,9,0,'2014-08-25 13:38:01'),(706,78,1,2,0,9,0,'2014-08-25 13:38:03'),(707,78,1,2,0,9,0,'2014-08-25 13:38:04'),(708,78,1,2,0,9,0,'2014-08-25 13:38:06'),(709,78,1,2,0,9,0,'2014-08-25 13:38:08'),(710,78,1,2,0,9,0,'2014-08-25 13:38:10'),(711,78,1,2,0,9,0,'2014-08-25 13:38:11'),(712,78,1,2,0,9,0,'2014-08-25 13:38:13'),(713,78,1,2,0,0,0,'2014-08-25 13:38:17'),(714,78,1,2,0,0,0,'2014-08-25 13:38:18'),(715,78,1,2,0,0,0,'2014-08-25 13:38:20'),(716,78,2,12,0,23,0,'2014-08-25 13:39:32'),(717,78,2,12,0,21,0,'2014-08-25 13:39:36'),(718,78,2,12,0,19,0,'2014-08-25 13:39:41'),(719,78,2,12,0,18,0,'2014-08-25 13:39:43'),(720,78,2,12,0,17,0,'2014-08-25 13:39:45'),(721,78,2,12,0,17,0,'2014-08-25 13:39:47'),(722,78,2,12,0,17,0,'2014-08-25 13:39:49'),(723,78,2,12,0,17,0,'2014-08-25 13:39:51'),(724,78,2,12,0,17,0,'2014-08-25 13:39:53'),(725,78,2,12,0,0,0,'2014-08-25 13:40:11'),(726,78,2,12,0,0,0,'2014-08-25 13:40:13'),(727,78,2,12,0,0,0,'2014-08-25 13:40:15'),(728,78,2,12,0,0,0,'2014-08-25 13:40:17'),(729,78,2,12,0,0,0,'2014-08-25 13:40:18'),(730,78,2,12,0,0,0,'2014-08-25 13:40:20'),(731,78,2,12,0,0,0,'2014-08-25 13:40:22'),(732,78,2,12,0,0,0,'2014-08-25 13:40:24'),(733,78,2,12,0,0,0,'2014-08-25 13:40:26'),(734,78,2,12,0,0,0,'2014-08-25 13:40:28'),(735,78,2,12,0,0,0,'2014-08-25 13:40:29'),(736,78,2,12,0,0,0,'2014-08-25 13:40:31'),(737,78,2,12,0,0,0,'2014-08-25 13:40:33'),(738,78,2,12,0,0,0,'2014-08-25 13:40:35'),(739,78,2,12,0,0,0,'2014-08-25 13:40:36'),(740,78,2,12,0,0,0,'2014-08-25 13:40:38'),(741,78,2,12,0,0,0,'2014-08-25 13:40:40'),(742,78,2,12,0,0,0,'2014-08-25 13:40:42'),(743,78,2,12,0,0,0,'2014-08-25 13:40:43'),(744,78,2,12,0,0,0,'2014-08-25 13:40:45'),(745,78,2,12,0,0,0,'2014-08-25 13:40:47'),(746,78,1,2,0,7,0,'2014-08-25 13:52:07'),(747,78,1,2,0,0,0,'2014-08-25 13:52:47'),(748,78,1,2,0,0,0,'2014-08-25 13:52:49'),(749,78,1,2,0,0,0,'2014-08-25 13:52:50'),(750,78,1,2,0,0,0,'2014-08-25 13:52:52'),(751,78,1,2,0,0,0,'2014-08-25 13:52:54'),(752,78,1,2,0,0,0,'2014-08-25 13:52:56'),(753,78,1,2,0,0,0,'2014-08-25 13:52:57'),(754,78,1,2,0,0,0,'2014-08-25 13:52:59'),(755,78,1,2,0,0,0,'2014-08-25 13:53:01'),(756,78,1,2,0,0,0,'2014-08-25 13:53:03'),(757,78,1,2,0,0,0,'2014-08-25 13:53:05'),(758,78,1,2,0,0,0,'2014-08-25 13:53:07'),(759,78,1,2,0,0,0,'2014-08-25 13:53:08'),(760,78,1,2,0,0,0,'2014-08-25 13:53:10'),(761,78,1,2,0,0,0,'2014-08-25 13:53:12'),(762,78,1,2,0,0,0,'2014-08-25 13:53:14'),(763,78,1,2,0,0,0,'2014-08-25 13:53:15'),(764,78,1,2,0,0,0,'2014-08-25 13:53:17'),(765,78,1,2,0,0,0,'2014-08-25 13:53:19'),(766,78,1,2,0,0,0,'2014-08-25 13:53:21'),(767,78,1,2,0,0,0,'2014-08-25 13:53:23'),(768,78,1,2,0,0,0,'2014-08-25 13:53:25'),(769,78,1,2,0,0,0,'2014-08-25 13:53:26'),(770,78,1,5,20,25,1,'2014-08-25 13:55:38'),(771,78,1,6,15,19,1,'2014-08-25 13:56:01'),(772,78,1,3,0,25,0,'2014-08-25 13:56:13'),(773,78,1,6,0,25,0,'2014-08-25 13:59:15'),(774,78,1,3,14,18,1,'2014-08-25 13:59:37'),(775,78,1,1,0,25,0,'2014-08-25 13:59:47'),(776,78,1,6,20,25,1,'2014-08-25 14:11:58'),(777,78,1,3,17,21,1,'2014-08-25 14:12:17'),(778,78,1,1,0,25,0,'2014-08-25 14:12:30'),(779,69,1,1,0,23,0,'2014-08-25 14:35:15'),(780,69,1,6,20,25,1,'2014-08-25 14:35:24'),(781,69,1,5,0,25,0,'2014-08-25 14:35:30'),(782,37,2,11,20,25,1,'2014-08-25 15:45:10'),(783,37,2,13,18,23,1,'2014-08-25 15:45:22'),(784,37,2,14,0,17,0,'2014-08-25 15:45:38'),(785,37,2,15,18,23,1,'2014-08-25 15:45:55'),(786,37,2,10,0,25,0,'2014-08-25 15:47:06'),(787,37,2,8,20,25,1,'2014-08-25 15:47:14'),(788,37,2,14,19,24,1,'2014-08-25 15:47:24'),(789,37,2,15,20,25,1,'2014-08-25 15:47:32'),(790,37,2,11,20,25,1,'2014-08-25 15:47:39'),(791,37,2,14,0,24,0,'2014-08-25 16:12:04'),(792,37,2,11,20,25,1,'2014-08-25 16:12:08'),(793,37,2,8,20,25,1,'2014-08-25 16:12:17'),(794,37,2,15,14,17,1,'2014-08-25 16:12:34'),(795,37,2,9,0,21,0,'2014-08-25 16:12:46'),(796,37,2,8,20,25,1,'2014-08-25 16:13:13'),(797,37,2,9,0,25,0,'2014-08-25 16:13:22'),(798,37,2,12,0,24,0,'2014-08-25 16:13:30'),(799,37,2,10,20,25,1,'2014-08-25 16:13:38'),(800,37,2,15,20,25,1,'2014-08-25 16:13:44'),(801,37,2,13,20,25,1,'2014-08-25 16:17:05'),(802,37,2,8,20,25,1,'2014-08-25 16:17:13'),(803,37,2,8,20,25,1,'2014-08-25 16:17:14'),(804,37,2,10,20,25,1,'2014-08-25 16:17:22'),(805,37,2,14,14,18,1,'2014-08-25 16:17:38'),(806,37,2,9,0,25,0,'2014-08-25 16:18:55'),(807,78,2,9,0,13,0,'2014-08-26 07:02:22'),(808,78,2,12,0,21,0,'2014-08-26 07:03:25'),(809,78,2,10,8,10,1,'2014-08-26 07:04:02'),(810,78,2,8,0,20,0,'2014-08-26 07:04:31'),(811,78,2,15,14,17,1,'2014-08-26 07:04:57'),(812,40,2,15,14,18,1,'2014-08-27 09:09:32'),(813,40,2,8,0,18,0,'2014-08-27 09:10:17'),(814,40,2,11,0,18,0,'2014-08-27 09:13:17'),(815,40,2,12,0,21,0,'2014-08-27 09:13:42'),(816,40,2,14,0,14,0,'2014-08-27 09:14:21'),(817,1,2,14,0,0,0,'2014-08-27 19:21:31'),(818,40,1,4,0,12,0,'2014-08-28 19:39:53'),(819,37,1,1,0,21,0,'2014-09-02 20:55:32'),(820,37,1,4,14,18,1,'2014-09-02 20:56:05'),(821,37,1,2,20,25,1,'2014-09-02 20:56:26'),(822,37,1,5,19,24,1,'2014-09-02 21:00:38'),(823,37,1,6,0,25,0,'2014-09-02 21:00:48'),(824,37,1,1,18,23,1,'2014-09-02 21:00:58'),(825,37,1,4,0,23,0,'2014-09-02 21:03:28'),(826,37,1,6,20,25,1,'2014-09-02 21:03:38'),(827,37,1,2,16,20,1,'2014-09-02 21:03:51'),(828,40,1,2,0,19,0,'2014-09-03 15:00:08'),(829,37,2,9,0,0,0,'2014-09-03 15:17:29'),(830,40,1,3,0,18,0,'2014-09-03 15:29:06'),(831,40,1,3,0,0,0,'2014-09-03 15:31:26'),(832,40,1,6,0,11,0,'2014-09-03 15:33:56'),(833,40,1,4,9,11,1,'2014-09-03 15:36:41'),(834,37,1,6,2,3,1,'2014-09-03 15:38:02'),(835,37,1,3,3,4,1,'2014-09-03 15:38:42'),(836,37,1,1,6,8,1,'2014-09-03 15:39:17'),(837,68,9,51,0,0,0,'2014-09-03 15:47:03'),(838,40,1,6,14,17,1,'2014-09-03 15:57:14'),(839,40,1,3,0,20,0,'2014-09-03 16:01:31'),(840,40,1,4,18,22,1,'2014-09-03 16:01:47'),(841,68,10,53,0,0,0,'2014-09-03 16:07:25'),(842,40,1,3,17,21,1,'2014-09-03 16:18:25'),(843,40,1,6,18,22,1,'2014-09-03 16:18:46'),(844,40,1,2,14,17,1,'2014-09-03 16:19:06'),(845,40,1,1,18,22,1,'2014-09-03 16:22:46'),(846,40,1,4,18,23,1,'2014-09-03 16:22:59'),(847,40,1,6,19,24,1,'2014-09-03 16:23:09'),(848,40,1,2,17,21,1,'2014-09-04 13:00:38'),(849,40,1,4,20,25,1,'2014-09-04 13:00:48'),(850,40,1,1,19,24,1,'2014-09-04 13:01:03'),(851,41,1,5,18,23,1,'2014-09-05 18:27:40'),(852,41,1,1,18,22,1,'2014-09-05 18:27:56'),(853,41,1,3,19,24,1,'2014-09-05 18:28:10'),(854,38,1,6,18,23,1,'2014-09-05 19:01:12'),(855,38,1,1,0,25,0,'2014-09-05 19:01:21'),(856,38,1,3,20,25,1,'2014-09-05 19:01:29'),(857,38,1,1,0,23,0,'2014-09-05 19:04:10'),(858,38,1,7,0,25,0,'2014-09-05 19:04:15'),(859,38,1,2,20,25,1,'2014-09-05 19:04:20'),(860,38,1,7,0,25,0,'2014-09-05 19:05:59'),(861,38,1,2,0,25,0,'2014-09-05 19:06:06'),(862,38,1,5,0,25,0,'2014-09-05 19:06:10'),(863,37,1,2,0,25,0,'2014-09-08 18:49:27'),(864,37,1,5,0,25,0,'2014-09-08 19:13:36'),(865,37,1,4,0,25,0,'2014-09-08 19:14:45'),(866,37,1,6,0,0,0,'2014-09-08 20:03:20'),(867,37,1,5,0,0,0,'2014-09-08 20:05:44'),(868,37,1,4,0,0,0,'2014-09-08 20:17:43'),(869,37,1,3,0,0,0,'2014-09-08 20:20:15'),(870,37,1,5,0,0,0,'2014-09-08 20:35:53'),(871,37,1,4,0,0,0,'2014-09-08 20:37:03'),(872,37,1,4,0,0,0,'2014-09-08 21:01:48'),(873,37,1,2,0,0,0,'2014-09-08 21:07:26'),(874,41,1,3,17,21,1,'2014-09-09 02:34:51'),(875,41,1,5,0,25,0,'2014-09-09 02:35:02'),(876,41,1,5,0,25,0,'2014-09-09 02:35:02'),(877,41,1,6,20,25,1,'2014-09-09 02:35:10'),(878,41,1,4,18,23,1,'2014-09-09 02:37:05'),(879,41,1,3,20,25,1,'2014-09-09 02:37:15'),(880,41,1,2,19,24,1,'2014-09-09 02:37:24'),(881,41,1,2,19,24,1,'2014-09-09 02:38:22'),(882,41,1,5,20,25,1,'2014-09-09 02:38:30'),(883,41,1,3,19,24,1,'2014-09-09 02:38:40'),(884,41,1,2,0,0,0,'2014-09-09 02:44:12'),(885,41,1,2,0,25,0,'2014-09-09 14:30:00'),(886,41,1,4,18,22,1,'2014-09-09 14:30:15'),(887,41,1,6,17,21,1,'2014-09-09 14:30:32'),(888,41,1,3,14,18,1,'2014-09-09 14:31:09'),(889,41,1,5,0,22,0,'2014-09-09 14:31:25'),(890,41,1,6,14,17,1,'2014-09-09 14:31:48'),(891,41,1,2,20,25,1,'2014-09-09 14:32:30'),(892,41,1,3,0,17,0,'2014-09-09 14:32:54'),(893,41,1,4,18,23,1,'2014-09-09 14:33:08'),(894,41,2,14,16,20,1,'2014-09-09 15:41:20'),(895,41,2,13,20,25,1,'2014-09-09 15:41:37'),(896,41,2,12,0,25,0,'2014-09-09 15:41:44'),(897,41,2,10,0,21,0,'2014-09-09 15:41:56'),(898,41,2,15,18,23,1,'2014-09-09 15:42:09'),(899,41,2,10,20,25,1,'2014-09-09 15:42:46'),(900,41,2,11,0,24,0,'2014-09-09 15:42:55'),(901,41,2,14,18,22,1,'2014-09-09 15:43:07'),(902,41,2,9,18,23,1,'2014-09-09 15:43:17'),(903,41,2,12,20,25,1,'2014-09-09 15:43:27'),(904,41,2,9,19,24,1,'2014-09-09 15:44:34'),(905,41,2,15,0,25,0,'2014-09-09 15:44:43'),(906,41,2,11,0,25,0,'2014-09-09 15:44:50'),(907,41,2,10,18,22,1,'2014-09-09 15:45:02'),(908,41,2,12,0,25,0,'2014-09-09 15:45:09'),(909,40,1,2,12,15,1,'2014-09-10 02:29:06'),(910,40,1,4,0,23,0,'2014-09-10 02:29:30'),(911,40,1,4,0,16,0,'2014-09-10 10:09:18'),(912,40,1,6,15,19,1,'2014-09-10 10:09:49'),(913,40,1,2,14,17,1,'2014-09-10 10:10:15'),(914,41,1,6,0,25,0,'2014-09-10 14:27:49'),(915,41,1,2,0,25,0,'2014-09-10 14:27:59'),(916,41,1,3,0,25,0,'2014-09-10 14:28:07'),(917,41,1,1,0,25,0,'2014-09-10 14:28:27'),(918,41,1,3,0,25,0,'2014-09-10 14:28:35'),(919,41,1,6,0,25,0,'2014-09-10 14:28:42'),(920,41,1,5,0,25,0,'2014-09-10 14:28:59'),(921,41,1,1,0,23,0,'2014-09-10 14:29:13'),(922,41,1,6,0,25,0,'2014-09-10 14:29:20'),(923,41,1,4,16,20,1,'2014-09-11 08:21:34'),(924,41,1,3,0,18,0,'2014-09-11 08:21:57'),(925,41,1,6,0,21,0,'2014-09-11 08:22:16'),(926,41,2,14,0,21,0,'2014-09-11 14:31:53'),(927,41,2,9,0,25,0,'2014-09-11 14:32:11'),(928,41,2,15,0,24,0,'2014-09-11 14:32:31'),(929,41,2,13,0,23,0,'2014-09-11 14:32:48'),(930,41,2,10,0,17,0,'2014-09-11 14:33:13'),(931,41,2,11,0,22,0,'2014-09-11 14:34:21'),(932,41,2,15,0,25,0,'2014-09-11 14:35:25'),(933,41,2,11,20,25,1,'2014-09-11 15:37:05'),(934,41,2,9,16,20,1,'2014-09-11 15:37:20'),(935,41,2,14,0,23,0,'2014-09-11 15:37:33'),(936,41,2,12,20,25,1,'2014-09-11 15:37:40'),(937,41,2,15,16,20,1,'2014-09-11 15:37:55'),(938,40,2,12,14,18,1,'2014-09-11 20:22:51'),(939,40,2,8,19,24,1,'2014-09-11 20:23:07'),(940,40,2,9,20,25,1,'2014-09-11 20:23:15'),(941,40,2,14,0,25,0,'2014-09-11 20:23:24'),(942,40,2,15,0,20,0,'2014-09-11 20:23:38'),(943,40,2,10,0,21,0,'2014-09-11 20:24:52'),(944,40,2,8,20,25,1,'2014-09-11 20:25:02'),(945,40,2,14,20,25,1,'2014-09-11 20:25:12'),(946,40,2,12,20,25,1,'2014-09-11 20:25:22'),(947,40,2,9,18,23,1,'2014-09-11 20:25:31'),(948,40,2,10,0,25,0,'2014-09-11 20:26:25'),(949,40,2,12,0,25,0,'2014-09-11 20:26:33'),(950,40,2,13,0,25,0,'2014-09-11 20:26:41'),(951,40,2,15,0,25,0,'2014-09-11 20:26:47'),(952,40,2,8,0,25,0,'2014-09-11 20:26:53'),(953,38,1,3,0,24,0,'2014-09-11 20:30:46'),(954,38,1,2,20,25,1,'2014-09-11 20:30:55'),(955,38,1,4,20,25,1,'2014-09-11 20:31:02'),(956,37,2,13,20,25,1,'2014-09-15 21:22:59'),(957,1,2,8,20,25,1,'2014-09-15 21:23:38'),(958,1,2,10,8,10,1,'2014-09-15 21:24:05'),(959,1,2,11,20,25,1,'2014-09-15 21:24:11'),(960,1,2,15,18,22,1,'2014-09-15 21:24:22'),(961,37,2,15,20,25,1,'2014-09-15 21:24:49'),(962,37,2,12,0,25,0,'2014-09-15 21:24:56'),(963,37,2,10,20,25,1,'2014-09-15 21:25:02'),(964,37,2,13,20,25,1,'2014-09-15 21:25:06'),(965,37,2,9,18,23,1,'2014-09-15 21:25:17'),(966,40,1,3,0,24,0,'2014-09-16 11:14:27'),(967,40,1,2,0,16,0,'2014-09-16 11:15:46'),(968,40,1,2,0,25,0,'2014-09-16 11:16:27'),(969,40,2,15,0,25,0,'2014-09-16 13:29:18'),(970,40,2,15,0,25,0,'2014-09-16 13:29:22'),(971,40,2,13,18,23,1,'2014-09-16 13:29:41'),(972,40,2,12,0,23,0,'2014-09-16 13:29:55'),(973,40,2,9,10,12,1,'2014-09-16 13:30:22'),(974,40,2,10,0,17,0,'2014-09-16 13:30:42'),(975,40,2,11,0,20,0,'2014-09-16 16:19:10'),(976,40,2,9,0,25,0,'2014-09-16 17:41:44'),(977,40,2,14,0,21,0,'2014-09-16 18:06:54'),(978,40,2,9,0,25,0,'2014-09-16 18:07:02'),(979,40,2,15,0,25,0,'2014-09-16 18:07:08'),(980,40,2,8,0,25,0,'2014-09-16 18:07:16'),(981,40,2,13,20,25,1,'2014-09-16 18:07:25'),(982,39,1,5,16,20,1,'2014-09-17 00:17:40'),(983,39,1,1,0,21,0,'2014-09-17 00:18:05'),(984,39,1,4,0,0,0,'2014-09-17 00:19:28'),(985,39,2,12,20,25,1,'2014-09-17 00:52:54'),(986,39,2,8,18,23,1,'2014-09-17 00:53:06'),(987,39,2,9,10,13,1,'2014-09-17 00:53:31'),(988,39,2,13,20,25,1,'2014-09-17 00:53:40'),(989,39,2,15,9,11,1,'2014-09-17 00:54:08'),(990,40,2,13,20,25,1,'2014-09-17 07:55:34'),(991,40,2,13,20,25,1,'2014-09-17 07:55:39'),(992,40,2,10,0,24,0,'2014-09-17 07:55:57'),(993,40,2,15,0,23,0,'2014-09-17 07:56:14'),(994,40,2,11,0,25,0,'2014-09-17 07:56:28'),(995,40,2,8,0,25,0,'2014-09-17 07:56:38'),(996,40,1,3,0,22,0,'2014-09-17 08:03:46'),(997,40,1,6,0,25,0,'2014-09-17 08:03:59'),(998,40,1,2,20,25,1,'2014-09-17 08:04:07'),(999,40,2,12,0,25,0,'2014-09-17 08:37:34'),(1000,40,2,13,0,25,0,'2014-09-17 08:37:39'),(1001,40,2,11,20,25,1,'2014-09-17 08:37:44'),(1002,40,2,8,0,25,0,'2014-09-17 08:37:49'),(1003,40,2,14,20,25,1,'2014-09-17 08:37:56'),(1004,84,26,69,0,60,0,'2014-09-17 19:55:53'),(1005,84,26,70,25,60,1,'2014-09-17 19:56:33'),(1006,84,26,68,0,51,0,'2014-09-17 19:57:08'),(1007,84,26,68,19,31,1,'2014-09-17 19:59:32'),(1008,84,26,68,0,23,0,'2014-09-17 20:02:00'),(1009,84,26,69,0,25,0,'2014-09-17 20:02:14'),(1010,84,26,70,18,22,1,'2014-09-17 20:02:31'),(1011,84,26,68,0,19,0,'2014-09-17 20:41:39'),(1012,84,26,70,0,5,0,'2014-09-17 20:42:04'),(1013,84,26,69,0,0,0,'2014-09-17 20:42:36'),(1014,84,26,68,19,15,1,'2014-09-17 20:43:29'),(1015,84,26,70,0,8,0,'2014-09-17 20:43:50'),(1016,84,26,69,0,14,0,'2014-09-17 20:44:03'),(1017,84,26,70,0,14,0,'2014-09-18 17:15:39'),(1018,84,26,69,0,15,0,'2014-09-18 17:16:01'),(1019,84,26,68,0,13,0,'2014-09-18 17:16:21'),(1020,84,26,68,18,14,1,'2014-09-18 17:17:17'),(1021,84,26,70,22,18,1,'2014-09-18 17:17:27'),(1022,84,26,69,0,17,0,'2014-09-18 17:17:37'),(1023,84,26,70,0,15,0,'2014-09-18 17:54:24'),(1024,84,26,69,14,11,1,'2014-09-18 17:54:51'),(1025,84,26,68,0,18,0,'2014-09-18 17:55:03'),(1026,84,26,70,0,0,0,'2014-09-18 18:27:35'),(1027,84,26,68,12,10,1,'2014-09-18 18:28:02'),(1028,84,26,69,0,10,0,'2014-09-18 18:28:23'),(1029,84,26,70,0,0,0,'2014-09-19 14:44:41'),(1030,84,26,69,0,0,0,'2014-09-19 14:45:17'),(1031,84,26,68,0,9,0,'2014-09-19 14:46:18'),(1032,84,26,69,11,9,1,'2014-09-20 14:46:04'),(1033,84,26,68,0,19,0,'2014-09-20 14:46:15'),(1034,84,26,68,0,11,0,'2014-09-20 14:46:48'),(1035,84,26,70,0,7,0,'2014-09-22 00:09:25'),(1036,84,26,69,11,9,1,'2014-09-22 00:09:53'),(1037,84,26,68,0,10,0,'2014-09-22 00:10:15'),(1038,84,26,68,0,5,0,'2014-09-22 02:10:25'),(1039,84,26,69,0,9,0,'2014-09-22 02:11:14'),(1040,84,26,70,0,9,0,'2014-09-22 02:11:38'),(1041,84,26,69,2,2,1,'2014-09-22 14:34:37'),(1042,84,26,69,2,2,1,'2014-09-22 14:34:37'),(1043,84,26,68,0,0,0,'2014-09-22 14:35:18'),(1044,84,26,70,4,3,1,'2014-09-22 15:45:56'),(1045,84,26,69,0,2,0,'2014-09-22 15:46:52'),(1046,84,26,68,0,0,0,'2014-09-22 15:47:52'),(1047,73,8,46,18,24,1,'2014-09-23 16:42:08'),(1048,73,8,46,25,33,1,'2014-09-23 16:42:23'),(1049,73,8,46,25,33,1,'2014-09-23 16:42:47'),(1050,37,2,10,0,23,0,'2014-09-23 16:43:27'),(1051,73,2,11,20,25,1,'2014-09-23 17:55:31'),(1052,73,2,14,0,25,0,'2014-09-23 17:55:46'),(1053,73,2,9,0,20,0,'2014-09-23 19:26:38'),(1054,73,1,6,0,25,0,'2014-09-23 19:27:06'),(1055,37,2,11,0,25,0,'2014-09-23 19:27:37'),(1056,37,1,1,20,25,1,'2014-09-23 19:27:59'),(1057,37,2,15,0,25,0,'2014-09-23 21:29:05'),(1058,40,8,46,24,32,1,'2014-09-23 22:11:51'),(1059,40,2,14,0,25,0,'2014-09-24 07:17:20'),(1060,40,2,8,0,22,0,'2014-09-24 07:30:43'),(1061,40,2,14,20,25,1,'2014-09-24 07:39:53'),(1062,40,2,12,0,23,0,'2014-09-24 07:43:18'),(1063,40,2,8,17,21,1,'2014-09-24 07:48:35'),(1064,40,2,15,20,25,1,'2014-09-24 07:53:19'),(1065,40,2,12,0,17,0,'2014-09-24 07:53:50'),(1066,40,2,14,0,19,0,'2014-09-24 07:54:15'),(1067,40,2,13,18,22,1,'2014-09-24 07:54:40'),(1068,40,2,9,0,24,0,'2014-09-24 07:55:00'),(1069,40,2,8,0,25,0,'2014-09-24 08:27:29'),(1070,40,2,9,19,24,1,'2014-09-24 08:28:32'),(1071,40,2,11,0,24,0,'2014-09-24 08:29:00'),(1072,40,2,14,0,25,0,'2014-09-24 08:29:21'),(1073,40,2,12,0,25,0,'2014-09-24 08:29:35'),(1074,40,1,5,0,25,0,'2014-09-24 08:33:34'),(1075,40,1,4,20,25,1,'2014-09-24 08:34:21'),(1076,40,1,1,0,21,0,'2014-09-24 08:36:09'),(1077,40,1,1,0,25,0,'2014-09-24 08:41:59'),(1078,40,1,1,18,22,1,'2014-09-24 08:44:45'),(1079,40,1,5,0,25,0,'2014-09-24 08:50:27'),(1080,40,1,4,0,22,0,'2014-09-24 08:56:04'),(1081,40,1,3,0,24,0,'2014-09-24 08:56:23'),(1082,40,1,5,0,25,0,'2014-09-24 08:57:18'),(1083,40,1,6,0,25,0,'2014-09-24 08:58:30'),(1084,40,1,2,20,25,1,'2014-09-24 08:59:04'),(1085,40,1,2,0,25,0,'2014-09-24 08:59:08'),(1086,40,1,2,14,17,1,'2014-09-24 08:59:18'),(1087,40,1,5,0,23,0,'2014-09-24 08:59:34'),(1088,40,2,11,0,25,0,'2014-09-24 09:00:27'),(1089,40,2,9,17,21,1,'2014-09-24 09:02:18'),(1090,40,2,12,0,21,0,'2014-09-24 09:02:39'),(1091,40,2,8,0,24,0,'2014-09-24 09:03:11'),(1092,40,2,10,15,19,1,'2014-09-24 09:03:36'),(1093,40,2,9,16,20,1,'2014-09-24 09:04:38'),(1094,40,5,22,0,30,0,'2014-09-24 09:06:10'),(1095,40,5,23,19,28,1,'2014-09-24 09:06:28'),(1096,40,8,47,0,27,0,'2014-09-24 09:08:10'),(1097,40,8,46,0,32,0,'2014-09-24 09:08:26'),(1098,40,8,48,0,33,0,'2014-09-24 09:08:40'),(1099,41,1,5,0,0,0,'2014-09-24 09:44:28'),(1100,40,1,1,18,22,1,'2014-09-24 12:38:52'),(1101,40,1,6,20,25,1,'2014-09-24 12:39:26'),(1102,39,1,6,11,14,1,'2014-09-25 01:22:08'),(1103,84,26,68,0,0,0,'2014-09-30 02:40:09'),(1104,84,26,69,0,14,0,'2014-09-30 02:41:10'),(1105,84,26,70,9,7,1,'2014-09-30 02:41:41'),(1106,73,8,48,0,33,0,'2014-10-01 17:04:11'),(1107,73,8,47,0,33,0,'2014-10-01 17:04:17'),(1108,73,8,46,25,33,1,'2014-10-01 17:04:22'),(1109,73,2,12,18,23,1,'2014-10-01 17:04:53'),(1110,73,2,13,20,25,1,'2014-10-01 17:04:58'),(1111,73,2,10,0,25,0,'2014-10-01 17:05:02'),(1112,73,2,9,0,25,0,'2014-10-01 17:05:05'),(1113,73,2,14,0,25,0,'2014-10-01 17:05:08'),(1114,73,8,47,25,33,1,'2014-10-01 17:05:20'),(1115,73,8,48,0,33,0,'2014-10-01 17:05:24'),(1116,73,8,46,25,33,1,'2014-10-01 17:05:27'),(1117,73,2,15,0,18,0,'2014-10-01 17:08:20'),(1118,73,2,11,0,21,0,'2014-10-01 17:08:34'),(1119,73,2,9,0,25,0,'2014-10-01 17:08:39'),(1120,73,2,8,0,25,0,'2014-10-01 17:08:46'),(1121,73,2,14,0,25,0,'2014-10-01 17:08:52'),(1122,73,2,15,0,0,0,'2014-10-01 17:12:03'),(1123,73,2,15,0,0,0,'2014-10-01 17:12:03'),(1124,73,2,15,0,0,0,'2014-10-01 17:12:03'),(1125,73,2,15,0,0,0,'2014-10-01 17:12:03'),(1126,73,2,15,0,0,0,'2014-10-01 17:12:03'),(1127,73,2,15,0,0,0,'2014-10-01 17:12:03'),(1128,73,2,15,0,0,0,'2014-10-01 17:12:03'),(1129,73,2,15,0,0,0,'2014-10-01 17:12:03'),(1130,73,2,15,0,0,0,'2014-10-01 17:12:03'),(1131,73,2,15,0,0,0,'2014-10-01 17:12:03'),(1132,73,2,15,0,0,0,'2014-10-01 17:12:03'),(1133,73,2,15,0,0,0,'2014-10-01 17:12:03'),(1134,73,2,15,0,0,0,'2014-10-01 17:12:03'),(1135,73,2,15,0,0,0,'2014-10-01 17:12:03'),(1136,73,2,15,0,0,0,'2014-10-01 17:12:03'),(1137,73,2,15,0,0,0,'2014-10-01 17:12:03'),(1138,73,2,15,0,0,0,'2014-10-01 17:12:03'),(1139,73,2,15,0,0,0,'2014-10-01 17:12:03'),(1140,73,2,15,0,0,0,'2014-10-01 17:12:03'),(1141,73,2,15,0,0,0,'2014-10-01 17:12:03'),(1142,73,2,15,0,0,0,'2014-10-01 17:12:03'),(1143,73,2,15,0,0,0,'2014-10-01 17:12:03'),(1144,73,2,15,0,0,0,'2014-10-01 17:12:03'),(1145,73,2,15,0,0,0,'2014-10-01 17:12:03'),(1146,73,2,15,0,0,0,'2014-10-01 17:12:03'),(1147,73,2,15,0,0,0,'2014-10-01 17:12:03'),(1148,73,2,15,0,0,0,'2014-10-01 17:12:03'),(1149,73,2,15,0,0,0,'2014-10-01 17:12:03'),(1150,73,2,15,0,0,0,'2014-10-01 17:12:03'),(1151,73,2,15,0,0,0,'2014-10-01 17:12:03'),(1152,73,2,15,0,0,0,'2014-10-01 17:12:03'),(1153,73,2,15,0,0,0,'2014-10-01 17:12:03'),(1154,73,2,15,0,0,0,'2014-10-01 17:12:03'),(1155,73,2,15,0,0,0,'2014-10-01 17:12:03'),(1156,73,2,15,0,0,0,'2014-10-01 17:12:03'),(1157,73,2,15,0,0,0,'2014-10-01 17:12:03'),(1158,73,2,15,0,0,0,'2014-10-01 17:12:03'),(1159,73,2,15,0,0,0,'2014-10-01 17:12:03'),(1160,73,2,15,0,0,0,'2014-10-01 17:12:03'),(1161,73,2,15,0,0,0,'2014-10-01 17:12:03'),(1162,73,2,15,0,0,0,'2014-10-01 17:12:03'),(1163,73,2,15,0,0,0,'2014-10-01 17:12:03'),(1164,73,2,15,0,0,0,'2014-10-01 17:12:03'),(1165,73,2,15,0,0,0,'2014-10-01 17:12:03'),(1166,73,2,15,0,0,0,'2014-10-01 17:12:03'),(1167,73,2,15,0,0,0,'2014-10-01 17:12:03'),(1168,73,2,15,0,0,0,'2014-10-01 17:12:03'),(1169,73,2,15,0,0,0,'2014-10-01 17:12:03'),(1170,73,2,15,0,0,0,'2014-10-01 17:12:03'),(1171,73,2,15,0,0,0,'2014-10-01 17:12:03'),(1172,73,2,15,0,0,0,'2014-10-01 17:12:03'),(1173,73,2,15,0,0,0,'2014-10-01 17:12:03'),(1174,73,2,15,0,0,0,'2014-10-01 17:12:03'),(1175,73,2,15,0,0,0,'2014-10-01 17:12:04'),(1176,73,2,15,0,0,0,'2014-10-01 17:12:04'),(1177,73,2,15,0,0,0,'2014-10-01 17:12:04'),(1178,73,2,15,0,0,0,'2014-10-01 17:12:04'),(1179,73,2,15,0,0,0,'2014-10-01 17:12:04'),(1180,73,2,15,0,0,0,'2014-10-01 17:12:04'),(1181,73,2,15,0,0,0,'2014-10-01 17:12:04'),(1182,73,2,15,0,0,0,'2014-10-01 17:12:04'),(1183,73,2,15,0,0,0,'2014-10-01 17:12:04'),(1184,73,2,15,0,0,0,'2014-10-01 17:12:04'),(1185,73,2,15,0,0,0,'2014-10-01 17:12:04'),(1186,73,2,15,0,0,0,'2014-10-01 17:12:04'),(1187,73,2,15,0,0,0,'2014-10-01 17:12:04'),(1188,73,2,15,0,0,0,'2014-10-01 17:12:04'),(1189,73,2,15,0,0,0,'2014-10-01 17:12:04'),(1190,73,2,15,0,0,0,'2014-10-01 17:12:04'),(1191,73,2,15,0,0,0,'2014-10-01 17:12:04'),(1192,73,2,15,0,0,0,'2014-10-01 17:12:04'),(1193,73,2,15,0,0,0,'2014-10-01 17:12:04'),(1194,73,2,15,0,0,0,'2014-10-01 17:12:04'),(1195,73,2,15,0,0,0,'2014-10-01 17:12:04'),(1196,73,2,15,0,0,0,'2014-10-01 17:12:04'),(1197,73,2,15,0,0,0,'2014-10-01 17:12:04'),(1198,73,2,15,0,0,0,'2014-10-01 17:12:04'),(1199,73,2,15,0,0,0,'2014-10-01 17:12:04'),(1200,73,2,15,0,0,0,'2014-10-01 17:12:04'),(1201,73,2,15,0,0,0,'2014-10-01 17:12:04'),(1202,73,2,15,0,0,0,'2014-10-01 17:12:04'),(1203,73,2,15,0,0,0,'2014-10-01 17:12:04'),(1204,73,2,15,0,0,0,'2014-10-01 17:12:04'),(1205,73,2,15,0,0,0,'2014-10-01 17:12:04'),(1206,73,2,15,0,0,0,'2014-10-01 17:12:04'),(1207,73,2,15,0,0,0,'2014-10-01 17:12:04'),(1208,73,2,15,0,0,0,'2014-10-01 17:12:04'),(1209,73,2,15,0,0,0,'2014-10-01 17:12:04'),(1210,73,2,15,0,0,0,'2014-10-01 17:12:04'),(1211,73,2,15,0,0,0,'2014-10-01 17:12:04'),(1212,73,2,15,0,0,0,'2014-10-01 17:12:04'),(1213,73,2,15,0,0,0,'2014-10-01 17:12:04'),(1214,73,2,15,0,0,0,'2014-10-01 17:12:04'),(1215,73,2,15,0,0,0,'2014-10-01 17:12:04'),(1216,73,2,15,0,0,0,'2014-10-01 17:12:04'),(1217,73,2,15,0,0,0,'2014-10-01 17:12:04'),(1218,73,2,15,0,0,0,'2014-10-01 17:12:04'),(1219,73,2,15,0,0,0,'2014-10-01 17:12:04'),(1220,73,2,15,0,0,0,'2014-10-01 17:12:04'),(1221,73,2,15,0,0,0,'2014-10-01 17:12:04'),(1222,73,2,15,0,0,0,'2014-10-01 17:12:04'),(1223,73,2,15,0,0,0,'2014-10-01 17:12:04'),(1224,73,2,15,0,0,0,'2014-10-01 17:12:04'),(1225,73,2,15,0,0,0,'2014-10-01 17:12:04'),(1226,73,2,15,0,0,0,'2014-10-01 17:12:04'),(1227,73,2,15,0,0,0,'2014-10-01 17:12:04'),(1228,73,2,15,0,0,0,'2014-10-01 17:12:04'),(1229,73,2,15,0,0,0,'2014-10-01 17:12:04'),(1230,73,2,15,0,0,0,'2014-10-01 17:12:04'),(1231,73,2,15,0,0,0,'2014-10-01 17:12:04'),(1232,73,2,15,0,0,0,'2014-10-01 17:12:04'),(1233,73,2,15,0,0,0,'2014-10-01 17:12:04'),(1234,73,2,15,0,0,0,'2014-10-01 17:12:04'),(1235,73,2,15,0,0,0,'2014-10-01 17:12:04'),(1236,73,2,15,0,0,0,'2014-10-01 17:12:04'),(1237,73,2,15,0,0,0,'2014-10-01 17:12:05'),(1238,73,2,15,0,0,0,'2014-10-01 17:12:05'),(1239,73,2,15,0,0,0,'2014-10-01 17:12:05'),(1240,73,2,15,0,0,0,'2014-10-01 17:12:05'),(1241,73,2,15,0,0,0,'2014-10-01 17:12:05'),(1242,73,2,15,0,0,0,'2014-10-01 17:12:05'),(1243,73,2,15,0,0,0,'2014-10-01 17:12:05'),(1244,73,2,15,0,0,0,'2014-10-01 17:12:05'),(1245,73,2,12,0,0,0,'2014-10-01 17:12:05'),(1246,73,2,8,0,0,0,'2014-10-01 17:12:07'),(1247,73,2,8,0,0,0,'2014-10-01 17:12:07'),(1248,73,2,8,0,0,0,'2014-10-01 17:12:07'),(1249,73,2,8,0,0,0,'2014-10-01 17:12:07'),(1250,73,2,8,0,0,0,'2014-10-01 17:12:07'),(1251,73,2,8,0,0,0,'2014-10-01 17:12:07'),(1252,73,2,8,0,0,0,'2014-10-01 17:12:07'),(1253,73,2,8,0,0,0,'2014-10-01 17:12:07'),(1254,73,2,8,0,0,0,'2014-10-01 17:12:07'),(1255,73,2,8,0,0,0,'2014-10-01 17:12:07'),(1256,73,2,8,0,0,0,'2014-10-01 17:12:07'),(1257,73,2,8,0,0,0,'2014-10-01 17:12:07'),(1258,73,2,8,0,0,0,'2014-10-01 17:12:07'),(1259,73,2,8,0,0,0,'2014-10-01 17:12:07'),(1260,73,2,8,0,0,0,'2014-10-01 17:12:07'),(1261,73,2,8,0,0,0,'2014-10-01 17:12:07'),(1262,73,2,8,0,0,0,'2014-10-01 17:12:07'),(1263,73,2,8,0,0,0,'2014-10-01 17:12:07'),(1264,73,2,8,0,0,0,'2014-10-01 17:12:07'),(1265,73,2,8,0,0,0,'2014-10-01 17:12:07'),(1266,73,2,8,0,0,0,'2014-10-01 17:12:07'),(1267,73,2,8,0,0,0,'2014-10-01 17:12:07'),(1268,73,2,8,0,0,0,'2014-10-01 17:12:07'),(1269,73,2,8,0,0,0,'2014-10-01 17:12:08'),(1270,73,2,8,0,0,0,'2014-10-01 17:12:08'),(1271,73,2,8,0,0,0,'2014-10-01 17:12:08'),(1272,73,2,8,0,0,0,'2014-10-01 17:12:08'),(1273,73,2,8,0,0,0,'2014-10-01 17:12:08'),(1274,73,2,8,0,0,0,'2014-10-01 17:12:08'),(1275,73,2,8,0,0,0,'2014-10-01 17:12:08'),(1276,73,2,8,0,0,0,'2014-10-01 17:12:08'),(1277,73,2,8,0,0,0,'2014-10-01 17:12:08'),(1278,73,2,8,0,0,0,'2014-10-01 17:12:08'),(1279,73,2,8,0,0,0,'2014-10-01 17:12:08'),(1280,73,2,8,0,0,0,'2014-10-01 17:12:08'),(1281,73,2,8,0,0,0,'2014-10-01 17:12:08'),(1282,73,2,8,0,0,0,'2014-10-01 17:12:08'),(1283,73,2,8,0,0,0,'2014-10-01 17:12:09'),(1284,73,2,8,0,0,0,'2014-10-01 17:12:09'),(1285,73,2,8,0,0,0,'2014-10-01 17:12:09'),(1286,73,2,8,0,0,0,'2014-10-01 17:12:09'),(1287,73,2,8,0,0,0,'2014-10-01 17:12:09'),(1288,73,2,8,0,0,0,'2014-10-01 17:12:09'),(1289,73,2,8,0,0,0,'2014-10-01 17:12:09'),(1290,73,2,8,0,0,0,'2014-10-01 17:12:09'),(1291,73,2,8,0,0,0,'2014-10-01 17:12:09'),(1292,73,2,8,0,0,0,'2014-10-01 17:12:09'),(1293,73,2,8,0,0,0,'2014-10-01 17:12:09'),(1294,73,2,8,0,0,0,'2014-10-01 17:12:09'),(1295,73,2,8,0,0,0,'2014-10-01 17:12:09'),(1296,73,2,8,0,0,0,'2014-10-01 17:12:09'),(1297,73,2,8,0,0,0,'2014-10-01 17:12:09'),(1298,73,2,8,0,0,0,'2014-10-01 17:12:09'),(1299,73,2,8,0,0,0,'2014-10-01 17:12:09'),(1300,73,2,8,0,0,0,'2014-10-01 17:12:10'),(1301,73,2,9,0,0,0,'2014-10-01 17:12:12'),(1302,73,2,9,0,0,0,'2014-10-01 17:12:12'),(1303,73,2,9,0,0,0,'2014-10-01 17:12:12'),(1304,73,2,9,0,0,0,'2014-10-01 17:12:12'),(1305,73,2,8,0,0,0,'2014-10-01 17:12:13'),(1306,73,2,9,0,25,0,'2014-10-01 17:12:14'),(1307,73,2,8,0,0,0,'2014-10-01 17:12:16'),(1308,73,2,8,0,0,0,'2014-10-01 17:12:16'),(1309,73,2,8,0,0,0,'2014-10-01 17:12:17'),(1310,73,2,8,0,0,0,'2014-10-01 17:12:17'),(1311,73,2,8,0,0,0,'2014-10-01 17:12:17'),(1312,73,2,8,0,0,0,'2014-10-01 17:12:17'),(1313,73,2,8,0,0,0,'2014-10-01 17:12:17'),(1314,73,2,8,0,0,0,'2014-10-01 17:12:17'),(1315,73,2,8,0,0,0,'2014-10-01 17:12:17'),(1316,73,2,8,0,0,0,'2014-10-01 17:12:17'),(1317,73,2,8,0,0,0,'2014-10-01 17:12:17'),(1318,73,2,8,0,0,0,'2014-10-01 17:12:17'),(1319,73,2,8,0,0,0,'2014-10-01 17:12:17'),(1320,73,2,8,0,0,0,'2014-10-01 17:12:17'),(1321,73,2,8,0,0,0,'2014-10-01 17:12:17'),(1322,73,2,8,0,0,0,'2014-10-01 17:12:17'),(1323,73,2,8,0,0,0,'2014-10-01 17:12:17'),(1324,73,2,8,0,0,0,'2014-10-01 17:12:17'),(1325,73,2,8,0,0,0,'2014-10-01 17:12:17'),(1326,73,2,8,0,0,0,'2014-10-01 17:12:17'),(1327,73,2,8,0,0,0,'2014-10-01 17:12:17'),(1328,73,2,8,0,0,0,'2014-10-01 17:12:17'),(1329,73,2,8,0,0,0,'2014-10-01 17:12:17'),(1330,73,2,8,0,0,0,'2014-10-01 17:12:17'),(1331,73,2,8,0,0,0,'2014-10-01 17:12:17'),(1332,73,2,8,0,0,0,'2014-10-01 17:12:17'),(1333,73,2,8,0,0,0,'2014-10-01 17:12:17'),(1334,73,2,8,0,0,0,'2014-10-01 17:12:17'),(1335,73,2,9,0,0,0,'2014-10-01 17:12:23'),(1336,73,2,9,0,0,0,'2014-10-01 17:12:23'),(1337,73,2,8,0,0,0,'2014-10-01 17:12:23'),(1338,73,2,8,0,0,0,'2014-10-01 17:12:25'),(1339,73,2,8,0,0,0,'2014-10-01 17:12:25'),(1340,73,2,8,0,0,0,'2014-10-01 17:12:25'),(1341,73,2,8,0,0,0,'2014-10-01 17:12:25'),(1342,73,2,8,0,0,0,'2014-10-01 17:12:25'),(1343,73,2,8,0,25,0,'2014-10-01 17:12:26'),(1344,73,2,8,0,0,0,'2014-10-01 17:12:26'),(1345,73,2,8,0,0,0,'2014-10-01 17:12:26'),(1346,73,2,8,0,0,0,'2014-10-01 17:12:26'),(1347,73,2,8,0,0,0,'2014-10-01 17:12:26'),(1348,73,2,8,0,0,0,'2014-10-01 17:12:26'),(1349,73,2,8,0,0,0,'2014-10-01 17:12:26'),(1350,73,2,8,0,0,0,'2014-10-01 17:12:27'),(1351,73,2,8,0,0,0,'2014-10-01 17:12:27'),(1352,73,2,8,0,0,0,'2014-10-01 17:12:27'),(1353,73,2,8,0,0,0,'2014-10-01 17:12:27'),(1354,73,2,8,0,0,0,'2014-10-01 17:12:27'),(1355,73,2,8,0,0,0,'2014-10-01 17:12:27'),(1356,73,2,8,0,0,0,'2014-10-01 17:12:27'),(1357,73,2,8,0,0,0,'2014-10-01 17:12:27'),(1358,73,2,8,0,0,0,'2014-10-01 17:12:27'),(1359,73,2,8,0,0,0,'2014-10-01 17:12:27'),(1360,73,2,8,0,0,0,'2014-10-01 17:12:28'),(1361,73,2,8,0,0,0,'2014-10-01 17:12:28'),(1362,73,2,8,0,0,0,'2014-10-01 17:12:28'),(1363,73,2,8,0,0,0,'2014-10-01 17:12:28'),(1364,73,2,8,0,0,0,'2014-10-01 17:12:28'),(1365,73,2,8,0,0,0,'2014-10-01 17:12:28'),(1366,73,2,8,0,0,0,'2014-10-01 17:12:28'),(1367,73,2,8,0,0,0,'2014-10-01 17:12:28'),(1368,73,2,8,0,0,0,'2014-10-01 17:12:28'),(1369,73,2,8,0,0,0,'2014-10-01 17:12:28'),(1370,73,2,8,0,0,0,'2014-10-01 17:12:28'),(1371,73,2,8,0,0,0,'2014-10-01 17:12:29'),(1372,73,2,8,0,0,0,'2014-10-01 17:12:29'),(1373,73,2,8,0,0,0,'2014-10-01 17:12:29'),(1374,73,2,8,0,0,0,'2014-10-01 17:12:29'),(1375,73,2,8,0,0,0,'2014-10-01 17:12:29'),(1376,73,2,8,0,25,0,'2014-10-01 17:12:31'),(1377,73,2,9,0,25,0,'2014-10-01 17:12:33'),(1378,73,2,8,0,25,0,'2014-10-01 17:12:35'),(1379,73,2,8,0,25,0,'2014-10-01 17:12:35'),(1380,73,2,8,0,25,0,'2014-10-01 17:12:42'),(1381,73,2,8,0,25,0,'2014-10-01 17:12:47'),(1382,73,2,8,0,25,0,'2014-10-01 17:12:50'),(1383,73,2,8,0,0,0,'2014-10-01 17:12:51'),(1384,73,2,8,0,0,0,'2014-10-01 17:12:51'),(1385,73,2,8,0,0,0,'2014-10-01 17:12:51'),(1386,73,2,8,0,0,0,'2014-10-01 17:12:51'),(1387,73,2,8,0,0,0,'2014-10-01 17:12:51'),(1388,73,2,8,0,0,0,'2014-10-01 17:12:51'),(1389,73,2,8,0,0,0,'2014-10-01 17:12:51'),(1390,73,2,8,0,0,0,'2014-10-01 17:12:51'),(1391,73,2,8,0,0,0,'2014-10-01 17:12:51'),(1392,73,2,8,0,0,0,'2014-10-01 17:12:52'),(1393,73,2,8,0,0,0,'2014-10-01 17:12:52'),(1394,73,2,8,0,0,0,'2014-10-01 17:12:52'),(1395,73,2,8,0,0,0,'2014-10-01 17:12:52'),(1396,73,2,8,0,0,0,'2014-10-01 17:12:52'),(1397,73,2,8,0,0,0,'2014-10-01 17:12:52'),(1398,73,2,9,0,0,0,'2014-10-01 17:12:53'),(1399,73,2,8,0,25,0,'2014-10-01 17:13:00'),(1400,73,2,8,0,25,0,'2014-10-01 17:13:02'),(1401,73,2,9,0,25,0,'2014-10-01 17:13:36'),(1402,73,2,9,0,0,0,'2014-10-01 17:13:37'),(1403,73,2,9,0,0,0,'2014-10-01 17:13:37'),(1404,73,2,9,0,0,0,'2014-10-01 17:13:39'),(1405,73,2,9,0,0,0,'2014-10-01 17:13:46'),(1406,73,2,9,0,0,0,'2014-10-01 17:13:46'),(1407,73,2,9,0,0,0,'2014-10-01 17:13:46'),(1408,73,2,9,0,0,0,'2014-10-01 17:13:47'),(1409,73,2,9,0,0,0,'2014-10-01 17:13:47'),(1410,73,2,9,0,0,0,'2014-10-01 17:13:47'),(1411,73,2,9,0,0,0,'2014-10-01 17:13:47'),(1412,73,2,9,0,0,0,'2014-10-01 17:13:47'),(1413,73,2,9,0,0,0,'2014-10-01 17:13:47'),(1414,73,2,9,0,0,0,'2014-10-01 17:13:47'),(1415,73,2,9,0,0,0,'2014-10-01 17:13:47'),(1416,73,2,9,0,0,0,'2014-10-01 17:13:47'),(1417,73,2,9,0,0,0,'2014-10-01 17:13:48'),(1418,73,2,9,0,0,0,'2014-10-01 17:13:56'),(1419,73,2,9,0,0,0,'2014-10-01 17:13:56'),(1420,73,2,9,0,0,0,'2014-10-01 17:13:56'),(1421,73,2,9,0,0,0,'2014-10-01 17:13:56'),(1422,73,2,9,0,0,0,'2014-10-01 17:13:56'),(1423,73,2,9,0,0,0,'2014-10-01 17:13:56'),(1424,73,2,9,0,0,0,'2014-10-01 17:13:57'),(1425,73,2,9,0,0,0,'2014-10-01 17:13:57'),(1426,73,2,9,0,0,0,'2014-10-01 17:13:57'),(1427,73,2,9,0,0,0,'2014-10-01 17:13:57'),(1428,73,2,9,0,0,0,'2014-10-01 17:13:57'),(1429,73,2,9,0,0,0,'2014-10-01 17:13:57'),(1430,73,2,9,0,0,0,'2014-10-01 17:13:57'),(1431,73,2,9,0,0,0,'2014-10-01 17:13:57'),(1432,73,2,9,0,0,0,'2014-10-01 17:13:57'),(1433,73,2,9,0,0,0,'2014-10-01 17:13:57'),(1434,73,2,9,0,0,0,'2014-10-01 17:13:57'),(1435,73,2,9,0,0,0,'2014-10-01 17:13:57'),(1436,73,2,9,0,0,0,'2014-10-01 17:13:58'),(1437,73,2,9,0,0,0,'2014-10-01 17:13:58'),(1438,73,2,9,0,0,0,'2014-10-01 17:13:58'),(1439,73,2,9,0,0,0,'2014-10-01 17:13:58'),(1440,73,2,9,0,0,0,'2014-10-01 17:13:58'),(1441,73,2,9,0,0,0,'2014-10-01 17:13:58'),(1442,73,2,9,0,0,0,'2014-10-01 17:13:58'),(1443,73,2,9,0,0,0,'2014-10-01 17:13:58'),(1444,73,2,9,0,0,0,'2014-10-01 17:13:58'),(1445,73,2,9,0,0,0,'2014-10-01 17:13:58'),(1446,73,2,9,0,0,0,'2014-10-01 17:13:58'),(1447,73,2,9,0,0,0,'2014-10-01 17:13:58'),(1448,73,2,9,0,0,0,'2014-10-01 17:13:59'),(1449,73,2,9,0,0,0,'2014-10-01 17:14:01'),(1450,73,2,9,0,0,0,'2014-10-01 17:14:01'),(1451,73,2,9,0,0,0,'2014-10-01 17:14:01'),(1452,73,2,8,0,0,0,'2014-10-01 17:14:01'),(1453,73,2,8,0,0,0,'2014-10-01 17:14:03'),(1454,73,2,8,0,0,0,'2014-10-01 17:14:03'),(1455,73,2,8,0,0,0,'2014-10-01 17:14:03'),(1456,73,2,8,0,0,0,'2014-10-01 17:14:03'),(1457,73,2,8,0,0,0,'2014-10-01 17:14:03'),(1458,73,2,8,0,25,0,'2014-10-01 17:14:03'),(1459,73,2,8,0,0,0,'2014-10-01 17:14:03'),(1460,73,2,8,0,0,0,'2014-10-01 17:14:03'),(1461,73,2,8,0,0,0,'2014-10-01 17:14:03'),(1462,73,2,8,0,0,0,'2014-10-01 17:14:03'),(1463,73,2,8,0,0,0,'2014-10-01 17:14:03'),(1464,73,2,8,0,0,0,'2014-10-01 17:14:03'),(1465,73,2,8,0,0,0,'2014-10-01 17:14:03'),(1466,73,2,8,0,0,0,'2014-10-01 17:14:03'),(1467,73,2,8,0,0,0,'2014-10-01 17:14:03'),(1468,73,2,8,0,0,0,'2014-10-01 17:14:03'),(1469,73,2,8,0,0,0,'2014-10-01 17:14:03'),(1470,73,2,8,0,0,0,'2014-10-01 17:14:03'),(1471,73,2,8,0,0,0,'2014-10-01 17:14:03'),(1472,73,2,8,0,0,0,'2014-10-01 17:14:03'),(1473,73,2,8,0,0,0,'2014-10-01 17:14:03'),(1474,73,2,8,0,0,0,'2014-10-01 17:14:03'),(1475,73,2,8,0,0,0,'2014-10-01 17:14:03'),(1476,73,2,8,0,0,0,'2014-10-01 17:14:03'),(1477,73,2,8,0,0,0,'2014-10-01 17:14:03'),(1478,73,2,8,0,0,0,'2014-10-01 17:14:03'),(1479,73,2,8,0,0,0,'2014-10-01 17:14:03'),(1480,73,2,8,0,0,0,'2014-10-01 17:14:03'),(1481,73,2,8,0,0,0,'2014-10-01 17:14:03'),(1482,73,2,8,0,0,0,'2014-10-01 17:14:04'),(1483,73,2,8,0,0,0,'2014-10-01 17:14:04'),(1484,73,2,8,0,0,0,'2014-10-01 17:14:04'),(1485,73,2,8,0,0,0,'2014-10-01 17:14:04'),(1486,73,2,8,0,0,0,'2014-10-01 17:14:04'),(1487,73,2,8,0,0,0,'2014-10-01 17:14:04'),(1488,73,2,9,0,0,0,'2014-10-01 17:14:04'),(1489,73,2,9,0,0,0,'2014-10-01 17:14:04'),(1490,73,2,9,0,0,0,'2014-10-01 17:14:04'),(1491,73,2,9,0,0,0,'2014-10-01 17:14:04'),(1492,73,2,9,0,0,0,'2014-10-01 17:14:04'),(1493,73,2,9,0,0,0,'2014-10-01 17:14:04'),(1494,73,2,9,0,0,0,'2014-10-01 17:14:04'),(1495,73,2,9,0,0,0,'2014-10-01 17:14:04'),(1496,73,2,8,0,25,0,'2014-10-01 17:14:05'),(1497,73,2,9,0,25,0,'2014-10-01 17:14:05'),(1498,73,2,8,0,25,0,'2014-10-01 17:14:20'),(1499,73,2,8,0,0,0,'2014-10-01 17:14:21'),(1500,73,2,8,0,0,0,'2014-10-01 17:14:21'),(1501,73,2,8,0,0,0,'2014-10-01 17:14:21'),(1502,73,2,8,0,0,0,'2014-10-01 17:14:21'),(1503,73,2,8,0,0,0,'2014-10-01 17:14:21'),(1504,73,2,8,0,0,0,'2014-10-01 17:14:21'),(1505,73,2,8,0,0,0,'2014-10-01 17:14:22'),(1506,73,2,8,0,0,0,'2014-10-01 17:14:22'),(1507,73,2,8,0,0,0,'2014-10-01 17:14:22'),(1508,73,2,8,0,0,0,'2014-10-01 17:14:22'),(1509,73,2,8,0,0,0,'2014-10-01 17:14:22'),(1510,73,2,8,0,0,0,'2014-10-01 17:14:22'),(1511,73,2,8,0,0,0,'2014-10-01 17:14:22'),(1512,73,2,8,0,0,0,'2014-10-01 17:14:22'),(1513,73,2,8,0,0,0,'2014-10-01 17:14:22'),(1514,73,2,8,0,0,0,'2014-10-01 17:14:22'),(1515,73,2,8,0,0,0,'2014-10-01 17:14:22'),(1516,73,2,8,0,0,0,'2014-10-01 17:14:22'),(1517,73,2,8,0,0,0,'2014-10-01 17:14:22'),(1518,73,2,8,0,0,0,'2014-10-01 17:14:22'),(1519,73,2,8,0,0,0,'2014-10-01 17:14:22'),(1520,73,2,8,0,0,0,'2014-10-01 17:14:22'),(1521,73,2,8,0,0,0,'2014-10-01 17:14:22'),(1522,73,2,8,0,0,0,'2014-10-01 17:14:22'),(1523,73,2,8,0,0,0,'2014-10-01 17:14:22'),(1524,73,2,8,0,0,0,'2014-10-01 17:14:22'),(1525,73,2,8,0,0,0,'2014-10-01 17:14:22'),(1526,73,2,8,0,0,0,'2014-10-01 17:14:22'),(1527,73,2,8,0,0,0,'2014-10-01 17:14:22'),(1528,73,2,8,0,0,0,'2014-10-01 17:14:22'),(1529,73,2,8,0,0,0,'2014-10-01 17:14:22'),(1530,73,2,8,0,0,0,'2014-10-01 17:14:22'),(1531,73,2,8,0,0,0,'2014-10-01 17:14:23'),(1532,73,2,8,0,0,0,'2014-10-01 17:14:23'),(1533,73,2,8,0,0,0,'2014-10-01 17:14:23'),(1534,73,2,8,0,0,0,'2014-10-01 17:14:23'),(1535,73,2,8,0,0,0,'2014-10-01 17:14:23'),(1536,73,2,8,0,0,0,'2014-10-01 17:14:23'),(1537,73,2,8,0,0,0,'2014-10-01 17:14:23'),(1538,73,2,8,0,0,0,'2014-10-01 17:14:23'),(1539,73,2,8,0,0,0,'2014-10-01 17:14:23'),(1540,73,2,8,0,0,0,'2014-10-01 17:14:23'),(1541,73,2,8,0,0,0,'2014-10-01 17:14:23'),(1542,73,2,8,0,0,0,'2014-10-01 17:14:23'),(1543,73,2,8,0,0,0,'2014-10-01 17:14:23'),(1544,73,2,8,0,0,0,'2014-10-01 17:14:23'),(1545,73,2,8,0,0,0,'2014-10-01 17:14:23'),(1546,73,2,8,0,0,0,'2014-10-01 17:14:24'),(1547,73,2,8,0,0,0,'2014-10-01 17:14:24'),(1548,73,2,8,0,0,0,'2014-10-01 17:14:24'),(1549,73,2,8,0,0,0,'2014-10-01 17:14:24'),(1550,73,2,8,0,0,0,'2014-10-01 17:14:24'),(1551,73,2,8,0,0,0,'2014-10-01 17:14:24'),(1552,73,2,8,0,0,0,'2014-10-01 17:14:24'),(1553,73,2,8,0,0,0,'2014-10-01 17:14:24'),(1554,73,2,8,0,0,0,'2014-10-01 17:14:24'),(1555,73,2,8,0,0,0,'2014-10-01 17:14:24'),(1556,73,2,8,0,0,0,'2014-10-01 17:14:24'),(1557,73,2,8,0,0,0,'2014-10-01 17:14:24'),(1558,73,2,8,0,0,0,'2014-10-01 17:14:24'),(1559,73,2,8,0,0,0,'2014-10-01 17:14:24'),(1560,73,2,8,0,0,0,'2014-10-01 17:14:24'),(1561,73,2,8,0,0,0,'2014-10-01 17:14:24'),(1562,73,2,8,0,0,0,'2014-10-01 17:14:24'),(1563,73,2,8,0,0,0,'2014-10-01 17:14:24'),(1564,73,2,8,0,0,0,'2014-10-01 17:14:24'),(1565,73,2,8,0,0,0,'2014-10-01 17:14:24'),(1566,73,2,8,0,0,0,'2014-10-01 17:14:24'),(1567,73,2,8,0,0,0,'2014-10-01 17:14:24'),(1568,73,2,8,0,0,0,'2014-10-01 17:14:24'),(1569,73,2,8,0,0,0,'2014-10-01 17:14:24'),(1570,73,2,8,0,0,0,'2014-10-01 17:14:24'),(1571,73,2,8,0,0,0,'2014-10-01 17:14:24'),(1572,73,2,8,0,0,0,'2014-10-01 17:14:24'),(1573,73,2,8,0,0,0,'2014-10-01 17:14:25'),(1574,73,2,8,0,0,0,'2014-10-01 17:14:25'),(1575,73,2,8,0,0,0,'2014-10-01 17:14:25'),(1576,73,2,8,0,0,0,'2014-10-01 17:14:25'),(1577,73,2,8,0,0,0,'2014-10-01 17:14:25'),(1578,73,2,8,0,0,0,'2014-10-01 17:14:25'),(1579,73,2,8,0,0,0,'2014-10-01 17:14:25'),(1580,73,2,8,0,0,0,'2014-10-01 17:14:25'),(1581,73,2,8,0,0,0,'2014-10-01 17:14:25'),(1582,73,2,8,0,0,0,'2014-10-01 17:14:25'),(1583,73,2,9,0,0,0,'2014-10-01 17:14:26'),(1584,73,2,9,0,0,0,'2014-10-01 17:14:26'),(1585,73,2,9,0,0,0,'2014-10-01 17:14:26'),(1586,73,2,9,0,0,0,'2014-10-01 17:14:26'),(1587,73,2,9,0,0,0,'2014-10-01 17:14:26'),(1588,73,2,9,0,0,0,'2014-10-01 17:14:26'),(1589,73,2,8,0,25,0,'2014-10-01 17:14:26'),(1590,73,2,8,0,0,0,'2014-10-01 17:14:27'),(1591,73,2,8,0,25,0,'2014-10-01 17:14:31'),(1592,73,2,8,0,25,0,'2014-10-01 17:14:31'),(1593,73,2,8,0,0,0,'2014-10-01 17:14:31'),(1594,73,2,8,0,0,0,'2014-10-01 17:14:31'),(1595,73,2,8,0,0,0,'2014-10-01 17:14:31'),(1596,73,2,8,0,0,0,'2014-10-01 17:14:31'),(1597,73,2,8,0,0,0,'2014-10-01 17:14:31'),(1598,73,2,8,0,0,0,'2014-10-01 17:14:31'),(1599,73,2,8,0,0,0,'2014-10-01 17:14:31'),(1600,73,2,8,0,0,0,'2014-10-01 17:14:31'),(1601,73,2,8,0,0,0,'2014-10-01 17:14:31'),(1602,73,2,8,0,0,0,'2014-10-01 17:14:31'),(1603,73,2,8,0,0,0,'2014-10-01 17:14:32'),(1604,73,2,8,0,0,0,'2014-10-01 17:14:32'),(1605,73,2,8,0,0,0,'2014-10-01 17:14:32'),(1606,73,2,8,0,0,0,'2014-10-01 17:14:32'),(1607,73,2,8,0,0,0,'2014-10-01 17:14:32'),(1608,73,2,8,0,0,0,'2014-10-01 17:14:32'),(1609,73,2,8,0,0,0,'2014-10-01 17:14:32'),(1610,73,2,8,0,0,0,'2014-10-01 17:14:32'),(1611,73,2,8,0,0,0,'2014-10-01 17:14:32'),(1612,73,2,8,0,0,0,'2014-10-01 17:14:32'),(1613,73,2,8,0,0,0,'2014-10-01 17:14:32'),(1614,73,2,8,0,0,0,'2014-10-01 17:14:32'),(1615,73,2,8,0,0,0,'2014-10-01 17:14:32'),(1616,73,2,8,0,0,0,'2014-10-01 17:14:32'),(1617,73,2,8,0,0,0,'2014-10-01 17:14:32'),(1618,73,2,8,0,0,0,'2014-10-01 17:14:32'),(1619,73,2,8,0,0,0,'2014-10-01 17:14:32'),(1620,73,2,8,0,0,0,'2014-10-01 17:14:32'),(1621,73,2,8,0,0,0,'2014-10-01 17:14:32'),(1622,73,2,8,0,0,0,'2014-10-01 17:14:32'),(1623,73,2,8,0,0,0,'2014-10-01 17:14:32'),(1624,73,2,8,0,0,0,'2014-10-01 17:14:32'),(1625,73,2,8,0,0,0,'2014-10-01 17:14:33'),(1626,73,2,8,0,0,0,'2014-10-01 17:14:33'),(1627,73,2,8,0,0,0,'2014-10-01 17:14:33'),(1628,73,2,8,0,0,0,'2014-10-01 17:14:33'),(1629,73,2,8,0,25,0,'2014-10-01 17:14:33'),(1630,73,2,8,0,0,0,'2014-10-01 17:14:33'),(1631,73,2,8,0,0,0,'2014-10-01 17:14:33'),(1632,73,2,8,0,0,0,'2014-10-01 17:14:33'),(1633,73,2,8,0,0,0,'2014-10-01 17:14:33'),(1634,73,2,8,0,0,0,'2014-10-01 17:14:33'),(1635,73,2,8,0,0,0,'2014-10-01 17:14:34'),(1636,73,2,8,0,0,0,'2014-10-01 17:14:34'),(1637,73,2,8,0,0,0,'2014-10-01 17:14:34'),(1638,73,2,8,0,0,0,'2014-10-01 17:14:34'),(1639,73,2,8,0,0,0,'2014-10-01 17:14:34'),(1640,73,2,8,0,0,0,'2014-10-01 17:14:34'),(1641,73,2,8,0,0,0,'2014-10-01 17:14:34'),(1642,73,2,8,0,0,0,'2014-10-01 17:14:34'),(1643,73,2,8,0,0,0,'2014-10-01 17:14:34'),(1644,73,2,8,0,0,0,'2014-10-01 17:14:34'),(1645,73,2,8,0,0,0,'2014-10-01 17:14:34'),(1646,73,2,8,0,0,0,'2014-10-01 17:14:34'),(1647,73,2,8,0,0,0,'2014-10-01 17:14:34'),(1648,73,2,8,0,0,0,'2014-10-01 17:14:34'),(1649,73,2,8,0,0,0,'2014-10-01 17:14:35'),(1650,73,2,8,0,0,0,'2014-10-01 17:14:35'),(1651,73,2,8,0,0,0,'2014-10-01 17:14:35'),(1652,73,2,8,0,0,0,'2014-10-01 17:14:35'),(1653,73,2,8,0,0,0,'2014-10-01 17:14:35'),(1654,73,2,8,0,0,0,'2014-10-01 17:14:35'),(1655,73,2,8,0,0,0,'2014-10-01 17:14:35'),(1656,73,2,8,0,0,0,'2014-10-01 17:14:35'),(1657,73,2,8,0,0,0,'2014-10-01 17:14:35'),(1658,73,2,8,0,0,0,'2014-10-01 17:14:35'),(1659,73,2,8,0,0,0,'2014-10-01 17:14:35'),(1660,73,2,8,0,0,0,'2014-10-01 17:14:35'),(1661,73,2,8,0,0,0,'2014-10-01 17:14:35'),(1662,73,2,8,0,0,0,'2014-10-01 17:14:35'),(1663,73,2,8,0,0,0,'2014-10-01 17:14:35'),(1664,73,2,8,0,0,0,'2014-10-01 17:14:35'),(1665,73,2,8,0,0,0,'2014-10-01 17:14:35'),(1666,73,2,8,0,0,0,'2014-10-01 17:14:35'),(1667,73,2,8,0,0,0,'2014-10-01 17:14:35'),(1668,73,2,8,0,0,0,'2014-10-01 17:14:36'),(1669,73,2,8,0,0,0,'2014-10-01 17:14:36'),(1670,73,2,8,0,0,0,'2014-10-01 17:14:36'),(1671,73,2,8,0,0,0,'2014-10-01 17:14:36'),(1672,73,2,8,0,0,0,'2014-10-01 17:14:36'),(1673,73,2,8,0,0,0,'2014-10-01 17:14:36'),(1674,73,2,8,0,0,0,'2014-10-01 17:14:36'),(1675,73,2,8,0,0,0,'2014-10-01 17:14:36'),(1676,73,2,8,0,0,0,'2014-10-01 17:14:36'),(1677,73,2,8,0,0,0,'2014-10-01 17:14:36'),(1678,73,2,8,0,0,0,'2014-10-01 17:14:36'),(1679,73,2,8,0,0,0,'2014-10-01 17:14:36'),(1680,73,2,8,0,0,0,'2014-10-01 17:14:36'),(1681,73,2,8,0,0,0,'2014-10-01 17:14:37'),(1682,73,2,8,0,0,0,'2014-10-01 17:14:37'),(1683,73,2,8,0,0,0,'2014-10-01 17:14:37'),(1684,73,2,8,0,0,0,'2014-10-01 17:14:37'),(1685,73,2,8,0,0,0,'2014-10-01 17:14:37'),(1686,73,2,8,0,0,0,'2014-10-01 17:14:37'),(1687,73,2,8,0,0,0,'2014-10-01 17:14:37'),(1688,73,2,8,0,0,0,'2014-10-01 17:14:37'),(1689,73,2,8,0,0,0,'2014-10-01 17:14:37'),(1690,73,2,8,0,0,0,'2014-10-01 17:14:37'),(1691,73,2,8,0,0,0,'2014-10-01 17:14:37'),(1692,73,2,8,0,0,0,'2014-10-01 17:14:37'),(1693,73,2,8,0,0,0,'2014-10-01 17:14:37'),(1694,73,2,8,0,0,0,'2014-10-01 17:14:37'),(1695,73,2,9,0,0,0,'2014-10-01 17:14:38'),(1696,73,2,9,0,0,0,'2014-10-01 17:14:38'),(1697,73,2,9,0,0,0,'2014-10-01 17:14:38'),(1698,73,2,8,0,0,0,'2014-10-01 17:14:38'),(1699,73,2,9,0,0,0,'2014-10-01 17:14:38'),(1700,73,2,9,0,0,0,'2014-10-01 17:14:38'),(1701,73,2,9,0,0,0,'2014-10-01 17:14:38'),(1702,73,2,8,0,25,0,'2014-10-01 17:14:38'),(1703,73,2,8,0,25,0,'2014-10-01 17:14:39'),(1704,73,2,8,0,25,0,'2014-10-01 17:14:39'),(1705,73,2,8,0,25,0,'2014-10-01 17:14:40'),(1706,73,2,8,0,25,0,'2014-10-01 17:14:41'),(1707,73,2,8,0,25,0,'2014-10-01 17:14:42'),(1708,73,2,9,0,0,0,'2014-10-01 17:14:44'),(1709,73,2,9,0,0,0,'2014-10-01 17:14:44'),(1710,73,2,9,0,0,0,'2014-10-01 17:14:44'),(1711,73,2,9,0,0,0,'2014-10-01 17:14:44'),(1712,73,2,9,0,0,0,'2014-10-01 17:14:45'),(1713,73,2,8,0,25,0,'2014-10-01 17:14:45'),(1714,73,2,8,0,0,0,'2014-10-01 17:14:48'),(1715,73,2,8,0,0,0,'2014-10-01 17:14:48'),(1716,73,2,8,0,0,0,'2014-10-01 17:14:48'),(1717,73,2,8,0,0,0,'2014-10-01 17:14:48'),(1718,73,2,8,0,0,0,'2014-10-01 17:14:48'),(1719,73,2,8,0,0,0,'2014-10-01 17:14:48'),(1720,73,2,8,0,0,0,'2014-10-01 17:14:48'),(1721,73,2,8,0,0,0,'2014-10-01 17:14:48'),(1722,73,2,8,0,0,0,'2014-10-01 17:14:48'),(1723,73,2,8,0,0,0,'2014-10-01 17:14:48'),(1724,73,2,8,0,0,0,'2014-10-01 17:14:49'),(1725,73,2,8,0,0,0,'2014-10-01 17:14:49'),(1726,73,2,8,0,0,0,'2014-10-01 17:14:49'),(1727,73,2,8,0,0,0,'2014-10-01 17:14:49'),(1728,73,2,8,0,0,0,'2014-10-01 17:14:49'),(1729,73,2,8,0,0,0,'2014-10-01 17:14:49'),(1730,73,2,8,0,0,0,'2014-10-01 17:14:49'),(1731,73,2,8,0,0,0,'2014-10-01 17:14:49'),(1732,73,2,8,0,0,0,'2014-10-01 17:14:49'),(1733,73,2,8,0,0,0,'2014-10-01 17:14:49'),(1734,73,2,8,0,0,0,'2014-10-01 17:14:49'),(1735,73,2,8,0,0,0,'2014-10-01 17:14:49'),(1736,73,2,8,0,25,0,'2014-10-01 17:14:53'),(1737,73,2,8,0,25,0,'2014-10-01 17:14:54'),(1738,73,2,8,0,0,0,'2014-10-01 17:14:56'),(1739,73,2,8,0,0,0,'2014-10-01 17:14:56'),(1740,73,2,8,0,0,0,'2014-10-01 17:14:56'),(1741,73,2,8,0,0,0,'2014-10-01 17:14:56'),(1742,73,2,8,0,0,0,'2014-10-01 17:14:56'),(1743,73,2,8,0,0,0,'2014-10-01 17:14:56'),(1744,73,2,8,0,0,0,'2014-10-01 17:14:56'),(1745,73,2,8,0,0,0,'2014-10-01 17:14:56'),(1746,73,2,8,0,0,0,'2014-10-01 17:14:56'),(1747,73,2,8,0,0,0,'2014-10-01 17:14:56'),(1748,73,2,8,0,0,0,'2014-10-01 17:14:56'),(1749,73,2,8,0,0,0,'2014-10-01 17:14:56'),(1750,73,2,8,0,0,0,'2014-10-01 17:14:56'),(1751,73,2,8,0,0,0,'2014-10-01 17:14:56'),(1752,73,2,8,0,0,0,'2014-10-01 17:14:56'),(1753,73,2,8,0,0,0,'2014-10-01 17:14:56'),(1754,73,2,8,0,0,0,'2014-10-01 17:14:56'),(1755,73,2,8,0,0,0,'2014-10-01 17:14:56'),(1756,73,2,8,0,0,0,'2014-10-01 17:14:56'),(1757,73,2,8,0,0,0,'2014-10-01 17:14:56'),(1758,73,2,8,0,0,0,'2014-10-01 17:14:56'),(1759,73,2,8,0,0,0,'2014-10-01 17:14:57'),(1760,73,2,8,0,0,0,'2014-10-01 17:14:57'),(1761,73,2,8,0,0,0,'2014-10-01 17:14:58'),(1762,73,2,8,0,0,0,'2014-10-01 17:14:58'),(1763,73,2,8,0,0,0,'2014-10-01 17:14:58'),(1764,73,2,8,0,0,0,'2014-10-01 17:14:58'),(1765,73,2,8,0,0,0,'2014-10-01 17:14:58'),(1766,73,2,8,0,0,0,'2014-10-01 17:14:58'),(1767,73,2,8,0,0,0,'2014-10-01 17:14:58'),(1768,73,2,8,0,0,0,'2014-10-01 17:14:58'),(1769,73,2,8,0,0,0,'2014-10-01 17:14:58'),(1770,73,2,8,0,0,0,'2014-10-01 17:14:58'),(1771,73,2,8,0,0,0,'2014-10-01 17:14:58'),(1772,73,2,8,0,0,0,'2014-10-01 17:14:59'),(1773,73,2,8,0,0,0,'2014-10-01 17:14:59'),(1774,73,2,8,0,0,0,'2014-10-01 17:14:59'),(1775,73,2,8,0,0,0,'2014-10-01 17:14:59'),(1776,73,2,8,0,0,0,'2014-10-01 17:14:59'),(1777,73,2,8,0,0,0,'2014-10-01 17:14:59'),(1778,73,2,8,0,0,0,'2014-10-01 17:15:00'),(1779,73,2,8,0,0,0,'2014-10-01 17:15:00'),(1780,73,2,8,0,0,0,'2014-10-01 17:15:01'),(1781,73,2,8,0,0,0,'2014-10-01 17:15:01'),(1782,73,2,8,0,0,0,'2014-10-01 17:15:01'),(1783,73,2,8,0,0,0,'2014-10-01 17:15:01'),(1784,73,2,8,0,0,0,'2014-10-01 17:15:01'),(1785,73,2,8,0,0,0,'2014-10-01 17:15:01'),(1786,73,2,8,0,0,0,'2014-10-01 17:15:01'),(1787,73,2,9,0,0,0,'2014-10-01 17:15:02'),(1788,73,2,9,0,0,0,'2014-10-01 17:15:02'),(1789,73,2,8,0,0,0,'2014-10-01 17:15:03'),(1790,73,2,9,0,25,0,'2014-10-01 17:15:04'),(1791,73,2,8,0,0,0,'2014-10-01 17:15:04'),(1792,73,2,8,0,25,0,'2014-10-01 17:15:04'),(1793,73,2,8,0,25,0,'2014-10-01 17:15:08'),(1794,73,2,8,0,0,0,'2014-10-01 17:15:15'),(1795,73,2,8,0,0,0,'2014-10-01 17:15:15'),(1796,73,2,8,0,0,0,'2014-10-01 17:15:15'),(1797,73,2,8,0,0,0,'2014-10-01 17:15:15'),(1798,73,2,8,0,0,0,'2014-10-01 17:15:15'),(1799,73,2,8,0,0,0,'2014-10-01 17:15:15'),(1800,73,2,8,0,0,0,'2014-10-01 17:15:15'),(1801,73,2,8,0,25,0,'2014-10-01 17:15:15'),(1802,73,2,8,0,0,0,'2014-10-01 17:15:15'),(1803,73,2,8,0,0,0,'2014-10-01 17:15:15'),(1804,73,2,8,0,0,0,'2014-10-01 17:15:15'),(1805,73,2,8,0,0,0,'2014-10-01 17:15:16'),(1806,73,2,8,0,0,0,'2014-10-01 17:15:17'),(1807,73,2,8,0,0,0,'2014-10-01 17:15:17'),(1808,73,2,8,0,0,0,'2014-10-01 17:15:17'),(1809,73,2,8,0,0,0,'2014-10-01 17:15:17'),(1810,73,2,8,0,0,0,'2014-10-01 17:15:17'),(1811,73,2,8,0,0,0,'2014-10-01 17:15:18'),(1812,73,2,8,0,0,0,'2014-10-01 17:15:20'),(1813,73,2,9,0,0,0,'2014-10-01 17:15:20'),(1814,73,2,9,0,0,0,'2014-10-01 17:15:20'),(1815,73,2,9,0,0,0,'2014-10-01 17:15:21'),(1816,73,2,9,0,0,0,'2014-10-01 17:15:21'),(1817,73,2,9,0,0,0,'2014-10-01 17:15:21'),(1818,73,2,9,0,0,0,'2014-10-01 17:15:21'),(1819,73,2,9,0,0,0,'2014-10-01 17:15:22'),(1820,73,2,8,0,0,0,'2014-10-01 17:15:23'),(1821,73,2,8,0,0,0,'2014-10-01 17:15:24'),(1822,73,2,8,0,0,0,'2014-10-01 17:15:24'),(1823,73,2,8,0,0,0,'2014-10-01 17:15:24'),(1824,73,2,8,0,25,0,'2014-10-01 17:15:25'),(1825,73,2,8,0,25,0,'2014-10-01 17:15:25'),(1826,73,2,9,0,0,0,'2014-10-01 17:15:33'),(1827,73,2,9,0,0,0,'2014-10-01 17:15:33'),(1828,73,2,9,0,0,0,'2014-10-01 17:15:33'),(1829,73,2,9,0,0,0,'2014-10-01 17:15:33'),(1830,73,2,9,0,0,0,'2014-10-01 17:15:33'),(1831,73,2,8,0,0,0,'2014-10-01 17:15:33'),(1832,73,2,8,0,0,0,'2014-10-01 17:15:34'),(1833,73,2,8,0,25,0,'2014-10-01 17:15:43'),(1834,73,2,8,0,25,0,'2014-10-01 17:15:44'),(1835,73,2,8,0,25,0,'2014-10-01 17:15:47'),(1836,73,2,9,0,25,0,'2014-10-01 17:15:53'),(1837,73,2,9,0,25,0,'2014-10-01 17:15:56'),(1838,73,2,9,0,25,0,'2014-10-01 17:16:02'),(1839,73,2,8,0,25,0,'2014-10-01 17:16:09'),(1840,73,2,8,0,0,0,'2014-10-01 17:16:09'),(1841,73,2,9,0,0,0,'2014-10-01 17:16:12'),(1842,73,2,9,0,0,0,'2014-10-01 17:16:13'),(1843,73,2,9,0,0,0,'2014-10-01 17:16:13'),(1844,73,2,9,0,0,0,'2014-10-01 17:16:13'),(1845,73,2,9,0,0,0,'2014-10-01 17:16:13'),(1846,73,2,9,0,0,0,'2014-10-01 17:16:13'),(1847,73,2,9,0,0,0,'2014-10-01 17:16:13'),(1848,73,2,9,0,0,0,'2014-10-01 17:16:13'),(1849,73,2,9,0,0,0,'2014-10-01 17:16:13'),(1850,73,2,9,0,0,0,'2014-10-01 17:16:13'),(1851,73,2,9,0,0,0,'2014-10-01 17:16:13'),(1852,73,2,9,0,0,0,'2014-10-01 17:16:13'),(1853,73,2,9,0,0,0,'2014-10-01 17:16:13'),(1854,73,2,8,0,25,0,'2014-10-01 17:16:14'),(1855,73,2,9,0,0,0,'2014-10-01 17:16:45'),(1856,73,2,9,0,0,0,'2014-10-01 17:16:45'),(1857,73,2,9,0,0,0,'2014-10-01 17:16:45'),(1858,73,2,9,0,0,0,'2014-10-01 17:16:45'),(1859,73,2,9,0,0,0,'2014-10-01 17:16:46'),(1860,73,2,9,0,0,0,'2014-10-01 17:16:52'),(1861,73,2,9,0,0,0,'2014-10-01 17:16:52'),(1862,73,2,9,0,0,0,'2014-10-01 17:16:52'),(1863,73,2,9,0,0,0,'2014-10-01 17:16:52'),(1864,73,2,9,0,0,0,'2014-10-01 17:16:52'),(1865,73,2,9,0,0,0,'2014-10-01 17:16:52'),(1866,73,2,9,0,0,0,'2014-10-01 17:16:52'),(1867,73,2,9,0,0,0,'2014-10-01 17:16:52'),(1868,73,2,9,0,0,0,'2014-10-01 17:16:52'),(1869,73,2,8,0,0,0,'2014-10-01 17:16:53'),(1870,73,2,8,0,0,0,'2014-10-01 17:16:57'),(1871,73,2,8,0,0,0,'2014-10-01 17:16:57'),(1872,73,2,8,0,0,0,'2014-10-01 17:16:57'),(1873,73,2,8,0,0,0,'2014-10-01 17:16:57'),(1874,73,2,8,0,0,0,'2014-10-01 17:16:57'),(1875,73,2,8,0,0,0,'2014-10-01 17:16:57'),(1876,73,2,8,0,0,0,'2014-10-01 17:16:57'),(1877,73,2,8,0,0,0,'2014-10-01 17:16:57'),(1878,73,2,8,0,0,0,'2014-10-01 17:16:57'),(1879,73,2,8,0,0,0,'2014-10-01 17:16:57'),(1880,73,2,8,0,0,0,'2014-10-01 17:16:57'),(1881,73,2,8,0,0,0,'2014-10-01 17:16:57'),(1882,73,2,8,0,0,0,'2014-10-01 17:16:57'),(1883,73,2,8,0,0,0,'2014-10-01 17:16:57'),(1884,73,2,8,0,0,0,'2014-10-01 17:16:58'),(1885,73,2,8,0,0,0,'2014-10-01 17:16:58'),(1886,73,2,8,0,0,0,'2014-10-01 17:16:58'),(1887,73,2,8,0,0,0,'2014-10-01 17:16:58'),(1888,73,2,8,0,0,0,'2014-10-01 17:16:58'),(1889,73,2,8,0,0,0,'2014-10-01 17:17:00'),(1890,73,2,9,0,0,0,'2014-10-01 17:17:02'),(1891,73,2,9,0,0,0,'2014-10-01 17:17:02'),(1892,73,2,9,0,0,0,'2014-10-01 17:17:02'),(1893,73,2,9,0,0,0,'2014-10-01 17:17:02'),(1894,73,2,9,0,0,0,'2014-10-01 17:17:02'),(1895,73,2,9,0,0,0,'2014-10-01 17:17:02'),(1896,73,2,9,0,0,0,'2014-10-01 17:17:02'),(1897,73,2,9,0,0,0,'2014-10-01 17:17:02'),(1898,73,2,9,0,0,0,'2014-10-01 17:17:02'),(1899,73,2,9,0,0,0,'2014-10-01 17:17:03'),(1900,73,2,9,0,0,0,'2014-10-01 17:17:03'),(1901,73,2,9,0,0,0,'2014-10-01 17:17:03'),(1902,73,2,9,0,0,0,'2014-10-01 17:17:03'),(1903,73,2,9,0,0,0,'2014-10-01 17:17:03'),(1904,73,2,9,0,0,0,'2014-10-01 17:17:03'),(1905,73,2,9,0,0,0,'2014-10-01 17:17:03'),(1906,73,2,9,0,0,0,'2014-10-01 17:17:03'),(1907,73,2,9,0,0,0,'2014-10-01 17:17:03'),(1908,73,2,9,0,0,0,'2014-10-01 17:17:03'),(1909,73,2,9,0,0,0,'2014-10-01 17:17:03'),(1910,73,2,9,0,0,0,'2014-10-01 17:17:04'),(1911,73,2,9,0,0,0,'2014-10-01 17:17:04'),(1912,73,2,9,0,0,0,'2014-10-01 17:17:04'),(1913,73,2,9,0,0,0,'2014-10-01 17:17:04'),(1914,73,2,9,0,0,0,'2014-10-01 17:17:04'),(1915,73,2,9,0,0,0,'2014-10-01 17:17:04'),(1916,73,2,9,0,0,0,'2014-10-01 17:17:04'),(1917,73,2,9,0,0,0,'2014-10-01 17:17:04'),(1918,73,2,9,0,0,0,'2014-10-01 17:17:04'),(1919,73,2,9,0,0,0,'2014-10-01 17:17:04'),(1920,73,2,9,0,0,0,'2014-10-01 17:17:05'),(1921,73,2,9,0,0,0,'2014-10-01 17:17:09'),(1922,73,2,9,0,0,0,'2014-10-01 17:17:09'),(1923,73,2,9,0,0,0,'2014-10-01 17:17:09'),(1924,73,2,9,0,0,0,'2014-10-01 17:17:09'),(1925,73,2,9,0,0,0,'2014-10-01 17:17:09'),(1926,73,2,9,0,0,0,'2014-10-01 17:17:09'),(1927,73,2,9,0,0,0,'2014-10-01 17:17:09'),(1928,73,2,9,0,0,0,'2014-10-01 17:17:09'),(1929,73,2,8,0,0,0,'2014-10-01 17:17:10'),(1930,73,2,8,0,25,0,'2014-10-01 17:17:10'),(1931,73,2,9,0,25,0,'2014-10-01 17:17:13'),(1932,73,2,9,0,0,0,'2014-10-01 17:17:24'),(1933,73,2,9,0,0,0,'2014-10-01 17:17:24'),(1934,73,2,9,0,0,0,'2014-10-01 17:17:24'),(1935,73,2,8,0,0,0,'2014-10-01 17:17:24'),(1936,73,2,8,0,0,0,'2014-10-01 17:17:25'),(1937,73,2,8,0,0,0,'2014-10-01 17:17:25'),(1938,73,2,8,0,0,0,'2014-10-01 17:17:30'),(1939,73,2,8,0,0,0,'2014-10-01 17:17:30'),(1940,73,2,8,0,0,0,'2014-10-01 17:17:30'),(1941,73,2,8,0,0,0,'2014-10-01 17:17:30'),(1942,73,2,8,0,0,0,'2014-10-01 17:17:30'),(1943,73,2,8,0,0,0,'2014-10-01 17:17:30'),(1944,73,2,8,0,0,0,'2014-10-01 17:17:30'),(1945,73,2,8,0,0,0,'2014-10-01 17:17:30'),(1946,73,2,8,0,0,0,'2014-10-01 17:17:30'),(1947,73,2,8,0,0,0,'2014-10-01 17:17:30'),(1948,73,2,8,0,0,0,'2014-10-01 17:17:30'),(1949,73,2,8,0,0,0,'2014-10-01 17:17:30'),(1950,73,2,8,0,0,0,'2014-10-01 17:17:30'),(1951,73,2,8,0,0,0,'2014-10-01 17:17:30'),(1952,73,2,8,0,0,0,'2014-10-01 17:17:30'),(1953,73,2,8,0,0,0,'2014-10-01 17:17:30'),(1954,73,2,8,0,0,0,'2014-10-01 17:17:30'),(1955,73,2,8,0,0,0,'2014-10-01 17:17:30'),(1956,73,2,8,0,0,0,'2014-10-01 17:17:30'),(1957,73,2,8,0,0,0,'2014-10-01 17:17:31'),(1958,73,2,8,0,0,0,'2014-10-01 17:17:31'),(1959,73,2,8,0,0,0,'2014-10-01 17:17:31'),(1960,73,2,8,0,0,0,'2014-10-01 17:17:31'),(1961,73,2,8,0,0,0,'2014-10-01 17:17:31'),(1962,73,2,8,0,0,0,'2014-10-01 17:17:31'),(1963,73,2,8,0,0,0,'2014-10-01 17:17:32'),(1964,73,2,8,0,0,0,'2014-10-01 17:17:32'),(1965,73,2,8,0,0,0,'2014-10-01 17:17:32'),(1966,73,2,8,0,0,0,'2014-10-01 17:17:32'),(1967,73,2,9,0,0,0,'2014-10-01 17:17:36'),(1968,73,2,9,0,0,0,'2014-10-01 17:17:36'),(1969,73,2,9,0,0,0,'2014-10-01 17:17:36'),(1970,73,2,9,0,0,0,'2014-10-01 17:17:36'),(1971,73,2,9,0,0,0,'2014-10-01 17:17:36'),(1972,73,2,9,0,0,0,'2014-10-01 17:17:37'),(1973,73,2,9,0,0,0,'2014-10-01 17:17:37'),(1974,73,2,9,0,0,0,'2014-10-01 17:17:37'),(1975,73,2,9,0,0,0,'2014-10-01 17:17:37'),(1976,73,2,8,0,0,0,'2014-10-01 17:17:37'),(1977,73,2,8,0,0,0,'2014-10-01 17:17:37'),(1978,73,2,8,0,25,0,'2014-10-01 17:17:38'),(1979,73,2,9,0,0,0,'2014-10-01 17:17:39'),(1980,73,2,9,0,0,0,'2014-10-01 17:17:39'),(1981,73,2,9,0,0,0,'2014-10-01 17:17:39'),(1982,73,2,9,0,0,0,'2014-10-01 17:17:40'),(1983,73,2,9,0,0,0,'2014-10-01 17:17:40'),(1984,73,2,9,0,0,0,'2014-10-01 17:17:40'),(1985,73,2,9,0,0,0,'2014-10-01 17:17:40'),(1986,73,2,9,0,0,0,'2014-10-01 17:17:40'),(1987,73,2,9,0,0,0,'2014-10-01 17:17:40'),(1988,73,2,9,0,0,0,'2014-10-01 17:17:40'),(1989,73,2,9,0,0,0,'2014-10-01 17:17:40'),(1990,73,2,9,0,0,0,'2014-10-01 17:17:40'),(1991,73,2,9,0,0,0,'2014-10-01 17:17:40'),(1992,73,2,9,0,0,0,'2014-10-01 17:17:40'),(1993,73,2,9,0,0,0,'2014-10-01 17:17:40'),(1994,73,2,9,0,0,0,'2014-10-01 17:17:40'),(1995,73,2,9,0,0,0,'2014-10-01 17:17:40'),(1996,73,2,9,0,0,0,'2014-10-01 17:17:40'),(1997,73,2,9,0,0,0,'2014-10-01 17:17:40'),(1998,73,2,9,0,0,0,'2014-10-01 17:17:40'),(1999,73,2,9,0,0,0,'2014-10-01 17:17:40'),(2000,73,2,9,0,0,0,'2014-10-01 17:17:40'),(2001,73,2,9,0,0,0,'2014-10-01 17:17:40'),(2002,73,2,9,0,0,0,'2014-10-01 17:17:41'),(2003,73,2,9,0,0,0,'2014-10-01 17:17:41'),(2004,73,2,9,0,0,0,'2014-10-01 17:17:41'),(2005,73,2,9,0,0,0,'2014-10-01 17:17:41'),(2006,73,2,9,0,0,0,'2014-10-01 17:17:41'),(2007,73,2,9,0,0,0,'2014-10-01 17:17:41'),(2008,73,2,8,0,0,0,'2014-10-01 17:17:41'),(2009,73,2,8,0,0,0,'2014-10-01 17:17:41'),(2010,73,2,8,0,0,0,'2014-10-01 17:17:41'),(2011,73,2,8,0,0,0,'2014-10-01 17:17:41'),(2012,73,2,8,0,0,0,'2014-10-01 17:17:42'),(2013,73,2,8,0,25,0,'2014-10-01 17:17:42'),(2014,73,2,8,0,0,0,'2014-10-01 17:17:43'),(2015,73,2,8,0,0,0,'2014-10-01 17:17:43'),(2016,73,2,8,0,0,0,'2014-10-01 17:17:43'),(2017,73,2,8,0,0,0,'2014-10-01 17:17:43'),(2018,73,2,8,0,0,0,'2014-10-01 17:17:43'),(2019,73,2,8,0,0,0,'2014-10-01 17:17:43'),(2020,73,2,8,0,0,0,'2014-10-01 17:17:43'),(2021,73,2,8,0,0,0,'2014-10-01 17:17:44'),(2022,73,2,8,0,0,0,'2014-10-01 17:17:44'),(2023,73,2,8,0,0,0,'2014-10-01 17:17:44'),(2024,73,2,8,0,0,0,'2014-10-01 17:17:44'),(2025,73,2,8,0,0,0,'2014-10-01 17:17:44'),(2026,73,2,8,0,0,0,'2014-10-01 17:17:44'),(2027,73,2,8,0,0,0,'2014-10-01 17:17:44'),(2028,73,2,8,0,0,0,'2014-10-01 17:17:44'),(2029,73,2,8,0,0,0,'2014-10-01 17:17:44'),(2030,73,2,8,0,0,0,'2014-10-01 17:17:44'),(2031,73,2,8,0,0,0,'2014-10-01 17:17:44'),(2032,73,2,8,0,0,0,'2014-10-01 17:17:44'),(2033,73,2,8,0,0,0,'2014-10-01 17:17:44'),(2034,73,2,8,0,0,0,'2014-10-01 17:17:44'),(2035,73,2,8,0,0,0,'2014-10-01 17:17:44'),(2036,73,2,8,0,0,0,'2014-10-01 17:17:44'),(2037,73,2,8,0,0,0,'2014-10-01 17:17:44'),(2038,73,2,8,0,0,0,'2014-10-01 17:17:44'),(2039,73,2,8,0,0,0,'2014-10-01 17:17:44'),(2040,73,2,8,0,0,0,'2014-10-01 17:17:44'),(2041,73,2,8,0,0,0,'2014-10-01 17:17:44'),(2042,73,2,8,0,0,0,'2014-10-01 17:17:44'),(2043,73,2,8,0,0,0,'2014-10-01 17:17:44'),(2044,73,2,8,0,0,0,'2014-10-01 17:17:45'),(2045,73,2,8,0,0,0,'2014-10-01 17:17:45'),(2046,73,2,8,0,0,0,'2014-10-01 17:17:45'),(2047,73,2,8,0,0,0,'2014-10-01 17:17:45'),(2048,73,2,8,0,0,0,'2014-10-01 17:17:45'),(2049,73,2,8,0,0,0,'2014-10-01 17:17:45'),(2050,73,2,8,0,0,0,'2014-10-01 17:17:45'),(2051,73,2,8,0,0,0,'2014-10-01 17:17:45'),(2052,73,2,8,0,0,0,'2014-10-01 17:17:45'),(2053,73,2,8,0,0,0,'2014-10-01 17:17:45'),(2054,73,2,8,0,0,0,'2014-10-01 17:17:45'),(2055,73,2,8,0,0,0,'2014-10-01 17:17:45'),(2056,73,2,8,0,0,0,'2014-10-01 17:17:45'),(2057,73,2,8,0,0,0,'2014-10-01 17:17:45'),(2058,73,2,8,0,0,0,'2014-10-01 17:17:45'),(2059,73,2,8,0,0,0,'2014-10-01 17:17:45'),(2060,73,2,8,0,0,0,'2014-10-01 17:17:45'),(2061,73,2,8,0,0,0,'2014-10-01 17:17:45'),(2062,73,2,8,0,0,0,'2014-10-01 17:17:45'),(2063,73,2,8,0,0,0,'2014-10-01 17:17:45'),(2064,73,2,8,0,0,0,'2014-10-01 17:17:46'),(2065,73,2,8,0,0,0,'2014-10-01 17:17:46'),(2066,73,2,8,0,0,0,'2014-10-01 17:17:46'),(2067,73,2,8,0,0,0,'2014-10-01 17:17:46'),(2068,73,2,8,0,0,0,'2014-10-01 17:17:46'),(2069,73,2,8,0,0,0,'2014-10-01 17:17:46'),(2070,73,2,8,0,0,0,'2014-10-01 17:17:46'),(2071,73,2,8,0,0,0,'2014-10-01 17:17:47'),(2072,73,2,8,0,0,0,'2014-10-01 17:17:47'),(2073,73,2,8,0,0,0,'2014-10-01 17:17:47'),(2074,73,2,8,0,0,0,'2014-10-01 17:17:47'),(2075,73,2,8,0,0,0,'2014-10-01 17:17:47'),(2076,73,2,8,0,0,0,'2014-10-01 17:17:47'),(2077,73,2,8,0,0,0,'2014-10-01 17:17:47'),(2078,73,2,8,0,0,0,'2014-10-01 17:17:47'),(2079,73,2,8,0,0,0,'2014-10-01 17:17:47'),(2080,73,2,8,0,0,0,'2014-10-01 17:17:47'),(2081,73,2,8,0,0,0,'2014-10-01 17:17:47'),(2082,73,2,8,0,0,0,'2014-10-01 17:17:48'),(2083,73,2,8,0,0,0,'2014-10-01 17:17:48'),(2084,73,2,8,0,0,0,'2014-10-01 17:17:48'),(2085,73,2,8,0,0,0,'2014-10-01 17:17:48'),(2086,73,2,8,0,0,0,'2014-10-01 17:17:48'),(2087,73,2,8,0,0,0,'2014-10-01 17:17:48'),(2088,73,2,8,0,0,0,'2014-10-01 17:17:48'),(2089,73,2,8,0,0,0,'2014-10-01 17:17:48'),(2090,73,2,8,0,0,0,'2014-10-01 17:17:48'),(2091,73,2,8,0,0,0,'2014-10-01 17:17:48'),(2092,73,2,8,0,0,0,'2014-10-01 17:17:48'),(2093,73,2,8,0,0,0,'2014-10-01 17:17:48'),(2094,73,2,8,0,0,0,'2014-10-01 17:17:48'),(2095,73,2,8,0,0,0,'2014-10-01 17:17:48'),(2096,73,2,8,0,0,0,'2014-10-01 17:17:48'),(2097,73,2,8,0,0,0,'2014-10-01 17:17:48'),(2098,73,2,8,0,0,0,'2014-10-01 17:17:48'),(2099,73,2,8,0,0,0,'2014-10-01 17:17:48'),(2100,73,2,8,0,0,0,'2014-10-01 17:17:48'),(2101,73,2,8,0,0,0,'2014-10-01 17:17:48'),(2102,73,2,8,0,0,0,'2014-10-01 17:17:48'),(2103,73,2,8,0,0,0,'2014-10-01 17:17:48'),(2104,73,2,8,0,0,0,'2014-10-01 17:17:48'),(2105,73,2,8,0,0,0,'2014-10-01 17:17:48'),(2106,73,2,8,0,0,0,'2014-10-01 17:17:48'),(2107,73,2,8,0,0,0,'2014-10-01 17:17:49'),(2108,73,2,8,0,0,0,'2014-10-01 17:17:49'),(2109,73,2,8,0,0,0,'2014-10-01 17:17:49'),(2110,73,2,8,0,0,0,'2014-10-01 17:17:49'),(2111,73,2,8,0,0,0,'2014-10-01 17:17:49'),(2112,73,2,8,0,0,0,'2014-10-01 17:17:49'),(2113,73,2,8,0,0,0,'2014-10-01 17:17:49'),(2114,73,2,8,0,0,0,'2014-10-01 17:17:50'),(2115,73,2,8,0,0,0,'2014-10-01 17:17:50'),(2116,73,2,8,0,0,0,'2014-10-01 17:17:50'),(2117,73,2,8,0,0,0,'2014-10-01 17:17:50'),(2118,73,2,8,0,0,0,'2014-10-01 17:17:50'),(2119,73,2,8,0,0,0,'2014-10-01 17:17:50'),(2120,73,2,8,0,0,0,'2014-10-01 17:17:50'),(2121,73,2,8,0,0,0,'2014-10-01 17:17:50'),(2122,73,2,8,0,0,0,'2014-10-01 17:17:50'),(2123,73,2,8,0,0,0,'2014-10-01 17:17:50'),(2124,73,2,8,0,0,0,'2014-10-01 17:17:50'),(2125,73,2,8,0,0,0,'2014-10-01 17:17:51'),(2126,73,2,8,0,0,0,'2014-10-01 17:17:51'),(2127,73,2,8,0,0,0,'2014-10-01 17:17:51'),(2128,73,2,8,0,0,0,'2014-10-01 17:17:51'),(2129,73,2,8,0,0,0,'2014-10-01 17:17:51'),(2130,73,2,8,0,0,0,'2014-10-01 17:17:51'),(2131,73,2,8,0,0,0,'2014-10-01 17:17:51'),(2132,73,2,8,0,0,0,'2014-10-01 17:17:51'),(2133,73,2,8,0,0,0,'2014-10-01 17:17:51'),(2134,73,2,8,0,0,0,'2014-10-01 17:17:51'),(2135,73,2,8,0,0,0,'2014-10-01 17:17:52'),(2136,73,2,8,0,0,0,'2014-10-01 17:17:52'),(2137,73,2,8,0,0,0,'2014-10-01 17:17:52'),(2138,73,2,8,0,0,0,'2014-10-01 17:17:52'),(2139,73,2,8,0,0,0,'2014-10-01 17:17:52'),(2140,73,2,8,0,0,0,'2014-10-01 17:17:52'),(2141,73,2,8,0,0,0,'2014-10-01 17:17:52'),(2142,73,2,8,0,0,0,'2014-10-01 17:17:52'),(2143,73,2,8,0,0,0,'2014-10-01 17:17:52'),(2144,73,2,8,0,0,0,'2014-10-01 17:17:52'),(2145,73,2,8,0,0,0,'2014-10-01 17:17:52'),(2146,73,2,8,0,0,0,'2014-10-01 17:17:52'),(2147,73,2,8,0,0,0,'2014-10-01 17:17:52'),(2148,73,2,8,0,0,0,'2014-10-01 17:17:52'),(2149,73,2,8,0,0,0,'2014-10-01 17:17:52'),(2150,73,2,8,0,0,0,'2014-10-01 17:17:52'),(2151,73,2,8,0,0,0,'2014-10-01 17:17:52'),(2152,73,2,8,0,0,0,'2014-10-01 17:17:52'),(2153,73,2,8,0,0,0,'2014-10-01 17:17:52'),(2154,73,2,8,0,0,0,'2014-10-01 17:17:52'),(2155,73,2,8,0,0,0,'2014-10-01 17:17:52'),(2156,73,2,8,0,0,0,'2014-10-01 17:17:52'),(2157,73,2,8,0,0,0,'2014-10-01 17:17:52'),(2158,73,2,8,0,0,0,'2014-10-01 17:17:53'),(2159,73,2,8,0,0,0,'2014-10-01 17:17:53'),(2160,73,2,8,0,0,0,'2014-10-01 17:17:54'),(2161,73,2,8,0,0,0,'2014-10-01 17:17:54'),(2162,73,2,9,0,0,0,'2014-10-01 17:17:55'),(2163,73,2,9,0,0,0,'2014-10-01 17:17:55'),(2164,73,2,9,0,0,0,'2014-10-01 17:17:55'),(2165,73,2,8,0,0,0,'2014-10-01 17:17:57'),(2166,73,2,8,0,25,0,'2014-10-01 17:18:00'),(2167,73,2,8,0,0,0,'2014-10-01 17:18:01'),(2168,73,2,8,0,0,0,'2014-10-01 17:18:03'),(2169,73,2,8,0,0,0,'2014-10-01 17:18:03'),(2170,73,2,8,0,0,0,'2014-10-01 17:18:03'),(2171,73,2,8,0,0,0,'2014-10-01 17:18:03'),(2172,73,2,8,0,0,0,'2014-10-01 17:18:03'),(2173,73,2,8,0,0,0,'2014-10-01 17:18:03'),(2174,73,2,8,0,0,0,'2014-10-01 17:18:03'),(2175,73,2,8,0,0,0,'2014-10-01 17:18:03'),(2176,73,2,8,0,0,0,'2014-10-01 17:18:03'),(2177,73,2,8,0,0,0,'2014-10-01 17:18:03'),(2178,73,2,8,0,0,0,'2014-10-01 17:18:03'),(2179,73,2,8,0,0,0,'2014-10-01 17:18:03'),(2180,73,2,8,0,0,0,'2014-10-01 17:18:03'),(2181,73,2,8,0,0,0,'2014-10-01 17:18:03'),(2182,73,2,8,0,0,0,'2014-10-01 17:18:03'),(2183,73,2,8,0,0,0,'2014-10-01 17:18:04'),(2184,73,2,8,0,0,0,'2014-10-01 17:18:05'),(2185,73,2,8,0,0,0,'2014-10-01 17:18:05'),(2186,73,2,8,0,0,0,'2014-10-01 17:18:05'),(2187,73,2,8,0,0,0,'2014-10-01 17:18:05'),(2188,73,2,8,0,0,0,'2014-10-01 17:18:05'),(2189,73,2,8,0,0,0,'2014-10-01 17:18:05'),(2190,73,2,8,0,0,0,'2014-10-01 17:18:05'),(2191,73,2,8,0,0,0,'2014-10-01 17:18:05'),(2192,73,2,8,0,0,0,'2014-10-01 17:18:05'),(2193,73,2,8,0,0,0,'2014-10-01 17:18:05'),(2194,73,2,8,0,0,0,'2014-10-01 17:18:05'),(2195,73,2,8,0,0,0,'2014-10-01 17:18:05'),(2196,73,2,8,0,0,0,'2014-10-01 17:18:05'),(2197,73,2,8,0,0,0,'2014-10-01 17:18:05'),(2198,73,2,8,0,0,0,'2014-10-01 17:18:06'),(2199,73,2,8,0,0,0,'2014-10-01 17:18:06'),(2200,73,2,8,0,0,0,'2014-10-01 17:18:06'),(2201,73,2,8,0,0,0,'2014-10-01 17:18:06'),(2202,73,2,8,0,0,0,'2014-10-01 17:18:06'),(2203,73,2,8,0,0,0,'2014-10-01 17:18:06'),(2204,73,2,8,0,0,0,'2014-10-01 17:18:06'),(2205,73,2,8,0,0,0,'2014-10-01 17:18:07'),(2206,73,2,8,0,0,0,'2014-10-01 17:18:07'),(2207,73,2,8,0,0,0,'2014-10-01 17:18:07'),(2208,73,2,8,0,0,0,'2014-10-01 17:18:07'),(2209,73,2,8,0,0,0,'2014-10-01 17:18:07'),(2210,73,2,8,0,0,0,'2014-10-01 17:18:08'),(2211,73,2,8,0,0,0,'2014-10-01 17:18:08'),(2212,73,2,8,0,0,0,'2014-10-01 17:18:08'),(2213,73,2,8,0,0,0,'2014-10-01 17:18:08'),(2214,73,2,8,0,0,0,'2014-10-01 17:18:15'),(2215,73,2,8,0,0,0,'2014-10-01 17:18:15'),(2216,73,2,8,0,0,0,'2014-10-01 17:18:15'),(2217,73,2,8,0,0,0,'2014-10-01 17:18:15'),(2218,73,2,8,0,0,0,'2014-10-01 17:18:15'),(2219,73,2,8,0,0,0,'2014-10-01 17:18:16'),(2220,73,2,8,0,0,0,'2014-10-01 17:18:16'),(2221,73,2,8,0,0,0,'2014-10-01 17:18:16'),(2222,73,2,8,0,0,0,'2014-10-01 17:18:16'),(2223,73,2,8,0,0,0,'2014-10-01 17:18:16'),(2224,73,2,8,0,0,0,'2014-10-01 17:18:16'),(2225,73,2,8,0,0,0,'2014-10-01 17:18:16'),(2226,73,2,8,0,0,0,'2014-10-01 17:18:16'),(2227,73,2,8,0,0,0,'2014-10-01 17:18:16'),(2228,73,2,9,0,0,0,'2014-10-01 17:18:16'),(2229,73,2,8,0,25,0,'2014-10-01 17:18:16'),(2230,73,2,8,0,25,0,'2014-10-01 17:18:21'),(2231,73,2,8,0,0,0,'2014-10-01 17:18:21'),(2232,73,2,8,0,0,0,'2014-10-01 17:18:22'),(2233,73,2,8,0,0,0,'2014-10-01 17:18:22'),(2234,73,2,8,0,0,0,'2014-10-01 17:18:22'),(2235,73,2,8,0,0,0,'2014-10-01 17:18:22'),(2236,73,2,8,0,0,0,'2014-10-01 17:18:23'),(2237,73,2,8,0,0,0,'2014-10-01 17:18:23'),(2238,73,2,8,0,0,0,'2014-10-01 17:18:23'),(2239,73,2,8,0,0,0,'2014-10-01 17:18:24'),(2240,73,2,8,0,0,0,'2014-10-01 17:18:24'),(2241,73,2,8,0,0,0,'2014-10-01 17:18:24'),(2242,73,2,8,0,0,0,'2014-10-01 17:18:24'),(2243,73,2,8,0,0,0,'2014-10-01 17:18:24'),(2244,73,2,8,0,0,0,'2014-10-01 17:18:24'),(2245,73,2,8,0,0,0,'2014-10-01 17:18:24'),(2246,73,2,8,0,0,0,'2014-10-01 17:18:25'),(2247,73,2,8,0,0,0,'2014-10-01 17:18:26'),(2248,73,2,8,0,0,0,'2014-10-01 17:18:26'),(2249,73,2,8,0,0,0,'2014-10-01 17:18:26'),(2250,73,2,9,0,0,0,'2014-10-01 17:18:31'),(2251,73,2,8,0,0,0,'2014-10-01 17:18:34'),(2252,73,2,8,0,0,0,'2014-10-01 17:18:34'),(2253,73,2,9,0,25,0,'2014-10-01 17:18:39'),(2254,73,2,8,0,25,0,'2014-10-01 17:18:48'),(2255,73,2,9,0,0,0,'2014-10-01 17:19:00'),(2256,73,2,9,0,0,0,'2014-10-01 17:19:00'),(2257,73,2,9,0,0,0,'2014-10-01 17:19:01'),(2258,73,2,9,0,0,0,'2014-10-01 17:19:02'),(2259,73,2,9,0,0,0,'2014-10-01 17:19:03'),(2260,73,2,9,0,0,0,'2014-10-01 17:19:03'),(2261,73,2,8,0,0,0,'2014-10-01 17:19:03'),(2262,73,2,9,0,25,0,'2014-10-01 17:19:13'),(2263,73,2,8,0,0,0,'2014-10-01 17:19:39'),(2264,73,2,8,0,0,0,'2014-10-01 17:19:39'),(2265,73,2,8,0,0,0,'2014-10-01 17:19:39'),(2266,73,2,8,0,0,0,'2014-10-01 17:19:39'),(2267,73,2,8,0,0,0,'2014-10-01 17:19:39'),(2268,73,2,8,0,0,0,'2014-10-01 17:19:39'),(2269,73,2,8,0,0,0,'2014-10-01 17:19:43'),(2270,73,2,8,0,0,0,'2014-10-01 17:19:43'),(2271,73,2,8,0,0,0,'2014-10-01 17:19:43'),(2272,73,2,8,0,0,0,'2014-10-01 17:19:43'),(2273,73,2,8,0,0,0,'2014-10-01 17:19:43'),(2274,73,2,8,0,0,0,'2014-10-01 17:19:43'),(2275,73,2,8,0,0,0,'2014-10-01 17:19:43'),(2276,73,2,8,0,0,0,'2014-10-01 17:19:43'),(2277,73,2,8,0,0,0,'2014-10-01 17:19:43'),(2278,73,2,8,0,0,0,'2014-10-01 17:19:43'),(2279,73,2,8,0,0,0,'2014-10-01 17:19:43'),(2280,73,2,8,0,0,0,'2014-10-01 17:19:43'),(2281,73,2,8,0,0,0,'2014-10-01 17:19:43'),(2282,73,2,8,0,0,0,'2014-10-01 17:19:43'),(2283,73,2,8,0,0,0,'2014-10-01 17:19:43'),(2284,73,2,8,0,0,0,'2014-10-01 17:19:43'),(2285,73,2,8,0,0,0,'2014-10-01 17:19:43'),(2286,73,2,8,0,0,0,'2014-10-01 17:19:43'),(2287,73,2,8,0,0,0,'2014-10-01 17:19:43'),(2288,73,2,8,0,0,0,'2014-10-01 17:19:43'),(2289,73,2,8,0,0,0,'2014-10-01 17:19:43'),(2290,73,2,8,0,0,0,'2014-10-01 17:19:44'),(2291,73,2,8,0,0,0,'2014-10-01 17:19:44'),(2292,73,2,8,0,0,0,'2014-10-01 17:19:44'),(2293,73,2,8,0,0,0,'2014-10-01 17:19:44'),(2294,73,2,8,0,0,0,'2014-10-01 17:19:44'),(2295,73,2,8,0,0,0,'2014-10-01 17:19:44'),(2296,73,2,8,0,0,0,'2014-10-01 17:19:45'),(2297,73,2,9,0,0,0,'2014-10-01 17:19:46'),(2298,73,2,9,0,0,0,'2014-10-01 17:19:46'),(2299,73,2,9,0,0,0,'2014-10-01 17:19:46'),(2300,73,2,8,0,0,0,'2014-10-01 17:19:46'),(2301,73,2,9,0,0,0,'2014-10-01 17:19:46'),(2302,73,2,9,0,0,0,'2014-10-01 17:19:47'),(2303,73,2,9,0,0,0,'2014-10-01 17:19:47'),(2304,73,2,9,0,0,0,'2014-10-01 17:19:48'),(2305,73,2,9,0,0,0,'2014-10-01 17:19:48'),(2306,73,2,9,0,0,0,'2014-10-01 17:19:48'),(2307,73,2,9,0,0,0,'2014-10-01 17:19:48'),(2308,73,2,9,0,0,0,'2014-10-01 17:19:48'),(2309,73,2,9,0,0,0,'2014-10-01 17:19:49'),(2310,73,2,9,0,0,0,'2014-10-01 17:19:49'),(2311,73,2,9,0,0,0,'2014-10-01 17:19:49'),(2312,73,2,9,0,25,0,'2014-10-01 17:19:50'),(2313,73,2,8,0,25,0,'2014-10-01 17:19:51'),(2314,73,2,8,0,25,0,'2014-10-01 17:19:53'),(2315,73,2,8,0,25,0,'2014-10-01 17:19:53'),(2316,73,2,8,0,0,0,'2014-10-01 17:19:54'),(2317,73,2,8,0,25,0,'2014-10-01 17:19:55'),(2318,73,2,9,0,25,0,'2014-10-01 17:20:01'),(2319,73,2,9,0,0,0,'2014-10-01 17:20:04'),(2320,73,2,9,0,0,0,'2014-10-01 17:20:04'),(2321,73,2,9,0,0,0,'2014-10-01 17:20:04'),(2322,73,2,9,0,0,0,'2014-10-01 17:20:04'),(2323,73,2,9,0,0,0,'2014-10-01 17:20:05'),(2324,73,2,9,0,0,0,'2014-10-01 17:20:05'),(2325,73,2,9,0,0,0,'2014-10-01 17:20:05'),(2326,73,2,9,0,0,0,'2014-10-01 17:20:05'),(2327,73,2,9,0,0,0,'2014-10-01 17:20:05'),(2328,73,2,9,0,0,0,'2014-10-01 17:20:05'),(2329,73,2,9,0,0,0,'2014-10-01 17:20:06'),(2330,73,2,9,0,0,0,'2014-10-01 17:20:06'),(2331,73,2,9,0,0,0,'2014-10-01 17:20:06'),(2332,73,2,9,0,0,0,'2014-10-01 17:20:06'),(2333,73,2,8,0,0,0,'2014-10-01 17:20:06'),(2334,73,2,8,0,0,0,'2014-10-01 17:20:06'),(2335,73,2,8,0,0,0,'2014-10-01 17:20:06'),(2336,73,2,9,0,0,0,'2014-10-01 17:20:09'),(2337,73,2,9,0,0,0,'2014-10-01 17:20:14'),(2338,73,2,9,0,0,0,'2014-10-01 17:20:14'),(2339,73,2,9,0,0,0,'2014-10-01 17:20:14'),(2340,73,2,9,0,0,0,'2014-10-01 17:20:14'),(2341,73,2,9,0,0,0,'2014-10-01 17:20:14'),(2342,73,2,9,0,0,0,'2014-10-01 17:20:14'),(2343,73,2,9,0,0,0,'2014-10-01 17:20:14'),(2344,73,2,8,0,0,0,'2014-10-01 17:20:16'),(2345,73,2,9,0,0,0,'2014-10-01 17:20:27'),(2346,73,2,9,0,0,0,'2014-10-01 17:20:27'),(2347,73,2,9,0,0,0,'2014-10-01 17:20:27'),(2348,73,2,9,0,0,0,'2014-10-01 17:20:27'),(2349,73,2,9,0,0,0,'2014-10-01 17:20:27'),(2350,73,2,9,0,0,0,'2014-10-01 17:20:27'),(2351,73,2,9,0,0,0,'2014-10-01 17:20:27'),(2352,73,2,9,0,0,0,'2014-10-01 17:20:27'),(2353,73,2,8,0,0,0,'2014-10-01 17:20:28'),(2354,73,2,9,0,0,0,'2014-10-01 17:20:30'),(2355,73,2,9,0,0,0,'2014-10-01 17:20:35'),(2356,73,2,9,0,0,0,'2014-10-01 17:20:35'),(2357,73,2,9,0,0,0,'2014-10-01 17:20:35'),(2358,73,2,9,0,0,0,'2014-10-01 17:20:35'),(2359,73,2,9,0,0,0,'2014-10-01 17:20:36'),(2360,73,2,9,0,0,0,'2014-10-01 17:20:36'),(2361,73,2,9,0,0,0,'2014-10-01 17:20:40'),(2362,73,2,9,0,0,0,'2014-10-01 17:20:40'),(2363,73,2,9,0,0,0,'2014-10-01 17:20:40'),(2364,73,2,9,0,0,0,'2014-10-01 17:20:40'),(2365,73,2,9,0,0,0,'2014-10-01 17:20:40'),(2366,73,2,9,0,0,0,'2014-10-01 17:20:40'),(2367,73,2,9,0,0,0,'2014-10-01 17:20:40'),(2368,73,2,9,0,0,0,'2014-10-01 17:20:40'),(2369,73,2,9,0,0,0,'2014-10-01 17:20:40'),(2370,73,2,9,0,0,0,'2014-10-01 17:20:40'),(2371,73,2,9,0,0,0,'2014-10-01 17:20:40'),(2372,73,2,8,0,0,0,'2014-10-01 17:20:40'),(2373,73,2,8,0,0,0,'2014-10-01 17:20:40'),(2374,73,2,8,0,0,0,'2014-10-01 17:20:41'),(2375,73,2,8,0,0,0,'2014-10-01 17:20:45'),(2376,73,2,8,0,0,0,'2014-10-01 17:20:45'),(2377,73,2,8,0,0,0,'2014-10-01 17:20:45'),(2378,73,2,8,0,0,0,'2014-10-01 17:20:45'),(2379,73,2,8,0,0,0,'2014-10-01 17:20:45'),(2380,73,2,8,0,0,0,'2014-10-01 17:20:45'),(2381,73,2,8,0,0,0,'2014-10-01 17:20:45'),(2382,73,2,8,0,0,0,'2014-10-01 17:20:46'),(2383,73,2,8,0,0,0,'2014-10-01 17:20:46'),(2384,73,2,8,0,0,0,'2014-10-01 17:20:46'),(2385,73,2,8,0,0,0,'2014-10-01 17:20:46'),(2386,73,2,8,0,0,0,'2014-10-01 17:20:46'),(2387,73,2,8,0,0,0,'2014-10-01 17:20:46'),(2388,73,2,8,0,0,0,'2014-10-01 17:20:46'),(2389,73,2,8,0,0,0,'2014-10-01 17:20:46'),(2390,73,2,8,0,0,0,'2014-10-01 17:20:46'),(2391,73,2,8,0,0,0,'2014-10-01 17:20:46'),(2392,73,2,8,0,0,0,'2014-10-01 17:20:46'),(2393,73,2,8,0,0,0,'2014-10-01 17:20:46'),(2394,73,2,8,0,0,0,'2014-10-01 17:20:46'),(2395,73,2,8,0,0,0,'2014-10-01 17:20:46'),(2396,73,2,8,0,0,0,'2014-10-01 17:20:47'),(2397,73,2,8,0,0,0,'2014-10-01 17:20:47'),(2398,73,2,8,0,0,0,'2014-10-01 17:20:47'),(2399,73,2,8,0,0,0,'2014-10-01 17:20:47'),(2400,73,2,8,0,0,0,'2014-10-01 17:20:47'),(2401,73,2,8,0,0,0,'2014-10-01 17:20:47'),(2402,73,2,8,0,0,0,'2014-10-01 17:20:47'),(2403,73,2,8,0,0,0,'2014-10-01 17:20:47'),(2404,73,2,8,0,0,0,'2014-10-01 17:20:47'),(2405,73,2,8,0,0,0,'2014-10-01 17:20:48'),(2406,73,2,8,0,0,0,'2014-10-01 17:20:48'),(2407,73,2,8,0,0,0,'2014-10-01 17:20:48'),(2408,73,2,8,0,0,0,'2014-10-01 17:20:48'),(2409,73,2,8,0,0,0,'2014-10-01 17:20:48'),(2410,73,2,8,0,0,0,'2014-10-01 17:20:48'),(2411,73,2,8,0,0,0,'2014-10-01 17:20:48'),(2412,73,2,8,0,0,0,'2014-10-01 17:20:48'),(2413,73,2,8,0,0,0,'2014-10-01 17:20:48'),(2414,73,2,8,0,0,0,'2014-10-01 17:20:48'),(2415,73,2,8,0,0,0,'2014-10-01 17:20:49'),(2416,73,2,8,0,0,0,'2014-10-01 17:20:49'),(2417,73,2,8,0,0,0,'2014-10-01 17:20:49'),(2418,73,2,8,0,0,0,'2014-10-01 17:20:49'),(2419,73,2,8,0,0,0,'2014-10-01 17:20:50'),(2420,73,2,8,0,0,0,'2014-10-01 17:20:50'),(2421,73,2,8,0,0,0,'2014-10-01 17:20:50'),(2422,73,2,8,0,0,0,'2014-10-01 17:20:50'),(2423,73,2,8,0,0,0,'2014-10-01 17:20:50'),(2424,73,2,8,0,0,0,'2014-10-01 17:20:51'),(2425,73,2,8,0,0,0,'2014-10-01 17:20:51'),(2426,73,2,8,0,0,0,'2014-10-01 17:20:51'),(2427,73,2,8,0,0,0,'2014-10-01 17:20:51'),(2428,73,2,8,0,0,0,'2014-10-01 17:20:51'),(2429,73,2,8,0,0,0,'2014-10-01 17:20:51'),(2430,73,2,8,0,0,0,'2014-10-01 17:20:51'),(2431,73,2,8,0,0,0,'2014-10-01 17:20:51'),(2432,73,2,8,0,0,0,'2014-10-01 17:20:51'),(2433,73,2,8,0,0,0,'2014-10-01 17:20:51'),(2434,73,2,8,0,0,0,'2014-10-01 17:20:52'),(2435,73,2,8,0,0,0,'2014-10-01 17:20:52'),(2436,73,2,8,0,0,0,'2014-10-01 17:20:52'),(2437,73,2,8,0,0,0,'2014-10-01 17:20:52'),(2438,73,2,8,0,0,0,'2014-10-01 17:20:52'),(2439,73,2,8,0,0,0,'2014-10-01 17:20:52'),(2440,73,2,8,0,0,0,'2014-10-01 17:20:52'),(2441,73,2,8,0,0,0,'2014-10-01 17:20:52'),(2442,73,2,8,0,0,0,'2014-10-01 17:20:52'),(2443,73,2,8,0,0,0,'2014-10-01 17:20:52'),(2444,73,2,8,0,0,0,'2014-10-01 17:20:52'),(2445,73,2,8,0,0,0,'2014-10-01 17:20:52'),(2446,73,2,8,0,0,0,'2014-10-01 17:20:52'),(2447,73,2,8,0,0,0,'2014-10-01 17:20:52'),(2448,73,2,8,0,0,0,'2014-10-01 17:20:52'),(2449,73,2,8,0,0,0,'2014-10-01 17:20:52'),(2450,73,2,8,0,0,0,'2014-10-01 17:20:52'),(2451,73,2,8,0,0,0,'2014-10-01 17:20:52'),(2452,73,2,8,0,0,0,'2014-10-01 17:20:54'),(2453,73,2,9,0,0,0,'2014-10-01 17:21:13'),(2454,73,2,9,0,0,0,'2014-10-01 17:21:13'),(2455,73,2,9,0,0,0,'2014-10-01 17:21:13'),(2456,73,2,8,0,0,0,'2014-10-01 17:21:15'),(2457,73,2,8,0,25,0,'2014-10-01 17:21:17'),(2458,73,2,8,0,0,0,'2014-10-01 17:21:19'),(2459,73,2,8,0,0,0,'2014-10-01 17:21:19'),(2460,73,2,8,0,0,0,'2014-10-01 17:21:19'),(2461,73,2,8,0,0,0,'2014-10-01 17:21:19'),(2462,73,2,8,0,0,0,'2014-10-01 17:21:19'),(2463,73,2,8,0,0,0,'2014-10-01 17:21:20'),(2464,73,2,8,0,0,0,'2014-10-01 17:21:20'),(2465,73,2,8,0,0,0,'2014-10-01 17:21:20'),(2466,73,2,8,0,0,0,'2014-10-01 17:21:20'),(2467,73,2,8,0,0,0,'2014-10-01 17:21:20'),(2468,73,2,8,0,0,0,'2014-10-01 17:21:20'),(2469,73,2,8,0,0,0,'2014-10-01 17:21:20'),(2470,73,2,8,0,0,0,'2014-10-01 17:21:20'),(2471,73,2,9,0,25,0,'2014-10-01 17:21:22'),(2472,73,2,8,0,25,0,'2014-10-01 17:21:25'),(2473,73,2,8,0,25,0,'2014-10-01 17:21:26'),(2474,73,2,8,0,0,0,'2014-10-01 17:21:27'),(2475,73,2,8,0,0,0,'2014-10-01 17:21:27'),(2476,73,2,8,0,0,0,'2014-10-01 17:21:27'),(2477,73,2,8,0,0,0,'2014-10-01 17:21:27'),(2478,73,2,8,0,0,0,'2014-10-01 17:21:27'),(2479,73,2,8,0,0,0,'2014-10-01 17:21:28'),(2480,73,2,8,0,0,0,'2014-10-01 17:21:28'),(2481,73,2,8,0,0,0,'2014-10-01 17:21:28'),(2482,73,2,8,0,0,0,'2014-10-01 17:21:28'),(2483,73,2,8,0,0,0,'2014-10-01 17:21:28'),(2484,73,2,8,0,0,0,'2014-10-01 17:21:28'),(2485,73,2,8,0,0,0,'2014-10-01 17:21:28'),(2486,73,2,8,0,0,0,'2014-10-01 17:21:28'),(2487,73,2,8,0,0,0,'2014-10-01 17:21:28'),(2488,73,2,8,0,0,0,'2014-10-01 17:21:29'),(2489,73,2,8,0,0,0,'2014-10-01 17:21:29'),(2490,73,2,8,0,0,0,'2014-10-01 17:21:29'),(2491,73,2,8,0,0,0,'2014-10-01 17:21:29'),(2492,73,2,8,0,0,0,'2014-10-01 17:21:29'),(2493,73,2,8,0,0,0,'2014-10-01 17:21:29'),(2494,73,2,8,0,0,0,'2014-10-01 17:21:29'),(2495,73,2,8,0,0,0,'2014-10-01 17:21:29'),(2496,73,2,8,0,0,0,'2014-10-01 17:21:29'),(2497,73,2,8,0,0,0,'2014-10-01 17:21:29'),(2498,73,2,8,0,0,0,'2014-10-01 17:21:29'),(2499,73,2,8,0,0,0,'2014-10-01 17:21:29'),(2500,73,2,8,0,0,0,'2014-10-01 17:21:30'),(2501,73,2,8,0,0,0,'2014-10-01 17:21:37'),(2502,73,2,9,0,25,0,'2014-10-01 17:21:38'),(2503,73,2,9,0,25,0,'2014-10-01 17:21:40'),(2504,73,2,9,0,25,0,'2014-10-01 17:21:40'),(2505,73,2,9,0,25,0,'2014-10-01 17:21:43'),(2506,73,2,9,0,0,0,'2014-10-01 17:21:45'),(2507,73,2,9,0,0,0,'2014-10-01 17:21:45'),(2508,73,2,9,0,0,0,'2014-10-01 17:21:45'),(2509,73,2,9,0,0,0,'2014-10-01 17:21:45'),(2510,73,2,9,0,0,0,'2014-10-01 17:21:45'),(2511,73,2,8,0,25,0,'2014-10-01 17:21:47'),(2512,73,2,8,0,25,0,'2014-10-01 17:21:47'),(2513,73,2,8,0,0,0,'2014-10-01 17:21:51'),(2514,73,2,8,0,0,0,'2014-10-01 17:21:52'),(2515,73,2,8,0,0,0,'2014-10-01 17:21:52'),(2516,73,2,8,0,0,0,'2014-10-01 17:21:52'),(2517,73,2,8,0,0,0,'2014-10-01 17:21:52'),(2518,73,2,8,0,0,0,'2014-10-01 17:21:52'),(2519,73,2,8,0,0,0,'2014-10-01 17:21:52'),(2520,73,2,8,0,0,0,'2014-10-01 17:21:52'),(2521,73,2,8,0,0,0,'2014-10-01 17:21:52'),(2522,73,2,8,0,0,0,'2014-10-01 17:21:52'),(2523,73,2,8,0,0,0,'2014-10-01 17:21:52'),(2524,73,2,8,0,0,0,'2014-10-01 17:21:52'),(2525,73,2,8,0,0,0,'2014-10-01 17:21:52'),(2526,73,2,8,0,0,0,'2014-10-01 17:21:52'),(2527,73,2,8,0,0,0,'2014-10-01 17:21:53'),(2528,73,2,8,0,0,0,'2014-10-01 17:21:53'),(2529,73,2,8,0,0,0,'2014-10-01 17:21:53'),(2530,73,2,8,0,0,0,'2014-10-01 17:21:53'),(2531,73,2,8,0,0,0,'2014-10-01 17:21:53'),(2532,73,2,8,0,25,0,'2014-10-01 17:21:54'),(2533,73,2,8,0,25,0,'2014-10-01 17:21:54'),(2534,73,2,8,0,0,0,'2014-10-01 17:21:54'),(2535,73,2,8,0,0,0,'2014-10-01 17:21:54'),(2536,73,2,8,0,0,0,'2014-10-01 17:21:55'),(2537,73,2,8,0,0,0,'2014-10-01 17:21:55'),(2538,73,2,8,0,0,0,'2014-10-01 17:21:55'),(2539,73,2,8,0,0,0,'2014-10-01 17:21:55'),(2540,73,2,8,0,0,0,'2014-10-01 17:21:55'),(2541,73,2,8,0,0,0,'2014-10-01 17:21:55'),(2542,73,2,8,0,0,0,'2014-10-01 17:21:55'),(2543,73,2,8,0,0,0,'2014-10-01 17:21:55'),(2544,73,2,8,0,0,0,'2014-10-01 17:21:55'),(2545,73,2,9,0,0,0,'2014-10-01 17:22:01'),(2546,73,2,9,0,0,0,'2014-10-01 17:22:02'),(2547,73,2,9,0,0,0,'2014-10-01 17:22:02'),(2548,73,2,9,0,0,0,'2014-10-01 17:22:02'),(2549,73,2,9,0,0,0,'2014-10-01 17:22:03'),(2550,73,2,9,0,0,0,'2014-10-01 17:22:03'),(2551,73,2,9,0,0,0,'2014-10-01 17:22:03'),(2552,73,2,9,0,0,0,'2014-10-01 17:22:03'),(2553,73,2,8,0,25,0,'2014-10-01 17:22:03'),(2554,73,2,8,0,0,0,'2014-10-01 17:22:04'),(2555,73,2,8,0,0,0,'2014-10-01 17:22:04'),(2556,73,2,9,0,0,0,'2014-10-01 17:22:04'),(2557,73,2,8,0,25,0,'2014-10-01 17:22:15'),(2558,73,2,8,0,0,0,'2014-10-01 17:22:20'),(2559,73,2,8,0,0,0,'2014-10-01 17:22:20'),(2560,73,2,8,0,0,0,'2014-10-01 17:22:20'),(2561,73,2,8,0,0,0,'2014-10-01 17:22:20'),(2562,73,2,8,0,0,0,'2014-10-01 17:22:20'),(2563,73,2,8,0,0,0,'2014-10-01 17:22:20'),(2564,73,2,8,0,0,0,'2014-10-01 17:22:20'),(2565,73,2,8,0,0,0,'2014-10-01 17:22:20'),(2566,73,2,8,0,0,0,'2014-10-01 17:22:21'),(2567,73,2,8,0,0,0,'2014-10-01 17:22:21'),(2568,73,2,8,0,0,0,'2014-10-01 17:22:21'),(2569,73,2,8,0,0,0,'2014-10-01 17:22:21'),(2570,73,2,8,0,0,0,'2014-10-01 17:22:21'),(2571,73,2,8,0,0,0,'2014-10-01 17:22:21'),(2572,73,2,8,0,0,0,'2014-10-01 17:22:21'),(2573,73,2,8,0,0,0,'2014-10-01 17:22:23'),(2574,73,2,8,0,0,0,'2014-10-01 17:22:29'),(2575,73,2,8,0,0,0,'2014-10-01 17:22:29'),(2576,73,2,8,0,0,0,'2014-10-01 17:22:29'),(2577,73,2,8,0,0,0,'2014-10-01 17:22:30'),(2578,73,2,8,0,0,0,'2014-10-01 17:22:30'),(2579,73,2,8,0,0,0,'2014-10-01 17:22:30'),(2580,73,2,8,0,0,0,'2014-10-01 17:22:30'),(2581,73,2,8,0,0,0,'2014-10-01 17:22:30'),(2582,73,2,8,0,0,0,'2014-10-01 17:22:30'),(2583,73,2,8,0,0,0,'2014-10-01 17:22:30'),(2584,73,2,8,0,0,0,'2014-10-01 17:22:30'),(2585,73,2,9,0,0,0,'2014-10-01 17:22:31'),(2586,73,2,9,0,0,0,'2014-10-01 17:22:45'),(2587,73,2,9,0,0,0,'2014-10-01 17:22:45'),(2588,73,2,9,0,0,0,'2014-10-01 17:22:52'),(2589,73,2,8,0,0,0,'2014-10-01 17:22:52'),(2590,73,2,8,0,0,0,'2014-10-01 17:22:52'),(2591,73,2,8,0,0,0,'2014-10-01 17:23:04'),(2592,73,2,8,0,0,0,'2014-10-01 17:23:04'),(2593,73,2,8,0,0,0,'2014-10-01 17:23:06'),(2594,73,2,8,0,0,0,'2014-10-01 17:23:06'),(2595,73,2,8,0,0,0,'2014-10-01 17:23:06'),(2596,73,2,8,0,0,0,'2014-10-01 17:23:06'),(2597,73,2,8,0,0,0,'2014-10-01 17:23:06'),(2598,73,2,8,0,0,0,'2014-10-01 17:23:06'),(2599,73,2,8,0,0,0,'2014-10-01 17:23:06'),(2600,73,2,8,0,0,0,'2014-10-01 17:23:06'),(2601,73,2,8,0,0,0,'2014-10-01 17:23:06'),(2602,73,2,8,0,0,0,'2014-10-01 17:23:06'),(2603,73,2,8,0,0,0,'2014-10-01 17:23:06'),(2604,73,2,8,0,0,0,'2014-10-01 17:23:06'),(2605,73,2,8,0,0,0,'2014-10-01 17:23:06'),(2606,73,2,8,0,0,0,'2014-10-01 17:23:06'),(2607,73,2,8,0,0,0,'2014-10-01 17:23:06'),(2608,73,2,8,0,0,0,'2014-10-01 17:23:06'),(2609,73,2,8,0,0,0,'2014-10-01 17:23:06'),(2610,73,2,8,0,0,0,'2014-10-01 17:23:06'),(2611,73,2,8,0,0,0,'2014-10-01 17:23:07'),(2612,73,2,8,0,0,0,'2014-10-01 17:23:07'),(2613,73,2,8,0,0,0,'2014-10-01 17:23:08'),(2614,73,2,8,0,0,0,'2014-10-01 17:23:08'),(2615,73,2,9,0,0,0,'2014-10-01 17:23:09'),(2616,73,2,9,0,0,0,'2014-10-01 17:23:09'),(2617,73,2,9,0,0,0,'2014-10-01 17:23:09'),(2618,73,2,9,0,0,0,'2014-10-01 17:23:09'),(2619,73,2,9,0,0,0,'2014-10-01 17:23:09'),(2620,73,2,9,0,0,0,'2014-10-01 17:23:09'),(2621,73,2,9,0,0,0,'2014-10-01 17:23:09'),(2622,73,2,9,0,0,0,'2014-10-01 17:23:10'),(2623,73,2,9,0,0,0,'2014-10-01 17:23:10'),(2624,73,2,9,0,0,0,'2014-10-01 17:23:10'),(2625,73,2,9,0,0,0,'2014-10-01 17:23:10'),(2626,73,2,9,0,0,0,'2014-10-01 17:23:10'),(2627,73,2,9,0,0,0,'2014-10-01 17:23:10'),(2628,73,2,9,0,0,0,'2014-10-01 17:23:10'),(2629,73,2,9,0,0,0,'2014-10-01 17:23:10'),(2630,73,2,9,0,0,0,'2014-10-01 17:23:11'),(2631,73,2,9,0,0,0,'2014-10-01 17:23:11'),(2632,73,2,9,0,0,0,'2014-10-01 17:23:11'),(2633,73,2,9,0,0,0,'2014-10-01 17:23:11'),(2634,73,2,9,0,25,0,'2014-10-01 17:23:15'),(2635,73,2,9,0,0,0,'2014-10-01 17:23:28'),(2636,73,2,9,0,0,0,'2014-10-01 17:23:28'),(2637,73,2,9,0,0,0,'2014-10-01 17:23:28'),(2638,73,2,9,0,0,0,'2014-10-01 17:23:28'),(2639,73,2,9,0,25,0,'2014-10-01 17:23:28'),(2640,73,2,9,0,0,0,'2014-10-01 17:23:28'),(2641,73,2,9,0,0,0,'2014-10-01 17:23:28'),(2642,73,2,9,0,0,0,'2014-10-01 17:23:29'),(2643,73,2,9,0,0,0,'2014-10-01 17:23:29'),(2644,73,2,8,0,25,0,'2014-10-01 17:23:31'),(2645,73,2,9,0,25,0,'2014-10-01 17:23:32'),(2646,73,2,8,0,25,0,'2014-10-01 17:23:33'),(2647,73,2,9,0,0,0,'2014-10-01 17:23:48'),(2648,73,2,9,0,0,0,'2014-10-01 17:23:48'),(2649,73,2,9,0,0,0,'2014-10-01 17:23:48'),(2650,73,2,9,0,0,0,'2014-10-01 17:23:48'),(2651,73,2,8,0,0,0,'2014-10-01 17:24:05'),(2652,73,2,8,0,0,0,'2014-10-01 17:24:05'),(2653,73,2,8,0,0,0,'2014-10-01 17:24:05'),(2654,73,2,8,0,0,0,'2014-10-01 17:24:05'),(2655,73,2,8,0,0,0,'2014-10-01 17:24:06'),(2656,73,2,8,0,0,0,'2014-10-01 17:24:06'),(2657,73,2,8,0,0,0,'2014-10-01 17:24:06'),(2658,73,2,8,0,0,0,'2014-10-01 17:24:06'),(2659,73,2,8,0,0,0,'2014-10-01 17:24:06'),(2660,73,2,8,0,0,0,'2014-10-01 17:24:06'),(2661,73,2,8,0,0,0,'2014-10-01 17:24:06'),(2662,73,2,8,0,0,0,'2014-10-01 17:24:06'),(2663,73,2,8,0,0,0,'2014-10-01 17:24:06'),(2664,73,2,8,0,0,0,'2014-10-01 17:24:06'),(2665,73,2,8,0,0,0,'2014-10-01 17:24:06'),(2666,73,2,8,0,0,0,'2014-10-01 17:24:06'),(2667,73,2,9,0,25,0,'2014-10-01 17:24:10'),(2668,73,2,9,0,25,0,'2014-10-01 17:24:14'),(2669,73,2,9,0,0,0,'2014-10-01 17:24:22'),(2670,73,2,9,0,0,0,'2014-10-01 17:24:22'),(2671,73,2,9,0,0,0,'2014-10-01 17:24:22'),(2672,73,2,9,0,0,0,'2014-10-01 17:24:22'),(2673,73,2,9,0,0,0,'2014-10-01 17:24:22'),(2674,73,2,9,0,0,0,'2014-10-01 17:24:22'),(2675,73,2,9,0,0,0,'2014-10-01 17:24:23'),(2676,73,2,9,0,0,0,'2014-10-01 17:24:23'),(2677,73,2,9,0,0,0,'2014-10-01 17:24:23'),(2678,73,2,9,0,0,0,'2014-10-01 17:24:23'),(2679,73,2,9,0,0,0,'2014-10-01 17:24:23'),(2680,73,2,9,0,0,0,'2014-10-01 17:24:23'),(2681,73,2,9,0,0,0,'2014-10-01 17:24:23'),(2682,73,2,9,0,0,0,'2014-10-01 17:24:24'),(2683,73,2,9,0,0,0,'2014-10-01 17:24:24'),(2684,73,2,9,0,0,0,'2014-10-01 17:24:24'),(2685,73,2,9,0,0,0,'2014-10-01 17:24:24'),(2686,73,2,9,0,0,0,'2014-10-01 17:24:24'),(2687,73,2,9,0,0,0,'2014-10-01 17:24:24'),(2688,73,2,9,0,0,0,'2014-10-01 17:24:24'),(2689,73,2,9,0,0,0,'2014-10-01 17:24:24'),(2690,73,2,9,0,0,0,'2014-10-01 17:24:24'),(2691,73,2,9,0,0,0,'2014-10-01 17:24:24'),(2692,73,2,9,0,0,0,'2014-10-01 17:24:24'),(2693,73,2,8,0,0,0,'2014-10-01 17:24:24'),(2694,73,2,8,0,0,0,'2014-10-01 17:24:24'),(2695,73,2,8,0,0,0,'2014-10-01 17:24:25'),(2696,73,2,8,0,0,0,'2014-10-01 17:24:25'),(2697,73,2,9,0,25,0,'2014-10-01 17:24:25'),(2698,73,2,8,0,25,0,'2014-10-01 17:24:28'),(2699,73,2,9,0,0,0,'2014-10-01 17:24:31'),(2700,73,2,9,0,0,0,'2014-10-01 17:24:31'),(2701,73,2,9,0,0,0,'2014-10-01 17:24:31'),(2702,73,2,9,0,0,0,'2014-10-01 17:24:31'),(2703,73,2,9,0,0,0,'2014-10-01 17:24:31'),(2704,73,2,9,0,0,0,'2014-10-01 17:24:31'),(2705,73,2,8,0,25,0,'2014-10-01 17:24:37'),(2706,73,2,8,0,25,0,'2014-10-01 17:24:37'),(2707,73,2,8,0,25,0,'2014-10-01 17:24:37'),(2708,73,2,9,0,0,0,'2014-10-01 17:24:51'),(2709,73,2,9,0,0,0,'2014-10-01 17:24:52'),(2710,73,2,9,0,0,0,'2014-10-01 17:24:52'),(2711,73,2,9,0,0,0,'2014-10-01 17:24:52'),(2712,73,2,9,0,0,0,'2014-10-01 17:24:54'),(2713,73,2,9,0,0,0,'2014-10-01 17:25:04'),(2714,73,2,9,0,0,0,'2014-10-01 17:25:05'),(2715,73,2,9,0,0,0,'2014-10-01 17:25:05'),(2716,73,2,9,0,0,0,'2014-10-01 17:25:05'),(2717,73,2,9,0,0,0,'2014-10-01 17:25:05'),(2718,73,2,9,0,0,0,'2014-10-01 17:25:05'),(2719,73,2,9,0,0,0,'2014-10-01 17:25:05'),(2720,73,2,9,0,0,0,'2014-10-01 17:25:05'),(2721,73,2,9,0,0,0,'2014-10-01 17:25:05'),(2722,73,2,8,0,0,0,'2014-10-01 17:25:10'),(2723,73,2,8,0,0,0,'2014-10-01 17:25:10'),(2724,73,2,8,0,0,0,'2014-10-01 17:25:10'),(2725,73,2,8,0,0,0,'2014-10-01 17:25:10'),(2726,73,2,8,0,0,0,'2014-10-01 17:25:10'),(2727,73,2,8,0,0,0,'2014-10-01 17:25:10'),(2728,73,2,8,0,0,0,'2014-10-01 17:25:10'),(2729,73,2,8,0,0,0,'2014-10-01 17:25:10'),(2730,73,2,8,0,0,0,'2014-10-01 17:25:11'),(2731,73,2,8,0,0,0,'2014-10-01 17:25:11'),(2732,73,2,8,0,0,0,'2014-10-01 17:25:11'),(2733,73,2,8,0,0,0,'2014-10-01 17:25:11'),(2734,73,2,8,0,0,0,'2014-10-01 17:25:11'),(2735,73,2,8,0,0,0,'2014-10-01 17:25:11'),(2736,73,2,8,0,0,0,'2014-10-01 17:25:12'),(2737,73,2,8,0,0,0,'2014-10-01 17:25:16'),(2738,73,2,8,0,0,0,'2014-10-01 17:25:16'),(2739,73,2,8,0,0,0,'2014-10-01 17:25:16'),(2740,73,2,8,0,25,0,'2014-10-01 17:25:22'),(2741,73,2,8,0,0,0,'2014-10-01 17:25:22'),(2742,73,2,8,0,0,0,'2014-10-01 17:25:22'),(2743,73,2,8,0,0,0,'2014-10-01 17:25:23'),(2744,73,2,8,0,0,0,'2014-10-01 17:25:23'),(2745,73,2,8,0,0,0,'2014-10-01 17:25:23'),(2746,73,2,8,0,0,0,'2014-10-01 17:25:23'),(2747,73,2,8,0,0,0,'2014-10-01 17:25:23'),(2748,73,2,8,0,0,0,'2014-10-01 17:25:23'),(2749,73,2,8,0,0,0,'2014-10-01 17:25:23'),(2750,73,2,8,0,0,0,'2014-10-01 17:25:23'),(2751,73,2,8,0,0,0,'2014-10-01 17:25:23'),(2752,73,2,8,0,0,0,'2014-10-01 17:25:23'),(2753,73,2,8,0,0,0,'2014-10-01 17:25:23'),(2754,73,2,8,0,0,0,'2014-10-01 17:25:23'),(2755,73,2,8,0,0,0,'2014-10-01 17:25:24'),(2756,73,2,8,0,0,0,'2014-10-01 17:25:24'),(2757,73,2,8,0,0,0,'2014-10-01 17:25:24'),(2758,73,2,8,0,0,0,'2014-10-01 17:25:26'),(2759,73,2,8,0,0,0,'2014-10-01 17:25:26'),(2760,73,2,8,0,0,0,'2014-10-01 17:25:26'),(2761,73,2,8,0,0,0,'2014-10-01 17:25:26'),(2762,73,2,8,0,25,0,'2014-10-01 17:25:26'),(2763,73,2,8,0,0,0,'2014-10-01 17:25:26'),(2764,73,2,8,0,0,0,'2014-10-01 17:25:26'),(2765,73,2,8,0,0,0,'2014-10-01 17:25:27'),(2766,73,2,8,0,0,0,'2014-10-01 17:25:27'),(2767,73,2,8,0,0,0,'2014-10-01 17:25:27'),(2768,73,2,8,0,0,0,'2014-10-01 17:25:27'),(2769,73,2,8,0,0,0,'2014-10-01 17:25:27'),(2770,73,2,8,0,0,0,'2014-10-01 17:25:27'),(2771,73,2,8,0,0,0,'2014-10-01 17:25:27'),(2772,73,2,8,0,0,0,'2014-10-01 17:25:27'),(2773,73,2,8,0,0,0,'2014-10-01 17:25:27'),(2774,73,2,8,0,0,0,'2014-10-01 17:25:28'),(2775,73,2,8,0,0,0,'2014-10-01 17:25:28'),(2776,73,2,8,0,0,0,'2014-10-01 17:25:28'),(2777,73,2,8,0,0,0,'2014-10-01 17:25:28'),(2778,73,2,8,0,0,0,'2014-10-01 17:25:28'),(2779,73,2,8,0,0,0,'2014-10-01 17:25:29'),(2780,73,2,8,0,0,0,'2014-10-01 17:25:29'),(2781,73,2,8,0,0,0,'2014-10-01 17:25:29'),(2782,73,2,8,0,0,0,'2014-10-01 17:25:29'),(2783,73,2,8,0,0,0,'2014-10-01 17:25:29'),(2784,73,2,8,0,0,0,'2014-10-01 17:25:29'),(2785,73,2,8,0,0,0,'2014-10-01 17:25:29'),(2786,73,2,8,0,0,0,'2014-10-01 17:25:29'),(2787,73,2,8,0,0,0,'2014-10-01 17:25:29'),(2788,73,2,8,0,0,0,'2014-10-01 17:25:29'),(2789,73,2,9,0,0,0,'2014-10-01 17:25:34'),(2790,73,2,9,0,0,0,'2014-10-01 17:25:34'),(2791,73,2,9,0,0,0,'2014-10-01 17:25:34'),(2792,73,2,9,0,0,0,'2014-10-01 17:25:34'),(2793,73,2,8,0,0,0,'2014-10-01 17:25:35'),(2794,73,2,9,0,25,0,'2014-10-01 17:25:36'),(2795,73,2,9,0,25,0,'2014-10-01 17:25:40'),(2796,73,2,9,0,25,0,'2014-10-01 17:25:40'),(2797,73,2,8,0,25,0,'2014-10-01 17:25:43'),(2798,73,2,8,0,0,0,'2014-10-01 17:25:46'),(2799,73,2,8,0,0,0,'2014-10-01 17:25:46'),(2800,73,2,8,0,0,0,'2014-10-01 17:25:47'),(2801,73,2,8,0,0,0,'2014-10-01 17:25:47'),(2802,73,2,8,0,0,0,'2014-10-01 17:25:47'),(2803,73,2,8,0,0,0,'2014-10-01 17:25:47'),(2804,73,2,8,0,0,0,'2014-10-01 17:25:47'),(2805,73,2,8,0,0,0,'2014-10-01 17:25:47'),(2806,73,2,8,0,0,0,'2014-10-01 17:25:47'),(2807,73,2,8,0,0,0,'2014-10-01 17:25:47'),(2808,73,2,8,0,0,0,'2014-10-01 17:25:47'),(2809,73,2,8,0,0,0,'2014-10-01 17:25:47'),(2810,73,2,8,0,0,0,'2014-10-01 17:25:47'),(2811,73,2,8,0,0,0,'2014-10-01 17:25:47'),(2812,73,2,8,0,0,0,'2014-10-01 17:25:47'),(2813,73,2,8,0,0,0,'2014-10-01 17:25:47'),(2814,73,2,8,0,0,0,'2014-10-01 17:25:47'),(2815,73,2,8,0,0,0,'2014-10-01 17:25:47'),(2816,73,2,8,0,0,0,'2014-10-01 17:25:47'),(2817,73,2,8,0,0,0,'2014-10-01 17:25:48'),(2818,73,2,8,0,0,0,'2014-10-01 17:25:49'),(2819,73,2,8,0,0,0,'2014-10-01 17:25:49'),(2820,73,2,8,0,0,0,'2014-10-01 17:25:49'),(2821,73,2,8,0,0,0,'2014-10-01 17:25:49'),(2822,73,2,8,0,0,0,'2014-10-01 17:25:49'),(2823,73,2,8,0,0,0,'2014-10-01 17:25:49'),(2824,73,2,8,0,0,0,'2014-10-01 17:25:49'),(2825,73,2,8,0,0,0,'2014-10-01 17:25:49'),(2826,73,2,8,0,0,0,'2014-10-01 17:25:49'),(2827,73,2,8,0,0,0,'2014-10-01 17:25:49'),(2828,73,2,8,0,0,0,'2014-10-01 17:25:49'),(2829,73,2,8,0,0,0,'2014-10-01 17:25:50'),(2830,73,2,8,0,0,0,'2014-10-01 17:25:50'),(2831,73,2,8,0,0,0,'2014-10-01 17:25:50'),(2832,73,2,8,0,0,0,'2014-10-01 17:25:50'),(2833,73,2,8,0,0,0,'2014-10-01 17:25:50'),(2834,73,2,8,0,0,0,'2014-10-01 17:25:50'),(2835,73,2,8,0,0,0,'2014-10-01 17:25:50'),(2836,73,2,8,0,0,0,'2014-10-01 17:25:50'),(2837,73,2,8,0,0,0,'2014-10-01 17:25:50'),(2838,73,2,8,0,0,0,'2014-10-01 17:25:50'),(2839,73,2,8,0,0,0,'2014-10-01 17:25:50'),(2840,73,2,8,0,0,0,'2014-10-01 17:25:50'),(2841,73,2,8,0,0,0,'2014-10-01 17:25:51'),(2842,73,2,8,0,0,0,'2014-10-01 17:25:52'),(2843,73,2,8,0,0,0,'2014-10-01 17:25:52'),(2844,73,2,8,0,0,0,'2014-10-01 17:25:52'),(2845,73,2,8,0,0,0,'2014-10-01 17:25:52'),(2846,73,2,8,0,0,0,'2014-10-01 17:25:52'),(2847,73,2,8,0,0,0,'2014-10-01 17:25:52'),(2848,73,2,8,0,0,0,'2014-10-01 17:25:52'),(2849,73,2,8,0,0,0,'2014-10-01 17:25:52'),(2850,73,2,8,0,0,0,'2014-10-01 17:25:52'),(2851,73,2,8,0,0,0,'2014-10-01 17:25:52'),(2852,73,2,8,0,0,0,'2014-10-01 17:25:52'),(2853,73,2,8,0,0,0,'2014-10-01 17:25:52'),(2854,73,2,8,0,0,0,'2014-10-01 17:25:52'),(2855,73,2,8,0,0,0,'2014-10-01 17:25:52'),(2856,73,2,8,0,0,0,'2014-10-01 17:25:52'),(2857,73,2,8,0,0,0,'2014-10-01 17:25:52'),(2858,73,2,8,0,0,0,'2014-10-01 17:25:53'),(2859,73,2,8,0,0,0,'2014-10-01 17:25:53'),(2860,73,2,8,0,0,0,'2014-10-01 17:25:53'),(2861,73,2,8,0,0,0,'2014-10-01 17:25:53'),(2862,73,2,8,0,0,0,'2014-10-01 17:25:54'),(2863,73,2,8,0,0,0,'2014-10-01 17:25:54'),(2864,73,2,8,0,0,0,'2014-10-01 17:25:54'),(2865,73,2,8,0,0,0,'2014-10-01 17:25:54'),(2866,73,2,8,0,0,0,'2014-10-01 17:25:54'),(2867,73,2,8,0,0,0,'2014-10-01 17:25:54'),(2868,73,2,8,0,0,0,'2014-10-01 17:25:54'),(2869,73,2,8,0,0,0,'2014-10-01 17:25:54'),(2870,73,2,8,0,0,0,'2014-10-01 17:25:55'),(2871,73,2,8,0,0,0,'2014-10-01 17:25:55'),(2872,73,2,8,0,0,0,'2014-10-01 17:25:55'),(2873,73,2,8,0,0,0,'2014-10-01 17:25:55'),(2874,73,2,8,0,0,0,'2014-10-01 17:25:55'),(2875,73,2,8,0,0,0,'2014-10-01 17:25:55'),(2876,73,2,8,0,0,0,'2014-10-01 17:25:55'),(2877,73,2,8,0,0,0,'2014-10-01 17:25:55'),(2878,73,2,8,0,0,0,'2014-10-01 17:25:55'),(2879,73,2,8,0,0,0,'2014-10-01 17:25:55'),(2880,73,2,8,0,0,0,'2014-10-01 17:25:55'),(2881,73,2,8,0,0,0,'2014-10-01 17:25:55'),(2882,73,2,8,0,0,0,'2014-10-01 17:25:56'),(2883,73,2,8,0,0,0,'2014-10-01 17:25:56'),(2884,73,2,8,0,0,0,'2014-10-01 17:25:56'),(2885,73,2,8,0,0,0,'2014-10-01 17:25:56'),(2886,73,2,8,0,0,0,'2014-10-01 17:25:56'),(2887,73,2,8,0,0,0,'2014-10-01 17:25:56'),(2888,73,2,8,0,0,0,'2014-10-01 17:25:56'),(2889,73,2,8,0,0,0,'2014-10-01 17:25:57'),(2890,73,2,8,0,0,0,'2014-10-01 17:25:57'),(2891,73,2,8,0,0,0,'2014-10-01 17:25:57'),(2892,73,2,8,0,0,0,'2014-10-01 17:25:58'),(2893,73,2,8,0,0,0,'2014-10-01 17:25:59'),(2894,73,2,8,0,0,0,'2014-10-01 17:25:59'),(2895,73,2,8,0,0,0,'2014-10-01 17:25:59'),(2896,73,2,8,0,0,0,'2014-10-01 17:25:59'),(2897,73,2,8,0,0,0,'2014-10-01 17:26:00'),(2898,73,2,8,0,0,0,'2014-10-01 17:26:00'),(2899,73,2,8,0,0,0,'2014-10-01 17:26:01'),(2900,73,2,8,0,0,0,'2014-10-01 17:26:01'),(2901,73,2,8,0,0,0,'2014-10-01 17:26:01'),(2902,73,2,8,0,0,0,'2014-10-01 17:26:01'),(2903,73,2,8,0,0,0,'2014-10-01 17:26:01'),(2904,73,2,8,0,0,0,'2014-10-01 17:26:01'),(2905,73,2,9,0,0,0,'2014-10-01 17:26:02'),(2906,73,2,9,0,0,0,'2014-10-01 17:26:02'),(2907,73,2,9,0,0,0,'2014-10-01 17:26:02'),(2908,73,2,9,0,0,0,'2014-10-01 17:26:02'),(2909,73,2,9,0,0,0,'2014-10-01 17:26:03'),(2910,73,2,9,0,0,0,'2014-10-01 17:26:03'),(2911,73,2,9,0,0,0,'2014-10-01 17:26:03'),(2912,73,2,8,0,25,0,'2014-10-01 17:26:07'),(2913,73,2,8,0,25,0,'2014-10-01 17:26:08'),(2914,73,2,8,0,25,0,'2014-10-01 17:26:10'),(2915,73,2,9,0,25,0,'2014-10-01 17:26:19'),(2916,73,2,8,0,25,0,'2014-10-01 17:26:23'),(2917,73,2,8,0,0,0,'2014-10-01 17:26:25'),(2918,73,2,8,0,0,0,'2014-10-01 17:26:25'),(2919,73,2,8,0,0,0,'2014-10-01 17:26:25'),(2920,73,2,8,0,0,0,'2014-10-01 17:26:25'),(2921,73,2,8,0,0,0,'2014-10-01 17:26:26'),(2922,73,2,8,0,0,0,'2014-10-01 17:26:26'),(2923,73,2,8,0,0,0,'2014-10-01 17:26:26'),(2924,73,2,8,0,0,0,'2014-10-01 17:26:26'),(2925,73,2,8,0,0,0,'2014-10-01 17:26:26'),(2926,73,2,8,0,0,0,'2014-10-01 17:26:26'),(2927,73,2,8,0,0,0,'2014-10-01 17:26:26'),(2928,73,2,8,0,0,0,'2014-10-01 17:26:26'),(2929,73,2,8,0,0,0,'2014-10-01 17:26:26'),(2930,73,2,8,0,0,0,'2014-10-01 17:26:26'),(2931,73,2,9,0,0,0,'2014-10-01 17:26:27'),(2932,73,2,9,0,0,0,'2014-10-01 17:26:27'),(2933,73,2,8,0,0,0,'2014-10-01 17:26:27'),(2934,73,2,9,0,0,0,'2014-10-01 17:26:27'),(2935,73,2,9,0,0,0,'2014-10-01 17:26:27'),(2936,73,2,9,0,0,0,'2014-10-01 17:26:27'),(2937,73,2,8,0,25,0,'2014-10-01 17:26:45'),(2938,73,2,9,0,0,0,'2014-10-01 17:26:49'),(2939,73,2,9,0,0,0,'2014-10-01 17:26:49'),(2940,73,2,9,0,0,0,'2014-10-01 17:26:49'),(2941,73,2,9,0,0,0,'2014-10-01 17:26:49'),(2942,73,2,8,0,25,0,'2014-10-01 17:26:50'),(2943,73,2,8,0,25,0,'2014-10-01 17:26:52'),(2944,73,2,8,0,25,0,'2014-10-01 17:26:53'),(2945,73,2,8,0,25,0,'2014-10-01 17:26:54'),(2946,73,2,9,0,0,0,'2014-10-01 17:27:06'),(2947,73,2,9,0,0,0,'2014-10-01 17:27:06'),(2948,73,2,9,0,0,0,'2014-10-01 17:27:06'),(2949,73,2,9,0,0,0,'2014-10-01 17:27:06'),(2950,73,2,9,0,0,0,'2014-10-01 17:27:06'),(2951,73,2,9,0,0,0,'2014-10-01 17:27:06'),(2952,73,2,9,0,0,0,'2014-10-01 17:27:06'),(2953,73,2,9,0,0,0,'2014-10-01 17:27:07'),(2954,73,2,9,0,0,0,'2014-10-01 17:27:09'),(2955,73,2,9,0,0,0,'2014-10-01 17:27:09'),(2956,73,2,9,0,0,0,'2014-10-01 17:27:09'),(2957,73,2,9,0,0,0,'2014-10-01 17:27:09'),(2958,73,2,9,0,0,0,'2014-10-01 17:27:09'),(2959,73,2,9,0,0,0,'2014-10-01 17:27:09'),(2960,73,2,8,0,25,0,'2014-10-01 17:27:19'),(2961,73,2,9,0,0,0,'2014-10-01 17:27:23'),(2962,73,2,8,0,0,0,'2014-10-01 17:27:40'),(2963,73,2,8,0,25,0,'2014-10-01 17:27:41'),(2964,73,2,9,0,25,0,'2014-10-01 17:27:43'),(2965,73,2,8,0,25,0,'2014-10-01 17:28:01'),(2966,73,2,8,0,25,0,'2014-10-01 17:28:04'),(2967,73,2,9,0,0,0,'2014-10-01 17:28:09'),(2968,73,2,9,0,0,0,'2014-10-01 17:28:10'),(2969,73,2,9,0,0,0,'2014-10-01 17:28:11'),(2970,73,2,9,0,0,0,'2014-10-01 17:28:11'),(2971,73,2,8,0,0,0,'2014-10-01 17:28:11'),(2972,73,2,8,0,0,0,'2014-10-01 17:28:11'),(2973,73,2,8,0,25,0,'2014-10-01 17:28:15'),(2974,73,2,8,0,0,0,'2014-10-01 17:28:15'),(2975,73,2,8,0,0,0,'2014-10-01 17:28:15'),(2976,73,2,8,0,0,0,'2014-10-01 17:28:15'),(2977,73,2,8,0,0,0,'2014-10-01 17:28:15'),(2978,73,2,8,0,0,0,'2014-10-01 17:28:15'),(2979,73,2,8,0,0,0,'2014-10-01 17:28:15'),(2980,73,2,8,0,0,0,'2014-10-01 17:28:15'),(2981,73,2,8,0,0,0,'2014-10-01 17:28:16'),(2982,73,2,8,0,0,0,'2014-10-01 17:28:16'),(2983,73,2,8,0,0,0,'2014-10-01 17:28:16'),(2984,73,2,8,0,0,0,'2014-10-01 17:28:17'),(2985,73,2,8,0,0,0,'2014-10-01 17:28:17'),(2986,73,2,8,0,0,0,'2014-10-01 17:28:17'),(2987,73,2,9,0,0,0,'2014-10-01 17:28:17'),(2988,73,2,9,0,0,0,'2014-10-01 17:28:17'),(2989,73,2,8,0,0,0,'2014-10-01 17:28:25'),(2990,73,2,8,0,0,0,'2014-10-01 17:28:26'),(2991,73,2,8,0,0,0,'2014-10-01 17:28:26'),(2992,73,2,8,0,0,0,'2014-10-01 17:28:27'),(2993,73,2,8,0,0,0,'2014-10-01 17:28:27'),(2994,73,2,8,0,0,0,'2014-10-01 17:28:27'),(2995,73,2,8,0,0,0,'2014-10-01 17:28:27'),(2996,73,2,8,0,0,0,'2014-10-01 17:28:27'),(2997,73,2,8,0,0,0,'2014-10-01 17:28:27'),(2998,73,2,8,0,0,0,'2014-10-01 17:28:28'),(2999,73,2,8,0,0,0,'2014-10-01 17:28:28'),(3000,73,2,8,0,0,0,'2014-10-01 17:28:28'),(3001,73,2,8,0,0,0,'2014-10-01 17:28:28'),(3002,73,2,8,0,0,0,'2014-10-01 17:28:28'),(3003,73,2,8,0,0,0,'2014-10-01 17:28:28'),(3004,73,2,8,0,0,0,'2014-10-01 17:28:28'),(3005,73,2,8,0,0,0,'2014-10-01 17:28:28'),(3006,73,2,8,0,0,0,'2014-10-01 17:28:28'),(3007,73,2,8,0,0,0,'2014-10-01 17:28:28'),(3008,73,2,8,0,0,0,'2014-10-01 17:28:28'),(3009,73,2,8,0,0,0,'2014-10-01 17:28:28'),(3010,73,2,8,0,0,0,'2014-10-01 17:28:28'),(3011,73,2,8,0,0,0,'2014-10-01 17:28:29'),(3012,73,2,8,0,0,0,'2014-10-01 17:28:30'),(3013,73,2,8,0,0,0,'2014-10-01 17:28:30'),(3014,73,2,8,0,0,0,'2014-10-01 17:28:31'),(3015,73,2,8,0,0,0,'2014-10-01 17:28:31'),(3016,73,2,8,0,0,0,'2014-10-01 17:28:31'),(3017,73,2,8,0,0,0,'2014-10-01 17:28:31'),(3018,73,2,8,0,0,0,'2014-10-01 17:28:31'),(3019,73,2,8,0,0,0,'2014-10-01 17:28:31'),(3020,73,2,8,0,0,0,'2014-10-01 17:28:31'),(3021,73,2,8,0,0,0,'2014-10-01 17:28:31'),(3022,73,2,8,0,0,0,'2014-10-01 17:28:32'),(3023,73,2,8,0,0,0,'2014-10-01 17:28:33'),(3024,73,2,8,0,0,0,'2014-10-01 17:28:33'),(3025,73,2,8,0,0,0,'2014-10-01 17:28:33'),(3026,73,2,8,0,0,0,'2014-10-01 17:28:33'),(3027,73,2,8,0,0,0,'2014-10-01 17:28:33'),(3028,73,2,8,0,0,0,'2014-10-01 17:28:33'),(3029,73,2,8,0,0,0,'2014-10-01 17:28:33'),(3030,73,2,8,0,0,0,'2014-10-01 17:28:33'),(3031,73,2,9,0,0,0,'2014-10-01 17:28:34'),(3032,73,2,9,0,0,0,'2014-10-01 17:28:34'),(3033,73,2,9,0,0,0,'2014-10-01 17:28:34'),(3034,73,2,9,0,0,0,'2014-10-01 17:28:34'),(3035,73,2,9,0,0,0,'2014-10-01 17:28:34'),(3036,73,2,9,0,0,0,'2014-10-01 17:28:34'),(3037,73,2,8,0,0,0,'2014-10-01 17:28:34'),(3038,73,2,9,0,0,0,'2014-10-01 17:28:35'),(3039,73,2,9,0,0,0,'2014-10-01 17:28:35'),(3040,73,2,9,0,0,0,'2014-10-01 17:28:35'),(3041,73,2,9,0,0,0,'2014-10-01 17:28:36'),(3042,73,2,9,0,0,0,'2014-10-01 17:28:36'),(3043,73,2,9,0,0,0,'2014-10-01 17:28:36'),(3044,73,2,9,0,0,0,'2014-10-01 17:28:36'),(3045,73,2,9,0,0,0,'2014-10-01 17:28:36'),(3046,73,2,9,0,0,0,'2014-10-01 17:28:36'),(3047,73,2,9,0,0,0,'2014-10-01 17:28:36'),(3048,73,2,9,0,0,0,'2014-10-01 17:28:36'),(3049,73,2,9,0,0,0,'2014-10-01 17:28:36'),(3050,73,2,9,0,0,0,'2014-10-01 17:28:36'),(3051,73,2,9,0,0,0,'2014-10-01 17:28:39'),(3052,73,2,8,0,25,0,'2014-10-01 17:28:42'),(3053,73,2,8,0,0,0,'2014-10-01 17:28:50'),(3054,73,2,8,0,25,0,'2014-10-01 17:28:59'),(3055,73,2,8,0,0,0,'2014-10-01 17:29:02'),(3056,73,2,8,0,0,0,'2014-10-01 17:29:02'),(3057,73,2,8,0,0,0,'2014-10-01 17:29:02'),(3058,73,2,8,0,0,0,'2014-10-01 17:29:02'),(3059,73,2,8,0,0,0,'2014-10-01 17:29:03'),(3060,73,2,8,0,0,0,'2014-10-01 17:29:03'),(3061,73,2,8,0,0,0,'2014-10-01 17:29:03'),(3062,73,2,8,0,0,0,'2014-10-01 17:29:03'),(3063,73,2,8,0,0,0,'2014-10-01 17:29:03'),(3064,73,2,8,0,0,0,'2014-10-01 17:29:03'),(3065,73,2,8,0,0,0,'2014-10-01 17:29:03'),(3066,73,2,8,0,0,0,'2014-10-01 17:29:03'),(3067,73,2,8,0,0,0,'2014-10-01 17:29:04'),(3068,73,2,8,0,0,0,'2014-10-01 17:29:04'),(3069,73,2,8,0,0,0,'2014-10-01 17:29:04'),(3070,73,2,8,0,0,0,'2014-10-01 17:29:06'),(3071,73,2,8,0,0,0,'2014-10-01 17:29:06'),(3072,73,2,8,0,0,0,'2014-10-01 17:29:06'),(3073,73,2,8,0,0,0,'2014-10-01 17:29:06'),(3074,73,2,8,0,0,0,'2014-10-01 17:29:06'),(3075,73,2,8,0,0,0,'2014-10-01 17:29:06'),(3076,73,2,8,0,0,0,'2014-10-01 17:29:06'),(3077,73,2,8,0,0,0,'2014-10-01 17:29:06'),(3078,73,2,8,0,0,0,'2014-10-01 17:29:06'),(3079,73,2,8,0,0,0,'2014-10-01 17:29:06'),(3080,73,2,8,0,0,0,'2014-10-01 17:29:06'),(3081,73,2,8,0,0,0,'2014-10-01 17:29:06'),(3082,73,2,8,0,0,0,'2014-10-01 17:29:06'),(3083,73,2,8,0,0,0,'2014-10-01 17:29:06'),(3084,73,2,8,0,0,0,'2014-10-01 17:29:06'),(3085,73,2,8,0,0,0,'2014-10-01 17:29:06'),(3086,73,2,8,0,0,0,'2014-10-01 17:29:06'),(3087,73,2,8,0,0,0,'2014-10-01 17:29:06'),(3088,73,2,8,0,0,0,'2014-10-01 17:29:06'),(3089,73,2,8,0,0,0,'2014-10-01 17:29:06'),(3090,73,2,8,0,0,0,'2014-10-01 17:29:06'),(3091,73,2,8,0,0,0,'2014-10-01 17:29:06'),(3092,73,2,8,0,0,0,'2014-10-01 17:29:06'),(3093,73,2,8,0,0,0,'2014-10-01 17:29:06'),(3094,73,2,8,0,0,0,'2014-10-01 17:29:06'),(3095,73,2,8,0,0,0,'2014-10-01 17:29:06'),(3096,73,2,8,0,0,0,'2014-10-01 17:29:06'),(3097,73,2,8,0,0,0,'2014-10-01 17:29:06'),(3098,73,2,9,0,0,0,'2014-10-01 17:29:07'),(3099,73,2,9,0,0,0,'2014-10-01 17:29:07'),(3100,73,2,9,0,0,0,'2014-10-01 17:29:07'),(3101,73,2,8,0,0,0,'2014-10-01 17:29:09'),(3102,73,2,8,0,0,0,'2014-10-01 17:29:09'),(3103,73,2,8,0,0,0,'2014-10-01 17:29:09'),(3104,73,2,8,0,0,0,'2014-10-01 17:29:09'),(3105,73,2,8,0,0,0,'2014-10-01 17:29:09'),(3106,73,2,8,0,0,0,'2014-10-01 17:29:09'),(3107,73,2,8,0,0,0,'2014-10-01 17:29:09'),(3108,73,2,8,0,0,0,'2014-10-01 17:29:09'),(3109,73,2,8,0,0,0,'2014-10-01 17:29:09'),(3110,73,2,8,0,0,0,'2014-10-01 17:29:09'),(3111,73,2,8,0,0,0,'2014-10-01 17:29:09'),(3112,73,2,8,0,0,0,'2014-10-01 17:29:09'),(3113,73,2,8,0,0,0,'2014-10-01 17:29:09'),(3114,73,2,8,0,0,0,'2014-10-01 17:29:10'),(3115,73,2,8,0,0,0,'2014-10-01 17:29:10'),(3116,73,2,8,0,0,0,'2014-10-01 17:29:10'),(3117,73,2,8,0,0,0,'2014-10-01 17:29:10'),(3118,73,2,8,0,0,0,'2014-10-01 17:29:10'),(3119,73,2,8,0,0,0,'2014-10-01 17:29:10'),(3120,73,2,8,0,25,0,'2014-10-01 17:29:10'),(3121,73,2,8,0,25,0,'2014-10-01 17:29:10'),(3122,73,2,8,0,25,0,'2014-10-01 17:29:10'),(3123,73,2,8,0,0,0,'2014-10-01 17:29:11'),(3124,73,2,8,0,0,0,'2014-10-01 17:29:11'),(3125,73,2,8,0,0,0,'2014-10-01 17:29:11'),(3126,73,2,8,0,0,0,'2014-10-01 17:29:11'),(3127,73,2,8,0,0,0,'2014-10-01 17:29:11'),(3128,73,2,8,0,0,0,'2014-10-01 17:29:11'),(3129,73,2,8,0,0,0,'2014-10-01 17:29:11'),(3130,73,2,8,0,0,0,'2014-10-01 17:29:11'),(3131,73,2,8,0,0,0,'2014-10-01 17:29:11'),(3132,73,2,8,0,0,0,'2014-10-01 17:29:11'),(3133,73,2,8,0,0,0,'2014-10-01 17:29:11'),(3134,73,2,8,0,0,0,'2014-10-01 17:29:11'),(3135,73,2,8,0,0,0,'2014-10-01 17:29:11'),(3136,73,2,8,0,0,0,'2014-10-01 17:29:11'),(3137,73,2,8,0,0,0,'2014-10-01 17:29:11'),(3138,73,2,8,0,0,0,'2014-10-01 17:29:11'),(3139,73,2,8,0,0,0,'2014-10-01 17:29:11'),(3140,73,2,8,0,0,0,'2014-10-01 17:29:11'),(3141,73,2,8,0,0,0,'2014-10-01 17:29:11'),(3142,73,2,8,0,25,0,'2014-10-01 17:29:11'),(3143,73,2,8,0,0,0,'2014-10-01 17:29:12'),(3144,73,2,8,0,25,0,'2014-10-01 17:29:12'),(3145,73,2,8,0,0,0,'2014-10-01 17:29:12'),(3146,73,2,8,0,0,0,'2014-10-01 17:29:12'),(3147,73,2,8,0,0,0,'2014-10-01 17:29:12'),(3148,73,2,8,0,0,0,'2014-10-01 17:29:12'),(3149,73,2,8,0,0,0,'2014-10-01 17:29:12'),(3150,73,2,8,0,0,0,'2014-10-01 17:29:12'),(3151,73,2,8,0,0,0,'2014-10-01 17:29:12'),(3152,73,2,8,0,0,0,'2014-10-01 17:29:12'),(3153,73,2,8,0,0,0,'2014-10-01 17:29:12'),(3154,73,2,8,0,0,0,'2014-10-01 17:29:12'),(3155,73,2,8,0,0,0,'2014-10-01 17:29:12'),(3156,73,2,8,0,0,0,'2014-10-01 17:29:13'),(3157,73,2,8,0,0,0,'2014-10-01 17:29:13'),(3158,73,2,8,0,0,0,'2014-10-01 17:29:13'),(3159,73,2,8,0,0,0,'2014-10-01 17:29:13'),(3160,73,2,8,0,0,0,'2014-10-01 17:29:13'),(3161,73,2,8,0,0,0,'2014-10-01 17:29:13'),(3162,73,2,8,0,0,0,'2014-10-01 17:29:13'),(3163,73,2,8,0,0,0,'2014-10-01 17:29:13'),(3164,73,2,8,0,0,0,'2014-10-01 17:29:13'),(3165,73,2,8,0,0,0,'2014-10-01 17:29:13'),(3166,73,2,8,0,0,0,'2014-10-01 17:29:13'),(3167,73,2,8,0,0,0,'2014-10-01 17:29:13'),(3168,73,2,8,0,0,0,'2014-10-01 17:29:13'),(3169,73,2,8,0,0,0,'2014-10-01 17:29:13'),(3170,73,2,8,0,0,0,'2014-10-01 17:29:13'),(3171,73,2,8,0,0,0,'2014-10-01 17:29:13'),(3172,73,2,8,0,0,0,'2014-10-01 17:29:13'),(3173,73,2,8,0,0,0,'2014-10-01 17:29:13'),(3174,73,2,8,0,0,0,'2014-10-01 17:29:13'),(3175,73,2,8,0,0,0,'2014-10-01 17:29:13'),(3176,73,2,8,0,0,0,'2014-10-01 17:29:13'),(3177,73,2,8,0,0,0,'2014-10-01 17:29:13'),(3178,73,2,8,0,0,0,'2014-10-01 17:29:13'),(3179,73,2,8,0,0,0,'2014-10-01 17:29:13'),(3180,73,2,8,0,0,0,'2014-10-01 17:29:13'),(3181,73,2,8,0,0,0,'2014-10-01 17:29:13'),(3182,73,2,8,0,0,0,'2014-10-01 17:29:13'),(3183,73,2,8,0,0,0,'2014-10-01 17:29:13'),(3184,73,2,8,0,0,0,'2014-10-01 17:29:13'),(3185,73,2,8,0,0,0,'2014-10-01 17:29:13'),(3186,73,2,8,0,0,0,'2014-10-01 17:29:13'),(3187,73,2,8,0,0,0,'2014-10-01 17:29:13'),(3188,73,2,8,0,0,0,'2014-10-01 17:29:13'),(3189,73,2,8,0,0,0,'2014-10-01 17:29:13'),(3190,73,2,8,0,0,0,'2014-10-01 17:29:13'),(3191,73,2,8,0,0,0,'2014-10-01 17:29:13'),(3192,73,2,8,0,0,0,'2014-10-01 17:29:13'),(3193,73,2,8,0,0,0,'2014-10-01 17:29:13'),(3194,73,2,8,0,0,0,'2014-10-01 17:29:13'),(3195,73,2,8,0,0,0,'2014-10-01 17:29:13'),(3196,73,2,8,0,0,0,'2014-10-01 17:29:13'),(3197,73,2,8,0,0,0,'2014-10-01 17:29:15'),(3198,73,2,8,0,0,0,'2014-10-01 17:29:15'),(3199,73,2,8,0,0,0,'2014-10-01 17:29:15'),(3200,73,2,8,0,0,0,'2014-10-01 17:29:15'),(3201,73,2,8,0,0,0,'2014-10-01 17:29:15'),(3202,73,2,8,0,0,0,'2014-10-01 17:29:15'),(3203,73,2,8,0,0,0,'2014-10-01 17:29:15'),(3204,73,2,8,0,0,0,'2014-10-01 17:29:15'),(3205,73,2,8,0,0,0,'2014-10-01 17:29:15'),(3206,73,2,8,0,0,0,'2014-10-01 17:29:15'),(3207,73,2,8,0,0,0,'2014-10-01 17:29:15'),(3208,73,2,8,0,0,0,'2014-10-01 17:29:15'),(3209,73,2,8,0,0,0,'2014-10-01 17:29:15'),(3210,73,2,8,0,0,0,'2014-10-01 17:29:15'),(3211,73,2,8,0,0,0,'2014-10-01 17:29:15'),(3212,73,2,9,0,0,0,'2014-10-01 17:29:16'),(3213,73,2,8,0,0,0,'2014-10-01 17:29:16'),(3214,73,2,8,0,0,0,'2014-10-01 17:29:16'),(3215,73,2,9,0,25,0,'2014-10-01 17:29:17'),(3216,73,2,9,0,25,0,'2014-10-01 17:29:17'),(3217,73,2,8,0,25,0,'2014-10-01 17:29:20'),(3218,73,2,8,0,25,0,'2014-10-01 17:29:21'),(3219,73,2,8,0,0,0,'2014-10-01 17:29:22'),(3220,73,2,8,0,0,0,'2014-10-01 17:29:22'),(3221,73,2,8,0,0,0,'2014-10-01 17:29:22'),(3222,73,2,8,0,0,0,'2014-10-01 17:29:22'),(3223,73,2,8,0,0,0,'2014-10-01 17:29:22'),(3224,73,2,8,0,0,0,'2014-10-01 17:29:22'),(3225,73,2,8,0,0,0,'2014-10-01 17:29:22'),(3226,73,2,8,0,0,0,'2014-10-01 17:29:22'),(3227,73,2,8,0,0,0,'2014-10-01 17:29:22'),(3228,73,2,8,0,0,0,'2014-10-01 17:29:22'),(3229,73,2,8,0,0,0,'2014-10-01 17:29:24'),(3230,73,2,8,0,0,0,'2014-10-01 17:29:24'),(3231,73,2,8,0,0,0,'2014-10-01 17:29:24'),(3232,73,2,8,0,0,0,'2014-10-01 17:29:24'),(3233,73,2,8,0,0,0,'2014-10-01 17:29:24'),(3234,73,2,8,0,0,0,'2014-10-01 17:29:25'),(3235,73,2,8,0,0,0,'2014-10-01 17:29:25'),(3236,73,2,8,0,0,0,'2014-10-01 17:29:25'),(3237,73,2,8,0,0,0,'2014-10-01 17:29:25'),(3238,73,2,8,0,0,0,'2014-10-01 17:29:26'),(3239,73,2,8,0,0,0,'2014-10-01 17:29:26'),(3240,73,2,8,0,0,0,'2014-10-01 17:29:26'),(3241,73,2,8,0,0,0,'2014-10-01 17:29:27'),(3242,73,2,8,0,0,0,'2014-10-01 17:29:27'),(3243,73,2,8,0,0,0,'2014-10-01 17:29:27'),(3244,73,2,8,0,0,0,'2014-10-01 17:29:28'),(3245,73,2,8,0,0,0,'2014-10-01 17:29:28'),(3246,73,2,8,0,0,0,'2014-10-01 17:29:28'),(3247,73,2,8,0,0,0,'2014-10-01 17:29:28'),(3248,73,2,8,0,0,0,'2014-10-01 17:29:28'),(3249,73,2,8,0,0,0,'2014-10-01 17:29:28'),(3250,73,2,8,0,0,0,'2014-10-01 17:29:28'),(3251,73,2,8,0,0,0,'2014-10-01 17:29:28'),(3252,73,2,8,0,0,0,'2014-10-01 17:29:28'),(3253,73,2,8,0,0,0,'2014-10-01 17:29:28'),(3254,73,2,8,0,0,0,'2014-10-01 17:29:28'),(3255,73,2,8,0,0,0,'2014-10-01 17:29:28'),(3256,73,2,8,0,0,0,'2014-10-01 17:29:28'),(3257,73,2,8,0,0,0,'2014-10-01 17:29:28'),(3258,73,2,8,0,0,0,'2014-10-01 17:29:28'),(3259,73,2,8,0,0,0,'2014-10-01 17:29:28'),(3260,73,2,8,0,0,0,'2014-10-01 17:29:28'),(3261,73,2,8,0,0,0,'2014-10-01 17:29:28'),(3262,73,2,8,0,0,0,'2014-10-01 17:29:28'),(3263,73,2,8,0,0,0,'2014-10-01 17:29:28'),(3264,73,2,8,0,0,0,'2014-10-01 17:29:28'),(3265,73,2,8,0,0,0,'2014-10-01 17:29:28'),(3266,73,2,8,0,0,0,'2014-10-01 17:29:28'),(3267,73,2,8,0,0,0,'2014-10-01 17:29:28'),(3268,73,2,8,0,0,0,'2014-10-01 17:29:28'),(3269,73,2,8,0,0,0,'2014-10-01 17:29:28'),(3270,73,2,8,0,0,0,'2014-10-01 17:29:28'),(3271,73,2,8,0,0,0,'2014-10-01 17:29:28'),(3272,73,2,8,0,0,0,'2014-10-01 17:29:29'),(3273,73,2,8,0,0,0,'2014-10-01 17:29:29'),(3274,73,2,8,0,0,0,'2014-10-01 17:29:29'),(3275,73,2,8,0,0,0,'2014-10-01 17:29:29'),(3276,73,2,8,0,0,0,'2014-10-01 17:29:29'),(3277,73,2,8,0,0,0,'2014-10-01 17:29:29'),(3278,73,2,8,0,0,0,'2014-10-01 17:29:29'),(3279,73,2,8,0,0,0,'2014-10-01 17:29:29'),(3280,73,2,8,0,0,0,'2014-10-01 17:29:29'),(3281,73,2,8,0,0,0,'2014-10-01 17:29:29'),(3282,73,2,8,0,0,0,'2014-10-01 17:29:29'),(3283,73,2,8,0,0,0,'2014-10-01 17:29:29'),(3284,73,2,8,0,0,0,'2014-10-01 17:29:29'),(3285,73,2,8,0,0,0,'2014-10-01 17:29:29'),(3286,73,2,8,0,0,0,'2014-10-01 17:29:29'),(3287,73,2,8,0,0,0,'2014-10-01 17:29:29'),(3288,73,2,8,0,0,0,'2014-10-01 17:29:29'),(3289,73,2,8,0,0,0,'2014-10-01 17:29:29'),(3290,73,2,8,0,0,0,'2014-10-01 17:29:29'),(3291,73,2,8,0,0,0,'2014-10-01 17:29:29'),(3292,73,2,8,0,0,0,'2014-10-01 17:29:29'),(3293,73,2,8,0,0,0,'2014-10-01 17:29:29'),(3294,73,2,8,0,0,0,'2014-10-01 17:29:29'),(3295,73,2,8,0,0,0,'2014-10-01 17:29:29'),(3296,73,2,8,0,0,0,'2014-10-01 17:29:29'),(3297,73,2,8,0,0,0,'2014-10-01 17:29:29'),(3298,73,2,8,0,0,0,'2014-10-01 17:29:29'),(3299,73,2,8,0,0,0,'2014-10-01 17:29:29'),(3300,73,2,8,0,0,0,'2014-10-01 17:29:29'),(3301,73,2,8,0,0,0,'2014-10-01 17:29:29'),(3302,73,2,8,0,0,0,'2014-10-01 17:29:29'),(3303,73,2,8,0,0,0,'2014-10-01 17:29:29'),(3304,73,2,8,0,0,0,'2014-10-01 17:29:29'),(3305,73,2,8,0,0,0,'2014-10-01 17:29:29'),(3306,73,2,8,0,0,0,'2014-10-01 17:29:29'),(3307,73,2,8,0,0,0,'2014-10-01 17:29:29'),(3308,73,2,8,0,0,0,'2014-10-01 17:29:29'),(3309,73,2,8,0,0,0,'2014-10-01 17:29:29'),(3310,73,2,8,0,0,0,'2014-10-01 17:29:29'),(3311,73,2,8,0,0,0,'2014-10-01 17:29:29'),(3312,73,2,8,0,0,0,'2014-10-01 17:29:29'),(3313,73,2,8,0,0,0,'2014-10-01 17:29:29'),(3314,73,2,8,0,0,0,'2014-10-01 17:29:29'),(3315,73,2,8,0,0,0,'2014-10-01 17:29:30'),(3316,73,2,8,0,0,0,'2014-10-01 17:29:30'),(3317,73,2,8,0,0,0,'2014-10-01 17:29:30'),(3318,73,2,8,0,0,0,'2014-10-01 17:29:30'),(3319,73,2,8,0,0,0,'2014-10-01 17:29:30'),(3320,73,2,8,0,0,0,'2014-10-01 17:29:30'),(3321,73,2,8,0,0,0,'2014-10-01 17:29:30'),(3322,73,2,8,0,0,0,'2014-10-01 17:29:30'),(3323,73,2,8,0,0,0,'2014-10-01 17:29:30'),(3324,73,2,8,0,0,0,'2014-10-01 17:29:30'),(3325,73,2,8,0,0,0,'2014-10-01 17:29:30'),(3326,73,2,8,0,0,0,'2014-10-01 17:29:30'),(3327,73,2,8,0,0,0,'2014-10-01 17:29:30'),(3328,73,2,8,0,0,0,'2014-10-01 17:29:30'),(3329,73,2,8,0,0,0,'2014-10-01 17:29:30'),(3330,73,2,8,0,0,0,'2014-10-01 17:29:30'),(3331,73,2,8,0,0,0,'2014-10-01 17:29:30'),(3332,73,2,8,0,0,0,'2014-10-01 17:29:30'),(3333,73,2,8,0,0,0,'2014-10-01 17:29:30'),(3334,73,2,8,0,0,0,'2014-10-01 17:29:30'),(3335,73,2,8,0,0,0,'2014-10-01 17:29:30'),(3336,73,2,8,0,0,0,'2014-10-01 17:29:30'),(3337,73,2,8,0,0,0,'2014-10-01 17:29:30'),(3338,73,2,8,0,0,0,'2014-10-01 17:29:30'),(3339,73,2,8,0,0,0,'2014-10-01 17:29:30'),(3340,73,2,8,0,0,0,'2014-10-01 17:29:31'),(3341,73,2,8,0,0,0,'2014-10-01 17:29:31'),(3342,73,2,8,0,0,0,'2014-10-01 17:29:31'),(3343,73,2,8,0,0,0,'2014-10-01 17:29:31'),(3344,73,2,8,0,0,0,'2014-10-01 17:29:31'),(3345,73,2,8,0,0,0,'2014-10-01 17:29:31'),(3346,73,2,8,0,0,0,'2014-10-01 17:29:31'),(3347,73,2,8,0,0,0,'2014-10-01 17:29:31'),(3348,73,2,8,0,25,0,'2014-10-01 17:29:31'),(3349,73,2,8,0,0,0,'2014-10-01 17:29:33'),(3350,73,2,8,0,0,0,'2014-10-01 17:29:33'),(3351,73,2,8,0,0,0,'2014-10-01 17:29:33'),(3352,73,2,8,0,0,0,'2014-10-01 17:29:33'),(3353,73,2,8,0,0,0,'2014-10-01 17:29:33'),(3354,73,2,8,0,0,0,'2014-10-01 17:29:34'),(3355,73,2,8,0,0,0,'2014-10-01 17:29:34'),(3356,73,2,8,0,0,0,'2014-10-01 17:29:34'),(3357,73,2,8,0,0,0,'2014-10-01 17:29:35'),(3358,73,2,8,0,0,0,'2014-10-01 17:29:35'),(3359,73,2,8,0,0,0,'2014-10-01 17:29:36'),(3360,73,2,8,0,0,0,'2014-10-01 17:29:37'),(3361,73,2,8,0,0,0,'2014-10-01 17:29:37'),(3362,73,2,8,0,0,0,'2014-10-01 17:29:37'),(3363,73,2,8,0,0,0,'2014-10-01 17:29:37'),(3364,73,2,8,0,0,0,'2014-10-01 17:29:37'),(3365,73,2,8,0,0,0,'2014-10-01 17:29:38'),(3366,73,2,8,0,0,0,'2014-10-01 17:29:38'),(3367,73,2,8,0,0,0,'2014-10-01 17:29:38'),(3368,73,2,8,0,0,0,'2014-10-01 17:29:38'),(3369,73,2,8,0,0,0,'2014-10-01 17:29:38'),(3370,73,2,8,0,0,0,'2014-10-01 17:29:38'),(3371,73,2,8,0,0,0,'2014-10-01 17:29:39'),(3372,73,2,8,0,0,0,'2014-10-01 17:29:39'),(3373,73,2,8,0,0,0,'2014-10-01 17:29:39'),(3374,73,2,8,0,0,0,'2014-10-01 17:29:39'),(3375,73,2,8,0,0,0,'2014-10-01 17:29:39'),(3376,73,2,8,0,0,0,'2014-10-01 17:29:39'),(3377,73,2,8,0,0,0,'2014-10-01 17:29:39'),(3378,73,2,9,0,0,0,'2014-10-01 17:29:43'),(3379,73,2,9,0,0,0,'2014-10-01 17:29:43'),(3380,73,2,9,0,0,0,'2014-10-01 17:29:43'),(3381,73,2,8,0,0,0,'2014-10-01 17:29:43'),(3382,73,2,8,0,0,0,'2014-10-01 17:29:44'),(3383,73,2,8,0,25,0,'2014-10-01 17:29:44'),(3384,73,2,8,0,25,0,'2014-10-01 17:29:45'),(3385,73,2,8,0,0,0,'2014-10-01 17:29:50'),(3386,73,2,8,0,0,0,'2014-10-01 17:29:50'),(3387,73,2,8,0,0,0,'2014-10-01 17:29:51'),(3388,73,2,8,0,0,0,'2014-10-01 17:29:51'),(3389,73,2,8,0,0,0,'2014-10-01 17:29:51'),(3390,73,2,8,0,0,0,'2014-10-01 17:29:51'),(3391,73,2,8,0,0,0,'2014-10-01 17:29:51'),(3392,73,2,8,0,0,0,'2014-10-01 17:29:51'),(3393,73,2,8,0,0,0,'2014-10-01 17:29:52'),(3394,73,2,8,0,0,0,'2014-10-01 17:29:53'),(3395,73,2,8,0,0,0,'2014-10-01 17:29:53'),(3396,73,2,8,0,0,0,'2014-10-01 17:29:53'),(3397,73,2,8,0,0,0,'2014-10-01 17:29:53'),(3398,73,2,8,0,0,0,'2014-10-01 17:29:54'),(3399,73,2,8,0,0,0,'2014-10-01 17:29:54'),(3400,73,2,8,0,0,0,'2014-10-01 17:29:54'),(3401,73,2,8,0,0,0,'2014-10-01 17:29:54'),(3402,73,2,8,0,0,0,'2014-10-01 17:29:56'),(3403,73,2,8,0,0,0,'2014-10-01 17:29:56'),(3404,73,2,8,0,0,0,'2014-10-01 17:29:56'),(3405,73,2,8,0,0,0,'2014-10-01 17:29:56'),(3406,73,2,8,0,0,0,'2014-10-01 17:29:56'),(3407,73,2,8,0,0,0,'2014-10-01 17:29:56'),(3408,73,2,8,0,25,0,'2014-10-01 17:30:06'),(3409,73,2,8,0,25,0,'2014-10-01 17:30:34'),(3410,73,2,8,0,25,0,'2014-10-01 17:30:39'),(3411,73,2,8,0,0,0,'2014-10-01 17:30:39'),(3412,73,2,8,0,0,0,'2014-10-01 17:30:39'),(3413,73,2,8,0,0,0,'2014-10-01 17:30:39'),(3414,73,2,8,0,0,0,'2014-10-01 17:30:40'),(3415,73,2,8,0,0,0,'2014-10-01 17:30:40'),(3416,73,2,8,0,0,0,'2014-10-01 17:30:40'),(3417,73,2,8,0,0,0,'2014-10-01 17:30:40'),(3418,73,2,8,0,0,0,'2014-10-01 17:30:40'),(3419,73,2,8,0,0,0,'2014-10-01 17:30:40'),(3420,73,2,8,0,0,0,'2014-10-01 17:30:40'),(3421,73,2,8,0,0,0,'2014-10-01 17:30:41'),(3422,73,2,8,0,0,0,'2014-10-01 17:30:41'),(3423,73,2,8,0,0,0,'2014-10-01 17:30:41'),(3424,73,2,8,0,0,0,'2014-10-01 17:30:41'),(3425,73,2,8,0,0,0,'2014-10-01 17:30:41'),(3426,73,2,8,0,0,0,'2014-10-01 17:30:41'),(3427,73,2,8,0,0,0,'2014-10-01 17:30:41'),(3428,73,2,8,0,0,0,'2014-10-01 17:30:41'),(3429,73,2,8,0,0,0,'2014-10-01 17:30:41'),(3430,73,2,8,0,0,0,'2014-10-01 17:30:41'),(3431,73,2,8,0,0,0,'2014-10-01 17:30:41'),(3432,73,2,8,0,0,0,'2014-10-01 17:30:41'),(3433,73,2,8,0,0,0,'2014-10-01 17:30:41'),(3434,73,2,8,0,0,0,'2014-10-01 17:30:41'),(3435,73,2,8,0,0,0,'2014-10-01 17:30:41'),(3436,73,2,8,0,0,0,'2014-10-01 17:30:41'),(3437,73,2,8,0,0,0,'2014-10-01 17:30:41'),(3438,73,2,8,0,0,0,'2014-10-01 17:30:41'),(3439,73,2,8,0,0,0,'2014-10-01 17:30:41'),(3440,73,2,8,0,0,0,'2014-10-01 17:30:41'),(3441,73,2,8,0,0,0,'2014-10-01 17:30:41'),(3442,73,2,8,0,0,0,'2014-10-01 17:30:42'),(3443,73,2,8,0,0,0,'2014-10-01 17:30:42'),(3444,73,2,8,0,0,0,'2014-10-01 17:30:42'),(3445,73,2,8,0,0,0,'2014-10-01 17:30:42'),(3446,73,2,8,0,0,0,'2014-10-01 17:30:42'),(3447,73,2,8,0,0,0,'2014-10-01 17:30:42'),(3448,73,2,8,0,0,0,'2014-10-01 17:30:42'),(3449,73,2,8,0,0,0,'2014-10-01 17:30:42'),(3450,73,2,8,0,0,0,'2014-10-01 17:30:42'),(3451,73,2,8,0,0,0,'2014-10-01 17:30:42'),(3452,73,2,8,0,0,0,'2014-10-01 17:30:42'),(3453,73,2,8,0,0,0,'2014-10-01 17:30:42'),(3454,73,2,8,0,0,0,'2014-10-01 17:30:42'),(3455,73,2,8,0,0,0,'2014-10-01 17:30:42'),(3456,73,2,8,0,0,0,'2014-10-01 17:30:42'),(3457,73,2,8,0,0,0,'2014-10-01 17:30:42'),(3458,73,2,8,0,0,0,'2014-10-01 17:30:42'),(3459,73,2,8,0,0,0,'2014-10-01 17:30:42'),(3460,73,2,8,0,0,0,'2014-10-01 17:30:42'),(3461,73,2,8,0,0,0,'2014-10-01 17:30:42'),(3462,73,2,8,0,0,0,'2014-10-01 17:30:42'),(3463,73,2,8,0,0,0,'2014-10-01 17:30:42'),(3464,73,2,8,0,0,0,'2014-10-01 17:30:42'),(3465,73,2,8,0,0,0,'2014-10-01 17:30:42'),(3466,73,2,8,0,0,0,'2014-10-01 17:30:42'),(3467,73,2,8,0,0,0,'2014-10-01 17:30:42'),(3468,73,2,8,0,0,0,'2014-10-01 17:30:43'),(3469,73,2,8,0,0,0,'2014-10-01 17:30:43'),(3470,73,2,8,0,0,0,'2014-10-01 17:30:43'),(3471,73,2,8,0,0,0,'2014-10-01 17:30:43'),(3472,73,2,8,0,0,0,'2014-10-01 17:30:43'),(3473,73,2,8,0,0,0,'2014-10-01 17:30:43'),(3474,73,2,8,0,0,0,'2014-10-01 17:30:43'),(3475,73,2,8,0,0,0,'2014-10-01 17:30:43'),(3476,73,2,8,0,0,0,'2014-10-01 17:30:43'),(3477,73,2,8,0,0,0,'2014-10-01 17:30:43'),(3478,73,2,8,0,0,0,'2014-10-01 17:30:43'),(3479,73,2,8,0,0,0,'2014-10-01 17:30:43'),(3480,73,2,8,0,0,0,'2014-10-01 17:30:43'),(3481,73,2,8,0,0,0,'2014-10-01 17:30:43'),(3482,73,2,8,0,0,0,'2014-10-01 17:30:43'),(3483,73,2,8,0,0,0,'2014-10-01 17:30:43'),(3484,73,2,8,0,0,0,'2014-10-01 17:30:43'),(3485,73,2,8,0,0,0,'2014-10-01 17:30:44'),(3486,73,2,8,0,0,0,'2014-10-01 17:30:44'),(3487,73,2,8,0,0,0,'2014-10-01 17:30:44'),(3488,73,2,8,0,25,0,'2014-10-01 17:30:45'),(3489,73,2,8,0,0,0,'2014-10-01 17:30:45'),(3490,73,2,8,0,0,0,'2014-10-01 17:30:45'),(3491,73,2,8,0,0,0,'2014-10-01 17:30:45'),(3492,73,2,8,0,0,0,'2014-10-01 17:30:45'),(3493,73,2,8,0,0,0,'2014-10-01 17:30:46'),(3494,73,2,8,0,0,0,'2014-10-01 17:30:46'),(3495,73,2,8,0,25,0,'2014-10-01 17:30:46'),(3496,73,2,8,0,0,0,'2014-10-01 17:30:47'),(3497,73,2,8,0,0,0,'2014-10-01 17:30:47'),(3498,73,2,8,0,0,0,'2014-10-01 17:30:47'),(3499,73,2,8,0,0,0,'2014-10-01 17:30:48'),(3500,73,2,8,0,0,0,'2014-10-01 17:30:48'),(3501,73,2,8,0,0,0,'2014-10-01 17:30:48'),(3502,73,2,8,0,0,0,'2014-10-01 17:30:48'),(3503,73,2,9,0,0,0,'2014-10-01 17:30:55'),(3504,73,2,9,0,0,0,'2014-10-01 17:30:56'),(3505,73,2,9,0,0,0,'2014-10-01 17:30:56'),(3506,73,2,9,0,0,0,'2014-10-01 17:30:57'),(3507,73,2,9,0,0,0,'2014-10-01 17:30:57'),(3508,73,2,9,0,0,0,'2014-10-01 17:30:58'),(3509,73,2,9,0,0,0,'2014-10-01 17:30:58'),(3510,73,2,9,0,0,0,'2014-10-01 17:30:58'),(3511,73,2,9,0,0,0,'2014-10-01 17:30:58'),(3512,73,2,9,0,0,0,'2014-10-01 17:30:58'),(3513,73,2,9,0,0,0,'2014-10-01 17:30:58'),(3514,73,2,9,0,0,0,'2014-10-01 17:30:58'),(3515,73,2,9,0,0,0,'2014-10-01 17:30:58'),(3516,73,2,9,0,0,0,'2014-10-01 17:30:58'),(3517,73,2,9,0,0,0,'2014-10-01 17:30:58'),(3518,73,2,9,0,0,0,'2014-10-01 17:30:58'),(3519,73,2,9,0,0,0,'2014-10-01 17:30:58'),(3520,73,2,9,0,0,0,'2014-10-01 17:30:58'),(3521,73,2,9,0,0,0,'2014-10-01 17:30:58'),(3522,73,2,9,0,0,0,'2014-10-01 17:30:59'),(3523,73,2,9,0,0,0,'2014-10-01 17:30:59'),(3524,73,2,9,0,25,0,'2014-10-01 17:31:01'),(3525,73,2,8,0,25,0,'2014-10-01 17:31:02'),(3526,73,2,8,0,25,0,'2014-10-01 17:31:02'),(3527,73,2,9,0,0,0,'2014-10-01 18:12:29'),(3528,73,2,9,0,0,0,'2014-10-01 18:12:29'),(3529,73,2,9,0,0,0,'2014-10-01 18:12:33'),(3530,73,2,9,0,0,0,'2014-10-01 18:12:46'),(3531,73,2,9,0,0,0,'2014-10-01 18:12:46'),(3532,73,2,9,0,0,0,'2014-10-01 18:12:48'),(3533,73,2,9,0,0,0,'2014-10-01 18:12:48'),(3534,73,2,9,0,0,0,'2014-10-01 18:12:48'),(3535,73,2,9,0,0,0,'2014-10-01 18:12:49'),(3536,73,2,9,0,0,0,'2014-10-01 18:12:49'),(3537,73,2,9,0,0,0,'2014-10-01 18:12:49'),(3538,73,2,9,0,0,0,'2014-10-01 18:12:49'),(3539,73,2,9,0,0,0,'2014-10-01 18:12:49'),(3540,73,2,9,0,0,0,'2014-10-01 18:12:49'),(3541,73,2,9,0,0,0,'2014-10-01 18:12:49'),(3542,73,2,9,0,0,0,'2014-10-01 18:12:49'),(3543,73,2,9,0,0,0,'2014-10-01 18:12:49'),(3544,73,2,9,0,0,0,'2014-10-01 18:12:49'),(3545,73,2,9,0,0,0,'2014-10-01 18:12:49'),(3546,73,2,9,0,0,0,'2014-10-01 18:12:49'),(3547,73,2,9,0,0,0,'2014-10-01 18:12:49'),(3548,73,2,9,0,0,0,'2014-10-01 18:12:49'),(3549,73,2,9,0,0,0,'2014-10-01 18:12:50'),(3550,73,2,9,0,0,0,'2014-10-01 18:12:50'),(3551,73,2,9,0,0,0,'2014-10-01 18:12:50'),(3552,73,2,9,0,0,0,'2014-10-01 18:12:50'),(3553,73,2,9,0,0,0,'2014-10-01 18:12:50'),(3554,73,2,9,0,0,0,'2014-10-01 18:12:50'),(3555,73,2,9,0,0,0,'2014-10-01 18:12:50'),(3556,73,2,9,0,0,0,'2014-10-01 18:12:50'),(3557,73,2,9,0,0,0,'2014-10-01 18:12:50'),(3558,73,2,9,0,0,0,'2014-10-01 18:12:50'),(3559,73,2,9,0,0,0,'2014-10-01 18:12:50'),(3560,73,2,9,0,0,0,'2014-10-01 18:12:50'),(3561,73,2,9,0,0,0,'2014-10-01 18:12:50'),(3562,73,2,9,0,0,0,'2014-10-01 18:12:50'),(3563,73,2,9,0,0,0,'2014-10-01 18:12:50'),(3564,73,2,9,0,0,0,'2014-10-01 18:12:50'),(3565,73,2,9,0,0,0,'2014-10-01 18:12:50'),(3566,73,2,9,0,0,0,'2014-10-01 18:12:50'),(3567,73,2,9,0,0,0,'2014-10-01 18:12:50'),(3568,73,2,9,0,0,0,'2014-10-01 18:12:50'),(3569,73,2,9,0,0,0,'2014-10-01 18:12:50'),(3570,73,2,9,0,0,0,'2014-10-01 18:12:50'),(3571,73,2,9,0,0,0,'2014-10-01 18:12:50'),(3572,73,2,9,0,0,0,'2014-10-01 18:12:50'),(3573,73,2,9,0,0,0,'2014-10-01 18:12:50'),(3574,73,2,9,0,0,0,'2014-10-01 18:12:50'),(3575,73,2,9,0,0,0,'2014-10-01 18:12:50'),(3576,73,2,9,0,0,0,'2014-10-01 18:12:50'),(3577,73,2,9,0,0,0,'2014-10-01 18:12:50'),(3578,73,2,9,0,0,0,'2014-10-01 18:12:50'),(3579,73,2,9,0,0,0,'2014-10-01 18:12:51'),(3580,73,2,9,0,0,0,'2014-10-01 18:12:51'),(3581,73,2,9,0,0,0,'2014-10-01 18:12:51'),(3582,73,2,9,0,0,0,'2014-10-01 18:12:51'),(3583,73,2,9,0,0,0,'2014-10-01 18:12:51'),(3584,73,2,9,0,0,0,'2014-10-01 18:12:51'),(3585,73,2,9,0,0,0,'2014-10-01 18:12:51'),(3586,73,2,9,0,0,0,'2014-10-01 18:12:51'),(3587,73,2,9,0,0,0,'2014-10-01 18:12:51'),(3588,73,2,9,0,0,0,'2014-10-01 18:12:51'),(3589,73,2,9,0,0,0,'2014-10-01 18:12:51'),(3590,73,2,9,0,0,0,'2014-10-01 18:12:51'),(3591,73,2,9,0,0,0,'2014-10-01 18:12:51'),(3592,73,2,9,0,0,0,'2014-10-01 18:12:51'),(3593,73,2,9,0,0,0,'2014-10-01 18:12:51'),(3594,73,2,9,0,0,0,'2014-10-01 18:12:51'),(3595,73,2,9,0,0,0,'2014-10-01 18:12:51'),(3596,73,2,9,0,0,0,'2014-10-01 18:12:51'),(3597,73,2,9,0,0,0,'2014-10-01 18:12:51'),(3598,73,2,9,0,0,0,'2014-10-01 18:12:51'),(3599,73,2,9,0,0,0,'2014-10-01 18:12:51'),(3600,73,2,9,0,0,0,'2014-10-01 18:12:51'),(3601,73,2,9,0,0,0,'2014-10-01 18:12:51'),(3602,73,2,9,0,0,0,'2014-10-01 18:12:51'),(3603,73,2,9,0,0,0,'2014-10-01 18:12:51'),(3604,73,2,9,0,0,0,'2014-10-01 18:12:51'),(3605,73,2,9,0,0,0,'2014-10-01 18:12:51'),(3606,73,2,9,0,0,0,'2014-10-01 18:12:51'),(3607,73,2,9,0,0,0,'2014-10-01 18:12:51'),(3608,73,2,9,0,0,0,'2014-10-01 18:12:52'),(3609,73,2,9,0,0,0,'2014-10-01 18:12:52'),(3610,73,2,9,0,0,0,'2014-10-01 18:12:52'),(3611,73,2,9,0,0,0,'2014-10-01 18:12:52'),(3612,73,2,9,0,0,0,'2014-10-01 18:12:52'),(3613,73,2,9,0,0,0,'2014-10-01 18:12:52'),(3614,73,2,9,0,0,0,'2014-10-01 18:12:52'),(3615,73,2,9,0,0,0,'2014-10-01 18:12:52'),(3616,73,2,9,0,0,0,'2014-10-01 18:12:52'),(3617,73,2,9,0,0,0,'2014-10-01 18:12:52'),(3618,73,2,9,0,0,0,'2014-10-01 18:12:52'),(3619,73,2,9,0,0,0,'2014-10-01 18:12:52'),(3620,73,2,9,0,0,0,'2014-10-01 18:12:52'),(3621,73,2,9,0,0,0,'2014-10-01 18:12:52'),(3622,73,2,9,0,0,0,'2014-10-01 18:12:52'),(3623,73,2,9,0,0,0,'2014-10-01 18:12:52'),(3624,73,2,9,0,0,0,'2014-10-01 18:12:52'),(3625,73,2,9,0,0,0,'2014-10-01 18:12:52'),(3626,73,2,9,0,0,0,'2014-10-01 18:12:52'),(3627,73,2,9,0,0,0,'2014-10-01 18:12:52'),(3628,73,2,9,0,0,0,'2014-10-01 18:12:52'),(3629,73,2,9,0,0,0,'2014-10-01 18:12:52'),(3630,73,2,9,0,0,0,'2014-10-01 18:12:52'),(3631,73,2,9,0,0,0,'2014-10-01 18:12:52'),(3632,73,2,9,0,0,0,'2014-10-01 18:12:52'),(3633,73,2,9,0,0,0,'2014-10-01 18:12:52'),(3634,73,2,9,0,0,0,'2014-10-01 18:12:52'),(3635,73,2,9,0,0,0,'2014-10-01 18:12:52'),(3636,73,2,9,0,0,0,'2014-10-01 18:12:52'),(3637,73,2,9,0,0,0,'2014-10-01 18:12:52'),(3638,73,2,9,0,0,0,'2014-10-01 18:12:52'),(3639,73,2,9,0,0,0,'2014-10-01 18:12:52'),(3640,73,2,9,0,0,0,'2014-10-01 18:12:52'),(3641,73,2,9,0,0,0,'2014-10-01 18:12:52'),(3642,73,2,9,0,0,0,'2014-10-01 18:12:52'),(3643,73,2,9,0,0,0,'2014-10-01 18:12:52'),(3644,73,2,9,0,0,0,'2014-10-01 18:12:52'),(3645,73,2,9,0,0,0,'2014-10-01 18:12:52'),(3646,73,2,9,0,0,0,'2014-10-01 18:12:52'),(3647,73,2,9,0,0,0,'2014-10-01 18:12:52'),(3648,73,2,9,0,0,0,'2014-10-01 18:12:52'),(3649,73,2,9,0,0,0,'2014-10-01 18:12:52'),(3650,73,2,9,0,0,0,'2014-10-01 18:12:52'),(3651,73,2,9,0,0,0,'2014-10-01 18:12:52'),(3652,73,2,9,0,0,0,'2014-10-01 18:12:52'),(3653,73,2,9,0,0,0,'2014-10-01 18:12:52'),(3654,73,2,9,0,0,0,'2014-10-01 18:12:52'),(3655,73,2,9,0,0,0,'2014-10-01 18:12:52'),(3656,73,2,9,0,0,0,'2014-10-01 18:12:52'),(3657,73,2,9,0,0,0,'2014-10-01 18:12:53'),(3658,73,2,9,0,0,0,'2014-10-01 18:12:53'),(3659,73,2,9,0,0,0,'2014-10-01 18:12:53'),(3660,73,2,9,0,0,0,'2014-10-01 18:12:53'),(3661,73,2,9,0,0,0,'2014-10-01 18:12:53'),(3662,73,2,9,0,0,0,'2014-10-01 18:12:53'),(3663,73,2,9,0,0,0,'2014-10-01 18:12:53'),(3664,73,2,9,0,0,0,'2014-10-01 18:12:53'),(3665,73,2,9,0,0,0,'2014-10-01 18:12:53'),(3666,73,2,9,0,0,0,'2014-10-01 18:12:53'),(3667,73,2,9,0,0,0,'2014-10-01 18:12:53'),(3668,73,2,9,0,0,0,'2014-10-01 18:12:53'),(3669,73,2,9,0,0,0,'2014-10-01 18:12:53'),(3670,73,2,9,0,0,0,'2014-10-01 18:12:53'),(3671,73,2,9,0,0,0,'2014-10-01 18:12:53'),(3672,73,2,9,0,0,0,'2014-10-01 18:12:53'),(3673,73,2,9,0,0,0,'2014-10-01 18:12:53'),(3674,73,2,9,0,0,0,'2014-10-01 18:12:53'),(3675,73,2,9,0,0,0,'2014-10-01 18:12:53'),(3676,73,2,9,0,0,0,'2014-10-01 18:12:53'),(3677,73,2,9,0,0,0,'2014-10-01 18:12:53'),(3678,73,2,9,0,0,0,'2014-10-01 18:12:53'),(3679,73,2,9,0,0,0,'2014-10-01 18:12:53'),(3680,73,2,9,0,0,0,'2014-10-01 18:12:53'),(3681,73,2,9,0,0,0,'2014-10-01 18:12:53'),(3682,73,2,9,0,0,0,'2014-10-01 18:12:53'),(3683,73,2,9,0,0,0,'2014-10-01 18:12:53'),(3684,73,2,9,0,0,0,'2014-10-01 18:12:53'),(3685,73,2,9,0,0,0,'2014-10-01 18:12:53'),(3686,73,2,9,0,0,0,'2014-10-01 18:12:53'),(3687,73,2,9,0,0,0,'2014-10-01 18:12:53'),(3688,73,2,9,0,0,0,'2014-10-01 18:12:53'),(3689,73,2,9,0,0,0,'2014-10-01 18:12:53'),(3690,73,2,9,0,0,0,'2014-10-01 18:12:53'),(3691,73,2,9,0,0,0,'2014-10-01 18:12:53'),(3692,73,2,9,0,0,0,'2014-10-01 18:12:53'),(3693,73,2,9,0,0,0,'2014-10-01 18:12:53'),(3694,73,2,9,0,0,0,'2014-10-01 18:12:53'),(3695,73,2,9,0,0,0,'2014-10-01 18:12:53'),(3696,73,2,9,0,0,0,'2014-10-01 18:12:53'),(3697,73,2,9,0,0,0,'2014-10-01 18:12:53'),(3698,73,2,9,0,0,0,'2014-10-01 18:12:53'),(3699,73,2,9,0,0,0,'2014-10-01 18:12:53'),(3700,73,2,9,0,0,0,'2014-10-01 18:12:53'),(3701,73,2,9,0,0,0,'2014-10-01 18:12:54'),(3702,73,2,9,0,0,0,'2014-10-01 18:12:54'),(3703,73,2,9,0,0,0,'2014-10-01 18:12:54'),(3704,73,2,9,0,0,0,'2014-10-01 18:12:54'),(3705,73,2,9,0,0,0,'2014-10-01 18:12:54'),(3706,73,2,9,0,0,0,'2014-10-01 18:12:54'),(3707,73,2,9,0,0,0,'2014-10-01 18:12:54'),(3708,73,2,9,0,0,0,'2014-10-01 18:12:54'),(3709,73,2,9,0,0,0,'2014-10-01 18:12:54'),(3710,73,2,9,0,0,0,'2014-10-01 18:12:54'),(3711,73,2,9,0,0,0,'2014-10-01 18:12:54'),(3712,73,2,9,0,0,0,'2014-10-01 18:12:54'),(3713,73,2,9,0,0,0,'2014-10-01 18:12:54'),(3714,73,2,9,0,0,0,'2014-10-01 18:12:54'),(3715,73,2,9,0,0,0,'2014-10-01 18:12:54'),(3716,73,2,9,0,0,0,'2014-10-01 18:12:54'),(3717,73,2,9,0,0,0,'2014-10-01 18:12:54'),(3718,73,2,9,0,0,0,'2014-10-01 18:12:54'),(3719,73,2,9,0,0,0,'2014-10-01 18:12:54'),(3720,73,2,9,0,0,0,'2014-10-01 18:12:54'),(3721,73,2,9,0,0,0,'2014-10-01 18:12:54'),(3722,73,2,9,0,0,0,'2014-10-01 18:12:54'),(3723,73,2,9,0,0,0,'2014-10-01 18:12:54'),(3724,73,2,9,0,0,0,'2014-10-01 18:12:54'),(3725,73,2,9,0,0,0,'2014-10-01 18:12:54'),(3726,73,2,9,0,0,0,'2014-10-01 18:12:54'),(3727,73,2,9,0,0,0,'2014-10-01 18:12:54'),(3728,73,2,9,0,0,0,'2014-10-01 18:12:54'),(3729,73,2,9,0,0,0,'2014-10-01 18:12:54'),(3730,73,2,9,0,0,0,'2014-10-01 18:12:54'),(3731,73,2,9,0,0,0,'2014-10-01 18:12:54'),(3732,73,2,9,0,0,0,'2014-10-01 18:12:54'),(3733,73,2,9,0,0,0,'2014-10-01 18:12:54'),(3734,73,2,9,0,0,0,'2014-10-01 18:12:54'),(3735,73,2,9,0,0,0,'2014-10-01 18:12:54'),(3736,73,2,9,0,0,0,'2014-10-01 18:12:54'),(3737,73,2,9,0,0,0,'2014-10-01 18:12:54'),(3738,73,2,9,0,0,0,'2014-10-01 18:12:54'),(3739,73,2,9,0,0,0,'2014-10-01 18:12:54'),(3740,73,2,9,0,0,0,'2014-10-01 18:12:54'),(3741,73,2,9,0,0,0,'2014-10-01 18:12:54'),(3742,73,2,9,0,0,0,'2014-10-01 18:12:54'),(3743,73,2,9,0,0,0,'2014-10-01 18:12:54'),(3744,73,2,9,0,0,0,'2014-10-01 18:12:54'),(3745,73,2,9,0,0,0,'2014-10-01 18:12:54'),(3746,73,2,9,0,0,0,'2014-10-01 18:12:54'),(3747,73,2,9,0,0,0,'2014-10-01 18:12:55'),(3748,73,2,9,0,0,0,'2014-10-01 18:12:55'),(3749,73,2,9,0,0,0,'2014-10-01 18:12:55'),(3750,73,2,9,0,0,0,'2014-10-01 18:12:55'),(3751,73,2,9,0,0,0,'2014-10-01 18:12:55'),(3752,73,2,9,0,0,0,'2014-10-01 18:12:55'),(3753,73,2,9,0,0,0,'2014-10-01 18:12:55'),(3754,73,2,9,0,0,0,'2014-10-01 18:12:55'),(3755,73,2,9,0,0,0,'2014-10-01 18:12:55'),(3756,73,2,9,0,0,0,'2014-10-01 18:12:55'),(3757,73,2,9,0,0,0,'2014-10-01 18:12:55'),(3758,73,2,9,0,0,0,'2014-10-01 18:12:55'),(3759,73,2,9,0,0,0,'2014-10-01 18:12:55'),(3760,73,2,9,0,0,0,'2014-10-01 18:12:55'),(3761,73,2,9,0,0,0,'2014-10-01 18:12:55'),(3762,73,2,9,0,0,0,'2014-10-01 18:12:55'),(3763,73,2,9,0,0,0,'2014-10-01 18:12:55'),(3764,73,2,9,0,0,0,'2014-10-01 18:12:55'),(3765,73,2,9,0,0,0,'2014-10-01 18:12:55'),(3766,73,2,9,0,0,0,'2014-10-01 18:12:55'),(3767,73,2,9,0,0,0,'2014-10-01 18:12:55'),(3768,73,2,9,0,0,0,'2014-10-01 18:12:55'),(3769,73,2,9,0,0,0,'2014-10-01 18:12:55'),(3770,73,2,9,0,0,0,'2014-10-01 18:12:55'),(3771,73,2,9,0,0,0,'2014-10-01 18:12:55'),(3772,73,2,9,0,0,0,'2014-10-01 18:12:55'),(3773,73,2,9,0,0,0,'2014-10-01 18:12:55'),(3774,73,2,9,0,0,0,'2014-10-01 18:12:55'),(3775,73,2,9,0,0,0,'2014-10-01 18:12:55'),(3776,73,2,9,0,0,0,'2014-10-01 18:12:55'),(3777,73,2,9,0,0,0,'2014-10-01 18:12:55'),(3778,73,2,9,0,0,0,'2014-10-01 18:12:55'),(3779,73,2,9,0,0,0,'2014-10-01 18:12:55'),(3780,73,2,9,0,0,0,'2014-10-01 18:12:55'),(3781,73,2,9,0,0,0,'2014-10-01 18:12:55'),(3782,73,2,9,0,0,0,'2014-10-01 18:12:55'),(3783,73,2,9,0,0,0,'2014-10-01 18:12:55'),(3784,73,2,9,0,0,0,'2014-10-01 18:12:55'),(3785,73,2,9,0,0,0,'2014-10-01 18:12:55'),(3786,73,2,9,0,0,0,'2014-10-01 18:12:55'),(3787,73,2,9,0,0,0,'2014-10-01 18:12:55'),(3788,73,2,9,0,0,0,'2014-10-01 18:12:55'),(3789,73,2,9,0,0,0,'2014-10-01 18:12:55'),(3790,73,2,9,0,0,0,'2014-10-01 18:12:55'),(3791,73,2,9,0,0,0,'2014-10-01 18:12:55'),(3792,73,2,9,0,0,0,'2014-10-01 18:12:55'),(3793,73,2,9,0,0,0,'2014-10-01 18:12:55'),(3794,73,2,9,0,0,0,'2014-10-01 18:12:55'),(3795,73,2,9,0,0,0,'2014-10-01 18:12:55'),(3796,73,2,9,0,0,0,'2014-10-01 18:12:55'),(3797,73,2,9,0,0,0,'2014-10-01 18:12:55'),(3798,73,2,9,0,0,0,'2014-10-01 18:12:55'),(3799,73,2,9,0,0,0,'2014-10-01 18:12:56'),(3800,73,2,9,0,0,0,'2014-10-01 18:12:56'),(3801,73,2,9,0,0,0,'2014-10-01 18:12:56'),(3802,73,2,9,0,0,0,'2014-10-01 18:12:56'),(3803,73,2,9,0,0,0,'2014-10-01 18:12:56'),(3804,73,2,9,0,0,0,'2014-10-01 18:12:56'),(3805,73,2,9,0,0,0,'2014-10-01 18:12:56'),(3806,73,2,9,0,0,0,'2014-10-01 18:12:56'),(3807,73,2,9,0,0,0,'2014-10-01 18:12:56'),(3808,73,2,9,0,0,0,'2014-10-01 18:12:56'),(3809,73,2,9,0,0,0,'2014-10-01 18:12:56'),(3810,73,2,9,0,0,0,'2014-10-01 18:12:56'),(3811,73,2,9,0,0,0,'2014-10-01 18:12:56'),(3812,73,2,9,0,0,0,'2014-10-01 18:12:56'),(3813,73,2,9,0,0,0,'2014-10-01 18:12:56'),(3814,73,2,9,0,0,0,'2014-10-01 18:12:56'),(3815,73,2,9,0,0,0,'2014-10-01 18:12:56'),(3816,73,2,9,0,0,0,'2014-10-01 18:12:56'),(3817,73,2,9,0,0,0,'2014-10-01 18:12:56'),(3818,73,2,9,0,0,0,'2014-10-01 18:12:56'),(3819,73,2,9,0,0,0,'2014-10-01 18:12:56'),(3820,73,2,9,0,0,0,'2014-10-01 18:12:56'),(3821,73,2,9,0,0,0,'2014-10-01 18:12:56'),(3822,73,2,9,0,0,0,'2014-10-01 18:12:56'),(3823,73,2,9,0,0,0,'2014-10-01 18:12:56'),(3824,73,2,9,0,0,0,'2014-10-01 18:12:56'),(3825,73,2,9,0,0,0,'2014-10-01 18:12:56'),(3826,73,2,9,0,0,0,'2014-10-01 18:12:56'),(3827,73,2,9,0,0,0,'2014-10-01 18:12:56'),(3828,73,2,9,0,0,0,'2014-10-01 18:12:56'),(3829,73,2,9,0,0,0,'2014-10-01 18:12:56'),(3830,73,2,9,0,0,0,'2014-10-01 18:12:56'),(3831,73,2,9,0,0,0,'2014-10-01 18:12:56'),(3832,73,2,9,0,0,0,'2014-10-01 18:12:56'),(3833,73,2,9,0,0,0,'2014-10-01 18:12:56'),(3834,73,2,9,0,0,0,'2014-10-01 18:12:56'),(3835,73,2,9,0,0,0,'2014-10-01 18:12:56'),(3836,73,2,9,0,0,0,'2014-10-01 18:12:56'),(3837,73,2,9,0,0,0,'2014-10-01 18:12:56'),(3838,73,2,9,0,0,0,'2014-10-01 18:12:56'),(3839,73,2,9,0,0,0,'2014-10-01 18:12:56'),(3840,73,2,9,0,0,0,'2014-10-01 18:12:56'),(3841,73,2,9,0,0,0,'2014-10-01 18:12:56'),(3842,73,2,9,0,0,0,'2014-10-01 18:12:56'),(3843,73,2,9,0,0,0,'2014-10-01 18:12:56'),(3844,73,2,9,0,0,0,'2014-10-01 18:12:56'),(3845,73,2,9,0,0,0,'2014-10-01 18:12:56'),(3846,73,2,9,0,0,0,'2014-10-01 18:12:57'),(3847,73,2,9,0,0,0,'2014-10-01 18:12:57'),(3848,73,2,9,0,0,0,'2014-10-01 18:12:57'),(3849,73,2,9,0,0,0,'2014-10-01 18:12:57'),(3850,73,2,9,0,0,0,'2014-10-01 18:12:57'),(3851,73,2,9,0,0,0,'2014-10-01 18:12:57'),(3852,73,2,9,0,0,0,'2014-10-01 18:12:57'),(3853,73,2,9,0,0,0,'2014-10-01 18:12:57'),(3854,73,2,9,0,0,0,'2014-10-01 18:12:57'),(3855,73,2,9,0,0,0,'2014-10-01 18:12:57'),(3856,73,2,9,0,0,0,'2014-10-01 18:12:57'),(3857,73,2,9,0,0,0,'2014-10-01 18:12:57'),(3858,73,2,9,0,0,0,'2014-10-01 18:12:57'),(3859,73,2,9,0,0,0,'2014-10-01 18:12:57'),(3860,73,2,9,0,0,0,'2014-10-01 18:12:57'),(3861,73,2,9,0,0,0,'2014-10-01 18:12:57'),(3862,73,2,9,0,0,0,'2014-10-01 18:12:57'),(3863,73,2,9,0,0,0,'2014-10-01 18:12:57'),(3864,73,2,9,0,0,0,'2014-10-01 18:12:57'),(3865,73,2,9,0,0,0,'2014-10-01 18:12:57'),(3866,73,2,9,0,0,0,'2014-10-01 18:12:57'),(3867,73,2,9,0,0,0,'2014-10-01 18:12:57'),(3868,73,2,9,0,0,0,'2014-10-01 18:12:57'),(3869,73,2,9,0,0,0,'2014-10-01 18:12:57'),(3870,73,2,9,0,0,0,'2014-10-01 18:12:57'),(3871,73,2,9,0,0,0,'2014-10-01 18:12:57'),(3872,73,2,9,0,0,0,'2014-10-01 18:12:57'),(3873,73,2,9,0,0,0,'2014-10-01 18:12:57'),(3874,73,2,9,0,0,0,'2014-10-01 18:12:57'),(3875,73,2,9,0,0,0,'2014-10-01 18:12:57'),(3876,73,2,9,0,0,0,'2014-10-01 18:12:57'),(3877,73,2,9,0,0,0,'2014-10-01 18:12:57'),(3878,73,2,9,0,0,0,'2014-10-01 18:12:57'),(3879,73,2,9,0,0,0,'2014-10-01 18:12:57'),(3880,73,2,9,0,0,0,'2014-10-01 18:12:57'),(3881,73,2,9,0,0,0,'2014-10-01 18:12:57'),(3882,73,2,9,0,0,0,'2014-10-01 18:12:57'),(3883,73,2,9,0,0,0,'2014-10-01 18:12:57'),(3884,73,2,9,0,0,0,'2014-10-01 18:12:57'),(3885,73,2,9,0,0,0,'2014-10-01 18:12:57'),(3886,73,2,9,0,0,0,'2014-10-01 18:12:57'),(3887,73,2,9,0,0,0,'2014-10-01 18:12:57'),(3888,73,2,9,0,0,0,'2014-10-01 18:12:57'),(3889,73,2,9,0,0,0,'2014-10-01 18:12:57'),(3890,73,2,9,0,0,0,'2014-10-01 18:12:57'),(3891,73,2,9,0,0,0,'2014-10-01 18:12:57'),(3892,73,2,9,0,0,0,'2014-10-01 18:12:57'),(3893,73,2,9,0,0,0,'2014-10-01 18:12:57'),(3894,73,2,9,0,0,0,'2014-10-01 18:12:57'),(3895,73,2,9,0,0,0,'2014-10-01 18:12:58'),(3896,73,2,9,0,0,0,'2014-10-01 18:12:58'),(3897,73,2,9,0,0,0,'2014-10-01 18:12:58'),(3898,73,2,9,0,0,0,'2014-10-01 18:12:58'),(3899,73,2,9,0,0,0,'2014-10-01 18:12:58'),(3900,73,2,9,0,0,0,'2014-10-01 18:12:58'),(3901,73,2,9,0,0,0,'2014-10-01 18:12:58'),(3902,73,2,9,0,0,0,'2014-10-01 18:12:58'),(3903,73,2,9,0,0,0,'2014-10-01 18:12:58'),(3904,73,2,9,0,0,0,'2014-10-01 18:12:58'),(3905,73,2,9,0,0,0,'2014-10-01 18:12:58'),(3906,73,2,9,0,0,0,'2014-10-01 18:12:58'),(3907,73,2,9,0,0,0,'2014-10-01 18:12:58'),(3908,73,2,9,0,0,0,'2014-10-01 18:12:58'),(3909,73,2,9,0,0,0,'2014-10-01 18:12:58'),(3910,73,2,9,0,0,0,'2014-10-01 18:12:58'),(3911,73,2,9,0,0,0,'2014-10-01 18:12:58'),(3912,73,2,9,0,0,0,'2014-10-01 18:12:58'),(3913,73,2,9,0,0,0,'2014-10-01 18:12:58'),(3914,73,2,9,0,0,0,'2014-10-01 18:12:58'),(3915,73,2,9,0,0,0,'2014-10-01 18:12:58'),(3916,73,2,9,0,0,0,'2014-10-01 18:12:58'),(3917,73,2,9,0,0,0,'2014-10-01 18:12:58'),(3918,73,2,9,0,0,0,'2014-10-01 18:12:58'),(3919,73,2,9,0,0,0,'2014-10-01 18:12:58'),(3920,73,2,9,0,0,0,'2014-10-01 18:12:58'),(3921,73,2,9,0,0,0,'2014-10-01 18:12:58'),(3922,73,2,9,0,0,0,'2014-10-01 18:12:58'),(3923,73,2,9,0,0,0,'2014-10-01 18:12:58'),(3924,73,2,9,0,0,0,'2014-10-01 18:12:58'),(3925,73,2,9,0,0,0,'2014-10-01 18:12:58'),(3926,73,2,9,0,0,0,'2014-10-01 18:12:58'),(3927,73,2,9,0,0,0,'2014-10-01 18:12:58'),(3928,73,2,9,0,0,0,'2014-10-01 18:12:58'),(3929,73,2,9,0,0,0,'2014-10-01 18:12:58'),(3930,73,2,9,0,0,0,'2014-10-01 18:12:58'),(3931,73,2,9,0,0,0,'2014-10-01 18:12:58'),(3932,73,2,9,0,0,0,'2014-10-01 18:12:58'),(3933,73,2,9,0,0,0,'2014-10-01 18:12:58'),(3934,73,2,9,0,0,0,'2014-10-01 18:12:58'),(3935,73,2,9,0,0,0,'2014-10-01 18:12:58'),(3936,73,2,9,0,0,0,'2014-10-01 18:12:58'),(3937,73,2,9,0,0,0,'2014-10-01 18:12:58'),(3938,73,2,9,0,0,0,'2014-10-01 18:12:58'),(3939,73,2,9,0,0,0,'2014-10-01 18:12:58'),(3940,73,2,9,0,0,0,'2014-10-01 18:12:58'),(3941,73,2,9,0,0,0,'2014-10-01 18:12:58'),(3942,73,2,9,0,0,0,'2014-10-01 18:12:58'),(3943,73,2,9,0,0,0,'2014-10-01 18:12:58'),(3944,73,2,9,0,0,0,'2014-10-01 18:12:58'),(3945,73,2,9,0,0,0,'2014-10-01 18:12:58'),(3946,73,2,9,0,0,0,'2014-10-01 18:12:58'),(3947,73,2,9,0,0,0,'2014-10-01 18:12:58'),(3948,73,2,9,0,0,0,'2014-10-01 18:12:58'),(3949,73,2,9,0,0,0,'2014-10-01 18:12:58'),(3950,73,2,9,0,0,0,'2014-10-01 18:12:58'),(3951,73,2,9,0,0,0,'2014-10-01 18:12:59'),(3952,73,2,9,0,0,0,'2014-10-01 18:12:59'),(3953,73,2,9,0,0,0,'2014-10-01 18:12:59'),(3954,73,2,9,0,0,0,'2014-10-01 18:12:59'),(3955,73,2,9,0,0,0,'2014-10-01 18:12:59'),(3956,73,2,9,0,0,0,'2014-10-01 18:12:59'),(3957,73,2,9,0,0,0,'2014-10-01 18:12:59'),(3958,73,2,9,0,0,0,'2014-10-01 18:12:59'),(3959,73,2,9,0,0,0,'2014-10-01 18:12:59'),(3960,73,2,9,0,0,0,'2014-10-01 18:12:59'),(3961,73,2,9,0,0,0,'2014-10-01 18:12:59'),(3962,73,2,9,0,0,0,'2014-10-01 18:12:59'),(3963,73,2,9,0,0,0,'2014-10-01 18:12:59'),(3964,73,2,9,0,0,0,'2014-10-01 18:12:59'),(3965,73,2,9,0,0,0,'2014-10-01 18:12:59'),(3966,73,2,9,0,0,0,'2014-10-01 18:12:59'),(3967,73,2,9,0,0,0,'2014-10-01 18:12:59'),(3968,73,2,9,0,0,0,'2014-10-01 18:12:59'),(3969,73,2,9,0,0,0,'2014-10-01 18:12:59'),(3970,73,2,9,0,0,0,'2014-10-01 18:12:59'),(3971,73,2,9,0,0,0,'2014-10-01 18:12:59'),(3972,73,2,9,0,0,0,'2014-10-01 18:12:59'),(3973,73,2,9,0,0,0,'2014-10-01 18:12:59'),(3974,73,2,9,0,0,0,'2014-10-01 18:12:59'),(3975,73,2,9,0,0,0,'2014-10-01 18:12:59'),(3976,73,2,9,0,0,0,'2014-10-01 18:12:59'),(3977,73,2,9,0,0,0,'2014-10-01 18:12:59'),(3978,73,2,9,0,0,0,'2014-10-01 18:12:59'),(3979,73,2,9,0,0,0,'2014-10-01 18:12:59'),(3980,73,2,9,0,0,0,'2014-10-01 18:12:59'),(3981,73,2,9,0,0,0,'2014-10-01 18:12:59'),(3982,73,2,9,0,0,0,'2014-10-01 18:12:59'),(3983,73,2,9,0,0,0,'2014-10-01 18:12:59'),(3984,73,2,9,0,0,0,'2014-10-01 18:12:59'),(3985,73,2,9,0,0,0,'2014-10-01 18:12:59'),(3986,73,2,9,0,0,0,'2014-10-01 18:12:59'),(3987,73,2,9,0,0,0,'2014-10-01 18:12:59'),(3988,73,2,9,0,0,0,'2014-10-01 18:12:59'),(3989,73,2,9,0,0,0,'2014-10-01 18:12:59'),(3990,73,2,9,0,0,0,'2014-10-01 18:12:59'),(3991,73,2,9,0,0,0,'2014-10-01 18:12:59'),(3992,73,2,9,0,0,0,'2014-10-01 18:12:59'),(3993,73,2,9,0,0,0,'2014-10-01 18:12:59'),(3994,73,2,9,0,0,0,'2014-10-01 18:12:59'),(3995,73,2,9,0,0,0,'2014-10-01 18:12:59'),(3996,73,2,9,0,0,0,'2014-10-01 18:12:59'),(3997,73,2,9,0,0,0,'2014-10-01 18:12:59'),(3998,73,2,9,0,0,0,'2014-10-01 18:12:59'),(3999,73,2,9,0,0,0,'2014-10-01 18:12:59'),(4000,73,2,9,0,0,0,'2014-10-01 18:12:59'),(4001,73,2,9,0,0,0,'2014-10-01 18:12:59'),(4002,73,2,9,0,0,0,'2014-10-01 18:12:59'),(4003,73,2,9,0,0,0,'2014-10-01 18:12:59'),(4004,73,2,9,0,0,0,'2014-10-01 18:12:59'),(4005,73,2,9,0,0,0,'2014-10-01 18:12:59'),(4006,73,2,9,0,0,0,'2014-10-01 18:12:59'),(4007,73,2,9,0,0,0,'2014-10-01 18:12:59'),(4008,73,2,9,0,0,0,'2014-10-01 18:12:59'),(4009,73,2,9,0,0,0,'2014-10-01 18:12:59'),(4010,73,2,9,0,0,0,'2014-10-01 18:12:59'),(4011,73,2,9,0,0,0,'2014-10-01 18:12:59'),(4012,73,2,9,0,0,0,'2014-10-01 18:12:59'),(4013,73,2,9,0,0,0,'2014-10-01 18:12:59'),(4014,73,2,9,0,0,0,'2014-10-01 18:12:59'),(4015,73,2,9,0,0,0,'2014-10-01 18:13:00'),(4016,73,2,9,0,0,0,'2014-10-01 18:13:00'),(4017,73,2,9,0,0,0,'2014-10-01 18:13:00'),(4018,73,2,9,0,0,0,'2014-10-01 18:13:00'),(4019,73,2,9,0,0,0,'2014-10-01 18:13:00'),(4020,73,2,9,0,0,0,'2014-10-01 18:13:00'),(4021,73,2,9,0,0,0,'2014-10-01 18:13:00'),(4022,73,2,9,0,0,0,'2014-10-01 18:13:00'),(4023,73,2,9,0,0,0,'2014-10-01 18:13:00'),(4024,73,2,9,0,0,0,'2014-10-01 18:13:00'),(4025,73,2,9,0,0,0,'2014-10-01 18:13:00'),(4026,73,2,9,0,0,0,'2014-10-01 18:13:00'),(4027,73,2,9,0,0,0,'2014-10-01 18:13:00'),(4028,73,2,9,0,0,0,'2014-10-01 18:13:00'),(4029,73,2,9,0,0,0,'2014-10-01 18:13:00'),(4030,73,2,9,0,0,0,'2014-10-01 18:13:00'),(4031,73,2,9,0,0,0,'2014-10-01 18:13:00'),(4032,73,2,9,0,0,0,'2014-10-01 18:13:00'),(4033,73,2,9,0,0,0,'2014-10-01 18:13:00'),(4034,73,2,9,0,0,0,'2014-10-01 18:13:00'),(4035,73,2,9,0,0,0,'2014-10-01 18:13:00'),(4036,73,2,9,0,0,0,'2014-10-01 18:13:00'),(4037,73,2,9,0,0,0,'2014-10-01 18:13:00'),(4038,73,2,9,0,0,0,'2014-10-01 18:13:00'),(4039,73,2,9,0,0,0,'2014-10-01 18:13:00'),(4040,73,2,9,0,0,0,'2014-10-01 18:13:00'),(4041,73,2,9,0,0,0,'2014-10-01 18:13:00'),(4042,73,2,9,0,0,0,'2014-10-01 18:13:00'),(4043,73,2,9,0,0,0,'2014-10-01 18:13:00'),(4044,73,2,9,0,0,0,'2014-10-01 18:13:00'),(4045,73,2,9,0,0,0,'2014-10-01 18:13:00'),(4046,73,2,9,0,0,0,'2014-10-01 18:13:00'),(4047,73,2,9,0,0,0,'2014-10-01 18:13:00'),(4048,73,2,9,0,0,0,'2014-10-01 18:13:00'),(4049,73,2,9,0,0,0,'2014-10-01 18:13:00'),(4050,73,2,9,0,0,0,'2014-10-01 18:13:00'),(4051,73,2,9,0,0,0,'2014-10-01 18:13:00'),(4052,73,2,9,0,0,0,'2014-10-01 18:13:00'),(4053,73,2,9,0,0,0,'2014-10-01 18:13:00'),(4054,73,2,9,0,0,0,'2014-10-01 18:13:00'),(4055,73,2,9,0,0,0,'2014-10-01 18:13:00'),(4056,73,2,9,0,0,0,'2014-10-01 18:13:00'),(4057,73,2,9,0,0,0,'2014-10-01 18:13:00'),(4058,73,2,9,0,0,0,'2014-10-01 18:13:00'),(4059,73,2,9,0,0,0,'2014-10-01 18:13:00'),(4060,73,2,9,0,0,0,'2014-10-01 18:13:00'),(4061,73,2,9,0,0,0,'2014-10-01 18:13:00'),(4062,73,2,9,0,0,0,'2014-10-01 18:13:00'),(4063,73,2,9,0,0,0,'2014-10-01 18:13:00'),(4064,73,2,9,0,0,0,'2014-10-01 18:13:00'),(4065,73,2,9,0,0,0,'2014-10-01 18:13:01'),(4066,73,2,9,0,0,0,'2014-10-01 18:13:01'),(4067,73,2,9,0,0,0,'2014-10-01 18:13:01'),(4068,73,2,9,0,0,0,'2014-10-01 18:13:01'),(4069,73,2,9,0,0,0,'2014-10-01 18:13:01'),(4070,73,2,9,0,0,0,'2014-10-01 18:13:01'),(4071,73,2,9,0,0,0,'2014-10-01 18:13:01'),(4072,73,2,9,0,0,0,'2014-10-01 18:13:01'),(4073,73,2,9,0,0,0,'2014-10-01 18:13:01'),(4074,73,2,9,0,0,0,'2014-10-01 18:13:01'),(4075,73,2,9,0,0,0,'2014-10-01 18:13:01'),(4076,73,2,9,0,0,0,'2014-10-01 18:13:01'),(4077,73,2,9,0,0,0,'2014-10-01 18:13:01'),(4078,73,2,9,0,0,0,'2014-10-01 18:13:01'),(4079,73,2,9,0,0,0,'2014-10-01 18:13:01'),(4080,73,2,9,0,0,0,'2014-10-01 18:13:01'),(4081,73,2,9,0,0,0,'2014-10-01 18:13:01'),(4082,73,2,9,0,0,0,'2014-10-01 18:13:01'),(4083,73,2,9,0,0,0,'2014-10-01 18:13:01'),(4084,73,2,9,0,0,0,'2014-10-01 18:13:01'),(4085,73,2,9,0,0,0,'2014-10-01 18:13:01'),(4086,73,2,9,0,0,0,'2014-10-01 18:13:01'),(4087,73,2,9,0,0,0,'2014-10-01 18:13:01'),(4088,73,2,9,0,0,0,'2014-10-01 18:13:01'),(4089,73,2,9,0,0,0,'2014-10-01 18:13:01'),(4090,73,2,9,0,0,0,'2014-10-01 18:13:01'),(4091,73,2,9,0,0,0,'2014-10-01 18:13:01'),(4092,73,2,9,0,0,0,'2014-10-01 18:13:01'),(4093,73,2,9,0,0,0,'2014-10-01 18:13:01'),(4094,73,2,9,0,0,0,'2014-10-01 18:13:01'),(4095,73,2,9,0,0,0,'2014-10-01 18:13:01'),(4096,73,2,9,0,0,0,'2014-10-01 18:13:01'),(4097,73,2,9,0,0,0,'2014-10-01 18:13:01'),(4098,73,2,9,0,0,0,'2014-10-01 18:13:01'),(4099,73,2,9,0,0,0,'2014-10-01 18:13:01'),(4100,73,2,9,0,0,0,'2014-10-01 18:13:01'),(4101,73,2,9,0,0,0,'2014-10-01 18:13:01'),(4102,73,2,9,0,0,0,'2014-10-01 18:13:01'),(4103,73,2,9,0,0,0,'2014-10-01 18:13:01'),(4104,73,2,9,0,0,0,'2014-10-01 18:13:01'),(4105,73,2,9,0,0,0,'2014-10-01 18:13:01'),(4106,73,2,9,0,0,0,'2014-10-01 18:13:01'),(4107,73,2,9,0,0,0,'2014-10-01 18:13:01'),(4108,73,2,9,0,0,0,'2014-10-01 18:13:01'),(4109,73,2,9,0,0,0,'2014-10-01 18:13:01'),(4110,73,2,9,0,0,0,'2014-10-01 18:13:01'),(4111,73,2,9,0,0,0,'2014-10-01 18:13:01'),(4112,73,2,9,0,0,0,'2014-10-01 18:13:01'),(4113,73,2,9,0,0,0,'2014-10-01 18:13:01'),(4114,73,2,9,0,0,0,'2014-10-01 18:13:01'),(4115,73,2,9,0,0,0,'2014-10-01 18:13:01'),(4116,73,2,9,0,0,0,'2014-10-01 18:13:01'),(4117,73,2,9,0,0,0,'2014-10-01 18:13:01'),(4118,73,2,9,0,0,0,'2014-10-01 18:13:01'),(4119,73,2,9,0,0,0,'2014-10-01 18:13:02'),(4120,73,2,9,0,0,0,'2014-10-01 18:13:02'),(4121,73,2,9,0,0,0,'2014-10-01 18:13:02'),(4122,73,2,9,0,0,0,'2014-10-01 18:13:02'),(4123,73,2,9,0,0,0,'2014-10-01 18:13:02'),(4124,73,2,9,0,0,0,'2014-10-01 18:13:02'),(4125,73,2,9,0,0,0,'2014-10-01 18:13:02'),(4126,73,2,9,0,0,0,'2014-10-01 18:13:02'),(4127,73,2,9,0,0,0,'2014-10-01 18:13:02'),(4128,73,2,9,0,0,0,'2014-10-01 18:13:02'),(4129,73,2,9,0,0,0,'2014-10-01 18:13:02'),(4130,73,2,9,0,0,0,'2014-10-01 18:13:02'),(4131,73,2,9,0,0,0,'2014-10-01 18:13:02'),(4132,73,2,9,0,0,0,'2014-10-01 18:13:02'),(4133,73,2,9,0,0,0,'2014-10-01 18:13:02'),(4134,73,2,9,0,0,0,'2014-10-01 18:13:02'),(4135,73,2,9,0,0,0,'2014-10-01 18:13:02'),(4136,73,2,9,0,0,0,'2014-10-01 18:13:02'),(4137,73,2,9,0,0,0,'2014-10-01 18:13:02'),(4138,73,2,9,0,0,0,'2014-10-01 18:13:02'),(4139,73,2,9,0,0,0,'2014-10-01 18:13:02'),(4140,73,2,9,0,0,0,'2014-10-01 18:13:02'),(4141,73,2,9,0,0,0,'2014-10-01 18:13:02'),(4142,73,2,9,0,0,0,'2014-10-01 18:13:02'),(4143,73,2,9,0,0,0,'2014-10-01 18:13:02'),(4144,73,2,9,0,0,0,'2014-10-01 18:13:02'),(4145,73,2,9,0,0,0,'2014-10-01 18:13:02'),(4146,73,2,9,0,0,0,'2014-10-01 18:13:02'),(4147,73,2,9,0,0,0,'2014-10-01 18:13:02'),(4148,73,2,9,0,0,0,'2014-10-01 18:13:02'),(4149,73,2,9,0,0,0,'2014-10-01 18:13:02'),(4150,73,2,9,0,0,0,'2014-10-01 18:13:02'),(4151,73,2,9,0,0,0,'2014-10-01 18:13:02'),(4152,73,2,9,0,0,0,'2014-10-01 18:13:02'),(4153,73,2,9,0,0,0,'2014-10-01 18:13:02'),(4154,73,2,9,0,0,0,'2014-10-01 18:13:02'),(4155,73,2,9,0,0,0,'2014-10-01 18:13:02'),(4156,73,2,9,0,0,0,'2014-10-01 18:13:02'),(4157,73,2,9,0,0,0,'2014-10-01 18:13:02'),(4158,73,2,9,0,0,0,'2014-10-01 18:13:02'),(4159,73,2,9,0,0,0,'2014-10-01 18:13:02'),(4160,73,2,9,0,0,0,'2014-10-01 18:13:02'),(4161,73,2,9,0,0,0,'2014-10-01 18:13:02'),(4162,73,2,9,0,0,0,'2014-10-01 18:13:02'),(4163,73,2,9,0,0,0,'2014-10-01 18:13:02'),(4164,73,2,9,0,0,0,'2014-10-01 18:13:02'),(4165,73,2,9,0,0,0,'2014-10-01 18:13:02'),(4166,73,2,9,0,0,0,'2014-10-01 18:13:02'),(4167,73,2,9,0,0,0,'2014-10-01 18:13:02'),(4168,73,2,9,0,0,0,'2014-10-01 18:13:02'),(4169,73,2,9,0,0,0,'2014-10-01 18:13:02'),(4170,73,2,9,0,0,0,'2014-10-01 18:13:02'),(4171,73,2,9,0,0,0,'2014-10-01 18:13:02'),(4172,73,2,9,0,0,0,'2014-10-01 18:13:03'),(4173,73,2,9,0,0,0,'2014-10-01 18:13:03'),(4174,73,2,9,0,0,0,'2014-10-01 18:13:03'),(4175,73,2,9,0,0,0,'2014-10-01 18:13:03'),(4176,73,2,9,0,0,0,'2014-10-01 18:13:03'),(4177,73,2,9,0,0,0,'2014-10-01 18:13:03'),(4178,73,2,9,0,0,0,'2014-10-01 18:13:03'),(4179,73,2,9,0,0,0,'2014-10-01 18:13:03'),(4180,73,2,9,0,0,0,'2014-10-01 18:13:03'),(4181,73,2,9,0,0,0,'2014-10-01 18:13:03'),(4182,73,2,9,0,0,0,'2014-10-01 18:13:03'),(4183,73,2,9,0,0,0,'2014-10-01 18:13:03'),(4184,73,2,9,0,0,0,'2014-10-01 18:13:03'),(4185,73,2,9,0,0,0,'2014-10-01 18:13:03'),(4186,73,2,9,0,0,0,'2014-10-01 18:13:03'),(4187,73,2,9,0,0,0,'2014-10-01 18:13:03'),(4188,73,2,9,0,0,0,'2014-10-01 18:13:03'),(4189,73,2,9,0,0,0,'2014-10-01 18:13:03'),(4190,73,2,9,0,0,0,'2014-10-01 18:13:03'),(4191,73,2,9,0,0,0,'2014-10-01 18:13:03'),(4192,73,2,9,0,0,0,'2014-10-01 18:13:03'),(4193,73,2,9,0,0,0,'2014-10-01 18:13:03'),(4194,73,2,9,0,0,0,'2014-10-01 18:13:03'),(4195,73,2,9,0,0,0,'2014-10-01 18:13:03'),(4196,73,2,9,0,0,0,'2014-10-01 18:13:03'),(4197,73,2,9,0,0,0,'2014-10-01 18:13:03'),(4198,73,2,9,0,0,0,'2014-10-01 18:13:03'),(4199,73,2,9,0,0,0,'2014-10-01 18:13:03'),(4200,73,2,9,0,0,0,'2014-10-01 18:13:03'),(4201,73,2,9,0,0,0,'2014-10-01 18:13:03'),(4202,73,2,9,0,0,0,'2014-10-01 18:13:03'),(4203,73,2,9,0,0,0,'2014-10-01 18:13:03'),(4204,73,2,9,0,0,0,'2014-10-01 18:13:03'),(4205,73,2,9,0,0,0,'2014-10-01 18:13:03'),(4206,73,2,9,0,0,0,'2014-10-01 18:13:03'),(4207,73,2,9,0,0,0,'2014-10-01 18:13:03'),(4208,73,2,9,0,0,0,'2014-10-01 18:13:03'),(4209,73,2,9,0,0,0,'2014-10-01 18:13:03'),(4210,73,2,9,0,0,0,'2014-10-01 18:13:03'),(4211,73,2,9,0,0,0,'2014-10-01 18:13:03'),(4212,73,2,9,0,0,0,'2014-10-01 18:13:03'),(4213,73,2,9,0,0,0,'2014-10-01 18:13:03'),(4214,73,2,9,0,0,0,'2014-10-01 18:13:03'),(4215,73,2,9,0,0,0,'2014-10-01 18:13:03'),(4216,73,2,9,0,0,0,'2014-10-01 18:13:03'),(4217,73,2,9,0,0,0,'2014-10-01 18:13:03'),(4218,73,2,9,0,0,0,'2014-10-01 18:13:03'),(4219,73,2,9,0,0,0,'2014-10-01 18:13:03'),(4220,73,2,9,0,0,0,'2014-10-01 18:13:03'),(4221,73,2,9,0,0,0,'2014-10-01 18:13:03'),(4222,73,2,9,0,0,0,'2014-10-01 18:13:03'),(4223,73,2,9,0,0,0,'2014-10-01 18:13:04'),(4224,73,2,9,0,0,0,'2014-10-01 18:13:04'),(4225,73,2,9,0,0,0,'2014-10-01 18:13:04'),(4226,73,2,9,0,0,0,'2014-10-01 18:13:04'),(4227,73,2,9,0,0,0,'2014-10-01 18:13:04'),(4228,73,2,9,0,0,0,'2014-10-01 18:13:04'),(4229,73,2,9,0,0,0,'2014-10-01 18:13:04'),(4230,73,2,9,0,0,0,'2014-10-01 18:13:04'),(4231,73,2,9,0,0,0,'2014-10-01 18:13:04'),(4232,73,2,9,0,0,0,'2014-10-01 18:13:04'),(4233,73,2,9,0,0,0,'2014-10-01 18:13:04'),(4234,73,2,9,0,0,0,'2014-10-01 18:13:04'),(4235,73,2,9,0,0,0,'2014-10-01 18:13:04'),(4236,73,2,9,0,0,0,'2014-10-01 18:13:04'),(4237,73,2,9,0,0,0,'2014-10-01 18:13:04'),(4238,73,2,9,0,0,0,'2014-10-01 18:13:04'),(4239,73,2,9,0,0,0,'2014-10-01 18:13:04'),(4240,73,2,9,0,0,0,'2014-10-01 18:13:04'),(4241,73,2,9,0,0,0,'2014-10-01 18:13:04'),(4242,73,2,9,0,0,0,'2014-10-01 18:13:04'),(4243,73,2,9,0,0,0,'2014-10-01 18:13:04'),(4244,73,2,9,0,0,0,'2014-10-01 18:13:04'),(4245,73,2,9,0,0,0,'2014-10-01 18:13:04'),(4246,73,2,9,0,0,0,'2014-10-01 18:13:04'),(4247,73,2,9,0,0,0,'2014-10-01 18:13:04'),(4248,73,2,9,0,0,0,'2014-10-01 18:13:04'),(4249,73,2,9,0,0,0,'2014-10-01 18:13:04'),(4250,73,2,9,0,0,0,'2014-10-01 18:13:04'),(4251,73,2,9,0,0,0,'2014-10-01 18:13:04'),(4252,73,2,9,0,0,0,'2014-10-01 18:13:04'),(4253,73,2,9,0,0,0,'2014-10-01 18:13:04'),(4254,73,2,9,0,0,0,'2014-10-01 18:13:04'),(4255,73,2,9,0,0,0,'2014-10-01 18:13:04'),(4256,73,2,9,0,0,0,'2014-10-01 18:13:04'),(4257,73,2,9,0,0,0,'2014-10-01 18:13:04'),(4258,73,2,9,0,0,0,'2014-10-01 18:13:04'),(4259,73,2,9,0,0,0,'2014-10-01 18:13:04'),(4260,73,2,9,0,0,0,'2014-10-01 18:13:04'),(4261,73,2,9,0,0,0,'2014-10-01 18:13:04'),(4262,73,2,9,0,0,0,'2014-10-01 18:13:04'),(4263,73,2,9,0,0,0,'2014-10-01 18:13:04'),(4264,73,2,9,0,0,0,'2014-10-01 18:13:04'),(4265,73,2,9,0,0,0,'2014-10-01 18:13:04'),(4266,73,2,9,0,0,0,'2014-10-01 18:13:04'),(4267,73,2,9,0,0,0,'2014-10-01 18:13:04'),(4268,73,2,9,0,0,0,'2014-10-01 18:13:04'),(4269,73,2,9,0,0,0,'2014-10-01 18:13:04'),(4270,73,2,9,0,0,0,'2014-10-01 18:13:04'),(4271,73,2,9,0,0,0,'2014-10-01 18:13:04'),(4272,73,2,9,0,0,0,'2014-10-01 18:13:04'),(4273,73,2,9,0,0,0,'2014-10-01 18:13:04'),(4274,73,2,9,0,0,0,'2014-10-01 18:13:04'),(4275,73,2,9,0,0,0,'2014-10-01 18:13:04'),(4276,73,2,9,0,0,0,'2014-10-01 18:13:05'),(4277,73,2,9,0,0,0,'2014-10-01 18:13:05'),(4278,73,2,9,0,0,0,'2014-10-01 18:13:05'),(4279,73,2,9,0,0,0,'2014-10-01 18:13:05'),(4280,73,2,9,0,0,0,'2014-10-01 18:13:05'),(4281,73,2,9,0,0,0,'2014-10-01 18:13:05'),(4282,73,2,9,0,0,0,'2014-10-01 18:13:05'),(4283,73,2,9,0,0,0,'2014-10-01 18:13:05'),(4284,73,2,9,0,0,0,'2014-10-01 18:13:05'),(4285,73,2,9,0,0,0,'2014-10-01 18:13:05'),(4286,73,2,9,0,0,0,'2014-10-01 18:13:05'),(4287,73,2,9,0,0,0,'2014-10-01 18:13:05'),(4288,73,2,9,0,0,0,'2014-10-01 18:13:05'),(4289,73,2,9,0,0,0,'2014-10-01 18:13:05'),(4290,73,2,9,0,0,0,'2014-10-01 18:13:05'),(4291,73,2,9,0,0,0,'2014-10-01 18:13:05'),(4292,73,2,9,0,0,0,'2014-10-01 18:13:05'),(4293,73,2,9,0,0,0,'2014-10-01 18:13:05'),(4294,73,2,9,0,0,0,'2014-10-01 18:13:05'),(4295,73,2,9,0,0,0,'2014-10-01 18:13:05'),(4296,73,2,9,0,0,0,'2014-10-01 18:13:05'),(4297,73,2,9,0,0,0,'2014-10-01 18:13:05'),(4298,73,2,9,0,0,0,'2014-10-01 18:13:05'),(4299,73,2,9,0,0,0,'2014-10-01 18:13:05'),(4300,73,2,9,0,0,0,'2014-10-01 18:13:05'),(4301,73,2,9,0,0,0,'2014-10-01 18:13:05'),(4302,73,2,9,0,0,0,'2014-10-01 18:13:05'),(4303,73,2,9,0,0,0,'2014-10-01 18:13:05'),(4304,73,2,9,0,0,0,'2014-10-01 18:13:05'),(4305,73,2,9,0,0,0,'2014-10-01 18:13:05'),(4306,73,2,9,0,0,0,'2014-10-01 18:13:05'),(4307,73,2,9,0,0,0,'2014-10-01 18:13:05'),(4308,73,2,9,0,0,0,'2014-10-01 18:13:05'),(4309,73,2,9,0,0,0,'2014-10-01 18:13:05'),(4310,73,2,9,0,0,0,'2014-10-01 18:13:05'),(4311,73,2,9,0,0,0,'2014-10-01 18:13:05'),(4312,73,2,9,0,0,0,'2014-10-01 18:13:05'),(4313,73,2,9,0,0,0,'2014-10-01 18:13:05'),(4314,73,2,9,0,0,0,'2014-10-01 18:13:05'),(4315,73,2,9,0,0,0,'2014-10-01 18:13:05'),(4316,73,2,9,0,0,0,'2014-10-01 18:13:05'),(4317,73,2,9,0,0,0,'2014-10-01 18:13:05'),(4318,73,2,9,0,0,0,'2014-10-01 18:13:05'),(4319,73,2,9,0,0,0,'2014-10-01 18:13:05'),(4320,73,2,9,0,0,0,'2014-10-01 18:13:05'),(4321,73,2,9,0,0,0,'2014-10-01 18:13:05'),(4322,73,2,9,0,0,0,'2014-10-01 18:13:05'),(4323,73,2,9,0,0,0,'2014-10-01 18:13:05'),(4324,73,2,9,0,0,0,'2014-10-01 18:13:05'),(4325,73,2,9,0,0,0,'2014-10-01 18:13:05'),(4326,73,2,9,0,0,0,'2014-10-01 18:13:05'),(4327,73,2,9,0,0,0,'2014-10-01 18:13:05'),(4328,73,2,9,0,0,0,'2014-10-01 18:13:05'),(4329,73,2,9,0,0,0,'2014-10-01 18:13:05'),(4330,73,2,9,0,0,0,'2014-10-01 18:13:05'),(4331,73,2,9,0,0,0,'2014-10-01 18:13:05'),(4332,73,2,9,0,0,0,'2014-10-01 18:13:05'),(4333,73,2,9,0,0,0,'2014-10-01 18:13:05'),(4334,73,2,9,0,0,0,'2014-10-01 18:13:05'),(4335,73,2,9,0,0,0,'2014-10-01 18:13:05'),(4336,73,2,9,0,0,0,'2014-10-01 18:13:05'),(4337,73,2,9,0,0,0,'2014-10-01 18:13:05'),(4338,73,2,9,0,0,0,'2014-10-01 18:13:06'),(4339,73,2,9,0,0,0,'2014-10-01 18:13:06'),(4340,73,2,9,0,0,0,'2014-10-01 18:13:06'),(4341,73,2,9,0,0,0,'2014-10-01 18:13:06'),(4342,73,2,9,0,0,0,'2014-10-01 18:13:06'),(4343,73,2,9,0,0,0,'2014-10-01 18:13:06'),(4344,73,2,9,0,0,0,'2014-10-01 18:13:06'),(4345,73,2,9,0,0,0,'2014-10-01 18:13:06'),(4346,73,2,9,0,0,0,'2014-10-01 18:13:06'),(4347,73,2,9,0,0,0,'2014-10-01 18:13:06'),(4348,73,2,9,0,0,0,'2014-10-01 18:13:06'),(4349,73,2,9,0,0,0,'2014-10-01 18:13:06'),(4350,73,2,9,0,0,0,'2014-10-01 18:13:06'),(4351,73,2,9,0,0,0,'2014-10-01 18:13:06'),(4352,73,2,9,0,0,0,'2014-10-01 18:13:06'),(4353,73,2,9,0,0,0,'2014-10-01 18:13:06'),(4354,73,2,9,0,0,0,'2014-10-01 18:13:06'),(4355,73,2,9,0,0,0,'2014-10-01 18:13:06'),(4356,73,2,9,0,0,0,'2014-10-01 18:13:06'),(4357,73,2,9,0,0,0,'2014-10-01 18:13:06'),(4358,73,2,9,0,0,0,'2014-10-01 18:13:06'),(4359,73,2,9,0,0,0,'2014-10-01 18:13:06'),(4360,73,2,9,0,0,0,'2014-10-01 18:13:06'),(4361,73,2,9,0,0,0,'2014-10-01 18:13:06'),(4362,73,2,9,0,0,0,'2014-10-01 18:13:06'),(4363,73,2,9,0,0,0,'2014-10-01 18:13:06'),(4364,73,2,9,0,0,0,'2014-10-01 18:13:06'),(4365,73,2,9,0,0,0,'2014-10-01 18:13:06'),(4366,73,2,9,0,0,0,'2014-10-01 18:13:06'),(4367,73,2,9,0,0,0,'2014-10-01 18:13:06'),(4368,73,2,9,0,0,0,'2014-10-01 18:13:06'),(4369,73,2,9,0,0,0,'2014-10-01 18:13:06'),(4370,73,2,9,0,0,0,'2014-10-01 18:13:06'),(4371,73,2,9,0,0,0,'2014-10-01 18:13:06'),(4372,73,2,9,0,0,0,'2014-10-01 18:13:06'),(4373,73,2,9,0,0,0,'2014-10-01 18:13:06'),(4374,73,2,9,0,0,0,'2014-10-01 18:13:07'),(4375,73,2,9,0,0,0,'2014-10-01 18:13:07'),(4376,73,2,9,0,0,0,'2014-10-01 18:13:07'),(4377,73,2,9,0,0,0,'2014-10-01 18:13:07'),(4378,73,2,9,0,0,0,'2014-10-01 18:13:07'),(4379,73,2,9,0,0,0,'2014-10-01 18:13:07'),(4380,73,2,9,0,0,0,'2014-10-01 18:13:07'),(4381,73,2,9,0,0,0,'2014-10-01 18:13:07'),(4382,73,2,9,0,0,0,'2014-10-01 18:13:07'),(4383,73,2,9,0,0,0,'2014-10-01 18:13:07'),(4384,73,2,9,0,0,0,'2014-10-01 18:13:07'),(4385,73,2,9,0,0,0,'2014-10-01 18:13:07'),(4386,73,2,9,0,0,0,'2014-10-01 18:13:07'),(4387,73,2,9,0,0,0,'2014-10-01 18:13:07'),(4388,73,2,9,0,0,0,'2014-10-01 18:13:07'),(4389,73,2,9,0,0,0,'2014-10-01 18:13:07'),(4390,73,2,9,0,0,0,'2014-10-01 18:13:07'),(4391,73,2,9,0,0,0,'2014-10-01 18:13:07'),(4392,73,2,9,0,0,0,'2014-10-01 18:13:07'),(4393,73,2,9,0,0,0,'2014-10-01 18:13:07'),(4394,73,2,9,0,0,0,'2014-10-01 18:13:07'),(4395,73,2,9,0,0,0,'2014-10-01 18:13:07'),(4396,73,2,9,0,0,0,'2014-10-01 18:13:07'),(4397,73,2,9,0,0,0,'2014-10-01 18:13:07'),(4398,73,2,9,0,0,0,'2014-10-01 18:13:07'),(4399,73,2,9,0,0,0,'2014-10-01 18:13:07'),(4400,73,2,9,0,0,0,'2014-10-01 18:13:07'),(4401,73,2,9,0,0,0,'2014-10-01 18:13:07'),(4402,73,2,9,0,0,0,'2014-10-01 18:13:07'),(4403,73,2,9,0,0,0,'2014-10-01 18:13:07'),(4404,73,2,9,0,0,0,'2014-10-01 18:13:07'),(4405,73,2,9,0,0,0,'2014-10-01 18:13:07'),(4406,73,2,9,0,0,0,'2014-10-01 18:13:07'),(4407,73,2,9,0,0,0,'2014-10-01 18:13:07'),(4408,73,2,9,0,0,0,'2014-10-01 18:13:07'),(4409,73,2,9,0,0,0,'2014-10-01 18:13:07'),(4410,73,2,9,0,0,0,'2014-10-01 18:13:07'),(4411,73,2,9,0,0,0,'2014-10-01 18:13:07'),(4412,73,2,9,0,0,0,'2014-10-01 18:13:07'),(4413,73,2,9,0,0,0,'2014-10-01 18:13:07'),(4414,73,2,9,0,0,0,'2014-10-01 18:13:07'),(4415,73,2,9,0,0,0,'2014-10-01 18:13:07'),(4416,73,2,9,0,0,0,'2014-10-01 18:13:07'),(4417,73,2,9,0,0,0,'2014-10-01 18:13:07'),(4418,73,2,9,0,0,0,'2014-10-01 18:13:07'),(4419,73,2,9,0,0,0,'2014-10-01 18:13:07'),(4420,73,2,9,0,0,0,'2014-10-01 18:13:07'),(4421,73,2,9,0,0,0,'2014-10-01 18:13:07'),(4422,73,2,9,0,0,0,'2014-10-01 18:13:07'),(4423,73,2,9,0,0,0,'2014-10-01 18:13:07'),(4424,73,2,9,0,0,0,'2014-10-01 18:13:07'),(4425,73,2,9,0,0,0,'2014-10-01 18:13:07'),(4426,73,2,9,0,0,0,'2014-10-01 18:13:07'),(4427,73,2,9,0,0,0,'2014-10-01 18:13:07'),(4428,73,2,9,0,0,0,'2014-10-01 18:13:07'),(4429,73,2,9,0,0,0,'2014-10-01 18:13:07'),(4430,73,2,9,0,0,0,'2014-10-01 18:13:07'),(4431,73,2,9,0,0,0,'2014-10-01 18:13:07'),(4432,73,2,9,0,0,0,'2014-10-01 18:13:07'),(4433,73,2,9,0,0,0,'2014-10-01 18:13:07'),(4434,73,2,9,0,0,0,'2014-10-01 18:13:07'),(4435,73,2,9,0,0,0,'2014-10-01 18:13:07'),(4436,73,2,9,0,0,0,'2014-10-01 18:13:07'),(4437,73,2,9,0,0,0,'2014-10-01 18:13:07'),(4438,73,2,9,0,0,0,'2014-10-01 18:13:07'),(4439,73,2,9,0,0,0,'2014-10-01 18:13:07'),(4440,73,2,9,0,0,0,'2014-10-01 18:13:07'),(4441,73,2,9,0,0,0,'2014-10-01 18:13:08'),(4442,73,2,9,0,0,0,'2014-10-01 18:13:08'),(4443,73,2,9,0,0,0,'2014-10-01 18:13:08'),(4444,73,2,9,0,0,0,'2014-10-01 18:13:08'),(4445,73,2,9,0,0,0,'2014-10-01 18:13:08'),(4446,73,2,9,0,0,0,'2014-10-01 18:13:08'),(4447,73,2,9,0,0,0,'2014-10-01 18:13:08'),(4448,73,2,9,0,0,0,'2014-10-01 18:13:08'),(4449,73,2,9,0,0,0,'2014-10-01 18:13:08'),(4450,73,2,9,0,0,0,'2014-10-01 18:13:08'),(4451,73,2,9,0,0,0,'2014-10-01 18:13:08'),(4452,73,2,9,0,0,0,'2014-10-01 18:13:08'),(4453,73,2,9,0,0,0,'2014-10-01 18:13:08'),(4454,73,2,9,0,0,0,'2014-10-01 18:13:08'),(4455,73,2,9,0,0,0,'2014-10-01 18:13:08'),(4456,73,2,9,0,0,0,'2014-10-01 18:13:08'),(4457,73,2,9,0,0,0,'2014-10-01 18:13:08'),(4458,73,2,9,0,0,0,'2014-10-01 18:13:08'),(4459,73,2,9,0,0,0,'2014-10-01 18:13:08'),(4460,73,2,9,0,0,0,'2014-10-01 18:13:08'),(4461,73,2,9,0,0,0,'2014-10-01 18:13:08'),(4462,73,2,9,0,0,0,'2014-10-01 18:13:08'),(4463,73,2,9,0,0,0,'2014-10-01 18:13:08'),(4464,73,2,9,0,0,0,'2014-10-01 18:13:08'),(4465,73,2,9,0,0,0,'2014-10-01 18:13:08'),(4466,73,2,9,0,0,0,'2014-10-01 18:13:08'),(4467,73,2,9,0,0,0,'2014-10-01 18:13:08'),(4468,73,2,9,0,0,0,'2014-10-01 18:13:08'),(4469,73,2,9,0,0,0,'2014-10-01 18:13:08'),(4470,73,2,9,0,0,0,'2014-10-01 18:13:08'),(4471,73,2,9,0,0,0,'2014-10-01 18:13:08'),(4472,73,2,9,0,0,0,'2014-10-01 18:13:08'),(4473,73,2,9,0,0,0,'2014-10-01 18:13:08'),(4474,73,2,9,0,0,0,'2014-10-01 18:13:08'),(4475,73,2,9,0,0,0,'2014-10-01 18:13:08'),(4476,73,2,9,0,0,0,'2014-10-01 18:13:08'),(4477,73,2,9,0,0,0,'2014-10-01 18:13:08'),(4478,73,2,9,0,0,0,'2014-10-01 18:13:08'),(4479,73,2,9,0,0,0,'2014-10-01 18:13:08'),(4480,73,2,9,0,0,0,'2014-10-01 18:13:08'),(4481,73,2,9,0,0,0,'2014-10-01 18:13:08'),(4482,73,2,9,0,0,0,'2014-10-01 18:13:08'),(4483,73,2,9,0,0,0,'2014-10-01 18:13:08'),(4484,73,2,9,0,0,0,'2014-10-01 18:13:08'),(4485,73,2,9,0,0,0,'2014-10-01 18:13:08'),(4486,73,2,9,0,0,0,'2014-10-01 18:13:08'),(4487,73,2,9,0,0,0,'2014-10-01 18:13:08'),(4488,73,2,9,0,0,0,'2014-10-01 18:13:08'),(4489,73,2,9,0,0,0,'2014-10-01 18:13:08'),(4490,73,2,9,0,0,0,'2014-10-01 18:13:08'),(4491,73,2,9,0,0,0,'2014-10-01 18:13:08'),(4492,73,2,9,0,0,0,'2014-10-01 18:13:08'),(4493,73,2,9,0,0,0,'2014-10-01 18:13:08'),(4494,73,2,9,0,0,0,'2014-10-01 18:13:08'),(4495,73,2,9,0,0,0,'2014-10-01 18:13:08'),(4496,73,2,9,0,0,0,'2014-10-01 18:13:08'),(4497,73,2,9,0,0,0,'2014-10-01 18:13:08'),(4498,73,2,9,0,0,0,'2014-10-01 18:13:08'),(4499,73,2,9,0,0,0,'2014-10-01 18:13:08'),(4500,73,2,9,0,0,0,'2014-10-01 18:13:08'),(4501,73,2,9,0,0,0,'2014-10-01 18:13:08'),(4502,73,2,9,0,0,0,'2014-10-01 18:13:08'),(4503,73,2,9,0,0,0,'2014-10-01 18:13:08'),(4504,73,2,9,0,0,0,'2014-10-01 18:13:08'),(4505,73,2,9,0,0,0,'2014-10-01 18:13:08'),(4506,73,2,9,0,0,0,'2014-10-01 18:13:08'),(4507,73,2,9,0,0,0,'2014-10-01 18:13:08'),(4508,73,2,9,0,0,0,'2014-10-01 18:13:08'),(4509,73,2,9,0,0,0,'2014-10-01 18:13:08'),(4510,73,2,9,0,0,0,'2014-10-01 18:13:08'),(4511,73,2,9,0,0,0,'2014-10-01 18:13:08'),(4512,73,2,9,0,0,0,'2014-10-01 18:13:08'),(4513,73,2,9,0,0,0,'2014-10-01 18:13:08'),(4514,73,2,9,0,0,0,'2014-10-01 18:13:08'),(4515,73,2,9,0,0,0,'2014-10-01 18:13:09'),(4516,73,2,9,0,0,0,'2014-10-01 18:13:09'),(4517,73,2,9,0,0,0,'2014-10-01 18:13:09'),(4518,73,2,9,0,0,0,'2014-10-01 18:13:09'),(4519,73,2,9,0,0,0,'2014-10-01 18:13:09'),(4520,73,2,9,0,0,0,'2014-10-01 18:13:09'),(4521,73,2,9,0,0,0,'2014-10-01 18:13:09'),(4522,73,2,9,0,0,0,'2014-10-01 18:13:09'),(4523,73,2,9,0,0,0,'2014-10-01 18:13:09'),(4524,73,2,9,0,0,0,'2014-10-01 18:13:09'),(4525,73,2,9,0,0,0,'2014-10-01 18:13:09'),(4526,73,2,9,0,0,0,'2014-10-01 18:13:09'),(4527,73,2,9,0,0,0,'2014-10-01 18:13:09'),(4528,73,2,9,0,0,0,'2014-10-01 18:13:09'),(4529,73,2,9,0,0,0,'2014-10-01 18:13:09'),(4530,73,2,9,0,0,0,'2014-10-01 18:13:09'),(4531,73,2,9,0,0,0,'2014-10-01 18:13:09'),(4532,73,2,9,0,0,0,'2014-10-01 18:13:09'),(4533,73,2,9,0,0,0,'2014-10-01 18:13:09'),(4534,73,2,9,0,0,0,'2014-10-01 18:13:09'),(4535,73,2,9,0,0,0,'2014-10-01 18:13:09'),(4536,73,2,9,0,0,0,'2014-10-01 18:13:09'),(4537,73,2,9,0,0,0,'2014-10-01 18:13:09'),(4538,73,2,9,0,0,0,'2014-10-01 18:13:09'),(4539,73,2,9,0,0,0,'2014-10-01 18:13:09'),(4540,73,2,9,0,0,0,'2014-10-01 18:13:09'),(4541,73,2,9,0,0,0,'2014-10-01 18:13:09'),(4542,73,2,9,0,0,0,'2014-10-01 18:13:09'),(4543,73,2,9,0,0,0,'2014-10-01 18:13:09'),(4544,73,2,9,0,0,0,'2014-10-01 18:13:09'),(4545,73,2,9,0,0,0,'2014-10-01 18:13:09'),(4546,73,2,9,0,0,0,'2014-10-01 18:13:09'),(4547,73,2,9,0,0,0,'2014-10-01 18:13:09'),(4548,73,2,9,0,0,0,'2014-10-01 18:13:09'),(4549,73,2,9,0,0,0,'2014-10-01 18:13:09'),(4550,73,2,9,0,0,0,'2014-10-01 18:13:09'),(4551,73,2,9,0,0,0,'2014-10-01 18:13:09'),(4552,73,2,9,0,0,0,'2014-10-01 18:13:09'),(4553,73,2,9,0,0,0,'2014-10-01 18:13:09'),(4554,73,2,9,0,0,0,'2014-10-01 18:13:09'),(4555,73,2,9,0,0,0,'2014-10-01 18:13:09'),(4556,73,2,9,0,0,0,'2014-10-01 18:13:09'),(4557,73,2,9,0,0,0,'2014-10-01 18:13:09'),(4558,73,2,9,0,0,0,'2014-10-01 18:13:09'),(4559,73,2,9,0,0,0,'2014-10-01 18:13:09'),(4560,73,2,9,0,0,0,'2014-10-01 18:13:09'),(4561,73,2,9,0,0,0,'2014-10-01 18:13:09'),(4562,73,2,9,0,0,0,'2014-10-01 18:13:09'),(4563,73,2,9,0,0,0,'2014-10-01 18:13:09'),(4564,73,2,9,0,0,0,'2014-10-01 18:13:09'),(4565,73,2,9,0,0,0,'2014-10-01 18:13:09'),(4566,73,2,9,0,0,0,'2014-10-01 18:13:09'),(4567,73,2,9,0,0,0,'2014-10-01 18:13:09'),(4568,73,2,9,0,0,0,'2014-10-01 18:13:09'),(4569,73,2,9,0,0,0,'2014-10-01 18:13:09'),(4570,73,2,9,0,0,0,'2014-10-01 18:13:09'),(4571,73,2,9,0,0,0,'2014-10-01 18:13:09'),(4572,73,2,9,0,0,0,'2014-10-01 18:13:09'),(4573,73,2,9,0,0,0,'2014-10-01 18:13:09'),(4574,73,2,9,0,0,0,'2014-10-01 18:13:09'),(4575,73,2,9,0,0,0,'2014-10-01 18:13:09'),(4576,73,2,9,0,0,0,'2014-10-01 18:13:09'),(4577,73,2,9,0,0,0,'2014-10-01 18:13:09'),(4578,73,2,9,0,0,0,'2014-10-01 18:13:09'),(4579,73,2,9,0,0,0,'2014-10-01 18:13:09'),(4580,73,2,9,0,0,0,'2014-10-01 18:13:09'),(4581,73,2,9,0,0,0,'2014-10-01 18:13:09'),(4582,73,2,9,0,0,0,'2014-10-01 18:13:09'),(4583,73,2,9,0,0,0,'2014-10-01 18:13:09'),(4584,73,2,9,0,0,0,'2014-10-01 18:13:09'),(4585,73,2,9,0,0,0,'2014-10-01 18:13:09'),(4586,73,2,9,0,0,0,'2014-10-01 18:13:09'),(4587,73,2,9,0,0,0,'2014-10-01 18:13:09'),(4588,73,2,9,0,0,0,'2014-10-01 18:13:09'),(4589,73,2,9,0,0,0,'2014-10-01 18:13:09'),(4590,73,2,9,0,0,0,'2014-10-01 18:13:09'),(4591,73,2,9,0,0,0,'2014-10-01 18:13:09'),(4592,73,2,9,0,0,0,'2014-10-01 18:13:09'),(4593,73,2,9,0,0,0,'2014-10-01 18:13:09'),(4594,73,2,9,0,0,0,'2014-10-01 18:13:10'),(4595,73,2,9,0,0,0,'2014-10-01 18:13:10'),(4596,73,2,9,0,0,0,'2014-10-01 18:13:10'),(4597,73,2,9,0,0,0,'2014-10-01 18:13:10'),(4598,73,2,9,0,0,0,'2014-10-01 18:13:10'),(4599,73,2,9,0,0,0,'2014-10-01 18:13:10'),(4600,73,2,9,0,0,0,'2014-10-01 18:13:10'),(4601,73,2,9,0,0,0,'2014-10-01 18:13:10'),(4602,73,2,9,0,0,0,'2014-10-01 18:13:10'),(4603,73,2,9,0,0,0,'2014-10-01 18:13:10'),(4604,73,2,9,0,0,0,'2014-10-01 18:13:10'),(4605,73,2,9,0,0,0,'2014-10-01 18:13:10'),(4606,73,2,9,0,0,0,'2014-10-01 18:13:10'),(4607,73,2,9,0,0,0,'2014-10-01 18:13:10'),(4608,73,2,9,0,0,0,'2014-10-01 18:13:10'),(4609,73,2,9,0,0,0,'2014-10-01 18:13:10'),(4610,73,2,9,0,0,0,'2014-10-01 18:13:10'),(4611,73,2,9,0,0,0,'2014-10-01 18:13:10'),(4612,73,2,9,0,0,0,'2014-10-01 18:13:10'),(4613,73,2,9,0,0,0,'2014-10-01 18:13:10'),(4614,73,2,9,0,0,0,'2014-10-01 18:13:10'),(4615,73,2,9,0,0,0,'2014-10-01 18:13:10'),(4616,73,2,9,0,0,0,'2014-10-01 18:13:10'),(4617,73,2,9,0,0,0,'2014-10-01 18:13:10'),(4618,73,2,9,0,0,0,'2014-10-01 18:13:10'),(4619,73,2,9,0,0,0,'2014-10-01 18:13:10'),(4620,73,2,9,0,0,0,'2014-10-01 18:13:10'),(4621,73,2,9,0,0,0,'2014-10-01 18:13:10'),(4622,73,2,9,0,0,0,'2014-10-01 18:13:10'),(4623,73,2,9,0,0,0,'2014-10-01 18:13:10'),(4624,73,2,9,0,0,0,'2014-10-01 18:13:10'),(4625,73,2,9,0,0,0,'2014-10-01 18:13:10'),(4626,73,2,9,0,0,0,'2014-10-01 18:13:10'),(4627,73,2,9,0,0,0,'2014-10-01 18:13:10'),(4628,73,2,9,0,0,0,'2014-10-01 18:13:10'),(4629,73,2,9,0,0,0,'2014-10-01 18:13:10'),(4630,73,2,9,0,0,0,'2014-10-01 18:13:10'),(4631,73,2,9,0,0,0,'2014-10-01 18:13:10'),(4632,73,2,9,0,0,0,'2014-10-01 18:13:10'),(4633,73,2,9,0,0,0,'2014-10-01 18:13:10'),(4634,73,2,9,0,0,0,'2014-10-01 18:13:10'),(4635,73,2,9,0,0,0,'2014-10-01 18:13:10'),(4636,73,2,9,0,0,0,'2014-10-01 18:13:10'),(4637,73,2,9,0,0,0,'2014-10-01 18:13:10'),(4638,73,2,9,0,0,0,'2014-10-01 18:13:10'),(4639,73,2,9,0,0,0,'2014-10-01 18:13:10'),(4640,73,2,9,0,0,0,'2014-10-01 18:13:10'),(4641,73,2,9,0,0,0,'2014-10-01 18:13:10'),(4642,73,2,9,0,0,0,'2014-10-01 18:13:10'),(4643,73,2,9,0,0,0,'2014-10-01 18:13:10'),(4644,73,2,9,0,0,0,'2014-10-01 18:13:10'),(4645,73,2,9,0,0,0,'2014-10-01 18:13:10'),(4646,73,2,9,0,0,0,'2014-10-01 18:13:10'),(4647,73,2,9,0,0,0,'2014-10-01 18:13:10'),(4648,73,2,9,0,0,0,'2014-10-01 18:13:10'),(4649,73,2,9,0,0,0,'2014-10-01 18:13:10'),(4650,73,2,9,0,0,0,'2014-10-01 18:13:10'),(4651,73,2,9,0,0,0,'2014-10-01 18:13:10'),(4652,73,2,9,0,0,0,'2014-10-01 18:13:10'),(4653,73,2,9,0,0,0,'2014-10-01 18:13:10'),(4654,73,2,9,0,0,0,'2014-10-01 18:13:11'),(4655,73,2,8,0,0,0,'2014-10-01 18:13:11'),(4656,73,2,8,0,0,0,'2014-10-01 18:13:11'),(4657,73,2,9,0,0,0,'2014-10-01 18:13:12'),(4658,73,2,9,0,0,0,'2014-10-01 18:13:12'),(4659,73,2,9,0,0,0,'2014-10-01 18:13:12'),(4660,73,2,9,0,0,0,'2014-10-01 18:13:12'),(4661,73,2,9,0,0,0,'2014-10-01 18:13:12'),(4662,73,2,9,0,0,0,'2014-10-01 18:13:13'),(4663,73,2,8,0,0,0,'2014-10-01 18:13:13'),(4664,73,2,8,0,0,0,'2014-10-01 18:13:13'),(4665,73,2,8,0,0,0,'2014-10-01 18:13:13'),(4666,73,2,8,0,0,0,'2014-10-01 18:13:13'),(4667,73,2,8,0,0,0,'2014-10-01 18:13:13'),(4668,73,2,8,0,0,0,'2014-10-01 18:13:13'),(4669,73,2,8,0,0,0,'2014-10-01 18:13:14'),(4670,73,2,8,0,0,0,'2014-10-01 18:13:14'),(4671,73,2,8,0,0,0,'2014-10-01 18:13:14'),(4672,73,2,8,0,0,0,'2014-10-01 18:13:14'),(4673,73,2,8,0,0,0,'2014-10-01 18:13:14'),(4674,73,2,8,0,0,0,'2014-10-01 18:13:14'),(4675,73,2,8,0,0,0,'2014-10-01 18:13:14'),(4676,73,2,8,0,0,0,'2014-10-01 18:13:14'),(4677,73,2,8,0,0,0,'2014-10-01 18:13:14'),(4678,73,2,8,0,0,0,'2014-10-01 18:13:14'),(4679,73,2,8,0,0,0,'2014-10-01 18:13:14'),(4680,73,2,8,0,0,0,'2014-10-01 18:13:14'),(4681,73,2,8,0,0,0,'2014-10-01 18:13:14'),(4682,73,2,8,0,0,0,'2014-10-01 18:13:14'),(4683,73,2,8,0,0,0,'2014-10-01 18:13:14'),(4684,73,2,8,0,0,0,'2014-10-01 18:13:14'),(4685,73,2,8,0,0,0,'2014-10-01 18:13:14'),(4686,73,2,8,0,0,0,'2014-10-01 18:13:14'),(4687,73,2,8,0,0,0,'2014-10-01 18:13:14'),(4688,73,2,8,0,0,0,'2014-10-01 18:13:14'),(4689,73,2,8,0,0,0,'2014-10-01 18:13:14'),(4690,73,2,8,0,0,0,'2014-10-01 18:13:14'),(4691,73,2,8,0,0,0,'2014-10-01 18:13:14'),(4692,73,2,8,0,0,0,'2014-10-01 18:13:14'),(4693,73,2,8,0,0,0,'2014-10-01 18:13:14'),(4694,73,2,8,0,0,0,'2014-10-01 18:13:14'),(4695,73,2,8,0,0,0,'2014-10-01 18:13:14'),(4696,73,2,8,0,0,0,'2014-10-01 18:13:14'),(4697,73,2,8,0,0,0,'2014-10-01 18:13:14'),(4698,73,2,8,0,0,0,'2014-10-01 18:13:14'),(4699,73,2,8,0,0,0,'2014-10-01 18:13:14'),(4700,73,2,8,0,0,0,'2014-10-01 18:13:14'),(4701,73,2,8,0,0,0,'2014-10-01 18:13:14'),(4702,73,2,8,0,0,0,'2014-10-01 18:13:14'),(4703,73,2,8,0,0,0,'2014-10-01 18:13:14'),(4704,73,2,8,0,0,0,'2014-10-01 18:13:14'),(4705,73,2,8,0,0,0,'2014-10-01 18:13:14'),(4706,73,2,8,0,0,0,'2014-10-01 18:13:14'),(4707,73,2,8,0,0,0,'2014-10-01 18:13:14'),(4708,73,2,8,0,0,0,'2014-10-01 18:13:14'),(4709,73,2,8,0,0,0,'2014-10-01 18:13:14'),(4710,73,2,8,0,0,0,'2014-10-01 18:13:14'),(4711,73,2,8,0,0,0,'2014-10-01 18:13:14'),(4712,73,2,8,0,0,0,'2014-10-01 18:13:14'),(4713,73,2,8,0,0,0,'2014-10-01 18:13:14'),(4714,73,2,8,0,0,0,'2014-10-01 18:13:14'),(4715,73,2,8,0,0,0,'2014-10-01 18:13:14'),(4716,73,2,8,0,0,0,'2014-10-01 18:13:14'),(4717,73,2,8,0,0,0,'2014-10-01 18:13:14'),(4718,73,2,8,0,0,0,'2014-10-01 18:13:14'),(4719,73,2,8,0,0,0,'2014-10-01 18:13:14'),(4720,73,2,8,0,0,0,'2014-10-01 18:13:14'),(4721,73,2,8,0,0,0,'2014-10-01 18:13:14'),(4722,73,2,8,0,0,0,'2014-10-01 18:13:14'),(4723,73,2,8,0,0,0,'2014-10-01 18:13:14'),(4724,73,2,8,0,0,0,'2014-10-01 18:13:14'),(4725,73,2,8,0,0,0,'2014-10-01 18:13:14'),(4726,73,2,8,0,0,0,'2014-10-01 18:13:14'),(4727,73,2,8,0,0,0,'2014-10-01 18:13:14'),(4728,73,2,8,0,0,0,'2014-10-01 18:13:14'),(4729,73,2,8,0,0,0,'2014-10-01 18:13:14'),(4730,73,2,8,0,0,0,'2014-10-01 18:13:14'),(4731,73,2,8,0,0,0,'2014-10-01 18:13:14'),(4732,73,2,8,0,0,0,'2014-10-01 18:13:14'),(4733,73,2,8,0,0,0,'2014-10-01 18:13:14'),(4734,73,2,8,0,0,0,'2014-10-01 18:13:14'),(4735,73,2,8,0,0,0,'2014-10-01 18:13:14'),(4736,73,2,8,0,0,0,'2014-10-01 18:13:14'),(4737,73,2,8,0,0,0,'2014-10-01 18:13:14'),(4738,73,2,8,0,0,0,'2014-10-01 18:13:14'),(4739,73,2,8,0,0,0,'2014-10-01 18:13:14'),(4740,73,2,8,0,0,0,'2014-10-01 18:13:14'),(4741,73,2,8,0,0,0,'2014-10-01 18:13:14'),(4742,73,2,8,0,0,0,'2014-10-01 18:13:14'),(4743,73,2,8,0,0,0,'2014-10-01 18:13:14'),(4744,73,2,8,0,0,0,'2014-10-01 18:13:14'),(4745,73,2,8,0,0,0,'2014-10-01 18:13:15'),(4746,73,2,8,0,0,0,'2014-10-01 18:13:15'),(4747,73,2,8,0,0,0,'2014-10-01 18:13:15'),(4748,73,2,8,0,0,0,'2014-10-01 18:13:15'),(4749,73,2,8,0,0,0,'2014-10-01 18:13:15'),(4750,73,2,8,0,0,0,'2014-10-01 18:13:15'),(4751,73,2,8,0,0,0,'2014-10-01 18:13:15'),(4752,73,2,8,0,0,0,'2014-10-01 18:13:15'),(4753,73,2,8,0,0,0,'2014-10-01 18:13:15'),(4754,73,2,8,0,0,0,'2014-10-01 18:13:15'),(4755,73,2,8,0,0,0,'2014-10-01 18:13:15'),(4756,73,2,8,0,0,0,'2014-10-01 18:13:15'),(4757,73,2,8,0,0,0,'2014-10-01 18:13:15'),(4758,73,2,8,0,0,0,'2014-10-01 18:13:15'),(4759,73,2,8,0,0,0,'2014-10-01 18:13:15'),(4760,73,2,8,0,0,0,'2014-10-01 18:13:15'),(4761,73,2,8,0,0,0,'2014-10-01 18:13:15'),(4762,73,2,8,0,0,0,'2014-10-01 18:13:15'),(4763,73,2,8,0,0,0,'2014-10-01 18:13:15'),(4764,73,2,8,0,0,0,'2014-10-01 18:13:15'),(4765,73,2,8,0,0,0,'2014-10-01 18:13:15'),(4766,73,2,8,0,0,0,'2014-10-01 18:13:15'),(4767,73,2,8,0,0,0,'2014-10-01 18:13:15'),(4768,73,2,8,0,0,0,'2014-10-01 18:13:15'),(4769,73,2,8,0,0,0,'2014-10-01 18:13:15'),(4770,73,2,8,0,0,0,'2014-10-01 18:13:15'),(4771,73,2,8,0,0,0,'2014-10-01 18:13:15'),(4772,73,2,8,0,0,0,'2014-10-01 18:13:15'),(4773,73,2,8,0,0,0,'2014-10-01 18:13:15'),(4774,73,2,8,0,0,0,'2014-10-01 18:13:15'),(4775,73,2,8,0,0,0,'2014-10-01 18:13:15'),(4776,73,2,8,0,0,0,'2014-10-01 18:13:15'),(4777,73,2,8,0,0,0,'2014-10-01 18:13:15'),(4778,73,2,8,0,0,0,'2014-10-01 18:13:15'),(4779,73,2,8,0,0,0,'2014-10-01 18:13:15'),(4780,73,2,8,0,0,0,'2014-10-01 18:13:15'),(4781,73,2,8,0,0,0,'2014-10-01 18:13:15'),(4782,73,2,8,0,0,0,'2014-10-01 18:13:15'),(4783,73,2,8,0,0,0,'2014-10-01 18:13:15'),(4784,73,2,8,0,0,0,'2014-10-01 18:13:15'),(4785,73,2,8,0,0,0,'2014-10-01 18:13:15'),(4786,73,2,8,0,0,0,'2014-10-01 18:13:15'),(4787,73,2,8,0,0,0,'2014-10-01 18:13:15'),(4788,73,2,8,0,0,0,'2014-10-01 18:13:15'),(4789,73,2,8,0,0,0,'2014-10-01 18:13:15'),(4790,73,2,8,0,0,0,'2014-10-01 18:13:15'),(4791,73,2,8,0,0,0,'2014-10-01 18:13:15'),(4792,73,2,8,0,0,0,'2014-10-01 18:13:15'),(4793,73,2,8,0,0,0,'2014-10-01 18:13:15'),(4794,73,2,8,0,0,0,'2014-10-01 18:13:15'),(4795,73,2,8,0,0,0,'2014-10-01 18:13:15'),(4796,73,2,8,0,0,0,'2014-10-01 18:13:15'),(4797,73,2,8,0,0,0,'2014-10-01 18:13:15'),(4798,73,2,8,0,0,0,'2014-10-01 18:13:15'),(4799,73,2,8,0,0,0,'2014-10-01 18:13:15'),(4800,73,2,8,0,0,0,'2014-10-01 18:13:15'),(4801,73,2,8,0,0,0,'2014-10-01 18:13:15'),(4802,73,2,8,0,0,0,'2014-10-01 18:13:15'),(4803,73,2,8,0,0,0,'2014-10-01 18:13:15'),(4804,73,2,8,0,0,0,'2014-10-01 18:13:15'),(4805,73,2,8,0,0,0,'2014-10-01 18:13:15'),(4806,73,2,8,0,0,0,'2014-10-01 18:13:15'),(4807,73,2,8,0,0,0,'2014-10-01 18:13:15'),(4808,73,2,8,0,0,0,'2014-10-01 18:13:15'),(4809,73,2,8,0,0,0,'2014-10-01 18:13:15'),(4810,73,2,8,0,0,0,'2014-10-01 18:13:15'),(4811,73,2,8,0,0,0,'2014-10-01 18:13:15'),(4812,73,2,8,0,0,0,'2014-10-01 18:13:15'),(4813,73,2,8,0,0,0,'2014-10-01 18:13:15'),(4814,73,2,8,0,0,0,'2014-10-01 18:13:15'),(4815,73,2,8,0,0,0,'2014-10-01 18:13:15'),(4816,73,2,8,0,0,0,'2014-10-01 18:13:15'),(4817,73,2,8,0,0,0,'2014-10-01 18:13:15'),(4818,73,2,8,0,0,0,'2014-10-01 18:13:15'),(4819,73,2,8,0,0,0,'2014-10-01 18:13:15'),(4820,73,2,8,0,0,0,'2014-10-01 18:13:15'),(4821,73,2,8,0,0,0,'2014-10-01 18:13:15'),(4822,73,2,8,0,0,0,'2014-10-01 18:13:15'),(4823,73,2,8,0,0,0,'2014-10-01 18:13:15'),(4824,73,2,8,0,0,0,'2014-10-01 18:13:15'),(4825,73,2,8,0,0,0,'2014-10-01 18:13:15'),(4826,73,2,8,0,0,0,'2014-10-01 18:13:15'),(4827,73,2,8,0,0,0,'2014-10-01 18:13:15'),(4828,73,2,8,0,0,0,'2014-10-01 18:13:15'),(4829,73,2,8,0,0,0,'2014-10-01 18:13:15'),(4830,73,2,8,0,0,0,'2014-10-01 18:13:15'),(4831,73,2,8,0,0,0,'2014-10-01 18:13:15'),(4832,73,2,8,0,0,0,'2014-10-01 18:13:15'),(4833,73,2,8,0,0,0,'2014-10-01 18:13:16'),(4834,73,2,8,0,0,0,'2014-10-01 18:13:16'),(4835,73,2,8,0,0,0,'2014-10-01 18:13:16'),(4836,73,2,8,0,0,0,'2014-10-01 18:13:16'),(4837,73,2,8,0,0,0,'2014-10-01 18:13:16'),(4838,73,2,8,0,0,0,'2014-10-01 18:13:16'),(4839,73,2,8,0,0,0,'2014-10-01 18:13:16'),(4840,73,2,8,0,0,0,'2014-10-01 18:13:16'),(4841,73,2,8,0,0,0,'2014-10-01 18:13:16'),(4842,73,2,8,0,0,0,'2014-10-01 18:13:16'),(4843,73,2,8,0,0,0,'2014-10-01 18:13:16'),(4844,73,2,8,0,0,0,'2014-10-01 18:13:16'),(4845,73,2,8,0,0,0,'2014-10-01 18:13:16'),(4846,73,2,8,0,0,0,'2014-10-01 18:13:16'),(4847,73,2,8,0,0,0,'2014-10-01 18:13:16'),(4848,73,2,8,0,0,0,'2014-10-01 18:13:16'),(4849,73,2,8,0,0,0,'2014-10-01 18:13:16'),(4850,73,2,8,0,0,0,'2014-10-01 18:13:16'),(4851,73,2,8,0,0,0,'2014-10-01 18:13:16'),(4852,73,2,8,0,0,0,'2014-10-01 18:13:16'),(4853,73,2,8,0,0,0,'2014-10-01 18:13:16'),(4854,73,2,8,0,0,0,'2014-10-01 18:13:16'),(4855,73,2,8,0,0,0,'2014-10-01 18:13:16'),(4856,73,2,8,0,0,0,'2014-10-01 18:13:16'),(4857,73,2,8,0,0,0,'2014-10-01 18:13:16'),(4858,73,2,8,0,0,0,'2014-10-01 18:13:16'),(4859,73,2,8,0,0,0,'2014-10-01 18:13:16'),(4860,73,2,8,0,0,0,'2014-10-01 18:13:16'),(4861,73,2,8,0,0,0,'2014-10-01 18:13:16'),(4862,73,2,8,0,0,0,'2014-10-01 18:13:16'),(4863,73,2,8,0,0,0,'2014-10-01 18:13:16'),(4864,73,2,8,0,0,0,'2014-10-01 18:13:16'),(4865,73,2,8,0,0,0,'2014-10-01 18:13:16'),(4866,73,2,8,0,0,0,'2014-10-01 18:13:16'),(4867,73,2,8,0,0,0,'2014-10-01 18:13:16'),(4868,73,2,8,0,0,0,'2014-10-01 18:13:16'),(4869,73,2,8,0,0,0,'2014-10-01 18:13:16'),(4870,73,2,8,0,0,0,'2014-10-01 18:13:16'),(4871,73,2,8,0,0,0,'2014-10-01 18:13:16'),(4872,73,2,8,0,0,0,'2014-10-01 18:13:16'),(4873,73,2,8,0,0,0,'2014-10-01 18:13:16'),(4874,73,2,8,0,0,0,'2014-10-01 18:13:16'),(4875,73,2,8,0,0,0,'2014-10-01 18:13:16'),(4876,73,2,8,0,0,0,'2014-10-01 18:13:16'),(4877,73,2,8,0,0,0,'2014-10-01 18:13:16'),(4878,73,2,8,0,0,0,'2014-10-01 18:13:16'),(4879,73,2,8,0,0,0,'2014-10-01 18:13:16'),(4880,73,2,8,0,0,0,'2014-10-01 18:13:16'),(4881,73,2,8,0,0,0,'2014-10-01 18:13:16'),(4882,73,2,8,0,0,0,'2014-10-01 18:13:16'),(4883,73,2,8,0,0,0,'2014-10-01 18:13:16'),(4884,73,2,8,0,0,0,'2014-10-01 18:13:16'),(4885,73,2,8,0,0,0,'2014-10-01 18:13:16'),(4886,73,2,8,0,0,0,'2014-10-01 18:13:16'),(4887,73,2,8,0,0,0,'2014-10-01 18:13:16'),(4888,73,2,8,0,0,0,'2014-10-01 18:13:16'),(4889,73,2,8,0,0,0,'2014-10-01 18:13:16'),(4890,73,2,8,0,0,0,'2014-10-01 18:13:16'),(4891,73,2,8,0,0,0,'2014-10-01 18:13:16'),(4892,73,2,8,0,0,0,'2014-10-01 18:13:16'),(4893,73,2,8,0,0,0,'2014-10-01 18:13:16'),(4894,73,2,8,0,0,0,'2014-10-01 18:13:16'),(4895,73,2,8,0,0,0,'2014-10-01 18:13:16'),(4896,73,2,8,0,0,0,'2014-10-01 18:13:16'),(4897,73,2,8,0,0,0,'2014-10-01 18:13:16'),(4898,73,2,8,0,0,0,'2014-10-01 18:13:16'),(4899,73,2,8,0,0,0,'2014-10-01 18:13:16'),(4900,73,2,8,0,0,0,'2014-10-01 18:13:16'),(4901,73,2,8,0,0,0,'2014-10-01 18:13:16'),(4902,73,2,8,0,0,0,'2014-10-01 18:13:16'),(4903,73,2,8,0,0,0,'2014-10-01 18:13:16'),(4904,73,2,8,0,0,0,'2014-10-01 18:13:16'),(4905,73,2,8,0,0,0,'2014-10-01 18:13:16'),(4906,73,2,8,0,0,0,'2014-10-01 18:13:16'),(4907,73,2,8,0,0,0,'2014-10-01 18:13:16'),(4908,73,2,8,0,0,0,'2014-10-01 18:13:16'),(4909,73,2,8,0,0,0,'2014-10-01 18:13:16'),(4910,73,2,8,0,0,0,'2014-10-01 18:13:16'),(4911,73,2,8,0,0,0,'2014-10-01 18:13:16'),(4912,73,2,8,0,0,0,'2014-10-01 18:13:16'),(4913,73,2,8,0,0,0,'2014-10-01 18:13:16'),(4914,73,2,8,0,0,0,'2014-10-01 18:13:16'),(4915,73,2,8,0,0,0,'2014-10-01 18:13:16'),(4916,73,2,8,0,0,0,'2014-10-01 18:13:16'),(4917,73,2,8,0,0,0,'2014-10-01 18:13:16'),(4918,73,2,8,0,0,0,'2014-10-01 18:13:16'),(4919,73,2,8,0,0,0,'2014-10-01 18:13:16'),(4920,73,2,8,0,0,0,'2014-10-01 18:13:16'),(4921,73,2,8,0,0,0,'2014-10-01 18:13:17'),(4922,73,2,8,0,0,0,'2014-10-01 18:13:17'),(4923,73,2,8,0,0,0,'2014-10-01 18:13:17'),(4924,73,2,8,0,0,0,'2014-10-01 18:13:17'),(4925,73,2,8,0,0,0,'2014-10-01 18:13:17'),(4926,73,2,8,0,0,0,'2014-10-01 18:13:17'),(4927,73,2,8,0,0,0,'2014-10-01 18:13:17'),(4928,73,2,8,0,0,0,'2014-10-01 18:13:17'),(4929,73,2,8,0,0,0,'2014-10-01 18:13:17'),(4930,73,2,8,0,0,0,'2014-10-01 18:13:17'),(4931,73,2,8,0,0,0,'2014-10-01 18:13:17'),(4932,73,2,8,0,0,0,'2014-10-01 18:13:17'),(4933,73,2,8,0,0,0,'2014-10-01 18:13:17'),(4934,73,2,8,0,0,0,'2014-10-01 18:13:17'),(4935,73,2,8,0,0,0,'2014-10-01 18:13:17'),(4936,73,2,8,0,0,0,'2014-10-01 18:13:17'),(4937,73,2,8,0,0,0,'2014-10-01 18:13:17'),(4938,73,2,8,0,0,0,'2014-10-01 18:13:17'),(4939,73,2,8,0,0,0,'2014-10-01 18:13:17'),(4940,73,2,8,0,0,0,'2014-10-01 18:13:17'),(4941,73,2,8,0,0,0,'2014-10-01 18:13:17'),(4942,73,2,8,0,0,0,'2014-10-01 18:13:17'),(4943,73,2,8,0,0,0,'2014-10-01 18:13:17'),(4944,73,2,8,0,0,0,'2014-10-01 18:13:17'),(4945,73,2,8,0,0,0,'2014-10-01 18:13:17'),(4946,73,2,8,0,0,0,'2014-10-01 18:13:17'),(4947,73,2,8,0,0,0,'2014-10-01 18:13:17'),(4948,73,2,8,0,0,0,'2014-10-01 18:13:17'),(4949,73,2,8,0,0,0,'2014-10-01 18:13:17'),(4950,73,2,8,0,0,0,'2014-10-01 18:13:17'),(4951,73,2,8,0,0,0,'2014-10-01 18:13:17'),(4952,73,2,8,0,0,0,'2014-10-01 18:13:17'),(4953,73,2,8,0,0,0,'2014-10-01 18:13:17'),(4954,73,2,8,0,0,0,'2014-10-01 18:13:17'),(4955,73,2,8,0,0,0,'2014-10-01 18:13:17'),(4956,73,2,8,0,0,0,'2014-10-01 18:13:17'),(4957,73,2,8,0,0,0,'2014-10-01 18:13:17'),(4958,73,2,8,0,0,0,'2014-10-01 18:13:17'),(4959,73,2,8,0,0,0,'2014-10-01 18:13:17'),(4960,73,2,8,0,0,0,'2014-10-01 18:13:17'),(4961,73,2,8,0,0,0,'2014-10-01 18:13:17'),(4962,73,2,8,0,0,0,'2014-10-01 18:13:17'),(4963,73,2,8,0,0,0,'2014-10-01 18:13:17'),(4964,73,2,8,0,0,0,'2014-10-01 18:13:17'),(4965,73,2,8,0,0,0,'2014-10-01 18:13:17'),(4966,73,2,8,0,0,0,'2014-10-01 18:13:17'),(4967,73,2,8,0,0,0,'2014-10-01 18:13:17'),(4968,73,2,8,0,0,0,'2014-10-01 18:13:17'),(4969,73,2,8,0,0,0,'2014-10-01 18:13:17'),(4970,73,2,8,0,0,0,'2014-10-01 18:13:17'),(4971,73,2,8,0,0,0,'2014-10-01 18:13:17'),(4972,73,2,8,0,0,0,'2014-10-01 18:13:17'),(4973,73,2,8,0,0,0,'2014-10-01 18:13:17'),(4974,73,2,8,0,0,0,'2014-10-01 18:13:17'),(4975,73,2,8,0,0,0,'2014-10-01 18:13:17'),(4976,73,2,8,0,0,0,'2014-10-01 18:13:17'),(4977,73,2,8,0,0,0,'2014-10-01 18:13:17'),(4978,73,2,8,0,0,0,'2014-10-01 18:13:17'),(4979,73,2,8,0,0,0,'2014-10-01 18:13:17'),(4980,73,2,8,0,0,0,'2014-10-01 18:13:17'),(4981,73,2,8,0,0,0,'2014-10-01 18:13:17'),(4982,73,2,8,0,0,0,'2014-10-01 18:13:17'),(4983,73,2,8,0,0,0,'2014-10-01 18:13:17'),(4984,73,2,8,0,0,0,'2014-10-01 18:13:17'),(4985,73,2,8,0,0,0,'2014-10-01 18:13:17'),(4986,73,2,8,0,0,0,'2014-10-01 18:13:17'),(4987,73,2,8,0,0,0,'2014-10-01 18:13:17'),(4988,73,2,8,0,0,0,'2014-10-01 18:13:17'),(4989,73,2,8,0,0,0,'2014-10-01 18:13:17'),(4990,73,2,8,0,0,0,'2014-10-01 18:13:17'),(4991,73,2,8,0,0,0,'2014-10-01 18:13:17'),(4992,73,2,8,0,0,0,'2014-10-01 18:13:17'),(4993,73,2,8,0,0,0,'2014-10-01 18:13:17'),(4994,73,2,8,0,0,0,'2014-10-01 18:13:17'),(4995,73,2,8,0,0,0,'2014-10-01 18:13:17'),(4996,73,2,8,0,0,0,'2014-10-01 18:13:17'),(4997,73,2,8,0,0,0,'2014-10-01 18:13:17'),(4998,73,2,8,0,0,0,'2014-10-01 18:13:17'),(4999,73,2,8,0,0,0,'2014-10-01 18:13:17'),(5000,73,2,8,0,0,0,'2014-10-01 18:13:17'),(5001,73,2,8,0,0,0,'2014-10-01 18:13:17'),(5002,73,2,8,0,0,0,'2014-10-01 18:13:17'),(5003,73,2,8,0,0,0,'2014-10-01 18:13:17'),(5004,73,2,8,0,0,0,'2014-10-01 18:13:17'),(5005,73,2,8,0,0,0,'2014-10-01 18:13:17'),(5006,73,2,8,0,0,0,'2014-10-01 18:13:17'),(5007,73,2,8,0,0,0,'2014-10-01 18:13:17'),(5008,73,2,8,0,0,0,'2014-10-01 18:13:17'),(5009,73,2,8,0,0,0,'2014-10-01 18:13:17'),(5010,73,2,8,0,0,0,'2014-10-01 18:13:18'),(5011,73,2,8,0,0,0,'2014-10-01 18:13:18'),(5012,73,2,8,0,0,0,'2014-10-01 18:13:18'),(5013,73,2,8,0,0,0,'2014-10-01 18:13:18'),(5014,73,2,8,0,0,0,'2014-10-01 18:13:18'),(5015,73,2,8,0,0,0,'2014-10-01 18:13:18'),(5016,73,2,8,0,0,0,'2014-10-01 18:13:18'),(5017,73,2,8,0,0,0,'2014-10-01 18:13:18'),(5018,73,2,8,0,0,0,'2014-10-01 18:13:18'),(5019,73,2,8,0,0,0,'2014-10-01 18:13:18'),(5020,73,2,8,0,0,0,'2014-10-01 18:13:18'),(5021,73,2,8,0,0,0,'2014-10-01 18:13:18'),(5022,73,2,8,0,0,0,'2014-10-01 18:13:18'),(5023,73,2,8,0,0,0,'2014-10-01 18:13:18'),(5024,73,2,8,0,0,0,'2014-10-01 18:13:18'),(5025,73,2,8,0,0,0,'2014-10-01 18:13:18'),(5026,73,2,8,0,0,0,'2014-10-01 18:13:18'),(5027,73,2,8,0,0,0,'2014-10-01 18:13:18'),(5028,73,2,8,0,0,0,'2014-10-01 18:13:18'),(5029,73,2,8,0,0,0,'2014-10-01 18:13:18'),(5030,73,2,8,0,0,0,'2014-10-01 18:13:18'),(5031,73,2,8,0,0,0,'2014-10-01 18:13:18'),(5032,73,2,8,0,0,0,'2014-10-01 18:13:18'),(5033,73,2,8,0,0,0,'2014-10-01 18:13:18'),(5034,73,2,8,0,0,0,'2014-10-01 18:13:18'),(5035,73,2,8,0,0,0,'2014-10-01 18:13:18'),(5036,73,2,8,0,0,0,'2014-10-01 18:13:18'),(5037,73,2,8,0,0,0,'2014-10-01 18:13:18'),(5038,73,2,8,0,0,0,'2014-10-01 18:13:18'),(5039,73,2,8,0,0,0,'2014-10-01 18:13:18'),(5040,73,2,8,0,0,0,'2014-10-01 18:13:18'),(5041,73,2,8,0,0,0,'2014-10-01 18:13:18'),(5042,73,2,8,0,0,0,'2014-10-01 18:13:18'),(5043,73,2,8,0,0,0,'2014-10-01 18:13:18'),(5044,73,2,8,0,0,0,'2014-10-01 18:13:18'),(5045,73,2,8,0,0,0,'2014-10-01 18:13:18'),(5046,73,2,8,0,0,0,'2014-10-01 18:13:18'),(5047,73,2,8,0,0,0,'2014-10-01 18:13:18'),(5048,73,2,8,0,0,0,'2014-10-01 18:13:18'),(5049,73,2,8,0,0,0,'2014-10-01 18:13:18'),(5050,73,2,8,0,0,0,'2014-10-01 18:13:18'),(5051,73,2,8,0,0,0,'2014-10-01 18:13:18'),(5052,73,2,8,0,0,0,'2014-10-01 18:13:18'),(5053,73,2,8,0,0,0,'2014-10-01 18:13:18'),(5054,73,2,8,0,0,0,'2014-10-01 18:13:18'),(5055,73,2,8,0,0,0,'2014-10-01 18:13:18'),(5056,73,2,8,0,0,0,'2014-10-01 18:13:18'),(5057,73,2,8,0,0,0,'2014-10-01 18:13:18'),(5058,73,2,8,0,0,0,'2014-10-01 18:13:18'),(5059,73,2,8,0,0,0,'2014-10-01 18:13:18'),(5060,73,2,8,0,0,0,'2014-10-01 18:13:18'),(5061,73,2,8,0,0,0,'2014-10-01 18:13:18'),(5062,73,2,8,0,0,0,'2014-10-01 18:13:18'),(5063,73,2,8,0,0,0,'2014-10-01 18:13:18'),(5064,73,2,8,0,0,0,'2014-10-01 18:13:18'),(5065,73,2,8,0,0,0,'2014-10-01 18:13:18'),(5066,73,2,8,0,0,0,'2014-10-01 18:13:18'),(5067,73,2,8,0,0,0,'2014-10-01 18:13:18'),(5068,73,2,8,0,0,0,'2014-10-01 18:13:18'),(5069,73,2,8,0,0,0,'2014-10-01 18:13:18'),(5070,73,2,8,0,0,0,'2014-10-01 18:13:18'),(5071,73,2,8,0,0,0,'2014-10-01 18:13:18'),(5072,73,2,8,0,0,0,'2014-10-01 18:13:18'),(5073,73,2,8,0,0,0,'2014-10-01 18:13:18'),(5074,73,2,8,0,0,0,'2014-10-01 18:13:18'),(5075,73,2,8,0,0,0,'2014-10-01 18:13:18'),(5076,73,2,8,0,0,0,'2014-10-01 18:13:18'),(5077,73,2,8,0,0,0,'2014-10-01 18:13:18'),(5078,73,2,8,0,0,0,'2014-10-01 18:13:18'),(5079,73,2,8,0,0,0,'2014-10-01 18:13:18'),(5080,73,2,8,0,0,0,'2014-10-01 18:13:18'),(5081,73,2,8,0,0,0,'2014-10-01 18:13:18'),(5082,73,2,8,0,0,0,'2014-10-01 18:13:18'),(5083,73,2,8,0,0,0,'2014-10-01 18:13:18'),(5084,73,2,8,0,0,0,'2014-10-01 18:13:18'),(5085,73,2,8,0,0,0,'2014-10-01 18:13:18'),(5086,73,2,8,0,0,0,'2014-10-01 18:13:18'),(5087,73,2,8,0,0,0,'2014-10-01 18:13:18'),(5088,73,2,8,0,0,0,'2014-10-01 18:13:18'),(5089,73,2,8,0,0,0,'2014-10-01 18:13:18'),(5090,73,2,8,0,0,0,'2014-10-01 18:13:18'),(5091,73,2,8,0,0,0,'2014-10-01 18:13:18'),(5092,73,2,8,0,0,0,'2014-10-01 18:13:18'),(5093,73,2,8,0,0,0,'2014-10-01 18:13:18'),(5094,73,2,8,0,0,0,'2014-10-01 18:13:18'),(5095,73,2,8,0,0,0,'2014-10-01 18:13:18'),(5096,73,2,8,0,0,0,'2014-10-01 18:13:18'),(5097,73,2,8,0,0,0,'2014-10-01 18:13:18'),(5098,73,2,8,0,0,0,'2014-10-01 18:13:19'),(5099,73,2,8,0,0,0,'2014-10-01 18:13:19'),(5100,73,2,8,0,0,0,'2014-10-01 18:13:19'),(5101,73,2,8,0,0,0,'2014-10-01 18:13:19'),(5102,73,2,8,0,0,0,'2014-10-01 18:13:19'),(5103,73,2,8,0,0,0,'2014-10-01 18:13:19'),(5104,73,2,8,0,0,0,'2014-10-01 18:13:19'),(5105,73,2,8,0,0,0,'2014-10-01 18:13:19'),(5106,73,2,8,0,0,0,'2014-10-01 18:13:19'),(5107,73,2,8,0,0,0,'2014-10-01 18:13:19'),(5108,73,2,8,0,0,0,'2014-10-01 18:13:19'),(5109,73,2,8,0,0,0,'2014-10-01 18:13:19'),(5110,73,2,8,0,0,0,'2014-10-01 18:13:19'),(5111,73,2,8,0,0,0,'2014-10-01 18:13:19'),(5112,73,2,8,0,0,0,'2014-10-01 18:13:19'),(5113,73,2,8,0,0,0,'2014-10-01 18:13:19'),(5114,73,2,8,0,0,0,'2014-10-01 18:13:19'),(5115,73,2,8,0,0,0,'2014-10-01 18:13:19'),(5116,73,2,8,0,0,0,'2014-10-01 18:13:19'),(5117,73,2,8,0,0,0,'2014-10-01 18:13:19'),(5118,73,2,8,0,0,0,'2014-10-01 18:13:19'),(5119,73,2,8,0,0,0,'2014-10-01 18:13:19'),(5120,73,2,8,0,0,0,'2014-10-01 18:13:19'),(5121,73,2,8,0,0,0,'2014-10-01 18:13:19'),(5122,73,2,8,0,0,0,'2014-10-01 18:13:19'),(5123,73,2,8,0,0,0,'2014-10-01 18:13:19'),(5124,73,2,8,0,0,0,'2014-10-01 18:13:19'),(5125,73,2,8,0,0,0,'2014-10-01 18:13:19'),(5126,73,2,8,0,0,0,'2014-10-01 18:13:19'),(5127,73,2,8,0,0,0,'2014-10-01 18:13:19'),(5128,73,2,8,0,0,0,'2014-10-01 18:13:19'),(5129,73,2,8,0,0,0,'2014-10-01 18:13:19'),(5130,73,2,8,0,0,0,'2014-10-01 18:13:19'),(5131,73,2,8,0,0,0,'2014-10-01 18:13:19'),(5132,73,2,8,0,0,0,'2014-10-01 18:13:19'),(5133,73,2,8,0,0,0,'2014-10-01 18:13:19'),(5134,73,2,8,0,0,0,'2014-10-01 18:13:19'),(5135,73,2,8,0,0,0,'2014-10-01 18:13:19'),(5136,73,2,8,0,0,0,'2014-10-01 18:13:19'),(5137,73,2,8,0,0,0,'2014-10-01 18:13:19'),(5138,73,2,8,0,0,0,'2014-10-01 18:13:19'),(5139,73,2,8,0,0,0,'2014-10-01 18:13:19'),(5140,73,2,8,0,0,0,'2014-10-01 18:13:19'),(5141,73,2,8,0,0,0,'2014-10-01 18:13:19'),(5142,73,2,8,0,0,0,'2014-10-01 18:13:19'),(5143,73,2,8,0,0,0,'2014-10-01 18:13:19'),(5144,73,2,8,0,0,0,'2014-10-01 18:13:19'),(5145,73,2,8,0,0,0,'2014-10-01 18:13:19'),(5146,73,2,8,0,0,0,'2014-10-01 18:13:19'),(5147,73,2,8,0,0,0,'2014-10-01 18:13:19'),(5148,73,2,8,0,0,0,'2014-10-01 18:13:19'),(5149,73,2,8,0,0,0,'2014-10-01 18:13:19'),(5150,73,2,8,0,0,0,'2014-10-01 18:13:19'),(5151,73,2,8,0,0,0,'2014-10-01 18:13:19'),(5152,73,2,8,0,0,0,'2014-10-01 18:13:19'),(5153,73,2,8,0,0,0,'2014-10-01 18:13:19'),(5154,73,2,8,0,0,0,'2014-10-01 18:13:19'),(5155,73,2,8,0,0,0,'2014-10-01 18:13:19'),(5156,73,2,8,0,0,0,'2014-10-01 18:13:19'),(5157,73,2,8,0,0,0,'2014-10-01 18:13:19'),(5158,73,2,8,0,0,0,'2014-10-01 18:13:19'),(5159,73,2,8,0,0,0,'2014-10-01 18:13:19'),(5160,73,2,8,0,0,0,'2014-10-01 18:13:19'),(5161,73,2,8,0,0,0,'2014-10-01 18:13:19'),(5162,73,2,8,0,0,0,'2014-10-01 18:13:19'),(5163,73,2,8,0,0,0,'2014-10-01 18:13:19'),(5164,73,2,8,0,0,0,'2014-10-01 18:13:19'),(5165,73,2,8,0,0,0,'2014-10-01 18:13:19'),(5166,73,2,8,0,0,0,'2014-10-01 18:13:19'),(5167,73,2,8,0,0,0,'2014-10-01 18:13:19'),(5168,73,2,8,0,0,0,'2014-10-01 18:13:19'),(5169,73,2,8,0,0,0,'2014-10-01 18:13:19'),(5170,73,2,8,0,0,0,'2014-10-01 18:13:19'),(5171,73,2,8,0,0,0,'2014-10-01 18:13:19'),(5172,73,2,8,0,0,0,'2014-10-01 18:13:19'),(5173,73,2,8,0,0,0,'2014-10-01 18:13:19'),(5174,73,2,8,0,0,0,'2014-10-01 18:13:19'),(5175,73,2,8,0,0,0,'2014-10-01 18:13:19'),(5176,73,2,8,0,0,0,'2014-10-01 18:13:19'),(5177,73,2,8,0,0,0,'2014-10-01 18:13:19'),(5178,73,2,8,0,0,0,'2014-10-01 18:13:19'),(5179,73,2,8,0,0,0,'2014-10-01 18:13:19'),(5180,73,2,8,0,0,0,'2014-10-01 18:13:19'),(5181,73,2,8,0,0,0,'2014-10-01 18:13:19'),(5182,73,2,8,0,0,0,'2014-10-01 18:13:19'),(5183,73,2,8,0,0,0,'2014-10-01 18:13:19'),(5184,73,2,8,0,0,0,'2014-10-01 18:13:19'),(5185,73,2,8,0,0,0,'2014-10-01 18:13:19'),(5186,73,2,8,0,0,0,'2014-10-01 18:13:19'),(5187,73,2,8,0,0,0,'2014-10-01 18:13:19'),(5188,73,2,8,0,0,0,'2014-10-01 18:13:20'),(5189,73,2,8,0,0,0,'2014-10-01 18:13:20'),(5190,73,2,8,0,0,0,'2014-10-01 18:13:20'),(5191,73,2,8,0,0,0,'2014-10-01 18:13:20'),(5192,73,2,8,0,0,0,'2014-10-01 18:13:20'),(5193,73,2,8,0,0,0,'2014-10-01 18:13:20'),(5194,73,2,8,0,0,0,'2014-10-01 18:13:20'),(5195,73,2,8,0,0,0,'2014-10-01 18:13:20'),(5196,73,2,8,0,0,0,'2014-10-01 18:13:20'),(5197,73,2,8,0,0,0,'2014-10-01 18:13:20'),(5198,73,2,8,0,0,0,'2014-10-01 18:13:20'),(5199,73,2,8,0,0,0,'2014-10-01 18:13:20'),(5200,73,2,8,0,0,0,'2014-10-01 18:13:20'),(5201,73,2,8,0,0,0,'2014-10-01 18:13:20'),(5202,73,2,8,0,0,0,'2014-10-01 18:13:20'),(5203,73,2,8,0,0,0,'2014-10-01 18:13:20'),(5204,73,2,8,0,0,0,'2014-10-01 18:13:20'),(5205,73,2,8,0,0,0,'2014-10-01 18:13:20'),(5206,73,2,8,0,0,0,'2014-10-01 18:13:20'),(5207,73,2,8,0,0,0,'2014-10-01 18:13:20'),(5208,73,2,8,0,0,0,'2014-10-01 18:13:20'),(5209,73,2,8,0,0,0,'2014-10-01 18:13:20'),(5210,73,2,8,0,0,0,'2014-10-01 18:13:20'),(5211,73,2,8,0,0,0,'2014-10-01 18:13:20'),(5212,73,2,8,0,0,0,'2014-10-01 18:13:20'),(5213,73,2,8,0,0,0,'2014-10-01 18:13:20'),(5214,73,2,8,0,0,0,'2014-10-01 18:13:20'),(5215,73,2,8,0,0,0,'2014-10-01 18:13:20'),(5216,73,2,8,0,0,0,'2014-10-01 18:13:20'),(5217,73,2,8,0,0,0,'2014-10-01 18:13:20'),(5218,73,2,8,0,0,0,'2014-10-01 18:13:20'),(5219,73,2,8,0,0,0,'2014-10-01 18:13:20'),(5220,73,2,8,0,0,0,'2014-10-01 18:13:20'),(5221,73,2,8,0,0,0,'2014-10-01 18:13:20'),(5222,73,2,8,0,0,0,'2014-10-01 18:13:20'),(5223,73,2,8,0,0,0,'2014-10-01 18:13:20'),(5224,73,2,8,0,0,0,'2014-10-01 18:13:20'),(5225,73,2,8,0,0,0,'2014-10-01 18:13:20'),(5226,73,2,8,0,0,0,'2014-10-01 18:13:20'),(5227,73,2,8,0,0,0,'2014-10-01 18:13:20'),(5228,73,2,8,0,0,0,'2014-10-01 18:13:20'),(5229,73,2,8,0,0,0,'2014-10-01 18:13:20'),(5230,73,2,8,0,0,0,'2014-10-01 18:13:20'),(5231,73,2,8,0,0,0,'2014-10-01 18:13:20'),(5232,73,2,8,0,0,0,'2014-10-01 18:13:20'),(5233,73,2,8,0,0,0,'2014-10-01 18:13:20'),(5234,73,2,8,0,0,0,'2014-10-01 18:13:20'),(5235,73,2,8,0,0,0,'2014-10-01 18:13:20'),(5236,73,2,8,0,0,0,'2014-10-01 18:13:20'),(5237,73,2,8,0,0,0,'2014-10-01 18:13:20'),(5238,73,2,8,0,0,0,'2014-10-01 18:13:20'),(5239,73,2,8,0,0,0,'2014-10-01 18:13:20'),(5240,73,2,8,0,0,0,'2014-10-01 18:13:20'),(5241,73,2,8,0,0,0,'2014-10-01 18:13:20'),(5242,73,2,8,0,0,0,'2014-10-01 18:13:20'),(5243,73,2,8,0,0,0,'2014-10-01 18:13:20'),(5244,73,2,8,0,0,0,'2014-10-01 18:13:20'),(5245,73,2,8,0,0,0,'2014-10-01 18:13:20'),(5246,73,2,8,0,0,0,'2014-10-01 18:13:20'),(5247,73,2,8,0,0,0,'2014-10-01 18:13:20'),(5248,73,2,8,0,0,0,'2014-10-01 18:13:20'),(5249,73,2,8,0,0,0,'2014-10-01 18:13:20'),(5250,73,2,8,0,0,0,'2014-10-01 18:13:20'),(5251,73,2,8,0,0,0,'2014-10-01 18:13:20'),(5252,73,2,8,0,0,0,'2014-10-01 18:13:20'),(5253,73,2,8,0,0,0,'2014-10-01 18:13:20'),(5254,73,2,8,0,0,0,'2014-10-01 18:13:20'),(5255,73,2,8,0,0,0,'2014-10-01 18:13:20'),(5256,73,2,8,0,0,0,'2014-10-01 18:13:20'),(5257,73,2,8,0,0,0,'2014-10-01 18:13:20'),(5258,73,2,8,0,0,0,'2014-10-01 18:13:20'),(5259,73,2,8,0,0,0,'2014-10-01 18:13:20'),(5260,73,2,8,0,0,0,'2014-10-01 18:13:20'),(5261,73,2,8,0,0,0,'2014-10-01 18:13:20'),(5262,73,2,8,0,0,0,'2014-10-01 18:13:20'),(5263,73,2,8,0,0,0,'2014-10-01 18:13:20'),(5264,73,2,8,0,0,0,'2014-10-01 18:13:20'),(5265,73,2,8,0,0,0,'2014-10-01 18:13:20'),(5266,73,2,8,0,0,0,'2014-10-01 18:13:20'),(5267,73,2,8,0,0,0,'2014-10-01 18:13:20'),(5268,73,2,8,0,0,0,'2014-10-01 18:13:20'),(5269,73,2,8,0,0,0,'2014-10-01 18:13:20'),(5270,73,2,8,0,0,0,'2014-10-01 18:13:20'),(5271,73,2,8,0,0,0,'2014-10-01 18:13:20'),(5272,73,2,8,0,0,0,'2014-10-01 18:13:20'),(5273,73,2,8,0,0,0,'2014-10-01 18:13:20'),(5274,73,2,8,0,0,0,'2014-10-01 18:13:20'),(5275,73,2,8,0,0,0,'2014-10-01 18:13:20'),(5276,73,2,8,0,0,0,'2014-10-01 18:13:20'),(5277,73,2,8,0,0,0,'2014-10-01 18:13:20'),(5278,73,2,8,0,0,0,'2014-10-01 18:13:20'),(5279,73,2,8,0,0,0,'2014-10-01 18:13:20'),(5280,73,2,8,0,0,0,'2014-10-01 18:13:20'),(5281,73,2,8,0,0,0,'2014-10-01 18:13:20'),(5282,73,2,8,0,0,0,'2014-10-01 18:13:21'),(5283,73,2,8,0,0,0,'2014-10-01 18:13:21'),(5284,73,2,8,0,0,0,'2014-10-01 18:13:21'),(5285,73,2,8,0,0,0,'2014-10-01 18:13:21'),(5286,73,2,8,0,0,0,'2014-10-01 18:13:21'),(5287,73,2,8,0,0,0,'2014-10-01 18:13:21'),(5288,73,2,8,0,0,0,'2014-10-01 18:13:21'),(5289,73,2,8,0,0,0,'2014-10-01 18:13:21'),(5290,73,2,8,0,0,0,'2014-10-01 18:13:21'),(5291,73,2,8,0,0,0,'2014-10-01 18:13:21'),(5292,73,2,8,0,0,0,'2014-10-01 18:13:21'),(5293,73,2,8,0,0,0,'2014-10-01 18:13:21'),(5294,73,2,8,0,0,0,'2014-10-01 18:13:21'),(5295,73,2,8,0,0,0,'2014-10-01 18:13:21'),(5296,73,2,8,0,0,0,'2014-10-01 18:13:21'),(5297,73,2,8,0,0,0,'2014-10-01 18:13:21'),(5298,73,2,8,0,0,0,'2014-10-01 18:13:21'),(5299,73,2,8,0,0,0,'2014-10-01 18:13:21'),(5300,73,2,8,0,0,0,'2014-10-01 18:13:21'),(5301,73,2,8,0,0,0,'2014-10-01 18:13:21'),(5302,73,2,8,0,0,0,'2014-10-01 18:13:21'),(5303,73,2,8,0,0,0,'2014-10-01 18:13:21'),(5304,73,2,8,0,0,0,'2014-10-01 18:13:21'),(5305,73,2,8,0,0,0,'2014-10-01 18:13:21'),(5306,73,2,8,0,0,0,'2014-10-01 18:13:21'),(5307,73,2,8,0,0,0,'2014-10-01 18:13:21'),(5308,73,2,8,0,0,0,'2014-10-01 18:13:21'),(5309,73,2,8,0,0,0,'2014-10-01 18:13:21'),(5310,73,2,8,0,0,0,'2014-10-01 18:13:21'),(5311,73,2,8,0,0,0,'2014-10-01 18:13:21'),(5312,73,2,8,0,0,0,'2014-10-01 18:13:21'),(5313,73,2,8,0,0,0,'2014-10-01 18:13:21'),(5314,73,2,8,0,0,0,'2014-10-01 18:13:21'),(5315,73,2,8,0,0,0,'2014-10-01 18:13:21'),(5316,73,2,8,0,0,0,'2014-10-01 18:13:21'),(5317,73,2,8,0,0,0,'2014-10-01 18:13:21'),(5318,73,2,8,0,0,0,'2014-10-01 18:13:21'),(5319,73,2,8,0,0,0,'2014-10-01 18:13:21'),(5320,73,2,8,0,0,0,'2014-10-01 18:13:21'),(5321,73,2,8,0,0,0,'2014-10-01 18:13:21'),(5322,73,2,8,0,0,0,'2014-10-01 18:13:21'),(5323,73,2,8,0,0,0,'2014-10-01 18:13:21'),(5324,73,2,8,0,0,0,'2014-10-01 18:13:21'),(5325,73,2,8,0,0,0,'2014-10-01 18:13:21'),(5326,73,2,8,0,0,0,'2014-10-01 18:13:21'),(5327,73,2,8,0,0,0,'2014-10-01 18:13:21'),(5328,73,2,8,0,0,0,'2014-10-01 18:13:21'),(5329,73,2,8,0,0,0,'2014-10-01 18:13:21'),(5330,73,2,8,0,0,0,'2014-10-01 18:13:21'),(5331,73,2,8,0,0,0,'2014-10-01 18:13:21'),(5332,73,2,8,0,0,0,'2014-10-01 18:13:21'),(5333,73,2,8,0,0,0,'2014-10-01 18:13:21'),(5334,73,2,8,0,0,0,'2014-10-01 18:13:21'),(5335,73,2,8,0,0,0,'2014-10-01 18:13:21'),(5336,73,2,8,0,0,0,'2014-10-01 18:13:21'),(5337,73,2,8,0,0,0,'2014-10-01 18:13:21'),(5338,73,2,8,0,0,0,'2014-10-01 18:13:21'),(5339,73,2,8,0,0,0,'2014-10-01 18:13:21'),(5340,73,2,8,0,0,0,'2014-10-01 18:13:21'),(5341,73,2,8,0,0,0,'2014-10-01 18:13:21'),(5342,73,2,8,0,0,0,'2014-10-01 18:13:21'),(5343,73,2,8,0,0,0,'2014-10-01 18:13:21'),(5344,73,2,8,0,0,0,'2014-10-01 18:13:21'),(5345,73,2,8,0,0,0,'2014-10-01 18:13:21'),(5346,73,2,8,0,0,0,'2014-10-01 18:13:21'),(5347,73,2,8,0,0,0,'2014-10-01 18:13:21'),(5348,73,2,8,0,0,0,'2014-10-01 18:13:21'),(5349,73,2,8,0,0,0,'2014-10-01 18:13:21'),(5350,73,2,8,0,0,0,'2014-10-01 18:13:21'),(5351,73,2,8,0,0,0,'2014-10-01 18:13:21'),(5352,73,2,8,0,0,0,'2014-10-01 18:13:21'),(5353,73,2,8,0,0,0,'2014-10-01 18:13:21'),(5354,73,2,8,0,0,0,'2014-10-01 18:13:21'),(5355,73,2,8,0,0,0,'2014-10-01 18:13:21'),(5356,73,2,8,0,0,0,'2014-10-01 18:13:21'),(5357,73,2,8,0,0,0,'2014-10-01 18:13:21'),(5358,73,2,8,0,0,0,'2014-10-01 18:13:21'),(5359,73,2,8,0,0,0,'2014-10-01 18:13:21'),(5360,73,2,8,0,0,0,'2014-10-01 18:13:21'),(5361,73,2,8,0,0,0,'2014-10-01 18:13:21'),(5362,73,2,8,0,0,0,'2014-10-01 18:13:21'),(5363,73,2,8,0,0,0,'2014-10-01 18:13:21'),(5364,73,2,8,0,0,0,'2014-10-01 18:13:21'),(5365,73,2,8,0,0,0,'2014-10-01 18:13:21'),(5366,73,2,8,0,0,0,'2014-10-01 18:13:21'),(5367,73,2,8,0,0,0,'2014-10-01 18:13:21'),(5368,73,2,8,0,0,0,'2014-10-01 18:13:22'),(5369,73,2,8,0,0,0,'2014-10-01 18:13:22'),(5370,73,2,8,0,0,0,'2014-10-01 18:13:22'),(5371,73,2,8,0,0,0,'2014-10-01 18:13:22'),(5372,73,2,8,0,0,0,'2014-10-01 18:13:22'),(5373,73,2,8,0,0,0,'2014-10-01 18:13:22'),(5374,73,2,8,0,0,0,'2014-10-01 18:13:22'),(5375,73,2,8,0,0,0,'2014-10-01 18:13:22'),(5376,73,2,8,0,0,0,'2014-10-01 18:13:22'),(5377,73,2,8,0,0,0,'2014-10-01 18:13:22'),(5378,73,2,8,0,0,0,'2014-10-01 18:13:22'),(5379,73,2,8,0,0,0,'2014-10-01 18:13:22'),(5380,73,2,8,0,0,0,'2014-10-01 18:13:22'),(5381,73,2,8,0,0,0,'2014-10-01 18:13:22'),(5382,73,2,8,0,0,0,'2014-10-01 18:13:22'),(5383,73,2,8,0,0,0,'2014-10-01 18:13:22'),(5384,73,2,8,0,0,0,'2014-10-01 18:13:22'),(5385,73,2,8,0,0,0,'2014-10-01 18:13:22'),(5386,73,2,8,0,0,0,'2014-10-01 18:13:22'),(5387,73,2,8,0,0,0,'2014-10-01 18:13:22'),(5388,73,2,8,0,0,0,'2014-10-01 18:13:22'),(5389,73,2,8,0,0,0,'2014-10-01 18:13:22'),(5390,73,2,8,0,0,0,'2014-10-01 18:13:22'),(5391,73,2,8,0,0,0,'2014-10-01 18:13:22'),(5392,73,2,8,0,0,0,'2014-10-01 18:13:22'),(5393,73,2,8,0,0,0,'2014-10-01 18:13:22'),(5394,73,2,8,0,0,0,'2014-10-01 18:13:22'),(5395,73,2,8,0,0,0,'2014-10-01 18:13:22'),(5396,73,2,8,0,0,0,'2014-10-01 18:13:22'),(5397,73,2,8,0,0,0,'2014-10-01 18:13:22'),(5398,73,2,8,0,0,0,'2014-10-01 18:13:22'),(5399,73,2,8,0,0,0,'2014-10-01 18:13:22'),(5400,73,2,8,0,0,0,'2014-10-01 18:13:22'),(5401,73,2,8,0,0,0,'2014-10-01 18:13:22'),(5402,73,2,8,0,0,0,'2014-10-01 18:13:22'),(5403,73,2,8,0,0,0,'2014-10-01 18:13:22'),(5404,73,2,8,0,0,0,'2014-10-01 18:13:22'),(5405,73,2,8,0,0,0,'2014-10-01 18:13:22'),(5406,73,2,8,0,0,0,'2014-10-01 18:13:22'),(5407,73,2,8,0,0,0,'2014-10-01 18:13:22'),(5408,73,2,8,0,0,0,'2014-10-01 18:13:22'),(5409,73,2,8,0,0,0,'2014-10-01 18:13:22'),(5410,73,2,8,0,0,0,'2014-10-01 18:13:22'),(5411,73,2,8,0,0,0,'2014-10-01 18:13:22'),(5412,73,2,8,0,0,0,'2014-10-01 18:13:22'),(5413,73,2,8,0,0,0,'2014-10-01 18:13:22'),(5414,73,2,8,0,0,0,'2014-10-01 18:13:22'),(5415,73,2,8,0,0,0,'2014-10-01 18:13:22'),(5416,73,2,8,0,0,0,'2014-10-01 18:13:22'),(5417,73,2,8,0,0,0,'2014-10-01 18:13:22'),(5418,73,2,8,0,0,0,'2014-10-01 18:13:22'),(5419,73,2,8,0,0,0,'2014-10-01 18:13:22'),(5420,73,2,8,0,0,0,'2014-10-01 18:13:22'),(5421,73,2,8,0,0,0,'2014-10-01 18:13:22'),(5422,73,2,8,0,0,0,'2014-10-01 18:13:22'),(5423,73,2,8,0,0,0,'2014-10-01 18:13:22'),(5424,73,2,8,0,0,0,'2014-10-01 18:13:22'),(5425,73,2,8,0,0,0,'2014-10-01 18:13:22'),(5426,73,2,8,0,0,0,'2014-10-01 18:13:22'),(5427,73,2,8,0,0,0,'2014-10-01 18:13:22'),(5428,73,2,8,0,0,0,'2014-10-01 18:13:22'),(5429,73,2,8,0,0,0,'2014-10-01 18:13:22'),(5430,73,2,8,0,0,0,'2014-10-01 18:13:22'),(5431,73,2,8,0,0,0,'2014-10-01 18:13:22'),(5432,73,2,8,0,0,0,'2014-10-01 18:13:22'),(5433,73,2,8,0,0,0,'2014-10-01 18:13:22'),(5434,73,2,8,0,0,0,'2014-10-01 18:13:22'),(5435,73,2,8,0,0,0,'2014-10-01 18:13:22'),(5436,73,2,8,0,0,0,'2014-10-01 18:13:22'),(5437,73,2,8,0,0,0,'2014-10-01 18:13:22'),(5438,73,2,8,0,0,0,'2014-10-01 18:13:22'),(5439,73,2,8,0,0,0,'2014-10-01 18:13:22'),(5440,73,2,8,0,0,0,'2014-10-01 18:13:22'),(5441,73,2,8,0,0,0,'2014-10-01 18:13:22'),(5442,73,2,8,0,0,0,'2014-10-01 18:13:22'),(5443,73,2,8,0,0,0,'2014-10-01 18:13:22'),(5444,73,2,8,0,0,0,'2014-10-01 18:13:22'),(5445,73,2,8,0,0,0,'2014-10-01 18:13:23'),(5446,73,2,8,0,0,0,'2014-10-01 18:13:23'),(5447,73,2,8,0,0,0,'2014-10-01 18:13:23'),(5448,73,2,8,0,0,0,'2014-10-01 18:13:23'),(5449,73,2,8,0,0,0,'2014-10-01 18:13:23'),(5450,73,2,8,0,0,0,'2014-10-01 18:13:23'),(5451,73,2,8,0,0,0,'2014-10-01 18:13:23'),(5452,73,2,8,0,0,0,'2014-10-01 18:13:23'),(5453,73,2,8,0,0,0,'2014-10-01 18:13:23'),(5454,73,2,8,0,0,0,'2014-10-01 18:13:23'),(5455,73,2,8,0,0,0,'2014-10-01 18:13:23'),(5456,73,2,8,0,0,0,'2014-10-01 18:13:23'),(5457,73,2,8,0,0,0,'2014-10-01 18:13:23'),(5458,73,2,8,0,0,0,'2014-10-01 18:13:23'),(5459,73,2,8,0,0,0,'2014-10-01 18:13:23'),(5460,73,2,8,0,0,0,'2014-10-01 18:13:23'),(5461,73,2,8,0,0,0,'2014-10-01 18:13:23'),(5462,73,2,8,0,0,0,'2014-10-01 18:13:23'),(5463,73,2,8,0,0,0,'2014-10-01 18:13:23'),(5464,73,2,8,0,0,0,'2014-10-01 18:13:23'),(5465,73,2,8,0,0,0,'2014-10-01 18:13:23'),(5466,73,2,8,0,0,0,'2014-10-01 18:13:23'),(5467,73,2,8,0,0,0,'2014-10-01 18:13:23'),(5468,73,2,8,0,0,0,'2014-10-01 18:13:23'),(5469,73,2,8,0,0,0,'2014-10-01 18:13:23'),(5470,73,2,8,0,0,0,'2014-10-01 18:13:23'),(5471,73,2,8,0,0,0,'2014-10-01 18:13:23'),(5472,73,2,8,0,0,0,'2014-10-01 18:13:23'),(5473,73,2,8,0,0,0,'2014-10-01 18:13:23'),(5474,73,2,8,0,0,0,'2014-10-01 18:13:23'),(5475,73,2,8,0,0,0,'2014-10-01 18:13:23'),(5476,73,2,8,0,0,0,'2014-10-01 18:13:23'),(5477,73,2,8,0,0,0,'2014-10-01 18:13:23'),(5478,73,2,8,0,0,0,'2014-10-01 18:13:23'),(5479,73,2,8,0,0,0,'2014-10-01 18:13:23'),(5480,73,2,8,0,0,0,'2014-10-01 18:13:23'),(5481,73,2,8,0,0,0,'2014-10-01 18:13:23'),(5482,73,2,8,0,0,0,'2014-10-01 18:13:23'),(5483,73,2,8,0,0,0,'2014-10-01 18:13:23'),(5484,73,2,8,0,0,0,'2014-10-01 18:13:23'),(5485,73,2,8,0,0,0,'2014-10-01 18:13:23'),(5486,73,2,8,0,0,0,'2014-10-01 18:13:23'),(5487,73,2,8,0,0,0,'2014-10-01 18:13:23'),(5488,73,2,8,0,0,0,'2014-10-01 18:13:23'),(5489,73,2,8,0,0,0,'2014-10-01 18:13:23'),(5490,73,2,8,0,0,0,'2014-10-01 18:13:23'),(5491,73,2,8,0,0,0,'2014-10-01 18:13:23'),(5492,73,2,8,0,0,0,'2014-10-01 18:13:23'),(5493,73,2,8,0,0,0,'2014-10-01 18:13:23'),(5494,73,2,8,0,0,0,'2014-10-01 18:13:23'),(5495,73,2,8,0,0,0,'2014-10-01 18:13:23'),(5496,73,2,8,0,0,0,'2014-10-01 18:13:23'),(5497,73,2,8,0,0,0,'2014-10-01 18:13:23'),(5498,73,2,8,0,0,0,'2014-10-01 18:13:23'),(5499,73,2,8,0,0,0,'2014-10-01 18:13:23'),(5500,73,2,8,0,0,0,'2014-10-01 18:13:23'),(5501,73,2,8,0,0,0,'2014-10-01 18:13:23'),(5502,73,2,8,0,0,0,'2014-10-01 18:13:23'),(5503,73,2,8,0,0,0,'2014-10-01 18:13:23'),(5504,73,2,8,0,0,0,'2014-10-01 18:13:23'),(5505,73,2,8,0,0,0,'2014-10-01 18:13:23'),(5506,73,2,8,0,0,0,'2014-10-01 18:13:23'),(5507,73,2,8,0,0,0,'2014-10-01 18:13:23'),(5508,73,2,8,0,0,0,'2014-10-01 18:13:23'),(5509,73,2,8,0,0,0,'2014-10-01 18:13:23'),(5510,73,2,8,0,0,0,'2014-10-01 18:13:23'),(5511,73,2,8,0,0,0,'2014-10-01 18:13:23'),(5512,73,2,8,0,0,0,'2014-10-01 18:13:23'),(5513,73,2,8,0,0,0,'2014-10-01 18:13:23'),(5514,73,2,8,0,0,0,'2014-10-01 18:13:23'),(5515,73,2,8,0,0,0,'2014-10-01 18:13:23'),(5516,73,2,8,0,0,0,'2014-10-01 18:13:23'),(5517,73,2,8,0,0,0,'2014-10-01 18:13:23'),(5518,73,2,8,0,0,0,'2014-10-01 18:13:23'),(5519,73,2,8,0,0,0,'2014-10-01 18:13:23'),(5520,73,2,8,0,0,0,'2014-10-01 18:13:23'),(5521,73,2,8,0,0,0,'2014-10-01 18:13:23'),(5522,73,2,8,0,0,0,'2014-10-01 18:13:23'),(5523,73,2,8,0,0,0,'2014-10-01 18:13:23'),(5524,73,2,8,0,0,0,'2014-10-01 18:13:23'),(5525,73,2,8,0,0,0,'2014-10-01 18:13:23'),(5526,73,2,8,0,0,0,'2014-10-01 18:13:24'),(5527,73,2,8,0,0,0,'2014-10-01 18:13:24'),(5528,73,2,8,0,0,0,'2014-10-01 18:13:24'),(5529,73,2,8,0,0,0,'2014-10-01 18:13:24'),(5530,73,2,8,0,0,0,'2014-10-01 18:13:24'),(5531,73,2,8,0,0,0,'2014-10-01 18:13:24'),(5532,73,2,8,0,0,0,'2014-10-01 18:13:24'),(5533,73,2,8,0,0,0,'2014-10-01 18:13:24'),(5534,73,2,8,0,0,0,'2014-10-01 18:13:24'),(5535,73,2,8,0,0,0,'2014-10-01 18:13:24'),(5536,73,2,8,0,0,0,'2014-10-01 18:13:24'),(5537,73,2,8,0,0,0,'2014-10-01 18:13:24'),(5538,73,2,8,0,0,0,'2014-10-01 18:13:24'),(5539,73,2,8,0,0,0,'2014-10-01 18:13:24'),(5540,73,2,8,0,0,0,'2014-10-01 18:13:24'),(5541,73,2,8,0,0,0,'2014-10-01 18:13:24'),(5542,73,2,8,0,0,0,'2014-10-01 18:13:24'),(5543,73,2,8,0,0,0,'2014-10-01 18:13:24'),(5544,73,2,8,0,0,0,'2014-10-01 18:13:24'),(5545,73,2,8,0,0,0,'2014-10-01 18:13:24'),(5546,73,2,8,0,0,0,'2014-10-01 18:13:24'),(5547,73,2,8,0,0,0,'2014-10-01 18:13:24'),(5548,73,2,8,0,0,0,'2014-10-01 18:13:24'),(5549,73,2,8,0,0,0,'2014-10-01 18:13:24'),(5550,73,2,8,0,0,0,'2014-10-01 18:13:24'),(5551,73,2,8,0,0,0,'2014-10-01 18:13:24'),(5552,73,2,8,0,0,0,'2014-10-01 18:13:24'),(5553,73,2,8,0,0,0,'2014-10-01 18:13:24'),(5554,73,2,8,0,0,0,'2014-10-01 18:13:24'),(5555,73,2,8,0,0,0,'2014-10-01 18:13:24'),(5556,73,2,8,0,0,0,'2014-10-01 18:13:24'),(5557,73,2,8,0,0,0,'2014-10-01 18:13:24'),(5558,73,2,8,0,0,0,'2014-10-01 18:13:24'),(5559,73,2,8,0,0,0,'2014-10-01 18:13:24'),(5560,73,2,8,0,0,0,'2014-10-01 18:13:24'),(5561,73,2,8,0,0,0,'2014-10-01 18:13:24'),(5562,73,2,8,0,0,0,'2014-10-01 18:13:24'),(5563,73,2,8,0,0,0,'2014-10-01 18:13:24'),(5564,73,2,8,0,0,0,'2014-10-01 18:13:24'),(5565,73,2,8,0,0,0,'2014-10-01 18:13:24'),(5566,73,2,8,0,0,0,'2014-10-01 18:13:24'),(5567,73,2,8,0,0,0,'2014-10-01 18:13:24'),(5568,73,2,8,0,0,0,'2014-10-01 18:13:24'),(5569,73,2,8,0,0,0,'2014-10-01 18:13:24'),(5570,73,2,8,0,0,0,'2014-10-01 18:13:24'),(5571,73,2,8,0,0,0,'2014-10-01 18:13:24'),(5572,73,2,8,0,0,0,'2014-10-01 18:13:24'),(5573,73,2,8,0,0,0,'2014-10-01 18:13:24'),(5574,73,2,8,0,0,0,'2014-10-01 18:13:24'),(5575,73,2,8,0,0,0,'2014-10-01 18:13:24'),(5576,73,2,8,0,0,0,'2014-10-01 18:13:24'),(5577,73,2,8,0,0,0,'2014-10-01 18:13:24'),(5578,73,2,8,0,0,0,'2014-10-01 18:13:24'),(5579,73,2,8,0,0,0,'2014-10-01 18:13:24'),(5580,73,2,8,0,0,0,'2014-10-01 18:13:24'),(5581,73,2,8,0,0,0,'2014-10-01 18:13:24'),(5582,73,2,8,0,0,0,'2014-10-01 18:13:24'),(5583,73,2,8,0,0,0,'2014-10-01 18:13:24'),(5584,73,2,8,0,0,0,'2014-10-01 18:13:24'),(5585,73,2,8,0,0,0,'2014-10-01 18:13:24'),(5586,73,2,8,0,0,0,'2014-10-01 18:13:24'),(5587,73,2,8,0,0,0,'2014-10-01 18:13:24'),(5588,73,2,8,0,0,0,'2014-10-01 18:13:24'),(5589,73,2,8,0,0,0,'2014-10-01 18:13:24'),(5590,73,2,8,0,0,0,'2014-10-01 18:13:24'),(5591,73,2,8,0,0,0,'2014-10-01 18:13:24'),(5592,73,2,8,0,0,0,'2014-10-01 18:13:24'),(5593,73,2,8,0,0,0,'2014-10-01 18:13:24'),(5594,73,2,8,0,0,0,'2014-10-01 18:13:24'),(5595,73,2,8,0,0,0,'2014-10-01 18:13:24'),(5596,73,2,8,0,0,0,'2014-10-01 18:13:25'),(5597,73,2,8,0,0,0,'2014-10-01 18:13:25'),(5598,73,2,8,0,0,0,'2014-10-01 18:13:25'),(5599,73,2,8,0,0,0,'2014-10-01 18:13:25'),(5600,73,2,8,0,0,0,'2014-10-01 18:13:25'),(5601,73,2,8,0,0,0,'2014-10-01 18:13:25'),(5602,73,2,8,0,0,0,'2014-10-01 18:13:25'),(5603,73,2,8,0,0,0,'2014-10-01 18:13:25'),(5604,73,2,8,0,0,0,'2014-10-01 18:13:25'),(5605,73,2,8,0,0,0,'2014-10-01 18:13:25'),(5606,73,2,8,0,0,0,'2014-10-01 18:13:25'),(5607,73,2,8,0,0,0,'2014-10-01 18:13:25'),(5608,73,2,8,0,0,0,'2014-10-01 18:13:25'),(5609,73,2,8,0,0,0,'2014-10-01 18:13:25'),(5610,73,2,8,0,0,0,'2014-10-01 18:13:25'),(5611,73,2,8,0,0,0,'2014-10-01 18:13:25'),(5612,73,2,8,0,0,0,'2014-10-01 18:13:25'),(5613,73,2,8,0,0,0,'2014-10-01 18:13:25'),(5614,73,2,8,0,0,0,'2014-10-01 18:13:25'),(5615,73,2,8,0,0,0,'2014-10-01 18:13:25'),(5616,73,2,8,0,0,0,'2014-10-01 18:13:25'),(5617,73,2,8,0,0,0,'2014-10-01 18:13:25'),(5618,73,2,8,0,0,0,'2014-10-01 18:13:25'),(5619,73,2,8,0,0,0,'2014-10-01 18:13:25'),(5620,73,2,8,0,0,0,'2014-10-01 18:13:25'),(5621,73,2,8,0,0,0,'2014-10-01 18:13:25'),(5622,73,2,8,0,0,0,'2014-10-01 18:13:25'),(5623,73,2,8,0,0,0,'2014-10-01 18:13:25'),(5624,73,2,8,0,0,0,'2014-10-01 18:13:25'),(5625,73,2,8,0,0,0,'2014-10-01 18:13:25'),(5626,73,2,8,0,0,0,'2014-10-01 18:13:25'),(5627,73,2,8,0,0,0,'2014-10-01 18:13:25'),(5628,73,2,8,0,0,0,'2014-10-01 18:13:25'),(5629,73,2,8,0,0,0,'2014-10-01 18:13:25'),(5630,73,2,8,0,0,0,'2014-10-01 18:13:25'),(5631,73,2,8,0,0,0,'2014-10-01 18:13:25'),(5632,73,2,8,0,0,0,'2014-10-01 18:13:25'),(5633,73,2,8,0,0,0,'2014-10-01 18:13:25'),(5634,73,2,8,0,0,0,'2014-10-01 18:13:25'),(5635,73,2,8,0,0,0,'2014-10-01 18:13:25'),(5636,73,2,8,0,0,0,'2014-10-01 18:13:25'),(5637,73,2,8,0,0,0,'2014-10-01 18:13:25'),(5638,73,2,8,0,0,0,'2014-10-01 18:13:25'),(5639,73,2,8,0,0,0,'2014-10-01 18:13:25'),(5640,73,2,8,0,0,0,'2014-10-01 18:13:25'),(5641,73,2,8,0,0,0,'2014-10-01 18:13:25'),(5642,73,2,8,0,0,0,'2014-10-01 18:13:25'),(5643,73,2,8,0,0,0,'2014-10-01 18:13:25'),(5644,73,2,8,0,0,0,'2014-10-01 18:13:25'),(5645,73,2,8,0,0,0,'2014-10-01 18:13:25'),(5646,73,2,8,0,0,0,'2014-10-01 18:13:25'),(5647,73,2,8,0,0,0,'2014-10-01 18:13:25'),(5648,73,2,8,0,0,0,'2014-10-01 18:13:25'),(5649,73,2,8,0,0,0,'2014-10-01 18:13:25'),(5650,73,2,8,0,0,0,'2014-10-01 18:13:25'),(5651,73,2,8,0,0,0,'2014-10-01 18:13:25'),(5652,73,2,8,0,0,0,'2014-10-01 18:13:25'),(5653,73,2,8,0,0,0,'2014-10-01 18:13:25'),(5654,73,2,8,0,0,0,'2014-10-01 18:13:25'),(5655,73,2,8,0,0,0,'2014-10-01 18:13:25'),(5656,73,2,8,0,0,0,'2014-10-01 18:13:25'),(5657,73,2,8,0,0,0,'2014-10-01 18:13:25'),(5658,73,2,8,0,0,0,'2014-10-01 18:13:25'),(5659,73,2,8,0,0,0,'2014-10-01 18:13:25'),(5660,73,2,8,0,0,0,'2014-10-01 18:13:25'),(5661,73,2,8,0,0,0,'2014-10-01 18:13:25'),(5662,73,2,8,0,0,0,'2014-10-01 18:13:26'),(5663,73,2,8,0,0,0,'2014-10-01 18:13:26'),(5664,73,2,8,0,0,0,'2014-10-01 18:13:26'),(5665,73,2,8,0,0,0,'2014-10-01 18:13:26'),(5666,73,2,8,0,0,0,'2014-10-01 18:13:26'),(5667,73,2,8,0,0,0,'2014-10-01 18:13:26'),(5668,73,2,8,0,0,0,'2014-10-01 18:13:26'),(5669,73,2,8,0,0,0,'2014-10-01 18:13:26'),(5670,73,2,8,0,0,0,'2014-10-01 18:13:26'),(5671,73,2,8,0,0,0,'2014-10-01 18:13:26'),(5672,73,2,8,0,0,0,'2014-10-01 18:13:26'),(5673,73,2,8,0,0,0,'2014-10-01 18:13:26'),(5674,73,2,8,0,0,0,'2014-10-01 18:13:26'),(5675,73,2,8,0,0,0,'2014-10-01 18:13:26'),(5676,73,2,8,0,0,0,'2014-10-01 18:13:26'),(5677,73,2,8,0,0,0,'2014-10-01 18:13:26'),(5678,73,2,8,0,0,0,'2014-10-01 18:13:26'),(5679,73,2,8,0,0,0,'2014-10-01 18:13:26'),(5680,73,2,8,0,0,0,'2014-10-01 18:13:26'),(5681,73,2,8,0,0,0,'2014-10-01 18:13:26'),(5682,73,2,8,0,0,0,'2014-10-01 18:13:26'),(5683,73,2,8,0,0,0,'2014-10-01 18:13:26'),(5684,73,2,8,0,0,0,'2014-10-01 18:13:26'),(5685,73,2,8,0,0,0,'2014-10-01 18:13:26'),(5686,73,2,8,0,0,0,'2014-10-01 18:13:26'),(5687,73,2,8,0,0,0,'2014-10-01 18:13:26'),(5688,73,2,8,0,0,0,'2014-10-01 18:13:26'),(5689,73,2,8,0,0,0,'2014-10-01 18:13:26'),(5690,73,2,8,0,0,0,'2014-10-01 18:13:26'),(5691,73,2,8,0,0,0,'2014-10-01 18:13:26'),(5692,73,2,8,0,0,0,'2014-10-01 18:13:26'),(5693,73,2,8,0,0,0,'2014-10-01 18:13:26'),(5694,73,2,8,0,0,0,'2014-10-01 18:13:26'),(5695,73,2,8,0,0,0,'2014-10-01 18:13:26'),(5696,73,2,8,0,0,0,'2014-10-01 18:13:26'),(5697,73,2,8,0,0,0,'2014-10-01 18:13:26'),(5698,73,2,8,0,0,0,'2014-10-01 18:13:26'),(5699,73,2,8,0,0,0,'2014-10-01 18:13:26'),(5700,73,2,8,0,0,0,'2014-10-01 18:13:26'),(5701,73,2,8,0,0,0,'2014-10-01 18:13:26'),(5702,73,2,8,0,0,0,'2014-10-01 18:13:26'),(5703,73,2,8,0,0,0,'2014-10-01 18:13:26'),(5704,73,2,8,0,0,0,'2014-10-01 18:13:26'),(5705,73,2,8,0,0,0,'2014-10-01 18:13:26'),(5706,73,2,8,0,0,0,'2014-10-01 18:13:26'),(5707,73,2,8,0,0,0,'2014-10-01 18:13:26'),(5708,73,2,8,0,0,0,'2014-10-01 18:13:26'),(5709,73,2,8,0,0,0,'2014-10-01 18:13:26'),(5710,73,2,8,0,0,0,'2014-10-01 18:13:26'),(5711,73,2,8,0,0,0,'2014-10-01 18:13:26'),(5712,73,2,8,0,0,0,'2014-10-01 18:13:26'),(5713,73,2,8,0,0,0,'2014-10-01 18:13:26'),(5714,73,2,8,0,0,0,'2014-10-01 18:13:26'),(5715,73,2,8,0,0,0,'2014-10-01 18:13:26'),(5716,73,2,8,0,0,0,'2014-10-01 18:13:26'),(5717,73,2,8,0,0,0,'2014-10-01 18:13:26'),(5718,73,2,8,0,0,0,'2014-10-01 18:13:26'),(5719,73,2,8,0,0,0,'2014-10-01 18:13:26'),(5720,73,2,8,0,0,0,'2014-10-01 18:13:26'),(5721,73,2,8,0,0,0,'2014-10-01 18:13:26'),(5722,73,2,8,0,0,0,'2014-10-01 18:13:26'),(5723,73,2,8,0,0,0,'2014-10-01 18:13:26'),(5724,73,2,8,0,0,0,'2014-10-01 18:13:26'),(5725,73,2,8,0,0,0,'2014-10-01 18:13:26'),(5726,73,2,8,0,0,0,'2014-10-01 18:13:26'),(5727,73,2,8,0,0,0,'2014-10-01 18:13:26'),(5728,73,2,8,0,0,0,'2014-10-01 18:13:26'),(5729,73,2,8,0,0,0,'2014-10-01 18:13:26'),(5730,73,2,8,0,0,0,'2014-10-01 18:13:26'),(5731,73,2,8,0,0,0,'2014-10-01 18:13:26'),(5732,73,2,8,0,0,0,'2014-10-01 18:13:26'),(5733,73,2,8,0,0,0,'2014-10-01 18:13:26'),(5734,73,2,8,0,0,0,'2014-10-01 18:13:26'),(5735,73,2,8,0,0,0,'2014-10-01 18:13:26'),(5736,73,2,8,0,0,0,'2014-10-01 18:13:26'),(5737,73,2,8,0,0,0,'2014-10-01 18:13:26'),(5738,73,2,8,0,0,0,'2014-10-01 18:13:27'),(5739,73,2,8,0,0,0,'2014-10-01 18:13:27'),(5740,73,2,8,0,0,0,'2014-10-01 18:13:27'),(5741,73,2,8,0,0,0,'2014-10-01 18:13:27'),(5742,73,2,8,0,0,0,'2014-10-01 18:13:27'),(5743,73,2,8,0,0,0,'2014-10-01 18:13:27'),(5744,73,2,8,0,0,0,'2014-10-01 18:13:27'),(5745,73,2,8,0,0,0,'2014-10-01 18:13:27'),(5746,73,2,8,0,0,0,'2014-10-01 18:13:27'),(5747,73,2,8,0,0,0,'2014-10-01 18:13:27'),(5748,73,2,8,0,0,0,'2014-10-01 18:13:27'),(5749,73,2,8,0,0,0,'2014-10-01 18:13:27'),(5750,73,2,8,0,0,0,'2014-10-01 18:13:27'),(5751,73,2,8,0,0,0,'2014-10-01 18:13:27'),(5752,73,2,8,0,0,0,'2014-10-01 18:13:27'),(5753,73,2,8,0,0,0,'2014-10-01 18:13:27'),(5754,73,2,8,0,0,0,'2014-10-01 18:13:27'),(5755,73,2,8,0,0,0,'2014-10-01 18:13:27'),(5756,73,2,8,0,0,0,'2014-10-01 18:13:27'),(5757,73,2,8,0,0,0,'2014-10-01 18:13:27'),(5758,73,2,8,0,0,0,'2014-10-01 18:13:27'),(5759,73,2,8,0,0,0,'2014-10-01 18:13:27'),(5760,73,2,8,0,0,0,'2014-10-01 18:13:27'),(5761,73,2,8,0,0,0,'2014-10-01 18:13:27'),(5762,73,2,8,0,0,0,'2014-10-01 18:13:27'),(5763,73,2,8,0,0,0,'2014-10-01 18:13:27'),(5764,73,2,8,0,0,0,'2014-10-01 18:13:27'),(5765,73,2,8,0,0,0,'2014-10-01 18:13:27'),(5766,73,2,8,0,0,0,'2014-10-01 18:13:27'),(5767,73,2,8,0,0,0,'2014-10-01 18:13:27'),(5768,73,2,8,0,0,0,'2014-10-01 18:13:27'),(5769,73,2,8,0,0,0,'2014-10-01 18:13:27'),(5770,73,2,8,0,0,0,'2014-10-01 18:13:27'),(5771,73,2,8,0,0,0,'2014-10-01 18:13:27'),(5772,73,2,8,0,0,0,'2014-10-01 18:13:27'),(5773,73,2,8,0,0,0,'2014-10-01 18:13:27'),(5774,73,2,8,0,0,0,'2014-10-01 18:13:27'),(5775,73,2,8,0,0,0,'2014-10-01 18:13:27'),(5776,73,2,8,0,0,0,'2014-10-01 18:13:27'),(5777,73,2,8,0,0,0,'2014-10-01 18:13:27'),(5778,73,2,8,0,0,0,'2014-10-01 18:13:27'),(5779,73,2,8,0,0,0,'2014-10-01 18:13:27'),(5780,73,2,8,0,0,0,'2014-10-01 18:13:27'),(5781,73,2,8,0,0,0,'2014-10-01 18:13:27'),(5782,73,2,8,0,0,0,'2014-10-01 18:13:27'),(5783,73,2,8,0,0,0,'2014-10-01 18:13:27'),(5784,73,2,8,0,0,0,'2014-10-01 18:13:27'),(5785,73,2,8,0,0,0,'2014-10-01 18:13:27'),(5786,73,2,8,0,0,0,'2014-10-01 18:13:27'),(5787,73,2,8,0,0,0,'2014-10-01 18:13:27'),(5788,73,2,8,0,0,0,'2014-10-01 18:13:27'),(5789,73,2,8,0,0,0,'2014-10-01 18:13:27'),(5790,73,2,8,0,0,0,'2014-10-01 18:13:27'),(5791,73,2,8,0,0,0,'2014-10-01 18:13:27'),(5792,73,2,8,0,0,0,'2014-10-01 18:13:27'),(5793,73,2,8,0,0,0,'2014-10-01 18:13:27'),(5794,73,2,8,0,0,0,'2014-10-01 18:13:27'),(5795,73,2,8,0,0,0,'2014-10-01 18:13:27'),(5796,73,2,8,0,0,0,'2014-10-01 18:13:27'),(5797,73,2,8,0,0,0,'2014-10-01 18:13:27'),(5798,73,2,8,0,0,0,'2014-10-01 18:13:27'),(5799,73,2,8,0,0,0,'2014-10-01 18:13:27'),(5800,73,2,8,0,0,0,'2014-10-01 18:13:27'),(5801,73,2,8,0,0,0,'2014-10-01 18:13:27'),(5802,73,2,8,0,0,0,'2014-10-01 18:13:27'),(5803,73,2,8,0,0,0,'2014-10-01 18:13:27'),(5804,73,2,8,0,0,0,'2014-10-01 18:13:27'),(5805,73,2,8,0,0,0,'2014-10-01 18:13:27'),(5806,73,2,8,0,0,0,'2014-10-01 18:13:27'),(5807,73,2,8,0,0,0,'2014-10-01 18:13:27'),(5808,73,2,8,0,0,0,'2014-10-01 18:13:27'),(5809,73,2,8,0,0,0,'2014-10-01 18:13:27'),(5810,73,2,8,0,0,0,'2014-10-01 18:13:27'),(5811,73,2,8,0,0,0,'2014-10-01 18:13:27'),(5812,73,2,8,0,0,0,'2014-10-01 18:13:27'),(5813,73,2,8,0,0,0,'2014-10-01 18:13:27'),(5814,73,2,8,0,0,0,'2014-10-01 18:13:27'),(5815,73,2,8,0,0,0,'2014-10-01 18:13:27'),(5816,73,2,8,0,0,0,'2014-10-01 18:13:27'),(5817,73,2,8,0,0,0,'2014-10-01 18:13:27'),(5818,73,2,8,0,0,0,'2014-10-01 18:13:28'),(5819,73,2,8,0,0,0,'2014-10-01 18:13:28'),(5820,73,2,8,0,0,0,'2014-10-01 18:13:28'),(5821,73,2,8,0,0,0,'2014-10-01 18:13:28'),(5822,73,2,8,0,0,0,'2014-10-01 18:13:28'),(5823,73,2,8,0,0,0,'2014-10-01 18:13:28'),(5824,73,2,8,0,0,0,'2014-10-01 18:13:28'),(5825,73,2,8,0,0,0,'2014-10-01 18:13:28'),(5826,73,2,8,0,0,0,'2014-10-01 18:13:28'),(5827,73,2,8,0,0,0,'2014-10-01 18:13:28'),(5828,73,2,8,0,0,0,'2014-10-01 18:13:28'),(5829,73,2,8,0,0,0,'2014-10-01 18:13:28'),(5830,73,2,8,0,0,0,'2014-10-01 18:13:28'),(5831,73,2,8,0,0,0,'2014-10-01 18:13:28'),(5832,73,2,8,0,0,0,'2014-10-01 18:13:28'),(5833,73,2,8,0,0,0,'2014-10-01 18:13:28'),(5834,73,2,8,0,0,0,'2014-10-01 18:13:28'),(5835,73,2,8,0,0,0,'2014-10-01 18:13:28'),(5836,73,2,8,0,0,0,'2014-10-01 18:13:28'),(5837,73,2,8,0,0,0,'2014-10-01 18:13:28'),(5838,73,2,8,0,0,0,'2014-10-01 18:13:28'),(5839,73,2,8,0,0,0,'2014-10-01 18:13:28'),(5840,73,2,8,0,0,0,'2014-10-01 18:13:28'),(5841,73,2,8,0,0,0,'2014-10-01 18:13:28'),(5842,73,2,8,0,0,0,'2014-10-01 18:13:28'),(5843,73,2,8,0,0,0,'2014-10-01 18:13:28'),(5844,73,2,8,0,0,0,'2014-10-01 18:13:28'),(5845,73,2,8,0,0,0,'2014-10-01 18:13:28'),(5846,73,2,8,0,0,0,'2014-10-01 18:13:28'),(5847,73,2,8,0,0,0,'2014-10-01 18:13:28'),(5848,73,2,8,0,0,0,'2014-10-01 18:13:28'),(5849,73,2,8,0,0,0,'2014-10-01 18:13:28'),(5850,73,2,8,0,0,0,'2014-10-01 18:13:28'),(5851,73,2,8,0,0,0,'2014-10-01 18:13:28'),(5852,73,2,8,0,0,0,'2014-10-01 18:13:28'),(5853,73,2,8,0,0,0,'2014-10-01 18:13:28'),(5854,73,2,8,0,0,0,'2014-10-01 18:13:28'),(5855,73,2,8,0,0,0,'2014-10-01 18:13:28'),(5856,73,2,8,0,0,0,'2014-10-01 18:13:28'),(5857,73,2,8,0,0,0,'2014-10-01 18:13:28'),(5858,73,2,8,0,0,0,'2014-10-01 18:13:28'),(5859,73,2,8,0,0,0,'2014-10-01 18:13:28'),(5860,73,2,8,0,0,0,'2014-10-01 18:13:28'),(5861,73,2,8,0,0,0,'2014-10-01 18:13:28'),(5862,73,2,8,0,0,0,'2014-10-01 18:13:28'),(5863,73,2,8,0,0,0,'2014-10-01 18:13:28'),(5864,73,2,8,0,0,0,'2014-10-01 18:13:28'),(5865,73,2,8,0,0,0,'2014-10-01 18:13:28'),(5866,73,2,8,0,0,0,'2014-10-01 18:13:28'),(5867,73,2,8,0,0,0,'2014-10-01 18:13:28'),(5868,73,2,8,0,0,0,'2014-10-01 18:13:28'),(5869,73,2,8,0,0,0,'2014-10-01 18:13:28'),(5870,73,2,8,0,0,0,'2014-10-01 18:13:28'),(5871,73,2,8,0,0,0,'2014-10-01 18:13:28'),(5872,73,2,8,0,0,0,'2014-10-01 18:13:28'),(5873,73,2,8,0,0,0,'2014-10-01 18:13:28'),(5874,73,2,8,0,0,0,'2014-10-01 18:13:28'),(5875,73,2,8,0,0,0,'2014-10-01 18:13:28'),(5876,73,2,8,0,0,0,'2014-10-01 18:13:28'),(5877,73,2,8,0,0,0,'2014-10-01 18:13:28'),(5878,73,2,8,0,0,0,'2014-10-01 18:13:28'),(5879,73,2,8,0,0,0,'2014-10-01 18:13:28'),(5880,73,2,8,0,0,0,'2014-10-01 18:13:28'),(5881,73,2,8,0,0,0,'2014-10-01 18:13:28'),(5882,73,2,8,0,0,0,'2014-10-01 18:13:28'),(5883,73,2,8,0,0,0,'2014-10-01 18:13:28'),(5884,73,2,8,0,0,0,'2014-10-01 18:13:28'),(5885,73,2,8,0,0,0,'2014-10-01 18:13:28'),(5886,73,2,8,0,0,0,'2014-10-01 18:13:28'),(5887,73,2,8,0,0,0,'2014-10-01 18:13:28'),(5888,73,2,8,0,0,0,'2014-10-01 18:13:28'),(5889,73,2,8,0,0,0,'2014-10-01 18:13:28'),(5890,73,2,8,0,0,0,'2014-10-01 18:13:29'),(5891,73,2,8,0,0,0,'2014-10-01 18:13:29'),(5892,73,2,8,0,0,0,'2014-10-01 18:13:29'),(5893,73,2,8,0,0,0,'2014-10-01 18:13:29'),(5894,73,2,8,0,0,0,'2014-10-01 18:13:29'),(5895,73,2,8,0,0,0,'2014-10-01 18:13:29'),(5896,73,2,8,0,0,0,'2014-10-01 18:13:29'),(5897,73,2,8,0,0,0,'2014-10-01 18:13:29'),(5898,73,2,8,0,0,0,'2014-10-01 18:13:29'),(5899,73,2,8,0,0,0,'2014-10-01 18:13:29'),(5900,73,2,8,0,0,0,'2014-10-01 18:13:29'),(5901,73,2,8,0,0,0,'2014-10-01 18:13:29'),(5902,73,2,8,0,0,0,'2014-10-01 18:13:29'),(5903,73,2,8,0,0,0,'2014-10-01 18:13:29'),(5904,73,2,8,0,0,0,'2014-10-01 18:13:29'),(5905,73,2,8,0,0,0,'2014-10-01 18:13:29'),(5906,73,2,8,0,0,0,'2014-10-01 18:13:29'),(5907,73,2,8,0,0,0,'2014-10-01 18:13:29'),(5908,73,2,8,0,0,0,'2014-10-01 18:13:29'),(5909,73,2,8,0,0,0,'2014-10-01 18:13:29'),(5910,73,2,8,0,0,0,'2014-10-01 18:13:29'),(5911,73,2,8,0,0,0,'2014-10-01 18:13:29'),(5912,73,2,8,0,0,0,'2014-10-01 18:13:29'),(5913,73,2,8,0,0,0,'2014-10-01 18:13:29'),(5914,73,2,8,0,0,0,'2014-10-01 18:13:29'),(5915,73,2,8,0,0,0,'2014-10-01 18:13:29'),(5916,73,2,8,0,0,0,'2014-10-01 18:13:29'),(5917,73,2,8,0,0,0,'2014-10-01 18:13:29'),(5918,73,2,8,0,0,0,'2014-10-01 18:13:29'),(5919,73,2,8,0,0,0,'2014-10-01 18:13:29'),(5920,73,2,8,0,0,0,'2014-10-01 18:13:29'),(5921,73,2,8,0,0,0,'2014-10-01 18:13:29'),(5922,73,2,8,0,0,0,'2014-10-01 18:13:29'),(5923,73,2,8,0,0,0,'2014-10-01 18:13:29'),(5924,73,2,8,0,0,0,'2014-10-01 18:13:29'),(5925,73,2,8,0,0,0,'2014-10-01 18:13:29'),(5926,73,2,8,0,0,0,'2014-10-01 18:13:29'),(5927,73,2,8,0,0,0,'2014-10-01 18:13:29'),(5928,73,2,8,0,0,0,'2014-10-01 18:13:29'),(5929,73,2,8,0,0,0,'2014-10-01 18:13:29'),(5930,73,2,8,0,0,0,'2014-10-01 18:13:29'),(5931,73,2,8,0,0,0,'2014-10-01 18:13:29'),(5932,73,2,8,0,0,0,'2014-10-01 18:13:29'),(5933,73,2,8,0,0,0,'2014-10-01 18:13:29'),(5934,73,2,8,0,0,0,'2014-10-01 18:13:29'),(5935,73,2,8,0,0,0,'2014-10-01 18:13:29'),(5936,73,2,8,0,0,0,'2014-10-01 18:13:29'),(5937,73,2,8,0,0,0,'2014-10-01 18:13:29'),(5938,73,2,8,0,0,0,'2014-10-01 18:13:29'),(5939,73,2,8,0,0,0,'2014-10-01 18:13:29'),(5940,73,2,8,0,0,0,'2014-10-01 18:13:29'),(5941,73,2,8,0,0,0,'2014-10-01 18:13:29'),(5942,73,2,8,0,0,0,'2014-10-01 18:13:29'),(5943,73,2,8,0,0,0,'2014-10-01 18:13:29'),(5944,73,2,8,0,0,0,'2014-10-01 18:13:29'),(5945,73,2,8,0,0,0,'2014-10-01 18:13:29'),(5946,73,2,8,0,0,0,'2014-10-01 18:13:29'),(5947,73,2,8,0,0,0,'2014-10-01 18:13:29'),(5948,73,2,8,0,0,0,'2014-10-01 18:13:29'),(5949,73,2,8,0,0,0,'2014-10-01 18:13:29'),(5950,73,2,8,0,0,0,'2014-10-01 18:13:29'),(5951,73,2,8,0,0,0,'2014-10-01 18:13:29'),(5952,73,2,8,0,0,0,'2014-10-01 18:13:29'),(5953,73,2,8,0,0,0,'2014-10-01 18:13:29'),(5954,73,2,8,0,0,0,'2014-10-01 18:13:29'),(5955,73,2,8,0,0,0,'2014-10-01 18:13:29'),(5956,73,2,8,0,0,0,'2014-10-01 18:13:29'),(5957,73,2,8,0,0,0,'2014-10-01 18:13:29'),(5958,73,2,8,0,0,0,'2014-10-01 18:13:29'),(5959,73,2,8,0,0,0,'2014-10-01 18:13:29'),(5960,73,2,8,0,0,0,'2014-10-01 18:13:29'),(5961,73,2,8,0,0,0,'2014-10-01 18:13:29'),(5962,73,2,8,0,0,0,'2014-10-01 18:13:29'),(5963,73,2,8,0,0,0,'2014-10-01 18:13:29'),(5964,73,2,8,0,0,0,'2014-10-01 18:13:29'),(5965,73,2,8,0,0,0,'2014-10-01 18:13:29'),(5966,73,2,8,0,0,0,'2014-10-01 18:13:29'),(5967,73,2,8,0,0,0,'2014-10-01 18:13:29'),(5968,73,2,8,0,0,0,'2014-10-01 18:13:29'),(5969,73,2,8,0,0,0,'2014-10-01 18:13:29'),(5970,73,2,8,0,0,0,'2014-10-01 18:13:29'),(5971,73,2,8,0,0,0,'2014-10-01 18:13:29'),(5972,73,2,8,0,0,0,'2014-10-01 18:13:29'),(5973,73,2,8,0,0,0,'2014-10-01 18:13:29'),(5974,73,2,8,0,0,0,'2014-10-01 18:13:29'),(5975,73,2,8,0,0,0,'2014-10-01 18:13:29'),(5976,73,2,8,0,0,0,'2014-10-01 18:13:29'),(5977,73,2,8,0,0,0,'2014-10-01 18:13:30'),(5978,73,2,8,0,0,0,'2014-10-01 18:13:30'),(5979,73,2,8,0,0,0,'2014-10-01 18:13:30'),(5980,73,2,8,0,0,0,'2014-10-01 18:13:30'),(5981,73,2,8,0,0,0,'2014-10-01 18:13:30'),(5982,73,2,8,0,0,0,'2014-10-01 18:13:30'),(5983,73,2,8,0,0,0,'2014-10-01 18:13:30'),(5984,73,2,8,0,0,0,'2014-10-01 18:13:30'),(5985,73,2,8,0,0,0,'2014-10-01 18:13:30'),(5986,73,2,8,0,0,0,'2014-10-01 18:13:30'),(5987,73,2,8,0,0,0,'2014-10-01 18:13:30'),(5988,73,2,8,0,0,0,'2014-10-01 18:13:30'),(5989,73,2,8,0,0,0,'2014-10-01 18:13:30'),(5990,73,2,8,0,0,0,'2014-10-01 18:13:30'),(5991,73,2,8,0,0,0,'2014-10-01 18:13:30'),(5992,73,2,8,0,0,0,'2014-10-01 18:13:30'),(5993,73,2,8,0,0,0,'2014-10-01 18:13:30'),(5994,73,2,8,0,0,0,'2014-10-01 18:13:30'),(5995,73,2,8,0,0,0,'2014-10-01 18:13:30'),(5996,73,2,8,0,0,0,'2014-10-01 18:13:30'),(5997,73,2,8,0,0,0,'2014-10-01 18:13:30'),(5998,73,2,8,0,0,0,'2014-10-01 18:13:30'),(5999,73,2,8,0,0,0,'2014-10-01 18:13:30'),(6000,73,2,8,0,0,0,'2014-10-01 18:13:30'),(6001,73,2,8,0,0,0,'2014-10-01 18:13:30'),(6002,73,2,8,0,0,0,'2014-10-01 18:13:30'),(6003,73,2,8,0,0,0,'2014-10-01 18:13:30'),(6004,73,2,8,0,0,0,'2014-10-01 18:13:30'),(6005,73,2,8,0,0,0,'2014-10-01 18:13:30'),(6006,73,2,8,0,0,0,'2014-10-01 18:13:30'),(6007,73,2,8,0,0,0,'2014-10-01 18:13:30'),(6008,73,2,8,0,0,0,'2014-10-01 18:13:30'),(6009,73,2,8,0,0,0,'2014-10-01 18:13:30'),(6010,73,2,8,0,0,0,'2014-10-01 18:13:30'),(6011,73,2,8,0,0,0,'2014-10-01 18:13:30'),(6012,73,2,8,0,0,0,'2014-10-01 18:13:30'),(6013,73,2,8,0,0,0,'2014-10-01 18:13:30'),(6014,73,2,8,0,0,0,'2014-10-01 18:13:30'),(6015,73,2,8,0,0,0,'2014-10-01 18:13:30'),(6016,73,2,8,0,0,0,'2014-10-01 18:13:30'),(6017,73,2,8,0,0,0,'2014-10-01 18:13:30'),(6018,73,2,8,0,0,0,'2014-10-01 18:13:30'),(6019,73,2,8,0,0,0,'2014-10-01 18:13:30'),(6020,73,2,8,0,0,0,'2014-10-01 18:13:30'),(6021,73,2,8,0,0,0,'2014-10-01 18:13:30'),(6022,73,2,8,0,0,0,'2014-10-01 18:13:30'),(6023,73,2,8,0,0,0,'2014-10-01 18:13:30'),(6024,73,2,8,0,0,0,'2014-10-01 18:13:30'),(6025,73,2,8,0,0,0,'2014-10-01 18:13:30'),(6026,73,2,8,0,0,0,'2014-10-01 18:13:30'),(6027,73,2,8,0,0,0,'2014-10-01 18:13:30'),(6028,73,2,8,0,0,0,'2014-10-01 18:13:30'),(6029,73,2,8,0,0,0,'2014-10-01 18:13:30'),(6030,73,2,8,0,0,0,'2014-10-01 18:13:30'),(6031,73,2,8,0,0,0,'2014-10-01 18:13:30'),(6032,73,2,8,0,0,0,'2014-10-01 18:13:30'),(6033,73,2,8,0,0,0,'2014-10-01 18:13:30'),(6034,73,2,8,0,0,0,'2014-10-01 18:13:30'),(6035,73,2,8,0,0,0,'2014-10-01 18:13:30'),(6036,73,2,8,0,0,0,'2014-10-01 18:13:30'),(6037,73,2,8,0,0,0,'2014-10-01 18:13:30'),(6038,73,2,8,0,0,0,'2014-10-01 18:13:30'),(6039,73,2,8,0,0,0,'2014-10-01 18:13:30'),(6040,73,2,8,0,0,0,'2014-10-01 18:13:30'),(6041,73,2,8,0,0,0,'2014-10-01 18:13:30'),(6042,73,2,8,0,0,0,'2014-10-01 18:13:30'),(6043,73,2,8,0,0,0,'2014-10-01 18:13:30'),(6044,73,2,8,0,0,0,'2014-10-01 18:13:30'),(6045,73,2,8,0,0,0,'2014-10-01 18:13:30'),(6046,73,2,8,0,0,0,'2014-10-01 18:13:30'),(6047,73,2,8,0,0,0,'2014-10-01 18:13:31'),(6048,73,2,8,0,0,0,'2014-10-01 18:13:31'),(6049,73,2,8,0,0,0,'2014-10-01 18:13:31'),(6050,73,2,8,0,0,0,'2014-10-01 18:13:31'),(6051,73,2,8,0,0,0,'2014-10-01 18:13:31'),(6052,73,2,8,0,0,0,'2014-10-01 18:13:31'),(6053,73,2,8,0,0,0,'2014-10-01 18:13:31'),(6054,73,2,8,0,0,0,'2014-10-01 18:13:31'),(6055,73,2,8,0,0,0,'2014-10-01 18:13:31'),(6056,73,2,8,0,0,0,'2014-10-01 18:13:31'),(6057,73,2,8,0,0,0,'2014-10-01 18:13:31'),(6058,73,2,8,0,0,0,'2014-10-01 18:13:31'),(6059,73,2,8,0,0,0,'2014-10-01 18:13:31'),(6060,73,2,8,0,0,0,'2014-10-01 18:13:31'),(6061,73,2,8,0,0,0,'2014-10-01 18:13:31'),(6062,73,2,8,0,0,0,'2014-10-01 18:13:31'),(6063,73,2,8,0,0,0,'2014-10-01 18:13:31'),(6064,73,2,8,0,0,0,'2014-10-01 18:13:31'),(6065,73,2,8,0,0,0,'2014-10-01 18:13:31'),(6066,73,2,8,0,0,0,'2014-10-01 18:13:31'),(6067,73,2,8,0,0,0,'2014-10-01 18:13:31'),(6068,73,2,8,0,0,0,'2014-10-01 18:13:31'),(6069,73,2,8,0,0,0,'2014-10-01 18:13:31'),(6070,73,2,8,0,0,0,'2014-10-01 18:13:31'),(6071,73,2,8,0,0,0,'2014-10-01 18:13:31'),(6072,73,2,8,0,0,0,'2014-10-01 18:13:31'),(6073,73,2,8,0,0,0,'2014-10-01 18:13:31'),(6074,73,2,8,0,0,0,'2014-10-01 18:13:31'),(6075,73,2,8,0,0,0,'2014-10-01 18:13:31'),(6076,73,2,8,0,0,0,'2014-10-01 18:13:31'),(6077,73,2,8,0,0,0,'2014-10-01 18:13:31'),(6078,73,2,8,0,0,0,'2014-10-01 18:13:31'),(6079,73,2,8,0,0,0,'2014-10-01 18:13:31'),(6080,73,2,8,0,0,0,'2014-10-01 18:13:31'),(6081,73,2,8,0,0,0,'2014-10-01 18:13:31'),(6082,73,2,8,0,0,0,'2014-10-01 18:13:31'),(6083,73,2,8,0,0,0,'2014-10-01 18:13:31'),(6084,73,2,8,0,0,0,'2014-10-01 18:13:31'),(6085,73,2,8,0,0,0,'2014-10-01 18:13:31'),(6086,73,2,8,0,0,0,'2014-10-01 18:13:31'),(6087,73,2,8,0,0,0,'2014-10-01 18:13:31'),(6088,73,2,8,0,0,0,'2014-10-01 18:13:31'),(6089,73,2,8,0,0,0,'2014-10-01 18:13:31'),(6090,73,2,8,0,0,0,'2014-10-01 18:13:31'),(6091,73,2,8,0,0,0,'2014-10-01 18:13:31'),(6092,73,2,8,0,0,0,'2014-10-01 18:13:31'),(6093,73,2,8,0,0,0,'2014-10-01 18:13:31'),(6094,73,2,8,0,0,0,'2014-10-01 18:13:32'),(6095,73,2,8,0,0,0,'2014-10-01 18:13:32'),(6096,73,2,8,0,0,0,'2014-10-01 18:13:32'),(6097,73,2,8,0,0,0,'2014-10-01 18:13:32'),(6098,73,2,8,0,0,0,'2014-10-01 18:13:32'),(6099,73,2,8,0,0,0,'2014-10-01 18:13:32'),(6100,73,2,8,0,0,0,'2014-10-01 18:13:32'),(6101,73,2,8,0,0,0,'2014-10-01 18:13:32'),(6102,73,2,8,0,0,0,'2014-10-01 18:13:32'),(6103,73,2,8,0,0,0,'2014-10-01 18:13:32'),(6104,73,2,8,0,0,0,'2014-10-01 18:13:32'),(6105,73,2,8,0,0,0,'2014-10-01 18:13:32'),(6106,73,2,8,0,0,0,'2014-10-01 18:13:32'),(6107,73,2,8,0,0,0,'2014-10-01 18:13:32'),(6108,73,2,8,0,0,0,'2014-10-01 18:13:32'),(6109,73,2,8,0,0,0,'2014-10-01 18:13:32'),(6110,73,2,8,0,0,0,'2014-10-01 18:13:32'),(6111,73,2,8,0,0,0,'2014-10-01 18:13:32'),(6112,73,2,8,0,0,0,'2014-10-01 18:13:32'),(6113,73,2,8,0,0,0,'2014-10-01 18:13:32'),(6114,73,2,8,0,0,0,'2014-10-01 18:13:32'),(6115,73,2,8,0,0,0,'2014-10-01 18:13:32'),(6116,73,2,8,0,0,0,'2014-10-01 18:13:32'),(6117,73,2,8,0,0,0,'2014-10-01 18:13:32'),(6118,73,2,8,0,0,0,'2014-10-01 18:13:32'),(6119,73,2,8,0,0,0,'2014-10-01 18:13:32'),(6120,73,2,8,0,0,0,'2014-10-01 18:13:32'),(6121,73,2,8,0,0,0,'2014-10-01 18:13:32'),(6122,73,2,8,0,0,0,'2014-10-01 18:13:32'),(6123,73,2,8,0,0,0,'2014-10-01 18:13:32'),(6124,73,2,8,0,0,0,'2014-10-01 18:13:32'),(6125,73,2,8,0,0,0,'2014-10-01 18:13:32'),(6126,73,2,8,0,0,0,'2014-10-01 18:13:32'),(6127,73,2,8,0,0,0,'2014-10-01 18:13:32'),(6128,73,2,8,0,0,0,'2014-10-01 18:13:32'),(6129,73,2,8,0,0,0,'2014-10-01 18:13:32'),(6130,73,2,8,0,0,0,'2014-10-01 18:13:32'),(6131,73,2,8,0,0,0,'2014-10-01 18:13:32'),(6132,73,2,8,0,0,0,'2014-10-01 18:13:32'),(6133,73,2,8,0,0,0,'2014-10-01 18:13:32'),(6134,73,2,8,0,0,0,'2014-10-01 18:13:32'),(6135,73,2,8,0,0,0,'2014-10-01 18:13:32'),(6136,73,2,8,0,0,0,'2014-10-01 18:13:32'),(6137,73,2,8,0,0,0,'2014-10-01 18:13:32'),(6138,73,2,8,0,0,0,'2014-10-01 18:13:32'),(6139,73,2,8,0,0,0,'2014-10-01 18:13:32'),(6140,73,2,8,0,0,0,'2014-10-01 18:13:32'),(6141,73,2,8,0,0,0,'2014-10-01 18:13:32'),(6142,73,2,8,0,0,0,'2014-10-01 18:13:32'),(6143,73,2,8,0,0,0,'2014-10-01 18:13:32'),(6144,73,2,8,0,0,0,'2014-10-01 18:13:32'),(6145,73,2,8,0,0,0,'2014-10-01 18:13:33'),(6146,73,2,8,0,0,0,'2014-10-01 18:13:33'),(6147,73,2,8,0,0,0,'2014-10-01 18:13:33'),(6148,73,2,8,0,0,0,'2014-10-01 18:13:33'),(6149,73,2,8,0,0,0,'2014-10-01 18:13:33'),(6150,73,2,8,0,0,0,'2014-10-01 18:13:33'),(6151,73,2,8,0,0,0,'2014-10-01 18:13:33'),(6152,73,2,8,0,0,0,'2014-10-01 18:13:33'),(6153,73,2,8,0,0,0,'2014-10-01 18:13:33'),(6154,73,2,8,0,0,0,'2014-10-01 18:13:33'),(6155,73,2,8,0,0,0,'2014-10-01 18:13:33'),(6156,73,2,8,0,0,0,'2014-10-01 18:13:33'),(6157,73,2,8,0,0,0,'2014-10-01 18:13:33'),(6158,73,2,8,0,0,0,'2014-10-01 18:13:33'),(6159,73,2,8,0,0,0,'2014-10-01 18:13:33'),(6160,73,2,8,0,0,0,'2014-10-01 18:13:33'),(6161,73,2,8,0,0,0,'2014-10-01 18:13:33'),(6162,73,2,8,0,0,0,'2014-10-01 18:13:33'),(6163,73,2,8,0,0,0,'2014-10-01 18:13:33'),(6164,73,2,8,0,0,0,'2014-10-01 18:13:33'),(6165,73,2,8,0,0,0,'2014-10-01 18:13:33'),(6166,73,2,8,0,0,0,'2014-10-01 18:13:33'),(6167,73,2,8,0,0,0,'2014-10-01 18:13:33'),(6168,73,2,8,0,0,0,'2014-10-01 18:13:33'),(6169,73,2,8,0,0,0,'2014-10-01 18:13:33'),(6170,73,2,8,0,0,0,'2014-10-01 18:13:33'),(6171,73,2,8,0,0,0,'2014-10-01 18:13:33'),(6172,73,2,8,0,0,0,'2014-10-01 18:13:33'),(6173,73,2,8,0,0,0,'2014-10-01 18:13:33'),(6174,73,2,8,0,0,0,'2014-10-01 18:13:33'),(6175,73,2,8,0,0,0,'2014-10-01 18:13:33'),(6176,73,2,8,0,0,0,'2014-10-01 18:13:33'),(6177,73,2,8,0,0,0,'2014-10-01 18:13:33'),(6178,73,2,8,0,0,0,'2014-10-01 18:13:33'),(6179,73,2,8,0,0,0,'2014-10-01 18:13:33'),(6180,73,2,8,0,0,0,'2014-10-01 18:13:33'),(6181,73,2,8,0,0,0,'2014-10-01 18:13:33'),(6182,73,2,8,0,0,0,'2014-10-01 18:13:33'),(6183,73,2,8,0,0,0,'2014-10-01 18:13:33'),(6184,73,2,8,0,0,0,'2014-10-01 18:13:33'),(6185,73,2,8,0,0,0,'2014-10-01 18:13:33'),(6186,73,2,8,0,0,0,'2014-10-01 18:13:33'),(6187,73,2,8,0,0,0,'2014-10-01 18:13:33'),(6188,73,2,8,0,0,0,'2014-10-01 18:13:33'),(6189,73,2,8,0,0,0,'2014-10-01 18:13:33'),(6190,73,2,8,0,0,0,'2014-10-01 18:13:33'),(6191,73,2,8,0,0,0,'2014-10-01 18:13:33'),(6192,73,2,8,0,0,0,'2014-10-01 18:13:33'),(6193,73,2,8,0,0,0,'2014-10-01 18:13:33'),(6194,73,2,8,0,0,0,'2014-10-01 18:13:33'),(6195,73,2,8,0,0,0,'2014-10-01 18:13:33'),(6196,73,2,8,0,0,0,'2014-10-01 18:13:33'),(6197,73,2,8,0,0,0,'2014-10-01 18:13:33'),(6198,73,2,8,0,0,0,'2014-10-01 18:13:33'),(6199,73,2,8,0,0,0,'2014-10-01 18:13:33'),(6200,73,2,8,0,0,0,'2014-10-01 18:13:33'),(6201,73,2,8,0,0,0,'2014-10-01 18:13:33'),(6202,73,2,8,0,0,0,'2014-10-01 18:13:33'),(6203,73,2,8,0,0,0,'2014-10-01 18:13:33'),(6204,73,2,8,0,0,0,'2014-10-01 18:13:33'),(6205,73,2,8,0,0,0,'2014-10-01 18:13:33'),(6206,73,2,8,0,0,0,'2014-10-01 18:13:34'),(6207,73,2,8,0,0,0,'2014-10-01 18:13:34'),(6208,73,2,8,0,0,0,'2014-10-01 18:13:34'),(6209,73,2,8,0,0,0,'2014-10-01 18:13:34'),(6210,73,2,8,0,0,0,'2014-10-01 18:13:34'),(6211,73,2,8,0,0,0,'2014-10-01 18:13:34'),(6212,73,2,8,0,0,0,'2014-10-01 18:13:34'),(6213,73,2,8,0,0,0,'2014-10-01 18:13:34'),(6214,73,2,8,0,0,0,'2014-10-01 18:13:34'),(6215,73,2,8,0,0,0,'2014-10-01 18:13:34'),(6216,73,2,8,0,0,0,'2014-10-01 18:13:34'),(6217,73,2,8,0,0,0,'2014-10-01 18:13:34'),(6218,73,2,8,0,0,0,'2014-10-01 18:13:34'),(6219,73,2,8,0,0,0,'2014-10-01 18:13:34'),(6220,73,2,8,0,0,0,'2014-10-01 18:13:34'),(6221,73,2,8,0,0,0,'2014-10-01 18:13:34'),(6222,73,2,8,0,0,0,'2014-10-01 18:13:34'),(6223,73,2,8,0,0,0,'2014-10-01 18:13:34'),(6224,73,2,8,0,0,0,'2014-10-01 18:13:34'),(6225,73,2,8,0,0,0,'2014-10-01 18:13:34'),(6226,73,2,8,0,0,0,'2014-10-01 18:13:34'),(6227,73,2,8,0,0,0,'2014-10-01 18:13:34'),(6228,73,2,8,0,0,0,'2014-10-01 18:13:34'),(6229,73,2,8,0,0,0,'2014-10-01 18:13:34'),(6230,73,2,8,0,0,0,'2014-10-01 18:13:34'),(6231,73,2,8,0,0,0,'2014-10-01 18:13:34'),(6232,73,2,8,0,0,0,'2014-10-01 18:13:34'),(6233,73,2,8,0,0,0,'2014-10-01 18:13:34'),(6234,73,2,8,0,0,0,'2014-10-01 18:13:34'),(6235,73,2,8,0,0,0,'2014-10-01 18:13:34'),(6236,73,2,8,0,0,0,'2014-10-01 18:13:34'),(6237,73,2,8,0,0,0,'2014-10-01 18:13:34'),(6238,73,2,8,0,0,0,'2014-10-01 18:13:34'),(6239,73,2,8,0,0,0,'2014-10-01 18:13:34'),(6240,73,2,8,0,0,0,'2014-10-01 18:13:34'),(6241,73,2,8,0,0,0,'2014-10-01 18:13:34'),(6242,73,2,8,0,0,0,'2014-10-01 18:13:34'),(6243,73,2,8,0,0,0,'2014-10-01 18:13:34'),(6244,73,2,8,0,0,0,'2014-10-01 18:13:34'),(6245,73,2,8,0,0,0,'2014-10-01 18:13:34'),(6246,73,2,8,0,0,0,'2014-10-01 18:13:34'),(6247,73,2,8,0,0,0,'2014-10-01 18:13:34'),(6248,73,2,8,0,0,0,'2014-10-01 18:13:34'),(6249,73,2,8,0,0,0,'2014-10-01 18:13:34'),(6250,73,2,8,0,0,0,'2014-10-01 18:13:34'),(6251,73,2,8,0,0,0,'2014-10-01 18:13:34'),(6252,73,2,8,0,0,0,'2014-10-01 18:13:34'),(6253,73,2,8,0,0,0,'2014-10-01 18:13:34'),(6254,73,2,8,0,0,0,'2014-10-01 18:13:34'),(6255,73,2,8,0,0,0,'2014-10-01 18:13:34'),(6256,73,2,8,0,0,0,'2014-10-01 18:13:34'),(6257,73,2,8,0,0,0,'2014-10-01 18:13:34'),(6258,73,2,8,0,0,0,'2014-10-01 18:13:34'),(6259,73,2,8,0,0,0,'2014-10-01 18:13:34'),(6260,73,2,8,0,0,0,'2014-10-01 18:13:34'),(6261,73,2,8,0,0,0,'2014-10-01 18:13:34'),(6262,73,2,8,0,0,0,'2014-10-01 18:13:35'),(6263,73,2,8,0,0,0,'2014-10-01 18:13:35'),(6264,73,2,8,0,0,0,'2014-10-01 18:13:35'),(6265,73,2,8,0,0,0,'2014-10-01 18:13:35'),(6266,73,2,8,0,0,0,'2014-10-01 18:13:35'),(6267,73,2,8,0,0,0,'2014-10-01 18:13:35'),(6268,73,2,8,0,0,0,'2014-10-01 18:13:35'),(6269,73,2,8,0,0,0,'2014-10-01 18:13:35'),(6270,73,2,8,0,0,0,'2014-10-01 18:13:35'),(6271,73,2,8,0,0,0,'2014-10-01 18:13:35'),(6272,73,2,8,0,0,0,'2014-10-01 18:13:35'),(6273,73,2,8,0,0,0,'2014-10-01 18:13:35'),(6274,73,2,8,0,0,0,'2014-10-01 18:13:35'),(6275,73,2,8,0,0,0,'2014-10-01 18:13:35'),(6276,73,2,8,0,0,0,'2014-10-01 18:13:35'),(6277,73,2,8,0,0,0,'2014-10-01 18:13:35'),(6278,73,2,8,0,0,0,'2014-10-01 18:13:35'),(6279,73,2,8,0,0,0,'2014-10-01 18:13:35'),(6280,73,2,8,0,0,0,'2014-10-01 18:13:35'),(6281,73,2,8,0,0,0,'2014-10-01 18:13:35'),(6282,73,2,8,0,0,0,'2014-10-01 18:13:35'),(6283,73,2,8,0,0,0,'2014-10-01 18:13:35'),(6284,73,2,8,0,0,0,'2014-10-01 18:13:35'),(6285,73,2,8,0,0,0,'2014-10-01 18:13:35'),(6286,73,2,8,0,0,0,'2014-10-01 18:13:35'),(6287,73,2,8,0,0,0,'2014-10-01 18:13:35'),(6288,73,2,8,0,0,0,'2014-10-01 18:13:35'),(6289,73,2,8,0,0,0,'2014-10-01 18:13:35'),(6290,73,2,8,0,0,0,'2014-10-01 18:13:35'),(6291,73,2,8,0,0,0,'2014-10-01 18:13:35'),(6292,73,2,8,0,0,0,'2014-10-01 18:13:35'),(6293,73,2,8,0,0,0,'2014-10-01 18:13:35'),(6294,73,2,8,0,0,0,'2014-10-01 18:13:35'),(6295,73,2,8,0,0,0,'2014-10-01 18:13:35'),(6296,73,2,8,0,0,0,'2014-10-01 18:13:35'),(6297,73,2,8,0,0,0,'2014-10-01 18:13:35'),(6298,73,2,8,0,0,0,'2014-10-01 18:13:35'),(6299,73,2,8,0,0,0,'2014-10-01 18:13:35'),(6300,73,2,8,0,0,0,'2014-10-01 18:13:35'),(6301,73,2,8,0,0,0,'2014-10-01 18:13:35'),(6302,73,2,8,0,0,0,'2014-10-01 18:13:35'),(6303,73,2,8,0,0,0,'2014-10-01 18:13:35'),(6304,73,2,8,0,0,0,'2014-10-01 18:13:35'),(6305,73,2,8,0,0,0,'2014-10-01 18:13:35'),(6306,73,2,8,0,0,0,'2014-10-01 18:13:35'),(6307,73,2,8,0,0,0,'2014-10-01 18:13:35'),(6308,73,2,8,0,0,0,'2014-10-01 18:13:35'),(6309,73,2,8,0,0,0,'2014-10-01 18:13:35'),(6310,73,2,8,0,0,0,'2014-10-01 18:13:35'),(6311,73,2,8,0,0,0,'2014-10-01 18:13:35'),(6312,73,2,8,0,0,0,'2014-10-01 18:13:35'),(6313,73,2,8,0,0,0,'2014-10-01 18:13:35'),(6314,73,2,8,0,0,0,'2014-10-01 18:13:35'),(6315,73,2,8,0,0,0,'2014-10-01 18:13:35'),(6316,73,2,8,0,0,0,'2014-10-01 18:13:35'),(6317,73,2,8,0,0,0,'2014-10-01 18:13:36'),(6318,73,2,8,0,0,0,'2014-10-01 18:13:36'),(6319,73,2,8,0,0,0,'2014-10-01 18:13:36'),(6320,73,2,8,0,0,0,'2014-10-01 18:13:36'),(6321,73,2,8,0,0,0,'2014-10-01 18:13:36'),(6322,73,2,8,0,0,0,'2014-10-01 18:13:36'),(6323,73,2,8,0,0,0,'2014-10-01 18:13:36'),(6324,73,2,8,0,0,0,'2014-10-01 18:13:36'),(6325,73,2,8,0,0,0,'2014-10-01 18:13:36'),(6326,73,2,8,0,0,0,'2014-10-01 18:13:36'),(6327,73,2,8,0,0,0,'2014-10-01 18:13:36'),(6328,73,2,8,0,0,0,'2014-10-01 18:13:36'),(6329,73,2,8,0,0,0,'2014-10-01 18:13:36'),(6330,73,2,8,0,0,0,'2014-10-01 18:13:36'),(6331,73,2,8,0,0,0,'2014-10-01 18:13:36'),(6332,73,2,8,0,0,0,'2014-10-01 18:13:36'),(6333,73,2,8,0,0,0,'2014-10-01 18:13:36'),(6334,73,2,8,0,0,0,'2014-10-01 18:13:36'),(6335,73,2,8,0,0,0,'2014-10-01 18:13:36'),(6336,73,2,8,0,0,0,'2014-10-01 18:13:36'),(6337,73,2,8,0,0,0,'2014-10-01 18:13:36'),(6338,73,2,8,0,0,0,'2014-10-01 18:13:36'),(6339,73,2,8,0,0,0,'2014-10-01 18:13:36'),(6340,73,2,8,0,0,0,'2014-10-01 18:13:36'),(6341,73,2,8,0,0,0,'2014-10-01 18:13:36'),(6342,73,2,8,0,0,0,'2014-10-01 18:13:36'),(6343,73,2,8,0,0,0,'2014-10-01 18:13:36'),(6344,73,2,8,0,0,0,'2014-10-01 18:13:36'),(6345,73,2,8,0,0,0,'2014-10-01 18:13:36'),(6346,73,2,8,0,0,0,'2014-10-01 18:13:36'),(6347,73,2,8,0,0,0,'2014-10-01 18:13:36'),(6348,73,2,8,0,0,0,'2014-10-01 18:13:36'),(6349,73,2,8,0,0,0,'2014-10-01 18:13:36'),(6350,73,2,8,0,0,0,'2014-10-01 18:13:37'),(6351,73,2,8,0,0,0,'2014-10-01 18:13:38'),(6352,73,2,8,0,0,0,'2014-10-01 18:13:38'),(6353,73,2,8,0,0,0,'2014-10-01 18:13:40'),(6354,73,2,8,0,0,0,'2014-10-01 18:13:40'),(6355,73,2,8,0,0,0,'2014-10-01 18:13:40'),(6356,73,2,8,0,0,0,'2014-10-01 18:13:41'),(6357,73,2,8,0,0,0,'2014-10-01 18:13:41'),(6358,73,2,8,0,0,0,'2014-10-01 18:13:41'),(6359,73,2,8,0,0,0,'2014-10-01 18:13:41'),(6360,73,2,8,0,0,0,'2014-10-01 18:13:41'),(6361,73,2,8,0,0,0,'2014-10-01 18:13:41'),(6362,73,2,8,0,0,0,'2014-10-01 18:13:41'),(6363,73,2,8,0,0,0,'2014-10-01 18:13:41'),(6364,73,2,8,0,0,0,'2014-10-01 18:13:41'),(6365,73,2,8,0,0,0,'2014-10-01 18:13:41'),(6366,73,2,8,0,0,0,'2014-10-01 18:13:41'),(6367,73,2,8,0,0,0,'2014-10-01 18:13:41'),(6368,73,2,8,0,0,0,'2014-10-01 18:13:41'),(6369,73,2,8,0,0,0,'2014-10-01 18:13:41'),(6370,73,2,8,0,0,0,'2014-10-01 18:13:41'),(6371,73,2,8,0,0,0,'2014-10-01 18:13:41'),(6372,73,2,8,0,0,0,'2014-10-01 18:13:41'),(6373,73,2,8,0,0,0,'2014-10-01 18:13:41'),(6374,73,2,8,0,0,0,'2014-10-01 18:13:41'),(6375,73,2,8,0,0,0,'2014-10-01 18:13:41'),(6376,73,2,8,0,0,0,'2014-10-01 18:13:41'),(6377,73,2,8,0,0,0,'2014-10-01 18:13:41'),(6378,73,2,8,0,0,0,'2014-10-01 18:13:41'),(6379,73,2,8,0,0,0,'2014-10-01 18:13:41'),(6380,73,2,8,0,0,0,'2014-10-01 18:13:42'),(6381,73,2,8,0,0,0,'2014-10-01 18:13:42'),(6382,73,2,8,0,0,0,'2014-10-01 18:13:42'),(6383,73,2,8,0,0,0,'2014-10-01 18:13:42'),(6384,73,2,8,0,0,0,'2014-10-01 18:13:42'),(6385,73,2,8,0,0,0,'2014-10-01 18:13:42'),(6386,73,2,8,0,0,0,'2014-10-01 18:13:42'),(6387,73,2,8,0,0,0,'2014-10-01 18:13:42'),(6388,73,2,8,0,0,0,'2014-10-01 18:13:42'),(6389,73,2,8,0,0,0,'2014-10-01 18:13:42'),(6390,73,2,8,0,0,0,'2014-10-01 18:13:42'),(6391,73,2,8,0,0,0,'2014-10-01 18:13:44'),(6392,73,2,8,0,0,0,'2014-10-01 18:13:44'),(6393,73,2,8,0,0,0,'2014-10-01 18:13:44'),(6394,73,2,8,0,0,0,'2014-10-01 18:13:44'),(6395,73,2,8,0,0,0,'2014-10-01 18:13:44'),(6396,73,2,8,0,0,0,'2014-10-01 18:13:45'),(6397,73,2,8,0,0,0,'2014-10-01 18:13:45'),(6398,73,2,8,0,0,0,'2014-10-01 18:13:45'),(6399,73,2,8,0,0,0,'2014-10-01 18:13:45'),(6400,73,2,8,0,0,0,'2014-10-01 18:13:45'),(6401,73,2,8,0,0,0,'2014-10-01 18:13:45'),(6402,73,2,8,0,0,0,'2014-10-01 18:13:45'),(6403,73,2,8,0,0,0,'2014-10-01 18:13:45'),(6404,73,2,8,0,0,0,'2014-10-01 18:13:45'),(6405,73,2,8,0,0,0,'2014-10-01 18:13:45'),(6406,73,2,8,0,0,0,'2014-10-01 18:13:46'),(6407,73,2,8,0,0,0,'2014-10-01 18:13:46'),(6408,73,2,8,0,0,0,'2014-10-01 18:13:46'),(6409,73,2,8,0,0,0,'2014-10-01 18:13:46'),(6410,73,2,8,0,0,0,'2014-10-01 18:13:46'),(6411,73,2,8,0,0,0,'2014-10-01 18:13:46'),(6412,73,2,8,0,0,0,'2014-10-01 18:13:46'),(6413,73,2,8,0,0,0,'2014-10-01 18:13:46'),(6414,73,2,8,0,0,0,'2014-10-01 18:13:46'),(6415,73,2,8,0,0,0,'2014-10-01 18:13:46'),(6416,73,2,8,0,0,0,'2014-10-01 18:13:46'),(6417,73,2,8,0,0,0,'2014-10-01 18:13:46'),(6418,73,2,8,0,0,0,'2014-10-01 18:13:46'),(6419,73,2,8,0,0,0,'2014-10-01 18:13:48'),(6420,73,2,8,0,0,0,'2014-10-01 18:13:48'),(6421,73,2,8,0,0,0,'2014-10-01 18:13:48'),(6422,73,2,8,0,0,0,'2014-10-01 18:13:48'),(6423,73,2,8,0,0,0,'2014-10-01 18:13:48'),(6424,73,2,8,0,0,0,'2014-10-01 18:13:48'),(6425,73,2,8,0,0,0,'2014-10-01 18:13:48'),(6426,73,2,8,0,0,0,'2014-10-01 18:13:48'),(6427,73,2,8,0,0,0,'2014-10-01 18:13:52'),(6428,73,2,8,0,0,0,'2014-10-01 18:13:52'),(6429,73,2,8,0,0,0,'2014-10-01 18:13:52'),(6430,73,2,8,0,0,0,'2014-10-01 18:13:58'),(6431,73,2,8,0,0,0,'2014-10-01 18:13:59'),(6432,73,2,8,0,0,0,'2014-10-01 18:13:59'),(6433,73,2,8,0,0,0,'2014-10-01 18:14:02'),(6434,73,2,8,0,0,0,'2014-10-01 18:14:03'),(6435,73,2,8,0,0,0,'2014-10-01 18:14:05'),(6436,73,2,8,0,0,0,'2014-10-01 18:14:11'),(6437,73,2,8,0,0,0,'2014-10-01 18:14:27'),(6438,73,2,8,0,0,0,'2014-10-01 18:14:57'),(6439,73,2,9,0,0,0,'2014-10-01 18:20:10'),(6440,73,2,9,0,0,0,'2014-10-01 18:20:34'),(6441,73,2,9,0,0,0,'2014-10-01 18:20:35'),(6442,73,2,9,0,0,0,'2014-10-01 18:20:41'),(6443,73,2,9,0,0,0,'2014-10-01 18:20:44'),(6444,73,2,9,0,0,0,'2014-10-01 18:20:44'),(6445,73,2,9,0,0,0,'2014-10-01 18:20:49'),(6446,73,2,9,0,0,0,'2014-10-01 18:20:49'),(6447,73,2,9,0,0,0,'2014-10-01 18:20:49'),(6448,73,2,9,0,0,0,'2014-10-01 18:20:49'),(6449,73,2,9,0,0,0,'2014-10-01 18:20:49'),(6450,73,2,9,0,0,0,'2014-10-01 18:20:50'),(6451,73,2,9,0,0,0,'2014-10-01 18:20:50'),(6452,73,2,9,0,0,0,'2014-10-01 18:20:50'),(6453,73,2,9,0,0,0,'2014-10-01 18:20:51'),(6454,73,2,9,0,0,0,'2014-10-01 18:20:51'),(6455,73,2,9,0,0,0,'2014-10-01 18:20:51'),(6456,73,2,9,0,0,0,'2014-10-01 18:20:51'),(6457,73,2,9,0,0,0,'2014-10-01 18:20:54'),(6458,73,2,9,0,0,0,'2014-10-01 18:20:58'),(6459,73,2,9,0,0,0,'2014-10-01 18:20:58'),(6460,73,2,9,0,0,0,'2014-10-01 18:20:58'),(6461,73,2,9,0,0,0,'2014-10-01 18:20:58'),(6462,73,2,9,0,0,0,'2014-10-01 18:20:58'),(6463,73,2,9,0,0,0,'2014-10-01 18:20:58'),(6464,73,2,9,0,0,0,'2014-10-01 18:20:58'),(6465,73,2,9,0,0,0,'2014-10-01 18:20:58'),(6466,73,2,9,0,0,0,'2014-10-01 18:20:58'),(6467,73,2,9,0,0,0,'2014-10-01 18:20:58'),(6468,73,2,9,0,0,0,'2014-10-01 18:20:58'),(6469,73,2,9,0,0,0,'2014-10-01 18:20:58'),(6470,73,2,9,0,0,0,'2014-10-01 18:20:58'),(6471,73,2,9,0,0,0,'2014-10-01 18:21:00'),(6472,73,2,9,0,0,0,'2014-10-01 18:21:04'),(6473,73,2,9,0,0,0,'2014-10-01 18:21:04'),(6474,73,2,9,0,0,0,'2014-10-01 18:21:05'),(6475,73,2,9,0,0,0,'2014-10-01 18:21:05'),(6476,73,2,9,0,0,0,'2014-10-01 18:21:05'),(6477,73,2,9,0,0,0,'2014-10-01 18:21:05'),(6478,73,2,9,0,0,0,'2014-10-01 18:21:05'),(6479,73,2,9,0,0,0,'2014-10-01 18:21:05'),(6480,73,2,9,0,0,0,'2014-10-01 18:21:06'),(6481,73,2,9,0,0,0,'2014-10-01 18:21:06'),(6482,73,2,9,0,0,0,'2014-10-01 18:21:06'),(6483,73,2,9,0,0,0,'2014-10-01 18:21:06'),(6484,73,2,9,0,0,0,'2014-10-01 18:21:06'),(6485,73,2,9,0,0,0,'2014-10-01 18:21:06'),(6486,73,2,9,0,0,0,'2014-10-01 18:21:06'),(6487,73,2,9,0,0,0,'2014-10-01 18:21:06'),(6488,73,2,9,0,0,0,'2014-10-01 18:21:08'),(6489,73,2,9,0,0,0,'2014-10-01 18:21:08'),(6490,73,2,9,0,0,0,'2014-10-01 18:21:08'),(6491,73,2,9,0,0,0,'2014-10-01 18:21:08'),(6492,73,2,9,0,0,0,'2014-10-01 18:21:08'),(6493,73,2,9,0,0,0,'2014-10-01 18:21:08'),(6494,73,2,9,0,0,0,'2014-10-01 18:21:08'),(6495,73,2,9,0,0,0,'2014-10-01 18:21:08'),(6496,73,2,9,0,0,0,'2014-10-01 18:21:08'),(6497,73,2,9,0,0,0,'2014-10-01 18:21:08'),(6498,73,2,9,0,0,0,'2014-10-01 18:21:08'),(6499,73,2,9,0,0,0,'2014-10-01 18:21:08'),(6500,73,2,9,0,0,0,'2014-10-01 18:21:08'),(6501,73,2,9,0,0,0,'2014-10-01 18:21:08'),(6502,73,2,9,0,0,0,'2014-10-01 18:21:08'),(6503,73,2,9,0,0,0,'2014-10-01 18:21:08'),(6504,73,2,9,0,0,0,'2014-10-01 18:21:08'),(6505,73,2,9,0,0,0,'2014-10-01 18:21:08'),(6506,73,2,9,0,0,0,'2014-10-01 18:21:08'),(6507,73,2,9,0,0,0,'2014-10-01 18:21:08'),(6508,73,2,9,0,0,0,'2014-10-01 18:21:08'),(6509,73,2,9,0,0,0,'2014-10-01 18:21:08'),(6510,73,2,9,0,0,0,'2014-10-01 18:21:08'),(6511,73,2,9,0,0,0,'2014-10-01 18:21:09'),(6512,73,2,9,0,0,0,'2014-10-01 18:21:09'),(6513,73,2,9,0,0,0,'2014-10-01 18:21:09'),(6514,73,2,9,0,0,0,'2014-10-01 18:21:09'),(6515,73,2,9,0,0,0,'2014-10-01 18:21:09'),(6516,73,2,9,0,0,0,'2014-10-01 18:21:09'),(6517,73,2,9,0,0,0,'2014-10-01 18:21:09'),(6518,73,2,9,0,0,0,'2014-10-01 18:21:09'),(6519,73,2,9,0,0,0,'2014-10-01 18:21:09'),(6520,73,2,9,0,0,0,'2014-10-01 18:21:09'),(6521,73,2,9,0,0,0,'2014-10-01 18:21:09'),(6522,73,2,9,0,0,0,'2014-10-01 18:21:09'),(6523,73,2,9,0,0,0,'2014-10-01 18:21:09'),(6524,73,2,9,0,0,0,'2014-10-01 18:21:09'),(6525,73,2,9,0,0,0,'2014-10-01 18:21:09'),(6526,73,2,9,0,0,0,'2014-10-01 18:21:09'),(6527,73,2,9,0,0,0,'2014-10-01 18:21:09'),(6528,73,2,9,0,0,0,'2014-10-01 18:21:09'),(6529,73,2,9,0,0,0,'2014-10-01 18:21:09'),(6530,73,2,9,0,0,0,'2014-10-01 18:21:09'),(6531,73,2,9,0,0,0,'2014-10-01 18:21:09'),(6532,73,2,9,0,0,0,'2014-10-01 18:21:10'),(6533,73,2,9,0,0,0,'2014-10-01 18:21:10'),(6534,73,2,9,0,0,0,'2014-10-01 18:21:11'),(6535,73,2,9,0,0,0,'2014-10-01 18:21:22'),(6536,73,2,9,0,0,0,'2014-10-01 18:21:22'),(6537,73,2,9,0,0,0,'2014-10-01 18:21:22'),(6538,73,2,9,0,0,0,'2014-10-01 18:21:22'),(6539,73,2,9,0,0,0,'2014-10-01 18:21:22'),(6540,73,2,9,0,0,0,'2014-10-01 18:21:22'),(6541,73,2,9,0,0,0,'2014-10-01 18:21:22'),(6542,73,2,9,0,0,0,'2014-10-01 18:21:23'),(6543,73,2,9,0,0,0,'2014-10-01 18:21:23'),(6544,73,2,9,0,0,0,'2014-10-01 18:21:23'),(6545,73,2,9,0,0,0,'2014-10-01 18:21:23'),(6546,73,2,9,0,0,0,'2014-10-01 18:21:23'),(6547,73,2,9,0,0,0,'2014-10-01 18:21:23'),(6548,73,2,9,0,0,0,'2014-10-01 18:21:23'),(6549,73,2,9,0,0,0,'2014-10-01 18:21:23'),(6550,73,2,9,0,0,0,'2014-10-01 18:21:23'),(6551,73,2,9,0,0,0,'2014-10-01 18:21:24'),(6552,73,2,9,0,0,0,'2014-10-01 18:21:24'),(6553,73,2,9,0,0,0,'2014-10-01 18:21:24'),(6554,73,2,9,0,0,0,'2014-10-01 18:21:24'),(6555,73,2,9,0,0,0,'2014-10-01 18:21:24'),(6556,73,2,9,0,0,0,'2014-10-01 18:21:24'),(6557,73,2,9,0,0,0,'2014-10-01 18:21:24'),(6558,73,2,9,0,0,0,'2014-10-01 18:21:24'),(6559,73,2,9,0,0,0,'2014-10-01 18:21:33'),(6560,73,2,9,0,0,0,'2014-10-01 18:21:33'),(6561,73,2,9,0,0,0,'2014-10-01 18:21:33'),(6562,73,2,9,0,0,0,'2014-10-01 18:21:33'),(6563,73,2,9,0,0,0,'2014-10-01 18:21:33'),(6564,73,2,9,0,0,0,'2014-10-01 18:21:33'),(6565,73,2,9,0,0,0,'2014-10-01 18:21:33'),(6566,73,2,9,0,0,0,'2014-10-01 18:21:33'),(6567,73,2,9,0,0,0,'2014-10-01 18:21:33'),(6568,73,2,9,0,0,0,'2014-10-01 18:21:33'),(6569,73,2,9,0,0,0,'2014-10-01 18:21:33'),(6570,73,2,9,0,0,0,'2014-10-01 18:21:33'),(6571,73,2,9,0,0,0,'2014-10-01 18:21:33'),(6572,73,2,9,0,0,0,'2014-10-01 18:21:33'),(6573,73,2,9,0,0,0,'2014-10-01 18:21:33'),(6574,73,2,9,0,0,0,'2014-10-01 18:21:33'),(6575,73,2,9,0,0,0,'2014-10-01 18:21:33'),(6576,73,2,9,0,0,0,'2014-10-01 18:21:33'),(6577,73,2,9,0,0,0,'2014-10-01 18:21:33'),(6578,73,2,9,0,0,0,'2014-10-01 18:21:33'),(6579,73,2,9,0,0,0,'2014-10-01 18:21:33'),(6580,73,2,9,0,0,0,'2014-10-01 18:21:33'),(6581,73,2,9,0,0,0,'2014-10-01 18:21:33'),(6582,73,2,9,0,0,0,'2014-10-01 18:21:33'),(6583,73,2,9,0,0,0,'2014-10-01 18:21:33'),(6584,73,2,9,0,0,0,'2014-10-01 18:21:34'),(6585,73,2,9,0,0,0,'2014-10-01 18:21:34'),(6586,73,2,9,0,0,0,'2014-10-01 18:21:34'),(6587,73,2,9,0,0,0,'2014-10-01 18:21:34'),(6588,73,2,9,0,0,0,'2014-10-01 18:21:34'),(6589,73,2,9,0,0,0,'2014-10-01 18:21:34'),(6590,73,2,9,0,0,0,'2014-10-01 18:21:34'),(6591,73,2,9,0,0,0,'2014-10-01 18:21:34'),(6592,73,2,9,0,0,0,'2014-10-01 18:21:34'),(6593,73,2,9,0,0,0,'2014-10-01 18:21:34'),(6594,73,2,9,0,0,0,'2014-10-01 18:21:34'),(6595,73,2,9,0,0,0,'2014-10-01 18:21:34'),(6596,73,2,9,0,0,0,'2014-10-01 18:21:34'),(6597,73,2,9,0,0,0,'2014-10-01 18:21:34'),(6598,73,2,9,0,0,0,'2014-10-01 18:21:34'),(6599,73,2,9,0,0,0,'2014-10-01 18:21:34'),(6600,73,2,9,0,0,0,'2014-10-01 18:21:34'),(6601,73,2,9,0,0,0,'2014-10-01 18:21:34'),(6602,73,2,9,0,0,0,'2014-10-01 18:21:34'),(6603,73,2,9,0,0,0,'2014-10-01 18:21:34'),(6604,73,2,9,0,0,0,'2014-10-01 18:21:34'),(6605,73,2,9,0,0,0,'2014-10-01 18:21:34'),(6606,73,2,9,0,0,0,'2014-10-01 18:21:34'),(6607,73,2,9,0,0,0,'2014-10-01 18:21:34'),(6608,73,2,9,0,0,0,'2014-10-01 18:21:34'),(6609,73,2,9,0,0,0,'2014-10-01 18:21:34'),(6610,73,2,9,0,0,0,'2014-10-01 18:21:34'),(6611,73,2,9,0,0,0,'2014-10-01 18:21:34'),(6612,73,2,9,0,0,0,'2014-10-01 18:21:34'),(6613,73,2,9,0,0,0,'2014-10-01 18:21:34'),(6614,73,2,9,0,0,0,'2014-10-01 18:21:34'),(6615,73,2,9,0,0,0,'2014-10-01 18:21:34'),(6616,73,2,9,0,0,0,'2014-10-01 18:21:34'),(6617,73,2,9,0,0,0,'2014-10-01 18:21:34'),(6618,73,2,9,0,0,0,'2014-10-01 18:21:34'),(6619,73,2,9,0,0,0,'2014-10-01 18:21:34'),(6620,73,2,9,0,0,0,'2014-10-01 18:21:34'),(6621,73,2,9,0,0,0,'2014-10-01 18:21:34'),(6622,73,2,9,0,0,0,'2014-10-01 18:21:34'),(6623,73,2,9,0,0,0,'2014-10-01 18:21:34'),(6624,73,2,9,0,0,0,'2014-10-01 18:21:34'),(6625,73,2,9,0,0,0,'2014-10-01 18:21:34'),(6626,73,2,9,0,0,0,'2014-10-01 18:21:34'),(6627,73,2,9,0,0,0,'2014-10-01 18:21:34'),(6628,73,2,9,0,0,0,'2014-10-01 18:21:34'),(6629,73,2,9,0,0,0,'2014-10-01 18:21:34'),(6630,73,2,9,0,0,0,'2014-10-01 18:21:34'),(6631,73,2,9,0,0,0,'2014-10-01 18:21:34'),(6632,73,2,9,0,0,0,'2014-10-01 18:21:34'),(6633,73,2,9,0,0,0,'2014-10-01 18:21:34'),(6634,73,2,9,0,0,0,'2014-10-01 18:21:35'),(6635,73,2,9,0,0,0,'2014-10-01 18:21:35'),(6636,73,2,9,0,0,0,'2014-10-01 18:21:35'),(6637,73,2,9,0,0,0,'2014-10-01 18:21:35'),(6638,73,2,9,0,0,0,'2014-10-01 18:21:35'),(6639,73,2,9,0,0,0,'2014-10-01 18:21:35'),(6640,73,2,9,0,0,0,'2014-10-01 18:21:35'),(6641,73,2,9,0,0,0,'2014-10-01 18:21:35'),(6642,73,2,9,0,0,0,'2014-10-01 18:21:35'),(6643,73,2,9,0,0,0,'2014-10-01 18:21:35'),(6644,73,2,9,0,0,0,'2014-10-01 18:21:35'),(6645,73,2,9,0,0,0,'2014-10-01 18:21:35'),(6646,73,2,9,0,0,0,'2014-10-01 18:21:35'),(6647,73,2,9,0,0,0,'2014-10-01 18:21:35'),(6648,73,2,9,0,0,0,'2014-10-01 18:21:35'),(6649,73,2,9,0,0,0,'2014-10-01 18:21:35'),(6650,73,2,9,0,0,0,'2014-10-01 18:21:35'),(6651,73,2,9,0,0,0,'2014-10-01 18:21:35'),(6652,73,2,9,0,0,0,'2014-10-01 18:21:35'),(6653,73,2,9,0,0,0,'2014-10-01 18:21:35'),(6654,73,2,9,0,0,0,'2014-10-01 18:21:35'),(6655,73,2,9,0,0,0,'2014-10-01 18:21:35'),(6656,73,2,9,0,0,0,'2014-10-01 18:21:35'),(6657,73,2,9,0,0,0,'2014-10-01 18:21:35'),(6658,73,2,9,0,0,0,'2014-10-01 18:21:35'),(6659,73,2,9,0,0,0,'2014-10-01 18:21:35'),(6660,73,2,9,0,0,0,'2014-10-01 18:21:35'),(6661,73,2,9,0,0,0,'2014-10-01 18:21:35'),(6662,73,2,9,0,0,0,'2014-10-01 18:21:35'),(6663,73,2,9,0,0,0,'2014-10-01 18:21:35'),(6664,73,2,9,0,0,0,'2014-10-01 18:21:35'),(6665,73,2,9,0,0,0,'2014-10-01 18:21:35'),(6666,73,2,9,0,0,0,'2014-10-01 18:21:35'),(6667,73,2,9,0,0,0,'2014-10-01 18:21:35'),(6668,73,2,9,0,0,0,'2014-10-01 18:21:35'),(6669,73,2,9,0,0,0,'2014-10-01 18:21:35'),(6670,73,2,9,0,0,0,'2014-10-01 18:21:35'),(6671,73,2,9,0,0,0,'2014-10-01 18:21:35'),(6672,73,2,9,0,0,0,'2014-10-01 18:21:35'),(6673,73,2,9,0,0,0,'2014-10-01 18:21:35'),(6674,73,2,9,0,0,0,'2014-10-01 18:21:35'),(6675,73,2,9,0,0,0,'2014-10-01 18:21:35'),(6676,73,2,9,0,0,0,'2014-10-01 18:21:35'),(6677,73,2,9,0,0,0,'2014-10-01 18:21:35'),(6678,73,2,9,0,0,0,'2014-10-01 18:21:35'),(6679,73,2,9,0,0,0,'2014-10-01 18:21:35'),(6680,73,2,9,0,0,0,'2014-10-01 18:21:35'),(6681,73,2,9,0,0,0,'2014-10-01 18:21:35'),(6682,73,2,9,0,0,0,'2014-10-01 18:21:35'),(6683,73,2,9,0,0,0,'2014-10-01 18:21:35'),(6684,73,2,9,0,0,0,'2014-10-01 18:21:35'),(6685,73,2,9,0,0,0,'2014-10-01 18:21:35'),(6686,73,2,9,0,0,0,'2014-10-01 18:21:35'),(6687,73,2,9,0,0,0,'2014-10-01 18:21:35'),(6688,73,2,9,0,0,0,'2014-10-01 18:21:35'),(6689,73,2,9,0,0,0,'2014-10-01 18:21:35'),(6690,73,2,9,0,0,0,'2014-10-01 18:21:35'),(6691,73,2,9,0,0,0,'2014-10-01 18:21:35'),(6692,73,2,9,0,0,0,'2014-10-01 18:21:35'),(6693,73,2,9,0,0,0,'2014-10-01 18:21:35'),(6694,73,2,9,0,0,0,'2014-10-01 18:21:35'),(6695,73,2,9,0,0,0,'2014-10-01 18:21:35'),(6696,73,2,9,0,0,0,'2014-10-01 18:21:35'),(6697,73,2,9,0,0,0,'2014-10-01 18:21:35'),(6698,73,2,9,0,0,0,'2014-10-01 18:21:35'),(6699,73,2,9,0,0,0,'2014-10-01 18:21:35'),(6700,73,2,9,0,0,0,'2014-10-01 18:21:36'),(6701,73,2,9,0,0,0,'2014-10-01 18:21:36'),(6702,73,2,9,0,0,0,'2014-10-01 18:21:36'),(6703,73,2,9,0,0,0,'2014-10-01 18:21:36'),(6704,73,2,9,0,0,0,'2014-10-01 18:21:36'),(6705,73,2,9,0,0,0,'2014-10-01 18:21:36'),(6706,73,2,9,0,0,0,'2014-10-01 18:21:36'),(6707,73,2,9,0,0,0,'2014-10-01 18:21:36'),(6708,73,2,9,0,0,0,'2014-10-01 18:21:36'),(6709,73,2,9,0,0,0,'2014-10-01 18:21:36'),(6710,73,2,9,0,0,0,'2014-10-01 18:21:36'),(6711,73,2,9,0,0,0,'2014-10-01 18:21:36'),(6712,73,2,9,0,0,0,'2014-10-01 18:21:36'),(6713,73,2,9,0,0,0,'2014-10-01 18:21:36'),(6714,73,2,9,0,0,0,'2014-10-01 18:21:36'),(6715,73,2,9,0,0,0,'2014-10-01 18:21:36'),(6716,73,2,9,0,0,0,'2014-10-01 18:21:36'),(6717,73,2,9,0,0,0,'2014-10-01 18:21:36'),(6718,73,2,9,0,0,0,'2014-10-01 18:21:36'),(6719,73,2,9,0,0,0,'2014-10-01 18:21:36'),(6720,73,2,9,0,0,0,'2014-10-01 18:21:36'),(6721,73,2,9,0,0,0,'2014-10-01 18:21:36'),(6722,73,2,9,0,0,0,'2014-10-01 18:21:36'),(6723,73,2,9,0,0,0,'2014-10-01 18:21:36'),(6724,73,2,9,0,0,0,'2014-10-01 18:21:36'),(6725,73,2,9,0,0,0,'2014-10-01 18:21:36'),(6726,73,2,9,0,0,0,'2014-10-01 18:21:36'),(6727,73,2,9,0,0,0,'2014-10-01 18:21:36'),(6728,73,2,9,0,0,0,'2014-10-01 18:21:36'),(6729,73,2,9,0,0,0,'2014-10-01 18:21:36'),(6730,73,2,9,0,0,0,'2014-10-01 18:21:36'),(6731,73,2,9,0,0,0,'2014-10-01 18:21:36'),(6732,73,2,9,0,0,0,'2014-10-01 18:21:36'),(6733,73,2,9,0,0,0,'2014-10-01 18:21:36'),(6734,73,2,9,0,0,0,'2014-10-01 18:21:36'),(6735,73,2,9,0,0,0,'2014-10-01 18:21:36'),(6736,73,2,9,0,0,0,'2014-10-01 18:21:36'),(6737,73,2,9,0,0,0,'2014-10-01 18:21:36'),(6738,73,2,9,0,0,0,'2014-10-01 18:21:36'),(6739,73,2,9,0,0,0,'2014-10-01 18:21:36'),(6740,73,2,9,0,0,0,'2014-10-01 18:21:36'),(6741,73,2,9,0,0,0,'2014-10-01 18:21:36'),(6742,73,2,9,0,0,0,'2014-10-01 18:21:36'),(6743,73,2,9,0,0,0,'2014-10-01 18:21:36'),(6744,73,2,9,0,0,0,'2014-10-01 18:21:36'),(6745,73,2,9,0,0,0,'2014-10-01 18:21:36'),(6746,73,2,9,0,0,0,'2014-10-01 18:21:36'),(6747,73,2,9,0,0,0,'2014-10-01 18:21:36'),(6748,73,2,9,0,0,0,'2014-10-01 18:21:36'),(6749,73,2,9,0,0,0,'2014-10-01 18:21:36'),(6750,73,2,9,0,0,0,'2014-10-01 18:21:36'),(6751,73,2,9,0,0,0,'2014-10-01 18:21:36'),(6752,73,2,9,0,0,0,'2014-10-01 18:21:36'),(6753,73,2,9,0,0,0,'2014-10-01 18:21:36'),(6754,73,2,9,0,0,0,'2014-10-01 18:21:36'),(6755,73,2,9,0,0,0,'2014-10-01 18:21:36'),(6756,73,2,9,0,0,0,'2014-10-01 18:21:36'),(6757,73,2,9,0,0,0,'2014-10-01 18:21:36'),(6758,73,2,9,0,0,0,'2014-10-01 18:21:36'),(6759,73,2,9,0,0,0,'2014-10-01 18:21:36'),(6760,73,2,9,0,0,0,'2014-10-01 18:21:36'),(6761,73,2,9,0,0,0,'2014-10-01 18:21:36'),(6762,73,2,9,0,0,0,'2014-10-01 18:21:36'),(6763,73,2,9,0,0,0,'2014-10-01 18:21:36'),(6764,73,2,9,0,0,0,'2014-10-01 18:21:36'),(6765,73,2,9,0,0,0,'2014-10-01 18:21:36'),(6766,73,2,9,0,0,0,'2014-10-01 18:21:36'),(6767,73,2,9,0,0,0,'2014-10-01 18:21:36'),(6768,73,2,9,0,0,0,'2014-10-01 18:21:36'),(6769,73,2,9,0,0,0,'2014-10-01 18:21:36'),(6770,73,2,9,0,0,0,'2014-10-01 18:21:36'),(6771,73,2,9,0,0,0,'2014-10-01 18:21:36'),(6772,73,2,9,0,0,0,'2014-10-01 18:21:36'),(6773,73,2,9,0,0,0,'2014-10-01 18:21:36'),(6774,73,2,9,0,0,0,'2014-10-01 18:21:36'),(6775,73,2,9,0,0,0,'2014-10-01 18:21:36'),(6776,73,2,9,0,0,0,'2014-10-01 18:21:36'),(6777,73,2,9,0,0,0,'2014-10-01 18:21:36'),(6778,73,2,9,0,0,0,'2014-10-01 18:21:36'),(6779,73,2,9,0,0,0,'2014-10-01 18:21:36'),(6780,73,2,9,0,0,0,'2014-10-01 18:21:37'),(6781,73,2,9,0,0,0,'2014-10-01 18:21:37'),(6782,73,2,9,0,0,0,'2014-10-01 18:21:37'),(6783,73,2,9,0,0,0,'2014-10-01 18:21:37'),(6784,73,2,9,0,0,0,'2014-10-01 18:21:37'),(6785,73,2,9,0,0,0,'2014-10-01 18:21:37'),(6786,73,2,9,0,0,0,'2014-10-01 18:21:37'),(6787,73,2,9,0,0,0,'2014-10-01 18:21:37'),(6788,73,2,9,0,0,0,'2014-10-01 18:21:37'),(6789,73,2,9,0,0,0,'2014-10-01 18:21:37'),(6790,73,2,9,0,0,0,'2014-10-01 18:21:37'),(6791,73,2,9,0,0,0,'2014-10-01 18:21:37'),(6792,73,2,9,0,0,0,'2014-10-01 18:21:37'),(6793,73,2,9,0,0,0,'2014-10-01 18:21:37'),(6794,73,2,9,0,0,0,'2014-10-01 18:21:37'),(6795,73,2,9,0,0,0,'2014-10-01 18:21:37'),(6796,73,2,9,0,0,0,'2014-10-01 18:21:37'),(6797,73,2,9,0,0,0,'2014-10-01 18:21:37'),(6798,73,2,9,0,0,0,'2014-10-01 18:21:37'),(6799,73,2,9,0,0,0,'2014-10-01 18:21:37'),(6800,73,2,9,0,0,0,'2014-10-01 18:21:37'),(6801,73,2,9,0,0,0,'2014-10-01 18:21:37'),(6802,73,2,9,0,0,0,'2014-10-01 18:21:37'),(6803,73,2,9,0,0,0,'2014-10-01 18:21:37'),(6804,73,2,9,0,0,0,'2014-10-01 18:21:37'),(6805,73,2,9,0,0,0,'2014-10-01 18:21:37'),(6806,73,2,9,0,0,0,'2014-10-01 18:21:37'),(6807,73,2,9,0,0,0,'2014-10-01 18:21:37'),(6808,73,2,9,0,0,0,'2014-10-01 18:21:37'),(6809,73,2,9,0,0,0,'2014-10-01 18:21:37'),(6810,73,2,9,0,0,0,'2014-10-01 18:21:37'),(6811,73,2,9,0,0,0,'2014-10-01 18:21:37'),(6812,73,2,9,0,0,0,'2014-10-01 18:21:37'),(6813,73,2,9,0,0,0,'2014-10-01 18:21:37'),(6814,73,2,9,0,0,0,'2014-10-01 18:21:37'),(6815,73,2,9,0,0,0,'2014-10-01 18:21:37'),(6816,73,2,9,0,0,0,'2014-10-01 18:21:37'),(6817,73,2,9,0,0,0,'2014-10-01 18:21:37'),(6818,73,2,9,0,0,0,'2014-10-01 18:21:37'),(6819,73,2,9,0,0,0,'2014-10-01 18:21:37'),(6820,73,2,9,0,0,0,'2014-10-01 18:21:37'),(6821,73,2,9,0,0,0,'2014-10-01 18:21:37'),(6822,73,2,9,0,0,0,'2014-10-01 18:21:37'),(6823,73,2,9,0,0,0,'2014-10-01 18:21:37'),(6824,73,2,9,0,0,0,'2014-10-01 18:21:37'),(6825,73,2,9,0,0,0,'2014-10-01 18:21:37'),(6826,73,2,9,0,0,0,'2014-10-01 18:21:37'),(6827,73,2,9,0,0,0,'2014-10-01 18:21:37'),(6828,73,2,9,0,0,0,'2014-10-01 18:21:37'),(6829,73,2,9,0,0,0,'2014-10-01 18:21:37'),(6830,73,2,9,0,0,0,'2014-10-01 18:21:37'),(6831,73,2,9,0,0,0,'2014-10-01 18:21:37'),(6832,73,2,9,0,0,0,'2014-10-01 18:21:37'),(6833,73,2,9,0,0,0,'2014-10-01 18:21:37'),(6834,73,2,9,0,0,0,'2014-10-01 18:21:37'),(6835,73,2,9,0,0,0,'2014-10-01 18:21:37'),(6836,73,2,9,0,0,0,'2014-10-01 18:21:37'),(6837,73,2,9,0,0,0,'2014-10-01 18:21:37'),(6838,73,2,9,0,0,0,'2014-10-01 18:21:37'),(6839,73,2,9,0,0,0,'2014-10-01 18:21:37'),(6840,73,2,9,0,0,0,'2014-10-01 18:21:37'),(6841,73,2,9,0,0,0,'2014-10-01 18:21:37'),(6842,73,2,9,0,0,0,'2014-10-01 18:21:37'),(6843,73,2,9,0,0,0,'2014-10-01 18:21:37'),(6844,73,2,9,0,0,0,'2014-10-01 18:21:37'),(6845,73,2,9,0,0,0,'2014-10-01 18:21:37'),(6846,73,2,9,0,0,0,'2014-10-01 18:21:37'),(6847,73,2,9,0,0,0,'2014-10-01 18:21:37'),(6848,73,2,9,0,0,0,'2014-10-01 18:21:37'),(6849,73,2,9,0,0,0,'2014-10-01 18:21:37'),(6850,73,2,9,0,0,0,'2014-10-01 18:21:37'),(6851,73,2,9,0,0,0,'2014-10-01 18:21:37'),(6852,73,2,9,0,0,0,'2014-10-01 18:21:37'),(6853,73,2,9,0,0,0,'2014-10-01 18:21:37'),(6854,73,2,9,0,0,0,'2014-10-01 18:21:37'),(6855,73,2,9,0,0,0,'2014-10-01 18:21:37'),(6856,73,2,9,0,0,0,'2014-10-01 18:21:37'),(6857,73,2,9,0,0,0,'2014-10-01 18:21:37'),(6858,73,2,9,0,0,0,'2014-10-01 18:21:37'),(6859,73,2,9,0,0,0,'2014-10-01 18:21:37'),(6860,73,2,9,0,0,0,'2014-10-01 18:21:37'),(6861,73,2,9,0,0,0,'2014-10-01 18:21:37'),(6862,73,2,9,0,0,0,'2014-10-01 18:21:37'),(6863,73,2,9,0,0,0,'2014-10-01 18:21:37'),(6864,73,2,9,0,0,0,'2014-10-01 18:21:38'),(6865,73,2,9,0,0,0,'2014-10-01 18:21:38'),(6866,73,2,9,0,0,0,'2014-10-01 18:21:38'),(6867,73,2,9,0,0,0,'2014-10-01 18:21:38'),(6868,73,2,9,0,0,0,'2014-10-01 18:21:38'),(6869,73,2,9,0,0,0,'2014-10-01 18:21:38'),(6870,73,2,9,0,0,0,'2014-10-01 18:21:38'),(6871,73,2,9,0,0,0,'2014-10-01 18:21:38'),(6872,73,2,9,0,0,0,'2014-10-01 18:21:38'),(6873,73,2,9,0,0,0,'2014-10-01 18:21:38'),(6874,73,2,9,0,0,0,'2014-10-01 18:21:38'),(6875,73,2,9,0,0,0,'2014-10-01 18:21:38'),(6876,73,2,9,0,0,0,'2014-10-01 18:21:38'),(6877,73,2,9,0,0,0,'2014-10-01 18:21:38'),(6878,73,2,9,0,0,0,'2014-10-01 18:21:38'),(6879,73,2,9,0,0,0,'2014-10-01 18:21:38'),(6880,73,2,9,0,0,0,'2014-10-01 18:21:38'),(6881,73,2,9,0,0,0,'2014-10-01 18:21:38'),(6882,73,2,9,0,0,0,'2014-10-01 18:21:38'),(6883,73,2,9,0,0,0,'2014-10-01 18:21:38'),(6884,73,2,9,0,0,0,'2014-10-01 18:21:38'),(6885,73,2,9,0,0,0,'2014-10-01 18:21:38'),(6886,73,2,9,0,0,0,'2014-10-01 18:21:38'),(6887,73,2,9,0,0,0,'2014-10-01 18:21:38'),(6888,73,2,9,0,0,0,'2014-10-01 18:21:38'),(6889,73,2,9,0,0,0,'2014-10-01 18:21:38'),(6890,73,2,9,0,0,0,'2014-10-01 18:21:38'),(6891,73,2,9,0,0,0,'2014-10-01 18:21:38'),(6892,73,2,9,0,0,0,'2014-10-01 18:21:38'),(6893,73,2,9,0,0,0,'2014-10-01 18:21:38'),(6894,73,2,9,0,0,0,'2014-10-01 18:21:38'),(6895,73,2,9,0,0,0,'2014-10-01 18:21:38'),(6896,73,2,9,0,0,0,'2014-10-01 18:21:38'),(6897,73,2,9,0,0,0,'2014-10-01 18:21:38'),(6898,73,2,9,0,0,0,'2014-10-01 18:21:38'),(6899,73,2,9,0,0,0,'2014-10-01 18:21:38'),(6900,73,2,9,0,0,0,'2014-10-01 18:21:38'),(6901,73,2,9,0,0,0,'2014-10-01 18:21:38'),(6902,73,2,9,0,0,0,'2014-10-01 18:21:38'),(6903,73,2,9,0,0,0,'2014-10-01 18:21:38'),(6904,73,2,9,0,0,0,'2014-10-01 18:21:38'),(6905,73,2,9,0,0,0,'2014-10-01 18:21:38'),(6906,73,2,9,0,0,0,'2014-10-01 18:21:38'),(6907,73,2,9,0,0,0,'2014-10-01 18:21:38'),(6908,73,2,9,0,0,0,'2014-10-01 18:21:38'),(6909,73,2,9,0,0,0,'2014-10-01 18:21:38'),(6910,73,2,9,0,0,0,'2014-10-01 18:21:38'),(6911,73,2,9,0,0,0,'2014-10-01 18:21:38'),(6912,73,2,9,0,0,0,'2014-10-01 18:21:38'),(6913,73,2,9,0,0,0,'2014-10-01 18:21:38'),(6914,73,2,9,0,0,0,'2014-10-01 18:21:38'),(6915,73,2,9,0,0,0,'2014-10-01 18:21:38'),(6916,73,2,9,0,0,0,'2014-10-01 18:21:38'),(6917,73,2,9,0,0,0,'2014-10-01 18:21:38'),(6918,73,2,9,0,0,0,'2014-10-01 18:21:38'),(6919,73,2,9,0,0,0,'2014-10-01 18:21:38'),(6920,73,2,9,0,0,0,'2014-10-01 18:21:38'),(6921,73,2,9,0,0,0,'2014-10-01 18:21:38'),(6922,73,2,9,0,0,0,'2014-10-01 18:21:38'),(6923,73,2,9,0,0,0,'2014-10-01 18:21:39'),(6924,73,2,9,0,0,0,'2014-10-01 18:21:39'),(6925,73,2,9,0,0,0,'2014-10-01 18:21:39'),(6926,73,2,9,0,0,0,'2014-10-01 18:21:39'),(6927,73,2,9,0,0,0,'2014-10-01 18:21:39'),(6928,73,2,9,0,0,0,'2014-10-01 18:21:39'),(6929,73,2,9,0,0,0,'2014-10-01 18:21:39'),(6930,73,2,9,0,0,0,'2014-10-01 18:21:39'),(6931,73,2,9,0,0,0,'2014-10-01 18:21:39'),(6932,73,2,9,0,0,0,'2014-10-01 18:21:39'),(6933,73,2,9,0,0,0,'2014-10-01 18:21:39'),(6934,73,2,9,0,0,0,'2014-10-01 18:21:39'),(6935,73,2,9,0,0,0,'2014-10-01 18:21:39'),(6936,73,2,9,0,0,0,'2014-10-01 18:21:39'),(6937,73,2,9,0,0,0,'2014-10-01 18:21:39'),(6938,73,2,9,0,0,0,'2014-10-01 18:21:39'),(6939,73,2,9,0,0,0,'2014-10-01 18:21:39'),(6940,73,2,9,0,0,0,'2014-10-01 18:21:39'),(6941,73,2,9,0,0,0,'2014-10-01 18:21:39'),(6942,73,2,9,0,0,0,'2014-10-01 18:21:39'),(6943,73,2,8,0,0,0,'2014-10-01 18:21:39'),(6944,73,2,8,0,0,0,'2014-10-01 18:21:39'),(6945,73,2,8,0,0,0,'2014-10-01 18:21:45'),(6946,73,2,8,0,0,0,'2014-10-01 18:21:45'),(6947,73,2,8,0,0,0,'2014-10-01 18:21:46'),(6948,73,2,8,0,0,0,'2014-10-01 18:21:46'),(6949,73,2,8,0,0,0,'2014-10-01 18:21:46'),(6950,73,2,8,0,0,0,'2014-10-01 18:21:47'),(6951,73,2,8,0,0,0,'2014-10-01 18:21:47'),(6952,73,2,8,0,0,0,'2014-10-01 18:21:47'),(6953,73,2,8,0,0,0,'2014-10-01 18:21:47'),(6954,73,2,8,0,0,0,'2014-10-01 18:21:47'),(6955,73,2,8,0,0,0,'2014-10-01 18:21:47'),(6956,73,2,8,0,0,0,'2014-10-01 18:21:47'),(6957,73,2,8,0,0,0,'2014-10-01 18:21:47'),(6958,73,2,8,0,0,0,'2014-10-01 18:21:47'),(6959,73,2,8,0,0,0,'2014-10-01 18:21:47'),(6960,73,2,8,0,0,0,'2014-10-01 18:21:47'),(6961,73,2,8,0,0,0,'2014-10-01 18:21:47'),(6962,73,2,8,0,0,0,'2014-10-01 18:21:47'),(6963,73,2,8,0,0,0,'2014-10-01 18:21:47'),(6964,73,2,8,0,0,0,'2014-10-01 18:21:47'),(6965,73,2,8,0,0,0,'2014-10-01 18:21:47'),(6966,73,2,8,0,0,0,'2014-10-01 18:21:47'),(6967,73,2,8,0,0,0,'2014-10-01 18:21:47'),(6968,73,2,8,0,0,0,'2014-10-01 18:21:47'),(6969,73,2,8,0,0,0,'2014-10-01 18:21:47'),(6970,73,2,8,0,0,0,'2014-10-01 18:21:47'),(6971,73,2,8,0,0,0,'2014-10-01 18:21:47'),(6972,73,2,8,0,0,0,'2014-10-01 18:21:47'),(6973,73,2,8,0,0,0,'2014-10-01 18:21:47'),(6974,73,2,8,0,0,0,'2014-10-01 18:21:47'),(6975,73,2,8,0,0,0,'2014-10-01 18:21:47'),(6976,73,2,8,0,0,0,'2014-10-01 18:21:47'),(6977,73,2,8,0,0,0,'2014-10-01 18:21:47'),(6978,73,2,8,0,0,0,'2014-10-01 18:21:47'),(6979,73,2,8,0,0,0,'2014-10-01 18:21:47'),(6980,73,2,8,0,0,0,'2014-10-01 18:21:47'),(6981,73,2,8,0,0,0,'2014-10-01 18:21:47'),(6982,73,2,8,0,0,0,'2014-10-01 18:21:47'),(6983,73,2,8,0,0,0,'2014-10-01 18:21:47'),(6984,73,2,8,0,0,0,'2014-10-01 18:21:47'),(6985,73,2,8,0,0,0,'2014-10-01 18:21:47'),(6986,73,2,8,0,0,0,'2014-10-01 18:21:47'),(6987,73,2,8,0,0,0,'2014-10-01 18:21:47'),(6988,73,2,8,0,0,0,'2014-10-01 18:21:47'),(6989,73,2,8,0,0,0,'2014-10-01 18:21:47'),(6990,73,2,8,0,0,0,'2014-10-01 18:21:47'),(6991,73,2,8,0,0,0,'2014-10-01 18:21:47'),(6992,73,2,8,0,0,0,'2014-10-01 18:21:47'),(6993,73,2,8,0,0,0,'2014-10-01 18:21:47'),(6994,73,2,8,0,0,0,'2014-10-01 18:21:47'),(6995,73,2,8,0,0,0,'2014-10-01 18:21:47'),(6996,73,2,8,0,0,0,'2014-10-01 18:21:47'),(6997,73,2,8,0,0,0,'2014-10-01 18:21:47'),(6998,73,2,8,0,0,0,'2014-10-01 18:21:47'),(6999,73,2,8,0,0,0,'2014-10-01 18:21:47'),(7000,73,2,8,0,0,0,'2014-10-01 18:21:47'),(7001,73,2,8,0,0,0,'2014-10-01 18:21:47'),(7002,73,2,8,0,0,0,'2014-10-01 18:21:47'),(7003,73,2,8,0,0,0,'2014-10-01 18:21:47'),(7004,73,2,8,0,0,0,'2014-10-01 18:21:47'),(7005,73,2,8,0,0,0,'2014-10-01 18:21:47'),(7006,73,2,8,0,0,0,'2014-10-01 18:21:47'),(7007,73,2,8,0,0,0,'2014-10-01 18:21:47'),(7008,73,2,8,0,0,0,'2014-10-01 18:21:47'),(7009,73,2,8,0,0,0,'2014-10-01 18:21:47'),(7010,73,2,8,0,0,0,'2014-10-01 18:21:47'),(7011,73,2,8,0,0,0,'2014-10-01 18:21:47'),(7012,73,2,8,0,0,0,'2014-10-01 18:21:47'),(7013,73,2,8,0,0,0,'2014-10-01 18:21:47'),(7014,73,2,8,0,0,0,'2014-10-01 18:21:47'),(7015,73,2,8,0,0,0,'2014-10-01 18:21:47'),(7016,73,2,8,0,0,0,'2014-10-01 18:21:47'),(7017,73,2,8,0,0,0,'2014-10-01 18:21:47'),(7018,73,2,8,0,0,0,'2014-10-01 18:21:48'),(7019,73,2,8,0,0,0,'2014-10-01 18:21:48'),(7020,73,2,8,0,0,0,'2014-10-01 18:21:48'),(7021,73,2,8,0,0,0,'2014-10-01 18:21:48'),(7022,73,2,8,0,0,0,'2014-10-01 18:21:48'),(7023,73,2,8,0,0,0,'2014-10-01 18:21:48'),(7024,73,2,8,0,0,0,'2014-10-01 18:21:48'),(7025,73,2,8,0,0,0,'2014-10-01 18:21:48'),(7026,73,2,8,0,0,0,'2014-10-01 18:21:48'),(7027,73,2,8,0,0,0,'2014-10-01 18:21:48'),(7028,73,2,8,0,0,0,'2014-10-01 18:21:48'),(7029,73,2,8,0,0,0,'2014-10-01 18:21:48'),(7030,73,2,8,0,0,0,'2014-10-01 18:21:48'),(7031,73,2,8,0,0,0,'2014-10-01 18:21:48'),(7032,73,2,8,0,0,0,'2014-10-01 18:21:48'),(7033,73,2,8,0,0,0,'2014-10-01 18:21:48'),(7034,73,2,8,0,0,0,'2014-10-01 18:21:48'),(7035,73,2,8,0,0,0,'2014-10-01 18:21:48'),(7036,73,2,8,0,0,0,'2014-10-01 18:21:48'),(7037,73,2,8,0,0,0,'2014-10-01 18:21:48'),(7038,73,2,8,0,0,0,'2014-10-01 18:21:48'),(7039,73,2,8,0,0,0,'2014-10-01 18:21:48'),(7040,73,2,8,0,0,0,'2014-10-01 18:21:48'),(7041,73,2,8,0,0,0,'2014-10-01 18:21:48'),(7042,73,2,8,0,0,0,'2014-10-01 18:21:48'),(7043,73,2,8,0,0,0,'2014-10-01 18:21:48'),(7044,73,2,8,0,0,0,'2014-10-01 18:21:48'),(7045,73,2,8,0,0,0,'2014-10-01 18:21:48'),(7046,73,2,8,0,0,0,'2014-10-01 18:21:48'),(7047,73,2,8,0,0,0,'2014-10-01 18:21:48'),(7048,73,2,8,0,0,0,'2014-10-01 18:21:48'),(7049,73,2,8,0,0,0,'2014-10-01 18:21:48'),(7050,73,2,8,0,0,0,'2014-10-01 18:21:48'),(7051,73,2,8,0,0,0,'2014-10-01 18:21:48'),(7052,73,2,8,0,0,0,'2014-10-01 18:21:48'),(7053,73,2,8,0,0,0,'2014-10-01 18:21:48'),(7054,73,2,8,0,0,0,'2014-10-01 18:21:48'),(7055,73,2,8,0,0,0,'2014-10-01 18:21:48'),(7056,73,2,8,0,0,0,'2014-10-01 18:21:48'),(7057,73,2,8,0,0,0,'2014-10-01 18:21:48'),(7058,73,2,8,0,0,0,'2014-10-01 18:21:48'),(7059,73,2,8,0,0,0,'2014-10-01 18:21:48'),(7060,73,2,8,0,0,0,'2014-10-01 18:21:48'),(7061,73,2,8,0,0,0,'2014-10-01 18:21:48'),(7062,73,2,8,0,0,0,'2014-10-01 18:21:48'),(7063,73,2,8,0,0,0,'2014-10-01 18:21:48'),(7064,73,2,8,0,0,0,'2014-10-01 18:21:48'),(7065,73,2,8,0,0,0,'2014-10-01 18:21:48'),(7066,73,2,8,0,0,0,'2014-10-01 18:21:48'),(7067,73,2,8,0,0,0,'2014-10-01 18:21:48'),(7068,73,2,8,0,0,0,'2014-10-01 18:21:48'),(7069,73,2,8,0,0,0,'2014-10-01 18:21:48'),(7070,73,2,8,0,0,0,'2014-10-01 18:21:48'),(7071,73,2,8,0,0,0,'2014-10-01 18:21:48'),(7072,73,2,8,0,0,0,'2014-10-01 18:21:48'),(7073,73,2,8,0,0,0,'2014-10-01 18:21:48'),(7074,73,2,8,0,0,0,'2014-10-01 18:21:48'),(7075,73,2,8,0,0,0,'2014-10-01 18:21:48'),(7076,73,2,8,0,0,0,'2014-10-01 18:21:48'),(7077,73,2,8,0,0,0,'2014-10-01 18:21:48'),(7078,73,2,8,0,0,0,'2014-10-01 18:21:48'),(7079,73,2,8,0,0,0,'2014-10-01 18:21:48'),(7080,73,2,8,0,0,0,'2014-10-01 18:21:48'),(7081,73,2,8,0,0,0,'2014-10-01 18:21:48'),(7082,73,2,8,0,0,0,'2014-10-01 18:21:48'),(7083,73,2,8,0,0,0,'2014-10-01 18:21:48'),(7084,73,2,8,0,0,0,'2014-10-01 18:21:48'),(7085,73,2,8,0,0,0,'2014-10-01 18:21:48'),(7086,73,2,8,0,0,0,'2014-10-01 18:21:48'),(7087,73,2,8,0,0,0,'2014-10-01 18:21:48'),(7088,73,2,8,0,0,0,'2014-10-01 18:21:48'),(7089,73,2,8,0,0,0,'2014-10-01 18:21:48'),(7090,73,2,8,0,0,0,'2014-10-01 18:21:48'),(7091,73,2,8,0,0,0,'2014-10-01 18:21:48'),(7092,73,2,8,0,0,0,'2014-10-01 18:21:48'),(7093,73,2,8,0,0,0,'2014-10-01 18:21:48'),(7094,73,2,8,0,0,0,'2014-10-01 18:21:48'),(7095,73,2,8,0,0,0,'2014-10-01 18:21:48'),(7096,73,2,8,0,0,0,'2014-10-01 18:21:48'),(7097,73,2,8,0,0,0,'2014-10-01 18:21:48'),(7098,73,2,8,0,0,0,'2014-10-01 18:21:48'),(7099,73,2,8,0,0,0,'2014-10-01 18:21:48'),(7100,73,2,8,0,0,0,'2014-10-01 18:21:48'),(7101,73,2,8,0,0,0,'2014-10-01 18:21:48'),(7102,73,2,8,0,0,0,'2014-10-01 18:21:48'),(7103,73,2,8,0,0,0,'2014-10-01 18:21:49'),(7104,73,2,8,0,0,0,'2014-10-01 18:21:49'),(7105,73,2,8,0,0,0,'2014-10-01 18:21:49'),(7106,73,2,8,0,0,0,'2014-10-01 18:21:49'),(7107,73,2,8,0,0,0,'2014-10-01 18:21:49'),(7108,73,2,8,0,0,0,'2014-10-01 18:21:49'),(7109,73,2,8,0,0,0,'2014-10-01 18:21:49'),(7110,73,2,8,0,0,0,'2014-10-01 18:21:49'),(7111,73,2,8,0,0,0,'2014-10-01 18:21:49'),(7112,73,2,8,0,0,0,'2014-10-01 18:21:49'),(7113,73,2,8,0,0,0,'2014-10-01 18:21:49'),(7114,73,2,8,0,0,0,'2014-10-01 18:21:49'),(7115,73,2,8,0,0,0,'2014-10-01 18:21:49'),(7116,73,2,8,0,0,0,'2014-10-01 18:21:49'),(7117,73,2,8,0,0,0,'2014-10-01 18:21:49'),(7118,73,2,8,0,0,0,'2014-10-01 18:21:49'),(7119,73,2,8,0,0,0,'2014-10-01 18:21:49'),(7120,73,2,8,0,0,0,'2014-10-01 18:21:49'),(7121,73,2,8,0,0,0,'2014-10-01 18:21:49'),(7122,73,2,8,0,0,0,'2014-10-01 18:21:49'),(7123,73,2,8,0,0,0,'2014-10-01 18:21:49'),(7124,73,2,8,0,0,0,'2014-10-01 18:21:49'),(7125,73,2,8,0,0,0,'2014-10-01 18:21:49'),(7126,73,2,8,0,0,0,'2014-10-01 18:21:49'),(7127,73,2,8,0,0,0,'2014-10-01 18:21:49'),(7128,73,2,8,0,0,0,'2014-10-01 18:21:49'),(7129,73,2,8,0,0,0,'2014-10-01 18:21:49'),(7130,73,2,8,0,0,0,'2014-10-01 18:21:49'),(7131,73,2,8,0,0,0,'2014-10-01 18:21:49'),(7132,73,2,8,0,0,0,'2014-10-01 18:21:49'),(7133,73,2,8,0,0,0,'2014-10-01 18:21:49'),(7134,73,2,8,0,0,0,'2014-10-01 18:21:49'),(7135,73,2,8,0,0,0,'2014-10-01 18:21:49'),(7136,73,2,8,0,0,0,'2014-10-01 18:21:49'),(7137,73,2,8,0,0,0,'2014-10-01 18:21:49'),(7138,73,2,8,0,0,0,'2014-10-01 18:21:49'),(7139,73,2,8,0,0,0,'2014-10-01 18:21:49'),(7140,73,2,8,0,0,0,'2014-10-01 18:21:49'),(7141,73,2,8,0,0,0,'2014-10-01 18:21:49'),(7142,73,2,8,0,0,0,'2014-10-01 18:21:49'),(7143,73,2,8,0,0,0,'2014-10-01 18:21:49'),(7144,73,2,8,0,0,0,'2014-10-01 18:21:49'),(7145,73,2,8,0,0,0,'2014-10-01 18:21:49'),(7146,73,2,8,0,0,0,'2014-10-01 18:21:49'),(7147,73,2,8,0,0,0,'2014-10-01 18:21:49'),(7148,73,2,8,0,0,0,'2014-10-01 18:21:49'),(7149,73,2,8,0,0,0,'2014-10-01 18:21:49'),(7150,73,2,8,0,0,0,'2014-10-01 18:21:49'),(7151,73,2,8,0,0,0,'2014-10-01 18:21:49'),(7152,73,2,8,0,0,0,'2014-10-01 18:21:49'),(7153,73,2,8,0,0,0,'2014-10-01 18:21:49'),(7154,73,2,8,0,0,0,'2014-10-01 18:21:49'),(7155,73,2,8,0,0,0,'2014-10-01 18:21:49'),(7156,73,2,8,0,0,0,'2014-10-01 18:21:49'),(7157,73,2,8,0,0,0,'2014-10-01 18:21:49'),(7158,73,2,8,0,0,0,'2014-10-01 18:21:49'),(7159,73,2,8,0,0,0,'2014-10-01 18:21:49'),(7160,73,2,8,0,0,0,'2014-10-01 18:21:49'),(7161,73,2,8,0,0,0,'2014-10-01 18:21:49'),(7162,73,2,8,0,0,0,'2014-10-01 18:21:49'),(7163,73,2,8,0,0,0,'2014-10-01 18:21:49'),(7164,73,2,8,0,0,0,'2014-10-01 18:21:49'),(7165,73,2,8,0,0,0,'2014-10-01 18:21:49'),(7166,73,2,8,0,0,0,'2014-10-01 18:21:49'),(7167,73,2,8,0,0,0,'2014-10-01 18:21:49'),(7168,73,2,8,0,0,0,'2014-10-01 18:21:49'),(7169,73,2,8,0,0,0,'2014-10-01 18:21:49'),(7170,73,2,8,0,0,0,'2014-10-01 18:21:49'),(7171,73,2,8,0,0,0,'2014-10-01 18:21:49'),(7172,73,2,8,0,0,0,'2014-10-01 18:21:49'),(7173,73,2,8,0,0,0,'2014-10-01 18:21:49'),(7174,73,2,8,0,0,0,'2014-10-01 18:21:49'),(7175,73,2,8,0,0,0,'2014-10-01 18:21:49'),(7176,73,2,8,0,0,0,'2014-10-01 18:21:49'),(7177,73,2,8,0,0,0,'2014-10-01 18:21:49'),(7178,73,2,8,0,0,0,'2014-10-01 18:21:49'),(7179,73,2,8,0,0,0,'2014-10-01 18:21:49'),(7180,73,2,8,0,0,0,'2014-10-01 18:21:49'),(7181,73,2,8,0,0,0,'2014-10-01 18:21:50'),(7182,73,2,8,0,0,0,'2014-10-01 18:21:50'),(7183,73,2,8,0,0,0,'2014-10-01 18:21:50'),(7184,73,2,8,0,0,0,'2014-10-01 18:21:50'),(7185,73,2,8,0,0,0,'2014-10-01 18:21:50'),(7186,73,2,8,0,0,0,'2014-10-01 18:21:50'),(7187,73,2,8,0,0,0,'2014-10-01 18:21:50'),(7188,73,2,8,0,0,0,'2014-10-01 18:21:50'),(7189,73,2,8,0,0,0,'2014-10-01 18:21:50'),(7190,73,2,8,0,0,0,'2014-10-01 18:21:50'),(7191,73,2,8,0,0,0,'2014-10-01 18:21:50'),(7192,73,2,8,0,0,0,'2014-10-01 18:21:50'),(7193,73,2,8,0,0,0,'2014-10-01 18:21:50'),(7194,73,2,8,0,0,0,'2014-10-01 18:21:50'),(7195,73,2,8,0,0,0,'2014-10-01 18:21:50'),(7196,73,2,8,0,0,0,'2014-10-01 18:21:50'),(7197,73,2,8,0,0,0,'2014-10-01 18:21:50'),(7198,73,2,8,0,0,0,'2014-10-01 18:21:50'),(7199,73,2,8,0,0,0,'2014-10-01 18:21:50'),(7200,73,2,8,0,0,0,'2014-10-01 18:21:50'),(7201,73,2,8,0,0,0,'2014-10-01 18:21:50'),(7202,73,2,8,0,0,0,'2014-10-01 18:21:50'),(7203,73,2,8,0,0,0,'2014-10-01 18:21:50'),(7204,73,2,8,0,0,0,'2014-10-01 18:21:50'),(7205,73,2,8,0,0,0,'2014-10-01 18:21:50'),(7206,73,2,8,0,0,0,'2014-10-01 18:21:50'),(7207,73,2,8,0,0,0,'2014-10-01 18:21:50'),(7208,73,2,8,0,0,0,'2014-10-01 18:21:50'),(7209,73,2,8,0,0,0,'2014-10-01 18:21:50'),(7210,73,2,8,0,0,0,'2014-10-01 18:21:50'),(7211,73,2,8,0,0,0,'2014-10-01 18:21:50'),(7212,73,2,8,0,0,0,'2014-10-01 18:21:50'),(7213,73,2,8,0,0,0,'2014-10-01 18:21:50'),(7214,73,2,8,0,0,0,'2014-10-01 18:21:50'),(7215,73,2,8,0,0,0,'2014-10-01 18:21:50'),(7216,73,2,8,0,0,0,'2014-10-01 18:21:50'),(7217,73,2,8,0,0,0,'2014-10-01 18:21:50'),(7218,73,2,8,0,0,0,'2014-10-01 18:21:50'),(7219,73,2,8,0,0,0,'2014-10-01 18:21:50'),(7220,73,2,8,0,0,0,'2014-10-01 18:21:50'),(7221,73,2,8,0,0,0,'2014-10-01 18:21:50'),(7222,73,2,8,0,0,0,'2014-10-01 18:21:50'),(7223,73,2,8,0,0,0,'2014-10-01 18:21:50'),(7224,73,2,8,0,0,0,'2014-10-01 18:21:50'),(7225,73,2,8,0,0,0,'2014-10-01 18:21:50'),(7226,73,2,8,0,0,0,'2014-10-01 18:21:50'),(7227,73,2,8,0,0,0,'2014-10-01 18:21:50'),(7228,73,2,8,0,0,0,'2014-10-01 18:21:50'),(7229,73,2,8,0,0,0,'2014-10-01 18:21:50'),(7230,73,2,8,0,0,0,'2014-10-01 18:21:50'),(7231,73,2,8,0,0,0,'2014-10-01 18:21:50'),(7232,73,2,8,0,0,0,'2014-10-01 18:21:50'),(7233,73,2,8,0,0,0,'2014-10-01 18:21:50'),(7234,73,2,8,0,0,0,'2014-10-01 18:21:50'),(7235,73,2,8,0,0,0,'2014-10-01 18:21:51'),(7236,73,2,8,0,0,0,'2014-10-01 18:21:51'),(7237,73,2,8,0,0,0,'2014-10-01 18:21:51'),(7238,73,2,8,0,0,0,'2014-10-01 18:21:51'),(7239,73,2,8,0,0,0,'2014-10-01 18:21:51'),(7240,73,2,8,0,0,0,'2014-10-01 18:21:51'),(7241,73,2,8,0,0,0,'2014-10-01 18:21:51'),(7242,73,2,8,0,0,0,'2014-10-01 18:21:51'),(7243,73,2,8,0,0,0,'2014-10-01 18:21:51'),(7244,73,2,8,0,0,0,'2014-10-01 18:21:51'),(7245,73,2,8,0,0,0,'2014-10-01 18:21:51'),(7246,73,2,8,0,0,0,'2014-10-01 18:21:51'),(7247,73,2,8,0,0,0,'2014-10-01 18:21:51'),(7248,73,2,8,0,0,0,'2014-10-01 18:21:51'),(7249,73,2,8,0,0,0,'2014-10-01 18:21:51'),(7250,73,2,8,0,0,0,'2014-10-01 18:21:51'),(7251,73,2,8,0,0,0,'2014-10-01 18:21:51'),(7252,73,2,8,0,0,0,'2014-10-01 18:21:51'),(7253,73,2,8,0,0,0,'2014-10-01 18:21:51'),(7254,73,2,8,0,0,0,'2014-10-01 18:21:51'),(7255,73,2,8,0,0,0,'2014-10-01 18:21:51'),(7256,73,2,8,0,0,0,'2014-10-01 18:21:51'),(7257,73,2,8,0,0,0,'2014-10-01 18:21:51'),(7258,73,2,8,0,0,0,'2014-10-01 18:21:51'),(7259,73,2,8,0,0,0,'2014-10-01 18:21:51'),(7260,73,2,8,0,0,0,'2014-10-01 18:21:51'),(7261,73,2,8,0,0,0,'2014-10-01 18:21:51'),(7262,73,2,8,0,0,0,'2014-10-01 18:21:51'),(7263,73,2,8,0,0,0,'2014-10-01 18:21:52'),(7264,73,2,8,0,0,0,'2014-10-01 18:21:52'),(7265,73,2,8,0,0,0,'2014-10-01 18:21:52'),(7266,73,2,8,0,0,0,'2014-10-01 18:21:52'),(7267,73,2,8,0,0,0,'2014-10-01 18:21:52'),(7268,73,2,8,0,0,0,'2014-10-01 18:21:52'),(7269,73,2,8,0,0,0,'2014-10-01 18:21:52'),(7270,73,2,8,0,0,0,'2014-10-01 18:21:52'),(7271,73,2,8,0,0,0,'2014-10-01 18:21:52'),(7272,73,2,8,0,0,0,'2014-10-01 18:21:52'),(7273,73,2,8,0,0,0,'2014-10-01 18:21:52'),(7274,73,2,8,0,0,0,'2014-10-01 18:21:52'),(7275,73,2,8,0,0,0,'2014-10-01 18:21:52'),(7276,73,2,8,0,0,0,'2014-10-01 18:21:53'),(7277,73,2,8,0,0,0,'2014-10-01 18:21:53'),(7278,73,2,8,0,0,0,'2014-10-01 18:21:53'),(7279,73,2,8,0,0,0,'2014-10-01 18:21:53'),(7280,73,2,8,0,0,0,'2014-10-01 18:21:53'),(7281,73,2,8,0,0,0,'2014-10-01 18:21:53'),(7282,73,2,8,0,0,0,'2014-10-01 18:21:53'),(7283,73,2,8,0,0,0,'2014-10-01 18:21:54'),(7284,73,2,8,0,0,0,'2014-10-01 18:21:54'),(7285,73,2,8,0,0,0,'2014-10-01 18:21:54'),(7286,73,2,8,0,0,0,'2014-10-01 18:21:54'),(7287,73,2,8,0,0,0,'2014-10-01 18:21:54'),(7288,73,2,8,0,0,0,'2014-10-01 18:21:55'),(7289,73,2,8,0,0,0,'2014-10-01 18:21:55'),(7290,73,2,8,0,0,0,'2014-10-01 18:21:55'),(7291,73,2,8,0,0,0,'2014-10-01 18:21:55'),(7292,73,2,8,0,0,0,'2014-10-01 18:21:56'),(7293,73,2,8,0,0,0,'2014-10-01 18:21:56'),(7294,73,2,8,0,0,0,'2014-10-01 18:21:56'),(7295,73,2,8,0,0,0,'2014-10-01 18:21:56'),(7296,73,2,8,0,0,0,'2014-10-01 18:21:56'),(7297,73,2,8,0,0,0,'2014-10-01 18:21:57'),(7298,73,2,8,0,0,0,'2014-10-01 18:21:57'),(7299,73,2,8,0,0,0,'2014-10-01 18:21:57'),(7300,73,2,8,0,0,0,'2014-10-01 18:21:58'),(7301,73,2,8,0,0,0,'2014-10-01 18:21:58'),(7302,73,2,8,0,0,0,'2014-10-01 18:21:58'),(7303,73,2,8,0,0,0,'2014-10-01 18:21:59'),(7304,73,2,8,0,0,0,'2014-10-01 18:21:59'),(7305,73,2,8,0,0,0,'2014-10-01 18:22:00'),(7306,73,2,8,0,0,0,'2014-10-01 18:22:00'),(7307,73,2,8,0,0,0,'2014-10-01 18:22:00'),(7308,73,2,8,0,0,0,'2014-10-01 18:22:00'),(7309,73,2,8,0,0,0,'2014-10-01 18:22:00'),(7310,73,2,8,0,0,0,'2014-10-01 18:22:01'),(7311,73,2,8,0,0,0,'2014-10-01 18:22:01'),(7312,73,2,8,0,0,0,'2014-10-01 18:22:01'),(7313,73,2,8,0,0,0,'2014-10-01 18:22:01'),(7314,73,2,8,0,0,0,'2014-10-01 18:22:01'),(7315,73,2,8,0,0,0,'2014-10-01 18:22:01'),(7316,73,2,8,0,0,0,'2014-10-01 18:22:01'),(7317,73,2,8,0,0,0,'2014-10-01 18:22:01'),(7318,73,2,8,0,0,0,'2014-10-01 18:22:01'),(7319,73,2,8,0,0,0,'2014-10-01 18:22:01'),(7320,73,2,8,0,0,0,'2014-10-01 18:22:01'),(7321,73,2,8,0,0,0,'2014-10-01 18:22:01'),(7322,73,2,8,0,0,0,'2014-10-01 18:22:01'),(7323,73,2,8,0,0,0,'2014-10-01 18:22:01'),(7324,73,2,8,0,0,0,'2014-10-01 18:22:01'),(7325,73,2,8,0,0,0,'2014-10-01 18:22:01'),(7326,73,2,8,0,0,0,'2014-10-01 18:22:01'),(7327,73,2,8,0,0,0,'2014-10-01 18:22:01'),(7328,73,2,8,0,0,0,'2014-10-01 18:22:01'),(7329,73,2,8,0,0,0,'2014-10-01 18:22:01'),(7330,73,2,8,0,0,0,'2014-10-01 18:22:01'),(7331,73,2,8,0,0,0,'2014-10-01 18:22:01'),(7332,73,2,8,0,0,0,'2014-10-01 18:22:01'),(7333,73,2,8,0,0,0,'2014-10-01 18:22:01'),(7334,73,2,8,0,0,0,'2014-10-01 18:22:01'),(7335,73,2,8,0,0,0,'2014-10-01 18:22:01'),(7336,73,2,8,0,0,0,'2014-10-01 18:22:01'),(7337,73,2,8,0,0,0,'2014-10-01 18:22:01'),(7338,73,2,8,0,0,0,'2014-10-01 18:22:01'),(7339,73,2,8,0,0,0,'2014-10-01 18:22:01'),(7340,73,2,8,0,0,0,'2014-10-01 18:22:01'),(7341,73,2,8,0,0,0,'2014-10-01 18:22:01'),(7342,73,2,8,0,0,0,'2014-10-01 18:22:01'),(7343,73,2,8,0,0,0,'2014-10-01 18:22:01'),(7344,73,2,8,0,0,0,'2014-10-01 18:22:01'),(7345,73,2,8,0,0,0,'2014-10-01 18:22:01'),(7346,73,2,8,0,0,0,'2014-10-01 18:22:01'),(7347,73,2,8,0,0,0,'2014-10-01 18:22:01'),(7348,73,2,8,0,0,0,'2014-10-01 18:22:01'),(7349,73,2,8,0,0,0,'2014-10-01 18:22:01'),(7350,73,2,8,0,0,0,'2014-10-01 18:22:01'),(7351,73,2,8,0,0,0,'2014-10-01 18:22:01'),(7352,73,2,8,0,0,0,'2014-10-01 18:22:01'),(7353,73,2,8,0,0,0,'2014-10-01 18:22:01'),(7354,73,2,8,0,0,0,'2014-10-01 18:22:01'),(7355,73,2,8,0,0,0,'2014-10-01 18:22:01'),(7356,73,2,8,0,0,0,'2014-10-01 18:22:01'),(7357,73,2,8,0,0,0,'2014-10-01 18:22:01'),(7358,73,2,8,0,0,0,'2014-10-01 18:22:01'),(7359,73,2,8,0,0,0,'2014-10-01 18:22:01'),(7360,73,2,8,0,0,0,'2014-10-01 18:22:01'),(7361,73,2,8,0,0,0,'2014-10-01 18:22:01'),(7362,73,2,8,0,0,0,'2014-10-01 18:22:01'),(7363,73,2,8,0,0,0,'2014-10-01 18:22:01'),(7364,73,2,8,0,0,0,'2014-10-01 18:22:01'),(7365,73,2,8,0,0,0,'2014-10-01 18:22:01'),(7366,73,2,8,0,0,0,'2014-10-01 18:22:01'),(7367,73,2,8,0,0,0,'2014-10-01 18:22:02'),(7368,73,2,8,0,0,0,'2014-10-01 18:22:02'),(7369,73,2,8,0,0,0,'2014-10-01 18:22:02'),(7370,73,2,8,0,0,0,'2014-10-01 18:22:02'),(7371,73,2,8,0,0,0,'2014-10-01 18:22:02'),(7372,73,2,8,0,0,0,'2014-10-01 18:22:02'),(7373,73,2,8,0,0,0,'2014-10-01 18:22:02'),(7374,73,2,8,0,0,0,'2014-10-01 18:22:02'),(7375,73,2,8,0,0,0,'2014-10-01 18:22:02'),(7376,73,2,8,0,0,0,'2014-10-01 18:22:02'),(7377,73,2,8,0,0,0,'2014-10-01 18:22:02'),(7378,73,2,8,0,0,0,'2014-10-01 18:22:02'),(7379,73,2,8,0,0,0,'2014-10-01 18:22:02'),(7380,73,2,8,0,0,0,'2014-10-01 18:22:02'),(7381,73,2,8,0,0,0,'2014-10-01 18:22:02'),(7382,73,2,8,0,0,0,'2014-10-01 18:22:02'),(7383,73,2,8,0,0,0,'2014-10-01 18:22:02'),(7384,73,2,8,0,0,0,'2014-10-01 18:22:02'),(7385,73,2,8,0,0,0,'2014-10-01 18:22:02'),(7386,73,2,8,0,0,0,'2014-10-01 18:22:02'),(7387,73,2,8,0,0,0,'2014-10-01 18:22:02'),(7388,73,2,8,0,0,0,'2014-10-01 18:22:02'),(7389,73,2,8,0,0,0,'2014-10-01 18:22:02'),(7390,73,2,8,0,0,0,'2014-10-01 18:22:02'),(7391,73,2,8,0,0,0,'2014-10-01 18:22:02'),(7392,73,2,8,0,0,0,'2014-10-01 18:22:02'),(7393,73,2,8,0,0,0,'2014-10-01 18:22:02'),(7394,73,2,8,0,0,0,'2014-10-01 18:22:02'),(7395,73,2,8,0,0,0,'2014-10-01 18:22:02'),(7396,73,2,8,0,0,0,'2014-10-01 18:22:02'),(7397,73,2,8,0,0,0,'2014-10-01 18:22:02'),(7398,73,2,8,0,0,0,'2014-10-01 18:22:02'),(7399,73,2,8,0,0,0,'2014-10-01 18:22:02'),(7400,73,2,8,0,0,0,'2014-10-01 18:22:02'),(7401,73,2,8,0,0,0,'2014-10-01 18:22:02'),(7402,73,2,8,0,0,0,'2014-10-01 18:22:02'),(7403,73,2,8,0,0,0,'2014-10-01 18:22:02'),(7404,73,2,8,0,0,0,'2014-10-01 18:22:02'),(7405,73,2,8,0,0,0,'2014-10-01 18:22:02'),(7406,73,2,8,0,0,0,'2014-10-01 18:22:02'),(7407,73,2,8,0,0,0,'2014-10-01 18:22:02'),(7408,73,2,8,0,0,0,'2014-10-01 18:22:02'),(7409,73,2,8,0,0,0,'2014-10-01 18:22:02'),(7410,73,2,8,0,0,0,'2014-10-01 18:22:02'),(7411,73,2,8,0,0,0,'2014-10-01 18:22:02'),(7412,73,2,8,0,0,0,'2014-10-01 18:22:02'),(7413,73,2,8,0,0,0,'2014-10-01 18:22:02'),(7414,73,2,8,0,0,0,'2014-10-01 18:22:02'),(7415,73,2,8,0,0,0,'2014-10-01 18:22:02'),(7416,73,2,8,0,0,0,'2014-10-01 18:22:02'),(7417,73,2,8,0,0,0,'2014-10-01 18:22:02'),(7418,73,2,8,0,0,0,'2014-10-01 18:22:03'),(7419,73,2,8,0,0,0,'2014-10-01 18:22:03'),(7420,73,2,8,0,0,0,'2014-10-01 18:22:03'),(7421,73,2,8,0,0,0,'2014-10-01 18:22:03'),(7422,73,2,8,0,0,0,'2014-10-01 18:22:03'),(7423,73,2,8,0,0,0,'2014-10-01 18:22:03'),(7424,73,2,8,0,0,0,'2014-10-01 18:22:03'),(7425,73,2,8,0,0,0,'2014-10-01 18:22:03'),(7426,73,2,8,0,0,0,'2014-10-01 18:22:03'),(7427,73,2,8,0,0,0,'2014-10-01 18:22:03'),(7428,73,2,8,0,0,0,'2014-10-01 18:22:03'),(7429,73,2,8,0,0,0,'2014-10-01 18:22:03'),(7430,73,2,8,0,0,0,'2014-10-01 18:22:03'),(7431,73,2,8,0,0,0,'2014-10-01 18:22:03'),(7432,73,2,8,0,0,0,'2014-10-01 18:22:03'),(7433,73,2,8,0,0,0,'2014-10-01 18:22:03'),(7434,73,2,8,0,0,0,'2014-10-01 18:22:03'),(7435,73,2,8,0,0,0,'2014-10-01 18:22:03'),(7436,73,2,8,0,0,0,'2014-10-01 18:22:03'),(7437,73,2,8,0,0,0,'2014-10-01 18:22:03'),(7438,73,2,8,0,0,0,'2014-10-01 18:22:03'),(7439,73,2,8,0,0,0,'2014-10-01 18:22:03'),(7440,73,2,8,0,0,0,'2014-10-01 18:22:03'),(7441,73,2,8,0,0,0,'2014-10-01 18:22:03'),(7442,73,2,8,0,0,0,'2014-10-01 18:22:03'),(7443,73,2,8,0,0,0,'2014-10-01 18:22:03'),(7444,73,2,8,0,0,0,'2014-10-01 18:22:03'),(7445,73,2,8,0,0,0,'2014-10-01 18:22:03'),(7446,73,2,8,0,0,0,'2014-10-01 18:22:03'),(7447,73,2,8,0,0,0,'2014-10-01 18:22:03'),(7448,73,2,8,0,0,0,'2014-10-01 18:22:03'),(7449,73,2,8,0,0,0,'2014-10-01 18:22:03'),(7450,73,2,8,0,0,0,'2014-10-01 18:22:03'),(7451,73,2,8,0,0,0,'2014-10-01 18:22:03'),(7452,73,2,8,0,0,0,'2014-10-01 18:22:03'),(7453,73,2,8,0,0,0,'2014-10-01 18:22:03'),(7454,73,2,8,0,0,0,'2014-10-01 18:22:03'),(7455,73,2,8,0,0,0,'2014-10-01 18:22:03'),(7456,73,2,8,0,0,0,'2014-10-01 18:22:03'),(7457,73,2,8,0,0,0,'2014-10-01 18:22:03'),(7458,73,2,8,0,0,0,'2014-10-01 18:22:03'),(7459,73,2,8,0,0,0,'2014-10-01 18:22:03'),(7460,73,2,8,0,0,0,'2014-10-01 18:22:03'),(7461,73,2,8,0,0,0,'2014-10-01 18:22:03'),(7462,73,2,8,0,0,0,'2014-10-01 18:22:03'),(7463,73,2,8,0,0,0,'2014-10-01 18:22:03'),(7464,73,2,8,0,0,0,'2014-10-01 18:22:03'),(7465,73,2,8,0,0,0,'2014-10-01 18:22:04'),(7466,73,2,8,0,0,0,'2014-10-01 18:22:04'),(7467,73,2,8,0,0,0,'2014-10-01 18:22:04'),(7468,73,2,8,0,0,0,'2014-10-01 18:22:04'),(7469,73,2,8,0,0,0,'2014-10-01 18:22:04'),(7470,73,2,8,0,0,0,'2014-10-01 18:22:04'),(7471,73,2,8,0,0,0,'2014-10-01 18:22:04'),(7472,73,2,8,0,0,0,'2014-10-01 18:22:04'),(7473,73,2,8,0,0,0,'2014-10-01 18:22:04'),(7474,73,2,8,0,0,0,'2014-10-01 18:22:04'),(7475,73,2,8,0,0,0,'2014-10-01 18:22:04'),(7476,73,2,8,0,0,0,'2014-10-01 18:22:04'),(7477,73,2,8,0,0,0,'2014-10-01 18:22:04'),(7478,73,2,8,0,0,0,'2014-10-01 18:22:04'),(7479,73,2,8,0,0,0,'2014-10-01 18:22:04'),(7480,73,2,8,0,0,0,'2014-10-01 18:22:04'),(7481,73,2,8,0,0,0,'2014-10-01 18:22:04'),(7482,73,2,8,0,0,0,'2014-10-01 18:22:04'),(7483,73,2,8,0,0,0,'2014-10-01 18:22:04'),(7484,73,2,8,0,0,0,'2014-10-01 18:22:04'),(7485,73,2,8,0,0,0,'2014-10-01 18:22:04'),(7486,73,2,8,0,0,0,'2014-10-01 18:22:04'),(7487,73,2,8,0,0,0,'2014-10-01 18:22:04'),(7488,73,2,8,0,0,0,'2014-10-01 18:22:04'),(7489,73,2,8,0,0,0,'2014-10-01 18:22:04'),(7490,73,2,8,0,0,0,'2014-10-01 18:22:04'),(7491,73,2,8,0,0,0,'2014-10-01 18:22:04'),(7492,73,2,8,0,0,0,'2014-10-01 18:22:04'),(7493,73,2,8,0,0,0,'2014-10-01 18:22:05'),(7494,73,2,8,0,0,0,'2014-10-01 18:22:05'),(7495,73,2,8,0,0,0,'2014-10-01 18:22:05'),(7496,73,2,8,0,0,0,'2014-10-01 18:22:05'),(7497,73,2,8,0,0,0,'2014-10-01 18:22:05'),(7498,73,2,8,0,0,0,'2014-10-01 18:22:05'),(7499,73,2,8,0,0,0,'2014-10-01 18:22:05'),(7500,73,2,8,0,0,0,'2014-10-01 18:22:05'),(7501,73,2,8,0,0,0,'2014-10-01 18:22:05'),(7502,73,2,8,0,0,0,'2014-10-01 18:22:05'),(7503,73,2,8,0,0,0,'2014-10-01 18:22:05'),(7504,73,2,8,0,0,0,'2014-10-01 18:22:05'),(7505,73,2,8,0,0,0,'2014-10-01 18:22:05'),(7506,73,2,8,0,0,0,'2014-10-01 18:22:05'),(7507,73,2,8,0,0,0,'2014-10-01 18:22:05'),(7508,73,2,8,0,0,0,'2014-10-01 18:22:05'),(7509,73,2,8,0,0,0,'2014-10-01 18:22:05'),(7510,73,2,8,0,0,0,'2014-10-01 18:22:05'),(7511,73,2,8,0,0,0,'2014-10-01 18:22:05'),(7512,73,2,8,0,0,0,'2014-10-01 18:22:05'),(7513,73,2,8,0,0,0,'2014-10-01 18:22:05'),(7514,73,2,8,0,0,0,'2014-10-01 18:22:05'),(7515,73,2,8,0,0,0,'2014-10-01 18:22:06'),(7516,73,2,8,0,0,0,'2014-10-01 18:22:06'),(7517,73,2,8,0,0,0,'2014-10-01 18:22:06'),(7518,73,2,8,0,0,0,'2014-10-01 18:22:06'),(7519,73,2,8,0,0,0,'2014-10-01 18:22:06'),(7520,73,2,8,0,0,0,'2014-10-01 18:22:06'),(7521,73,2,8,0,0,0,'2014-10-01 18:22:06'),(7522,73,2,8,0,0,0,'2014-10-01 18:22:06'),(7523,73,2,8,0,0,0,'2014-10-01 18:22:06'),(7524,73,2,8,0,0,0,'2014-10-01 18:22:06'),(7525,73,2,8,0,0,0,'2014-10-01 18:22:06'),(7526,73,2,8,0,0,0,'2014-10-01 18:22:06'),(7527,73,2,8,0,0,0,'2014-10-01 18:22:06'),(7528,73,2,8,0,0,0,'2014-10-01 18:22:06'),(7529,73,2,8,0,0,0,'2014-10-01 18:22:06'),(7530,73,2,8,0,0,0,'2014-10-01 18:22:07'),(7531,73,2,8,0,0,0,'2014-10-01 18:22:07'),(7532,73,2,8,0,0,0,'2014-10-01 18:22:07'),(7533,73,2,8,0,0,0,'2014-10-01 18:22:07'),(7534,73,2,8,0,0,0,'2014-10-01 18:22:07'),(7535,73,2,8,0,0,0,'2014-10-01 18:22:07'),(7536,73,2,8,0,0,0,'2014-10-01 18:22:07'),(7537,73,2,8,0,0,0,'2014-10-01 18:22:08'),(7538,73,2,8,0,0,0,'2014-10-01 18:22:08'),(7539,73,2,8,0,0,0,'2014-10-01 18:22:11'),(7540,73,2,8,0,25,0,'2014-10-01 18:22:12'),(7541,73,2,8,0,25,0,'2014-10-01 18:22:12'),(7542,73,2,8,0,25,0,'2014-10-01 18:22:12'),(7543,73,2,8,0,0,0,'2014-10-01 18:22:13'),(7544,73,2,8,0,0,0,'2014-10-01 18:22:14'),(7545,73,2,8,0,0,0,'2014-10-01 18:22:15'),(7546,73,2,8,0,0,0,'2014-10-01 18:22:15'),(7547,73,2,8,0,0,0,'2014-10-01 18:22:15'),(7548,73,2,8,0,0,0,'2014-10-01 18:22:16'),(7549,73,2,8,0,0,0,'2014-10-01 18:22:16'),(7550,73,2,8,0,0,0,'2014-10-01 18:22:16'),(7551,73,2,8,0,0,0,'2014-10-01 18:22:16'),(7552,73,2,8,0,0,0,'2014-10-01 18:22:16'),(7553,73,2,8,0,0,0,'2014-10-01 18:22:16'),(7554,73,2,8,0,0,0,'2014-10-01 18:22:16'),(7555,73,2,8,0,0,0,'2014-10-01 18:22:16'),(7556,73,2,8,0,0,0,'2014-10-01 18:22:16'),(7557,73,2,8,0,0,0,'2014-10-01 18:22:16'),(7558,73,2,8,0,0,0,'2014-10-01 18:22:16'),(7559,73,2,8,0,0,0,'2014-10-01 18:22:16'),(7560,73,2,8,0,0,0,'2014-10-01 18:22:16'),(7561,73,2,8,0,0,0,'2014-10-01 18:22:16'),(7562,73,2,8,0,0,0,'2014-10-01 18:22:16'),(7563,73,2,8,0,0,0,'2014-10-01 18:22:16'),(7564,73,2,8,0,0,0,'2014-10-01 18:22:16'),(7565,73,2,8,0,0,0,'2014-10-01 18:22:16'),(7566,73,2,8,0,0,0,'2014-10-01 18:22:16'),(7567,73,2,8,0,0,0,'2014-10-01 18:22:16'),(7568,73,2,8,0,0,0,'2014-10-01 18:22:16'),(7569,73,2,8,0,0,0,'2014-10-01 18:22:16'),(7570,73,2,8,0,0,0,'2014-10-01 18:22:16'),(7571,73,2,8,0,0,0,'2014-10-01 18:22:16'),(7572,73,2,8,0,0,0,'2014-10-01 18:22:16'),(7573,73,2,8,0,0,0,'2014-10-01 18:22:16'),(7574,73,2,8,0,0,0,'2014-10-01 18:22:16'),(7575,73,2,8,0,25,0,'2014-10-01 18:22:16'),(7576,73,2,8,0,0,0,'2014-10-01 18:22:16'),(7577,73,2,8,0,0,0,'2014-10-01 18:22:16'),(7578,73,2,8,0,0,0,'2014-10-01 18:22:16'),(7579,73,2,8,0,0,0,'2014-10-01 18:22:16'),(7580,73,2,8,0,0,0,'2014-10-01 18:22:16'),(7581,73,2,8,0,0,0,'2014-10-01 18:22:16'),(7582,73,2,8,0,0,0,'2014-10-01 18:22:16'),(7583,73,2,8,0,0,0,'2014-10-01 18:22:16'),(7584,73,2,8,0,0,0,'2014-10-01 18:22:16'),(7585,73,2,8,0,0,0,'2014-10-01 18:22:16'),(7586,73,2,8,0,0,0,'2014-10-01 18:22:16'),(7587,73,2,8,0,0,0,'2014-10-01 18:22:16'),(7588,73,2,8,0,0,0,'2014-10-01 18:22:16'),(7589,73,2,8,0,0,0,'2014-10-01 18:22:16'),(7590,73,2,8,0,0,0,'2014-10-01 18:22:17'),(7591,73,2,8,0,0,0,'2014-10-01 18:22:17'),(7592,73,2,8,0,0,0,'2014-10-01 18:22:17'),(7593,73,2,8,0,0,0,'2014-10-01 18:22:17'),(7594,73,2,8,0,0,0,'2014-10-01 18:22:17'),(7595,73,2,8,0,0,0,'2014-10-01 18:22:17'),(7596,73,2,8,0,0,0,'2014-10-01 18:22:18'),(7597,73,2,8,0,0,0,'2014-10-01 18:22:18'),(7598,73,2,8,0,0,0,'2014-10-01 18:22:18'),(7599,73,2,8,0,0,0,'2014-10-01 18:22:18'),(7600,73,2,8,0,0,0,'2014-10-01 18:22:18'),(7601,73,2,8,0,0,0,'2014-10-01 18:22:18'),(7602,73,2,8,0,0,0,'2014-10-01 18:22:18'),(7603,73,2,8,0,0,0,'2014-10-01 18:22:18'),(7604,73,2,8,0,0,0,'2014-10-01 18:22:18'),(7605,73,2,8,0,0,0,'2014-10-01 18:22:18'),(7606,73,2,8,0,0,0,'2014-10-01 18:22:18'),(7607,73,2,8,0,0,0,'2014-10-01 18:22:18'),(7608,73,2,8,0,25,0,'2014-10-01 18:22:18'),(7609,73,2,8,0,0,0,'2014-10-01 18:22:18'),(7610,73,2,8,0,0,0,'2014-10-01 18:22:18'),(7611,73,2,8,0,25,0,'2014-10-01 18:22:18'),(7612,73,2,8,0,0,0,'2014-10-01 18:22:19'),(7613,73,2,8,0,0,0,'2014-10-01 18:22:19'),(7614,73,2,8,0,0,0,'2014-10-01 18:22:19'),(7615,73,2,8,0,0,0,'2014-10-01 18:22:19'),(7616,73,2,8,0,0,0,'2014-10-01 18:22:19'),(7617,73,2,8,0,0,0,'2014-10-01 18:22:19'),(7618,73,2,8,0,0,0,'2014-10-01 18:22:19'),(7619,73,2,8,0,0,0,'2014-10-01 18:22:19'),(7620,73,2,8,0,0,0,'2014-10-01 18:22:19'),(7621,73,2,8,0,0,0,'2014-10-01 18:22:20'),(7622,73,2,8,0,0,0,'2014-10-01 18:22:20'),(7623,73,2,8,0,0,0,'2014-10-01 18:22:20'),(7624,73,2,8,0,0,0,'2014-10-01 18:22:20'),(7625,73,2,8,0,0,0,'2014-10-01 18:22:20'),(7626,73,2,8,0,0,0,'2014-10-01 18:22:20'),(7627,73,2,8,0,0,0,'2014-10-01 18:22:20'),(7628,73,2,8,0,0,0,'2014-10-01 18:22:20'),(7629,73,2,8,0,0,0,'2014-10-01 18:22:20'),(7630,73,2,8,0,0,0,'2014-10-01 18:22:20'),(7631,73,2,8,0,0,0,'2014-10-01 18:22:20'),(7632,73,2,8,0,0,0,'2014-10-01 18:22:20'),(7633,73,2,8,0,0,0,'2014-10-01 18:22:20'),(7634,73,2,8,0,0,0,'2014-10-01 18:22:20'),(7635,73,2,8,0,0,0,'2014-10-01 18:22:21'),(7636,73,2,8,0,0,0,'2014-10-01 18:22:21'),(7637,73,2,8,0,0,0,'2014-10-01 18:22:21'),(7638,73,2,8,0,0,0,'2014-10-01 18:22:21'),(7639,73,2,8,0,0,0,'2014-10-01 18:22:21'),(7640,73,2,8,0,0,0,'2014-10-01 18:22:21'),(7641,73,2,8,0,0,0,'2014-10-01 18:22:21'),(7642,73,2,8,0,0,0,'2014-10-01 18:22:21'),(7643,73,2,8,0,0,0,'2014-10-01 18:22:21'),(7644,73,2,8,0,0,0,'2014-10-01 18:22:21'),(7645,73,2,8,0,0,0,'2014-10-01 18:22:21'),(7646,73,2,8,0,0,0,'2014-10-01 18:22:21'),(7647,73,2,8,0,0,0,'2014-10-01 18:22:21'),(7648,73,2,8,0,0,0,'2014-10-01 18:22:22'),(7649,73,2,8,0,0,0,'2014-10-01 18:22:27'),(7650,73,2,8,0,0,0,'2014-10-01 18:22:27'),(7651,73,2,8,0,0,0,'2014-10-01 18:22:27'),(7652,73,2,8,0,0,0,'2014-10-01 18:22:28'),(7653,73,2,8,0,0,0,'2014-10-01 18:22:28'),(7654,73,2,8,0,0,0,'2014-10-01 18:22:28'),(7655,73,2,8,0,0,0,'2014-10-01 18:22:28'),(7656,73,2,8,0,0,0,'2014-10-01 18:22:28'),(7657,73,2,8,0,0,0,'2014-10-01 18:22:31'),(7658,73,2,8,0,0,0,'2014-10-01 18:22:31'),(7659,73,2,8,0,0,0,'2014-10-01 18:22:31'),(7660,73,2,8,0,0,0,'2014-10-01 18:22:35'),(7661,73,2,8,0,0,0,'2014-10-01 18:22:37'),(7662,73,2,8,0,0,0,'2014-10-01 18:22:40'),(7663,73,2,8,0,0,0,'2014-10-01 18:22:40'),(7664,73,2,8,0,0,0,'2014-10-01 18:22:40'),(7665,73,2,8,0,0,0,'2014-10-01 18:22:40'),(7666,73,2,8,0,0,0,'2014-10-01 18:22:41'),(7667,73,2,8,0,0,0,'2014-10-01 18:22:45'),(7668,73,2,8,0,0,0,'2014-10-01 18:22:45'),(7669,73,2,8,0,0,0,'2014-10-01 18:22:46'),(7670,73,2,8,0,0,0,'2014-10-01 18:22:54'),(7671,73,2,8,0,0,0,'2014-10-01 18:22:55'),(7672,73,2,8,0,0,0,'2014-10-01 18:22:56'),(7673,73,2,8,0,0,0,'2014-10-01 18:22:56'),(7674,73,2,8,0,0,0,'2014-10-01 18:23:00'),(7675,73,2,9,0,0,0,'2014-10-01 18:23:29'),(7676,73,2,9,0,0,0,'2014-10-01 18:23:29'),(7677,73,2,9,0,0,0,'2014-10-01 18:23:29'),(7678,73,2,9,0,0,0,'2014-10-01 18:23:29'),(7679,73,2,9,0,0,0,'2014-10-01 18:23:29'),(7680,73,2,9,0,0,0,'2014-10-01 18:23:29'),(7681,73,2,9,0,0,0,'2014-10-01 18:23:29'),(7682,73,2,9,0,0,0,'2014-10-01 18:23:29'),(7683,73,2,9,0,0,0,'2014-10-01 18:23:29'),(7684,73,2,9,0,0,0,'2014-10-01 18:23:29'),(7685,73,2,9,0,0,0,'2014-10-01 18:23:29'),(7686,73,2,9,0,0,0,'2014-10-01 18:23:29'),(7687,73,2,9,0,0,0,'2014-10-01 18:23:29'),(7688,73,2,9,0,0,0,'2014-10-01 18:35:52'),(7689,73,2,9,0,0,0,'2014-10-01 18:35:52'),(7690,73,2,9,0,0,0,'2014-10-01 18:35:52'),(7691,73,2,9,0,0,0,'2014-10-01 18:35:52'),(7692,73,2,9,0,0,0,'2014-10-01 18:35:52'),(7693,73,2,9,0,0,0,'2014-10-01 18:35:52'),(7694,73,2,9,0,0,0,'2014-10-01 18:35:52'),(7695,73,2,9,0,0,0,'2014-10-01 18:35:52'),(7696,73,2,9,0,0,0,'2014-10-01 18:35:53'),(7697,73,2,9,0,0,0,'2014-10-01 18:35:53'),(7698,73,2,9,0,0,0,'2014-10-01 18:35:53'),(7699,73,2,9,0,0,0,'2014-10-01 18:35:53'),(7700,73,2,9,0,0,0,'2014-10-01 18:35:53'),(7701,73,2,9,0,0,0,'2014-10-01 18:35:53'),(7702,73,2,9,0,0,0,'2014-10-01 18:35:53'),(7703,73,2,9,0,0,0,'2014-10-01 18:35:53'),(7704,73,2,9,0,0,0,'2014-10-01 18:35:53'),(7705,73,2,9,0,0,0,'2014-10-01 18:35:53'),(7706,73,2,9,0,0,0,'2014-10-01 18:35:53'),(7707,73,2,9,0,0,0,'2014-10-01 18:35:53'),(7708,73,2,9,0,0,0,'2014-10-01 18:35:53'),(7709,73,2,9,0,0,0,'2014-10-01 18:35:53'),(7710,73,2,9,0,0,0,'2014-10-01 18:35:53'),(7711,73,2,9,0,0,0,'2014-10-01 18:35:53'),(7712,73,2,9,0,0,0,'2014-10-01 18:35:53'),(7713,73,2,9,0,0,0,'2014-10-01 18:35:53'),(7714,73,2,9,0,0,0,'2014-10-01 18:35:53'),(7715,73,2,9,0,0,0,'2014-10-01 18:35:53'),(7716,73,2,9,0,0,0,'2014-10-01 18:35:54'),(7717,73,2,9,0,0,0,'2014-10-01 18:35:54'),(7718,73,2,9,0,0,0,'2014-10-01 18:35:54'),(7719,73,2,9,0,0,0,'2014-10-01 18:35:54'),(7720,73,2,9,0,0,0,'2014-10-01 18:35:54'),(7721,73,2,9,0,0,0,'2014-10-01 18:35:54'),(7722,73,2,9,0,0,0,'2014-10-01 18:35:54'),(7723,73,2,9,0,0,0,'2014-10-01 18:35:54'),(7724,73,2,9,0,0,0,'2014-10-01 18:35:54'),(7725,73,2,9,0,0,0,'2014-10-01 18:35:54'),(7726,73,2,9,0,0,0,'2014-10-01 18:35:55'),(7727,73,2,9,0,0,0,'2014-10-01 18:35:55'),(7728,73,2,9,0,0,0,'2014-10-01 18:35:55'),(7729,73,2,8,0,0,0,'2014-10-01 18:36:09'),(7730,73,2,8,0,0,0,'2014-10-01 18:36:09'),(7731,73,2,8,0,0,0,'2014-10-01 18:36:09'),(7732,73,2,8,0,0,0,'2014-10-01 18:36:09'),(7733,73,2,8,0,0,0,'2014-10-01 18:36:09'),(7734,73,2,8,0,0,0,'2014-10-01 18:36:10'),(7735,73,2,8,0,0,0,'2014-10-01 18:36:10'),(7736,73,2,8,0,0,0,'2014-10-01 18:36:10'),(7737,73,2,8,0,0,0,'2014-10-01 18:36:10'),(7738,73,2,8,0,0,0,'2014-10-01 18:36:10'),(7739,73,2,8,0,0,0,'2014-10-01 18:36:10'),(7740,73,2,8,0,0,0,'2014-10-01 18:36:10'),(7741,73,2,8,0,0,0,'2014-10-01 18:36:10'),(7742,73,2,8,0,0,0,'2014-10-01 18:36:10'),(7743,73,2,8,0,0,0,'2014-10-01 18:36:10'),(7744,73,2,8,0,0,0,'2014-10-01 18:36:10'),(7745,73,2,8,0,0,0,'2014-10-01 18:36:10'),(7746,73,2,8,0,0,0,'2014-10-01 18:36:10'),(7747,73,2,8,0,0,0,'2014-10-01 18:36:10'),(7748,73,2,8,0,0,0,'2014-10-01 18:36:12'),(7749,73,2,8,0,0,0,'2014-10-01 18:36:12'),(7750,73,2,8,0,25,0,'2014-10-01 18:36:14'),(7751,73,2,8,0,0,0,'2014-10-01 18:36:14'),(7752,73,2,8,0,0,0,'2014-10-01 18:36:14'),(7753,73,2,8,0,0,0,'2014-10-01 18:36:14'),(7754,73,2,8,0,0,0,'2014-10-01 18:36:15'),(7755,73,2,8,0,0,0,'2014-10-01 18:36:17'),(7756,73,2,8,0,0,0,'2014-10-01 18:36:17'),(7757,73,2,8,0,0,0,'2014-10-01 18:36:17'),(7758,73,2,8,0,0,0,'2014-10-01 18:36:18'),(7759,73,2,8,0,0,0,'2014-10-01 18:36:18'),(7760,73,2,8,0,0,0,'2014-10-01 18:36:18'),(7761,73,2,8,0,0,0,'2014-10-01 18:36:18'),(7762,73,2,8,0,25,0,'2014-10-01 18:36:20'),(7763,73,2,8,0,0,0,'2014-10-01 18:36:20'),(7764,73,2,8,0,0,0,'2014-10-01 18:36:21'),(7765,73,2,8,0,0,0,'2014-10-01 18:36:21'),(7766,73,2,8,0,0,0,'2014-10-01 18:36:22'),(7767,73,2,8,0,0,0,'2014-10-01 18:36:23'),(7768,73,2,8,0,0,0,'2014-10-01 18:36:23'),(7769,73,2,8,0,0,0,'2014-10-01 18:36:25'),(7770,73,2,8,0,0,0,'2014-10-01 18:36:26'),(7771,73,2,8,0,0,0,'2014-10-01 18:36:26'),(7772,73,2,8,0,0,0,'2014-10-01 18:36:30'),(7773,73,2,8,0,0,0,'2014-10-01 18:36:30'),(7774,73,2,8,0,0,0,'2014-10-01 18:36:30'),(7775,73,2,8,0,0,0,'2014-10-01 18:36:30'),(7776,73,2,8,0,0,0,'2014-10-01 18:36:30'),(7777,73,2,8,0,0,0,'2014-10-01 18:36:30'),(7778,73,2,8,0,0,0,'2014-10-01 18:36:30'),(7779,73,2,8,0,0,0,'2014-10-01 18:36:31'),(7780,73,2,8,0,0,0,'2014-10-01 18:36:31'),(7781,73,2,8,0,0,0,'2014-10-01 18:36:31'),(7782,73,2,8,0,0,0,'2014-10-01 18:36:31'),(7783,73,2,8,0,0,0,'2014-10-01 18:36:31'),(7784,73,2,8,0,0,0,'2014-10-01 18:36:32'),(7785,73,2,8,0,0,0,'2014-10-01 18:36:32'),(7786,73,2,8,0,0,0,'2014-10-01 18:36:37'),(7787,73,2,8,0,0,0,'2014-10-01 18:36:38'),(7788,73,2,8,0,0,0,'2014-10-01 18:36:38'),(7789,73,2,8,0,0,0,'2014-10-01 18:36:41'),(7790,73,2,8,0,0,0,'2014-10-01 18:36:41'),(7791,73,2,8,0,0,0,'2014-10-01 18:36:42'),(7792,40,1,1,0,25,0,'2014-10-02 13:23:42'),(7793,40,1,3,18,23,1,'2014-10-02 13:24:02'),(7794,40,1,2,0,22,0,'2014-10-02 13:24:21'),(7795,73,8,48,0,31,0,'2014-10-02 13:52:25'),(7796,73,8,46,24,32,1,'2014-10-02 13:52:39'),(7797,73,8,47,0,33,0,'2014-10-02 13:52:47'),(7798,73,1,3,20,25,1,'2014-10-02 13:53:59'),(7799,73,1,5,19,24,1,'2014-10-02 13:54:15'),(7800,73,1,6,18,23,1,'2014-10-02 13:54:30'),(7801,84,26,69,0,5,0,'2014-10-02 14:56:18'),(7802,84,26,68,22,18,1,'2014-10-02 14:56:32'),(7803,40,2,14,0,22,0,'2014-10-02 15:00:22'),(7804,40,1,1,0,24,0,'2014-10-09 14:18:26'),(7805,40,1,4,19,24,1,'2014-10-09 14:18:38'),(7806,40,1,3,18,22,1,'2014-10-09 14:18:56'),(7807,1,1,1,0,0,0,'2014-10-13 20:31:05'),(7808,37,1,4,19,24,1,'2014-10-13 20:31:31'),(7809,37,1,4,19,24,1,'2014-10-13 20:31:36'),(7810,37,1,1,20,25,1,'2014-10-13 20:31:42'),(7811,37,1,5,18,23,1,'2014-10-13 20:31:53'),(7812,37,1,5,20,25,1,'2014-10-13 20:36:25'),(7813,37,1,6,0,25,0,'2014-10-13 20:36:33'),(7814,37,1,1,0,25,0,'2014-10-13 20:36:41'),(7815,37,1,2,18,23,1,'2014-10-13 20:40:56'),(7816,37,1,5,0,25,0,'2014-10-13 20:41:01'),(7817,37,1,1,0,25,0,'2014-10-13 20:41:06'),(7818,40,8,48,0,33,0,'2014-10-13 21:55:57'),(7819,40,8,47,0,32,0,'2014-10-13 21:56:08'),(7820,40,8,46,25,33,1,'2014-10-13 21:56:17'),(7821,37,1,2,15,19,1,'2014-10-13 22:17:05'),(7822,37,1,6,0,25,0,'2014-10-13 22:17:12'),(7823,37,1,1,0,25,0,'2014-10-13 22:17:21'),(7824,70,2,10,0,20,0,'2014-10-13 22:29:19'),(7825,70,2,11,20,25,1,'2014-10-13 22:29:28'),(7826,70,2,14,0,18,0,'2014-10-13 22:29:45'),(7827,70,2,12,20,25,1,'2014-10-13 22:29:51'),(7828,70,2,15,19,24,1,'2014-10-13 22:30:01'),(7829,70,2,11,20,25,1,'2014-10-13 22:39:05'),(7830,70,2,9,16,20,1,'2014-10-13 22:39:18'),(7831,70,2,14,0,23,0,'2014-10-13 22:39:28'),(7832,70,2,8,14,18,1,'2014-10-13 22:39:44'),(7833,70,2,15,19,24,1,'2014-10-13 22:39:53'),(7834,41,1,2,0,25,0,'2014-10-15 08:33:05'),(7835,41,1,5,15,19,1,'2014-10-15 08:33:34'),(7836,41,1,4,0,25,0,'2014-10-15 08:33:44'),(7837,41,1,5,18,23,1,'2014-10-15 08:37:05'),(7838,41,1,2,0,25,0,'2014-10-15 08:37:15'),(7839,41,1,4,0,25,0,'2014-10-15 08:37:20'),(7840,37,1,6,20,25,1,'2014-10-20 08:45:01'),(7841,37,1,1,20,25,1,'2014-10-22 18:24:29'),(7842,37,1,5,0,25,0,'2014-10-22 18:24:36'),(7843,37,1,2,0,25,0,'2014-10-22 18:24:41'),(7844,37,1,4,20,25,1,'2014-10-22 18:28:29'),(7845,37,1,2,0,25,0,'2014-10-22 18:28:34'),(7846,37,1,5,0,25,0,'2014-10-22 18:28:40'),(7847,84,26,68,0,1,0,'2014-10-23 20:26:04'),(7848,40,1,2,15,19,1,'2014-10-27 12:44:10'),(7849,40,1,3,20,25,1,'2014-10-27 12:44:18'),(7850,40,1,1,0,25,0,'2014-10-27 12:44:26'),(7851,40,1,1,20,25,1,'2014-10-27 12:46:54'),(7852,40,1,3,0,25,0,'2014-10-27 12:47:07'),(7853,40,1,2,0,20,0,'2014-10-27 12:47:28'),(7854,40,2,15,20,25,1,'2014-10-27 12:59:17'),(7855,40,2,8,0,25,0,'2014-10-27 13:00:00'),(7856,40,2,15,20,25,1,'2014-10-27 13:00:13'),(7857,40,1,6,20,25,1,'2014-10-27 13:02:23'),(7858,40,1,3,0,25,0,'2014-10-27 13:02:36'),(7859,40,1,5,19,24,1,'2014-10-27 13:02:50'),(7860,84,26,68,11,9,1,'2014-10-29 09:22:10'),(7861,84,26,70,0,0,0,'2014-10-29 09:52:40'),(7862,84,26,68,0,0,0,'2014-10-29 09:53:17'),(7863,84,26,69,0,9,0,'2014-10-29 09:53:41'),(7864,84,26,69,0,5,0,'2014-10-29 19:47:00'),(7865,84,26,68,6,5,1,'2014-10-29 19:47:31'),(7866,82,26,70,1,1,1,'2014-10-30 19:58:07'),(7867,82,26,68,0,15,0,'2014-10-30 19:58:24'),(7868,82,26,69,0,8,0,'2014-10-30 19:58:54'),(7869,37,2,12,0,25,0,'2014-11-05 10:45:50'),(7870,37,2,11,0,21,0,'2014-11-05 10:46:07'),(7871,37,2,14,0,14,0,'2014-11-05 10:46:36'),(7872,37,2,8,0,25,0,'2014-11-05 10:46:45'),(7873,37,2,10,0,19,0,'2014-11-05 10:47:07'),(7874,37,1,1,0,22,0,'2014-11-05 10:47:48'),(7875,37,1,4,20,25,1,'2014-11-05 10:47:55'),(7876,37,1,3,0,25,0,'2014-11-05 10:48:02'),(7877,37,2,11,0,25,0,'2014-11-05 10:48:34'),(7878,37,2,9,0,25,0,'2014-11-05 10:48:46'),(7879,37,2,14,20,25,1,'2014-11-05 10:48:59'),(7880,37,2,8,0,25,0,'2014-11-05 10:49:08'),(7881,37,2,12,0,25,0,'2014-11-05 10:49:15'),(7882,37,1,1,20,25,1,'2014-11-05 10:49:50'),(7883,37,1,6,0,25,0,'2014-11-05 10:49:58'),(7884,37,1,5,20,25,1,'2014-11-05 10:50:05'),(7885,39,2,12,18,22,1,'2014-11-05 11:12:51'),(7886,37,2,10,0,25,0,'2014-11-05 11:13:19'),(7887,39,1,5,0,6,0,'2014-11-05 11:13:54'),(7888,40,2,13,0,23,0,'2014-11-07 19:00:45'),(7889,40,2,12,0,25,0,'2014-11-07 19:01:00'),(7890,84,26,69,8,6,1,'2014-11-07 19:17:09'),(7891,84,26,68,6,5,1,'2014-11-07 19:17:43'),(7892,84,26,70,0,5,0,'2014-11-07 19:18:11'),(7893,39,2,15,0,9,0,'2014-11-11 08:41:29'),(7894,39,2,13,15,19,1,'2014-11-11 08:41:56'),(7895,39,2,12,0,17,0,'2014-11-11 08:42:28'),(7896,39,2,11,10,12,1,'2014-11-11 08:43:01'),(7897,39,2,8,0,7,0,'2014-11-11 08:43:38'),(7898,39,1,6,18,22,1,'2014-11-11 10:10:52'),(7899,40,2,14,18,22,1,'2014-11-11 10:11:10'),(7900,40,2,12,0,25,0,'2014-11-11 10:11:18'),(7901,39,1,10,9,11,1,'2014-11-11 10:11:52'),(7902,40,2,11,18,23,1,'2014-11-12 16:55:02'),(7903,40,2,10,14,17,1,'2014-11-12 16:56:39'),(7904,40,2,10,14,17,1,'2014-11-12 16:56:39'),(7905,40,2,10,14,17,1,'2014-11-12 16:56:40'),(7906,40,2,10,14,17,1,'2014-11-12 16:56:41'),(7907,40,2,14,15,19,1,'2014-11-12 16:56:58'),(7908,40,2,11,20,25,1,'2014-11-12 16:57:06'),(7909,40,2,13,20,25,1,'2014-11-12 16:57:13'),(7910,40,2,15,19,24,1,'2014-11-12 16:57:24'),(7911,40,2,15,19,24,1,'2014-11-12 16:57:25'),(7912,40,8,48,0,0,0,'2014-11-12 17:37:40'),(7913,40,8,46,25,33,1,'2014-11-12 17:39:58'),(7914,40,8,46,25,33,1,'2014-11-12 17:40:00'),(7915,40,8,46,25,33,1,'2014-11-12 17:40:00'),(7916,40,8,47,0,32,0,'2014-11-12 17:40:11'),(7917,40,8,47,25,33,1,'2014-11-12 17:40:56'),(7918,40,8,46,25,33,1,'2014-11-12 17:41:05'),(7919,40,8,48,0,29,0,'2014-11-12 17:41:17'),(7920,37,2,11,19,24,1,'2014-11-12 17:52:13'),(7921,37,2,8,20,25,1,'2014-11-12 17:52:23'),(7922,37,2,10,20,25,1,'2014-11-12 17:52:36'),(7923,37,2,13,20,25,1,'2014-11-12 17:52:44'),(7924,37,2,12,18,23,1,'2014-11-12 17:52:57'),(7925,37,2,12,20,25,1,'2014-11-12 17:55:34'),(7926,37,2,14,20,25,1,'2014-11-12 17:55:44'),(7927,37,2,14,19,24,1,'2014-11-12 17:56:29'),(7928,37,2,13,16,20,1,'2014-11-12 17:56:50'),(7929,37,2,15,18,23,1,'2014-11-12 17:57:07'),(7930,37,2,8,20,25,1,'2014-11-12 17:57:16'),(7931,37,2,9,18,22,1,'2014-11-12 17:57:31'),(7932,39,2,9,0,18,0,'2014-11-13 17:41:01'),(7933,39,1,6,16,20,1,'2014-11-14 20:20:11'),(7934,39,1,5,20,25,1,'2014-11-14 20:20:24'),(7935,39,1,3,18,23,1,'2014-11-14 20:20:36'),(7936,37,2,10,0,5,0,'2014-11-17 19:33:39'),(7937,37,2,11,0,23,0,'2014-11-17 19:33:52'),(7938,37,2,13,0,18,0,'2014-11-17 19:34:07'),(7939,37,2,15,20,25,1,'2014-11-17 19:34:15'),(7940,37,2,8,0,25,0,'2014-11-17 19:34:24'),(7941,73,2,10,20,25,1,'2014-11-17 19:47:51'),(7942,73,2,14,15,19,1,'2014-11-17 19:48:07'),(7943,73,2,8,20,25,1,'2014-11-17 19:48:12'),(7944,73,2,12,18,22,1,'2014-11-17 19:48:22'),(7945,73,2,13,20,25,1,'2014-11-17 19:48:29'),(7946,70,2,15,20,25,1,'2014-11-17 20:49:02'),(7947,70,2,8,20,25,1,'2014-11-17 20:49:11'),(7948,70,2,10,20,25,1,'2014-11-17 20:49:19'),(7949,70,2,11,20,25,1,'2014-11-17 20:49:27'),(7950,70,2,13,20,25,1,'2014-11-17 20:49:33'),(7951,70,1,6,0,20,0,'2014-11-17 20:50:29'),(7952,70,1,2,20,25,1,'2014-11-17 20:50:41'),(7953,70,1,3,12,15,1,'2014-11-17 20:51:00'),(7954,70,1,2,20,25,1,'2014-11-17 20:51:44'),(7955,70,1,4,18,22,1,'2014-11-17 20:51:58'),(7956,70,1,5,19,24,1,'2014-11-17 20:52:07'),(7957,40,2,8,0,19,0,'2014-11-19 09:03:46'),(7958,40,2,8,0,0,0,'2014-11-19 09:04:31'),(7959,40,2,15,0,0,0,'2014-11-19 09:20:56'),(7960,40,2,15,0,0,0,'2014-11-19 09:21:19'),(7961,38,2,15,0,0,0,'2014-11-19 09:21:20'),(7962,38,2,10,0,20,0,'2014-11-19 11:04:48'),(7963,38,2,14,0,6,0,'2014-11-19 11:05:23'),(7964,38,2,15,17,21,1,'2014-11-19 11:05:43'),(7965,38,2,13,18,22,1,'2014-11-19 11:06:00'),(7966,38,2,11,17,21,1,'2014-11-19 11:06:18'),(7967,40,2,10,0,6,0,'2014-11-19 11:34:03'),(7968,40,2,9,0,23,0,'2014-11-19 11:34:21'),(7969,40,2,12,17,21,1,'2014-11-19 11:34:42'),(7970,40,2,11,0,23,0,'2014-11-19 11:34:59'),(7971,40,2,13,18,23,1,'2014-11-19 11:35:18'),(7972,39,2,12,20,25,1,'2014-11-19 14:41:20'),(7973,39,2,15,12,15,1,'2014-11-19 14:41:50'),(7974,39,2,10,0,21,0,'2014-11-19 14:42:14'),(7975,39,2,8,18,23,1,'2014-11-19 14:42:35'),(7976,39,2,13,18,23,1,'2014-11-19 14:42:51'),(7977,38,2,9,0,25,0,'2014-11-19 14:44:58'),(7978,38,2,12,19,24,1,'2014-11-19 14:45:10'),(7979,40,2,11,7,9,1,'2014-11-19 14:46:04'),(7980,40,2,11,7,9,1,'2014-11-19 14:46:08'),(7981,38,2,14,0,19,0,'2014-11-19 14:46:35'),(7982,38,2,8,20,25,1,'2014-11-19 14:46:43'),(7983,40,2,9,0,25,0,'2014-11-19 14:47:26'),(7984,40,2,10,20,25,1,'2014-11-19 14:47:33'),(7985,40,2,12,20,25,1,'2014-11-19 14:47:41'),(7986,40,2,14,0,25,0,'2014-11-19 14:47:49'),(7987,40,2,11,0,25,0,'2014-11-19 14:48:02'),(7988,38,2,10,0,25,0,'2014-11-19 14:49:51'),(7989,37,8,46,24,32,1,'2014-11-19 16:31:48'),(7990,37,8,47,9,12,1,'2014-11-19 16:32:23'),(7991,37,8,48,23,31,1,'2014-11-19 16:32:35'),(7992,37,8,48,25,33,1,'2014-11-19 16:33:01'),(7993,37,8,47,25,33,1,'2014-11-19 16:33:08'),(7994,37,8,46,25,33,1,'2014-11-19 16:33:13'),(7995,37,2,13,20,25,1,'2014-11-19 16:36:02'),(7996,37,2,11,19,24,1,'2014-11-19 16:36:13'),(7997,37,2,8,20,25,1,'2014-11-19 16:36:19'),(7998,37,2,14,19,24,1,'2014-11-19 16:36:30'),(7999,37,2,15,18,23,1,'2014-11-19 16:36:42'),(8000,37,2,11,20,25,1,'2014-11-19 16:44:16'),(8001,37,2,15,15,19,1,'2014-11-19 16:44:34'),(8002,37,2,8,20,25,1,'2014-11-19 16:44:41'),(8003,37,2,14,20,25,1,'2014-11-19 16:44:50'),(8004,37,2,10,20,25,1,'2014-11-19 16:45:00'),(8005,38,2,9,20,25,1,'2014-11-19 16:46:58'),(8006,38,2,15,20,25,1,'2014-11-19 16:47:05'),(8007,38,2,11,20,25,1,'2014-11-19 16:47:13'),(8008,38,2,10,20,25,1,'2014-11-19 16:47:20'),(8009,38,2,14,20,25,1,'2014-11-19 16:47:26'),(8010,38,2,10,15,19,1,'2014-11-19 16:49:39'),(8011,38,2,14,17,21,1,'2014-11-19 16:49:53'),(8012,38,2,15,16,20,1,'2014-11-19 16:50:07'),(8013,37,2,15,20,25,1,'2014-11-19 16:50:58'),(8014,37,2,13,20,25,1,'2014-11-19 16:51:05'),(8015,37,2,12,20,25,1,'2014-11-19 16:51:13'),(8016,37,2,8,20,25,1,'2014-11-19 16:51:19'),(8017,37,2,11,20,25,1,'2014-11-19 16:51:25'),(8018,40,2,14,0,10,0,'2014-11-20 08:57:43'),(8019,38,2,10,0,16,0,'2014-11-20 08:58:31'),(8020,40,2,11,6,8,1,'2014-11-20 09:11:08'),(8021,40,2,11,18,23,1,'2014-11-20 09:49:11'),(8022,40,2,11,18,23,1,'2014-11-20 09:49:18'),(8023,40,2,11,18,23,1,'2014-11-20 09:49:23'),(8024,40,2,9,13,16,1,'2014-11-20 09:54:31'),(8025,38,2,9,0,15,0,'2014-11-20 09:54:35'),(8026,40,2,8,10,12,1,'2014-11-20 09:54:50'),(8027,40,2,14,10,13,1,'2014-11-20 09:55:07'),(8028,38,2,8,0,9,0,'2014-11-20 09:55:13'),(8029,40,2,12,0,0,0,'2014-11-20 09:55:49'),(8030,38,2,14,0,0,0,'2014-11-20 09:55:49'),(8031,40,2,13,0,0,0,'2014-11-20 09:56:32'),(8032,40,2,11,0,18,0,'2014-11-20 10:21:20'),(8033,40,2,9,20,18,1,'2014-11-20 10:22:15'),(8034,40,2,12,0,0,0,'2014-11-20 10:22:56'),(8035,38,2,15,0,0,0,'2014-11-20 10:24:07'),(8036,40,2,15,0,0,0,'2014-11-20 10:24:08'),(8037,38,2,11,0,0,0,'2014-11-20 10:25:01'),(8038,40,2,11,0,0,0,'2014-11-20 10:25:03'),(8039,38,2,8,20,7,1,'2014-11-20 11:49:09'),(8040,38,2,9,0,0,0,'2014-11-20 11:49:54'),(8041,38,2,12,0,18,0,'2014-11-20 11:50:19'),(8042,38,2,11,0,21,0,'2014-11-20 11:50:48'),(8043,38,2,13,0,25,0,'2014-11-20 11:51:01'),(8044,40,2,13,0,0,0,'2014-11-20 12:11:19'),(8045,40,2,9,0,0,0,'2014-11-20 12:15:22'),(8046,40,2,11,0,0,0,'2014-11-20 12:22:18'),(8047,40,2,15,0,14,0,'2014-11-20 13:00:36'),(8048,38,2,9,0,16,0,'2014-11-20 13:00:36'),(8049,40,2,8,18,23,1,'2014-11-20 13:00:49'),(8050,38,2,14,0,25,0,'2014-11-20 13:00:50'),(8051,38,2,8,20,25,1,'2014-11-20 13:00:56'),(8052,40,2,13,20,25,1,'2014-11-20 13:01:00'),(8053,38,2,12,0,25,0,'2014-11-20 13:01:03'),(8054,38,2,11,0,12,0,'2014-11-20 13:01:29'),(8055,40,2,9,5,6,1,'2014-11-20 13:01:36'),(8056,40,2,10,0,25,0,'2014-11-20 13:01:42'),(8057,40,2,13,18,22,1,'2014-11-20 13:15:37'),(8058,40,2,8,18,23,1,'2014-11-20 13:15:51'),(8059,40,2,15,20,25,1,'2014-11-20 13:16:00'),(8060,40,2,11,0,14,0,'2014-11-20 13:16:26'),(8061,40,2,12,18,23,1,'2014-11-20 13:16:40'),(8062,40,2,11,19,24,1,'2014-11-20 13:24:19'),(8063,40,2,10,0,19,0,'2014-11-20 13:24:38'),(8064,40,2,13,0,9,0,'2014-11-20 13:25:10'),(8065,40,2,14,0,13,0,'2014-11-20 13:25:42'),(8066,40,2,12,20,25,1,'2014-11-20 13:25:50'),(8067,37,1,2,0,0,0,'2014-11-24 17:57:41'),(8068,37,1,2,20,25,1,'2014-11-24 18:05:26'),(8069,37,1,4,20,25,1,'2014-11-24 18:05:37'),(8070,37,1,6,17,21,1,'2014-11-24 18:05:53'),(8071,38,1,3,17,21,1,'2014-11-24 18:38:14'),(8072,38,1,2,3,4,1,'2014-11-24 18:38:48'),(8073,38,1,4,19,24,1,'2014-11-24 18:38:59'),(8074,39,1,1,20,25,1,'2014-11-24 18:41:02'),(8075,39,1,2,0,17,0,'2014-11-24 18:41:24'),(8076,39,1,3,20,25,1,'2014-11-24 18:41:34'),(8077,37,1,4,20,25,1,'2014-11-24 20:01:00'),(8078,37,1,5,0,25,0,'2014-11-24 20:01:13'),(8079,37,1,1,20,25,1,'2014-11-24 20:01:29'),(8080,38,1,4,20,25,1,'2014-11-24 20:04:57'),(8081,38,1,1,0,8,0,'2014-11-24 20:05:32'),(8082,38,1,6,19,24,1,'2014-11-24 20:05:42'),(8083,37,1,3,19,24,1,'2014-11-25 21:44:00'),(8084,37,1,6,18,22,1,'2014-11-25 21:44:11'),(8085,37,1,5,20,25,1,'2014-11-25 21:44:19'),(8086,38,1,1,20,25,1,'2014-11-25 21:45:44'),(8087,73,1,2,20,25,1,'2014-11-25 21:46:27'),(8088,73,1,3,20,25,1,'2014-11-25 21:46:33'),(8089,73,1,5,0,1,0,'2014-11-25 21:47:08'),(8090,37,2,9,0,15,0,'2014-11-25 22:01:31'),(8091,37,2,14,15,19,1,'2014-11-25 22:01:50'),(8092,37,2,10,20,25,1,'2014-11-25 22:01:58'),(8093,37,2,11,20,25,1,'2014-11-25 22:02:05'),(8094,37,2,13,20,25,1,'2014-11-25 22:02:10'),(8095,37,2,11,0,23,0,'2014-11-25 22:05:25'),(8096,37,2,15,20,25,1,'2014-11-25 22:05:32'),(8097,37,2,12,20,25,1,'2014-11-25 22:05:39'),(8098,37,2,14,0,20,0,'2014-11-25 22:05:53'),(8099,37,2,10,19,24,1,'2014-11-25 22:06:03'),(8100,37,2,13,20,25,1,'2014-11-25 22:24:25'),(8101,37,2,9,20,25,1,'2014-11-25 22:24:29'),(8102,37,2,8,20,25,1,'2014-11-25 22:24:35'),(8103,37,2,15,20,25,1,'2014-11-25 22:24:40'),(8104,37,2,10,0,22,0,'2014-11-25 22:24:53'),(8105,37,1,6,19,24,1,'2014-11-26 19:13:36'),(8106,37,1,3,0,24,0,'2014-11-26 19:13:47'),(8107,37,1,2,20,25,1,'2014-11-26 19:13:56'),(8108,37,1,2,19,24,1,'2014-12-01 20:21:33'),(8109,37,1,3,20,25,1,'2014-12-01 20:21:43'),(8110,37,1,1,0,13,0,'2014-12-01 20:22:09'),(8111,96,27,71,48,19,1,'2014-12-01 23:54:11'),(8112,96,27,74,0,0,0,'2014-12-01 23:54:47'),(8113,96,27,72,0,20,0,'2014-12-01 23:55:58'),(8114,96,27,76,0,20,0,'2014-12-01 23:56:05'),(8115,96,12,61,0,14,0,'2014-12-02 00:02:37'),(8116,96,12,59,0,18,0,'2014-12-02 00:02:49'),(8117,96,12,60,26,16,1,'2014-12-02 00:03:02'),(8118,40,2,12,0,0,0,'2014-12-02 09:20:00'),(8119,40,2,15,0,0,0,'2014-12-02 09:20:57'),(8120,96,27,74,0,18,0,'2014-12-02 17:10:16'),(8121,96,27,75,0,19,0,'2014-12-02 17:10:35'),(8122,96,27,72,35,14,1,'2014-12-02 17:10:53'),(8123,96,27,77,28,11,1,'2014-12-02 17:11:12'),(8124,96,2,14,0,11,0,'2014-12-02 17:13:05'),(8125,96,2,10,12,15,1,'2014-12-02 17:13:24'),(8126,96,2,11,19,24,1,'2014-12-02 17:13:52'),(8127,96,27,74,0,15,0,'2014-12-02 19:14:09'),(8128,96,27,73,18,7,1,'2014-12-02 19:14:46'),(8129,96,27,72,35,14,1,'2014-12-02 19:15:14'),(8130,96,27,76,0,4,0,'2014-12-02 19:15:56'),(8131,96,2,14,8,10,1,'2014-12-02 19:19:26'),(8132,96,2,13,14,18,1,'2014-12-02 19:19:58'),(8133,96,2,8,20,25,1,'2014-12-02 19:20:09'),(8134,96,2,10,0,0,0,'2014-12-02 19:20:45'),(8135,73,1,4,0,13,0,'2014-12-02 19:51:22'),(8136,73,1,3,20,25,1,'2014-12-02 19:51:32'),(8137,73,1,2,20,25,1,'2014-12-02 19:51:41'),(8138,73,1,5,18,22,1,'2014-12-02 19:54:06'),(8139,73,1,3,20,25,1,'2014-12-02 19:54:13'),(8140,73,1,4,20,25,1,'2014-12-02 19:54:19'),(8141,37,1,2,13,16,1,'2014-12-02 21:09:36'),(8142,37,1,4,20,25,1,'2014-12-02 21:09:44'),(8143,37,1,5,20,25,1,'2014-12-02 21:09:50'),(8144,37,1,5,20,25,1,'2014-12-03 17:12:15'),(8145,37,1,1,20,25,1,'2014-12-03 17:12:21'),(8146,37,1,6,18,23,1,'2014-12-03 17:12:33'),(8147,37,1,2,20,25,1,'2014-12-03 17:19:25'),(8148,37,1,4,20,25,1,'2014-12-03 17:19:32'),(8149,37,1,3,19,24,1,'2014-12-03 17:19:42'),(8150,37,27,77,0,17,0,'2014-12-03 17:30:27'),(8151,37,27,75,48,19,1,'2014-12-03 17:30:38'),(8152,37,27,73,45,18,1,'2014-12-03 17:30:48'),(8153,37,27,72,50,20,1,'2014-12-03 17:31:01'),(8154,37,1,1,20,25,1,'2014-12-03 17:53:15'),(8155,37,1,5,0,0,0,'2014-12-03 17:53:51'),(8156,37,1,3,20,25,1,'2014-12-03 17:54:11'),(8157,98,2,12,0,0,0,'2014-12-05 14:26:29'),(8158,98,2,15,19,24,1,'2014-12-05 14:26:59'),(8159,98,2,15,18,22,1,'2014-12-05 14:27:33'),(8160,98,2,15,15,19,1,'2014-12-05 14:27:57'),(8161,98,2,10,16,20,1,'2014-12-05 14:28:13'),(8162,98,2,14,0,25,0,'2014-12-05 14:28:42'),(8163,98,2,12,20,25,1,'2014-12-05 14:28:51'),(8164,98,27,73,42,17,1,'2014-12-05 14:29:29'),(8165,98,27,71,48,19,1,'2014-12-05 14:29:40'),(8166,98,27,77,0,19,0,'2014-12-05 14:29:51'),(8167,98,27,74,0,20,0,'2014-12-05 14:30:04'),(8168,98,2,9,18,23,1,'2014-12-05 14:32:06'),(8169,98,2,12,19,24,1,'2014-12-05 14:32:17'),(8170,98,2,11,20,25,1,'2014-12-05 14:32:25'),(8171,98,2,15,0,25,0,'2014-12-05 14:32:33'),(8172,98,2,8,17,21,1,'2014-12-05 14:32:46'),(8173,98,2,10,0,25,0,'2014-12-05 14:33:08'),(8174,98,2,11,20,25,1,'2014-12-05 14:33:18'),(8175,98,2,9,0,25,0,'2014-12-05 14:33:22'),(8176,98,2,13,0,25,0,'2014-12-05 14:33:26'),(8177,98,2,14,0,25,0,'2014-12-05 14:33:29'),(8178,94,27,72,0,0,0,'2014-12-05 20:01:50'),(8179,37,1,2,10,12,1,'2014-12-08 17:49:06'),(8180,37,1,4,17,21,1,'2014-12-08 17:49:19'),(8181,37,1,3,6,7,1,'2014-12-08 17:49:51'),(8182,73,1,1,20,25,1,'2014-12-08 18:07:01'),(8183,73,1,4,20,25,1,'2014-12-08 18:07:07'),(8184,73,1,3,20,25,1,'2014-12-08 18:07:16'),(8185,73,1,1,20,25,1,'2014-12-08 18:48:24'),(8186,73,1,2,20,25,1,'2014-12-08 18:48:31'),(8187,73,1,5,19,24,1,'2014-12-08 18:48:41'),(8188,37,1,1,20,25,1,'2014-12-08 18:53:51'),(8189,37,1,5,20,25,1,'2014-12-08 18:54:01'),(8190,37,1,3,20,25,1,'2014-12-08 18:54:07'),(8191,37,27,72,0,0,0,'2014-12-08 19:00:13'),(8192,37,27,75,50,20,1,'2014-12-08 19:00:27'),(8193,37,1,1,0,0,0,'2014-12-08 19:00:39'),(8194,37,27,73,42,17,1,'2014-12-08 19:00:44'),(8195,37,1,4,19,24,1,'2014-12-08 19:01:03'),(8196,37,27,77,0,3,0,'2014-12-08 19:01:17'),(8197,37,1,6,0,2,0,'2014-12-08 19:02:00'),(8198,37,27,74,0,20,0,'2014-12-08 19:37:47'),(8199,37,27,73,48,19,1,'2014-12-08 19:37:57'),(8200,37,27,77,50,20,1,'2014-12-08 19:38:05'),(8201,37,27,76,50,20,1,'2014-12-08 19:38:14'),(8202,40,2,12,19,24,1,'2014-12-09 11:39:22'),(8203,40,2,10,0,21,0,'2014-12-09 11:39:39'),(8204,40,2,13,20,25,1,'2014-12-09 11:39:51'),(8205,40,2,15,16,20,1,'2014-12-09 11:40:09'),(8206,40,2,9,16,20,1,'2014-12-09 11:40:25'),(8207,40,2,14,12,15,1,'2014-12-09 12:39:02'),(8208,40,2,12,19,24,1,'2014-12-09 12:39:14'),(8209,40,2,8,18,23,1,'2014-12-09 12:39:27'),(8210,40,2,15,20,25,1,'2014-12-09 12:39:41'),(8211,40,2,9,20,25,1,'2014-12-09 12:39:50'),(8212,40,2,14,15,19,1,'2014-12-11 11:51:00'),(8213,40,2,10,12,15,1,'2014-12-11 11:51:29'),(8214,40,2,10,12,15,1,'2014-12-11 11:51:34'),(8215,40,2,9,18,22,1,'2014-12-11 11:51:55'),(8216,40,2,11,18,23,1,'2014-12-11 11:52:14'),(8217,40,2,13,19,24,1,'2014-12-11 11:52:30'),(8218,40,2,8,18,23,1,'2014-12-11 12:24:38'),(8219,40,2,11,14,18,1,'2014-12-11 12:25:22'),(8220,40,2,9,14,18,1,'2014-12-11 12:25:48'),(8221,40,2,15,17,21,1,'2014-12-11 12:26:09'),(8222,40,2,13,20,25,1,'2014-12-11 12:26:22'),(8223,37,2,13,19,24,1,'2014-12-11 16:48:52'),(8224,37,2,14,0,22,0,'2014-12-11 16:49:05'),(8225,37,2,15,0,25,0,'2014-12-11 16:49:13'),(8226,37,2,8,0,16,0,'2014-12-11 16:49:32'),(8227,37,2,9,0,25,0,'2014-12-11 16:49:38'),(8228,39,2,14,0,25,0,'2014-12-11 16:52:37'),(8229,39,2,8,19,24,1,'2014-12-11 16:52:47'),(8230,39,2,11,0,25,0,'2014-12-11 16:52:55'),(8231,39,2,10,0,25,0,'2014-12-11 16:53:02'),(8232,39,2,15,0,25,0,'2014-12-11 16:53:09'),(8233,37,2,15,19,24,1,'2014-12-13 16:54:35'),(8234,37,2,12,0,21,0,'2014-12-13 16:55:41'),(8235,37,2,15,0,24,0,'2014-12-13 16:56:17'),(8236,40,2,11,14,18,1,'2014-12-15 18:26:26'),(8237,40,2,12,20,25,1,'2014-12-15 18:26:40'),(8238,40,2,14,0,21,0,'2014-12-15 18:26:56'),(8239,40,2,13,20,25,1,'2014-12-15 18:27:12'),(8240,40,2,9,11,14,1,'2014-12-15 18:27:38'),(8241,37,1,1,6,8,1,'2014-12-15 20:01:06'),(8242,37,1,3,20,25,1,'2014-12-15 20:01:11'),(8243,37,1,4,20,25,1,'2014-12-15 20:01:16'),(8244,38,1,1,20,25,1,'2014-12-15 20:43:44'),(8245,38,1,4,20,25,1,'2014-12-15 20:44:04'),(8246,38,1,2,17,21,1,'2014-12-15 20:44:20'),(8247,73,1,1,20,25,1,'2014-12-15 20:45:31'),(8248,73,1,2,14,18,1,'2014-12-15 20:45:50'),(8249,73,1,5,20,25,1,'2014-12-15 20:45:55'),(8250,40,1,5,20,25,1,'2014-12-15 22:43:36'),(8251,40,1,3,20,25,1,'2014-12-15 22:43:41'),(8252,40,1,4,20,25,1,'2014-12-15 22:43:45'),(8253,42,1,6,0,25,0,'2014-12-15 22:44:58'),(8254,42,1,3,20,25,1,'2014-12-15 22:45:03'),(8255,42,1,5,0,25,0,'2014-12-15 22:45:07'),(8256,39,1,5,20,25,1,'2014-12-15 22:45:52'),(8257,39,1,2,20,25,1,'2014-12-15 22:45:56'),(8258,39,1,1,20,25,1,'2014-12-15 22:46:01'),(8259,37,1,2,18,23,1,'2014-12-16 20:36:53'),(8260,37,1,5,20,25,1,'2014-12-16 20:37:02'),(8261,37,1,1,20,25,1,'2014-12-16 20:37:06'),(8262,94,27,75,0,17,0,'2014-12-17 16:48:35'),(8263,94,27,71,0,18,0,'2014-12-17 16:48:53'),(8264,94,27,73,0,14,0,'2014-12-17 16:49:08'),(8265,41,1,3,0,13,0,'2014-12-17 22:59:26'),(8266,41,1,6,18,23,1,'2014-12-17 22:59:56'),(8267,41,1,5,18,23,1,'2014-12-17 23:00:15'),(8268,37,27,74,0,17,0,'2014-12-18 14:53:25'),(8269,37,27,71,0,12,0,'2014-12-18 14:53:45'),(8270,37,27,75,0,17,0,'2014-12-18 14:53:57'),(8271,37,27,76,0,20,0,'2014-12-18 14:54:04'),(8272,37,27,74,0,0,0,'2014-12-18 19:35:44'),(8273,37,27,71,0,12,0,'2014-12-18 19:36:14'),(8274,37,27,75,38,15,1,'2014-12-18 19:38:44'),(8275,37,27,73,0,0,0,'2014-12-18 19:39:31'),(8276,37,1,3,20,25,1,'2014-12-23 21:08:46'),(8277,37,1,4,20,25,1,'2014-12-23 21:08:51'),(8278,37,1,1,20,25,1,'2014-12-23 21:08:55'),(8279,37,2,10,20,25,1,'2014-12-23 21:15:21'),(8280,37,2,13,20,25,1,'2014-12-23 21:15:27'),(8281,37,2,12,20,25,1,'2014-12-23 21:15:31'),(8282,37,2,9,18,22,1,'2014-12-23 21:15:43'),(8283,37,2,8,20,25,1,'2014-12-23 21:15:49'),(8284,37,1,5,20,25,1,'2014-12-30 19:14:37'),(8285,37,1,3,20,25,1,'2014-12-30 19:14:42'),(8286,37,1,4,20,25,1,'2014-12-30 19:14:46'),(8287,39,8,46,20,26,1,'2015-01-12 19:27:33'),(8288,39,27,76,0,19,0,'2015-03-11 15:14:27'),(8289,39,27,73,32,13,1,'2015-03-11 15:14:49'),(8290,39,27,71,38,15,1,'2015-03-11 15:15:14'),(8291,39,2,10,14,18,1,'2015-03-11 15:17:26'),(8292,39,2,8,10,12,1,'2015-03-11 15:18:02'),(8293,37,27,72,0,11,0,'2015-03-17 18:48:33'),(8294,37,27,71,40,16,1,'2015-03-17 18:49:03'),(8295,94,27,77,0,17,0,'2015-03-18 20:46:32'),(8296,94,27,76,0,20,0,'2015-03-18 20:46:48'),(8297,94,27,75,42,17,1,'2015-03-18 20:47:02'),(8298,94,27,73,0,19,0,'2015-03-18 20:47:19'),(8299,96,27,73,42,17,1,'2015-03-19 01:13:33'),(8300,96,27,71,45,18,1,'2015-03-19 01:13:52'),(8301,96,27,77,45,18,1,'2015-03-19 01:14:15'),(8302,96,27,76,42,17,1,'2015-03-19 01:14:36'),(8303,96,27,71,0,11,0,'2015-03-19 19:38:19'),(8304,96,27,74,0,12,0,'2015-03-19 19:39:15'),(8305,96,27,76,0,20,0,'2015-03-19 19:39:28'),(8306,96,27,75,50,20,1,'2015-03-19 19:39:38'),(8307,73,1,5,20,25,1,'2015-03-24 19:08:38'),(8308,73,1,4,20,25,1,'2015-03-24 19:08:45'),(8309,73,1,6,20,25,1,'2015-03-24 19:08:55'),(8310,39,2,14,15,19,1,'2015-04-23 19:18:40'),(8311,39,2,9,20,25,1,'2015-04-23 19:19:21'),(8312,37,27,77,0,14,0,'2015-04-30 13:31:47'),(8313,37,27,76,0,19,0,'2015-04-30 13:32:02'),(8314,37,27,72,45,18,1,'2015-04-30 13:32:16'),(8315,37,27,75,0,20,0,'2015-04-30 13:32:30'),(8316,96,27,74,0,20,0,'2015-05-05 17:43:16'),(8317,96,27,74,0,20,0,'2015-05-05 17:43:17'),(8318,96,27,73,42,17,1,'2015-05-05 17:43:40'),(8319,96,27,77,38,15,1,'2015-05-05 17:44:04'),(8320,96,27,74,0,20,0,'2015-05-12 02:20:35'),(8321,96,27,71,0,18,0,'2015-05-12 02:20:56'),(8322,96,27,75,42,17,1,'2015-05-12 02:21:20'),(8323,96,2,8,17,21,1,'2015-05-12 02:23:13'),(8324,96,2,8,17,21,1,'2015-05-12 02:23:15'),(8325,96,2,11,15,19,1,'2015-05-12 02:23:34'),(8326,96,2,13,18,23,1,'2015-05-12 02:23:54'),(8327,40,1,4,20,25,1,'2015-05-12 11:48:39'),(8328,40,1,6,18,23,1,'2015-05-12 11:48:59'),(8329,40,1,2,0,14,0,'2015-05-12 11:49:34'),(8330,96,27,72,20,8,1,'2015-05-12 14:07:34'),(8331,96,27,75,0,14,0,'2015-05-12 14:08:12'),(8332,96,27,73,35,14,1,'2015-05-12 14:08:54'),(8333,96,27,71,20,8,1,'2015-05-12 14:09:49'),(8334,96,2,9,0,0,0,'2015-05-12 14:11:15'),(8335,96,2,10,12,15,1,'2015-05-12 14:12:00'),(8336,37,27,77,0,0,0,'2015-06-15 16:38:51'),(8337,37,27,77,0,0,0,'2015-06-15 16:38:54'),(8338,37,27,74,0,20,0,'2015-06-15 16:40:21'),(8339,37,27,76,0,20,0,'2015-06-15 16:40:35'),(8340,37,27,71,48,19,1,'2015-06-15 16:40:50'),(8341,37,2,9,0,16,0,'2015-06-15 16:44:13'),(8342,37,1,5,1,1,1,'2015-06-15 17:53:33'),(8343,37,1,3,0,0,0,'2015-06-15 17:55:00'),(8344,119,28,78,5,30,1,'2015-06-15 21:01:00'),(8345,119,28,82,5,30,1,'2015-06-15 21:01:14'),(8346,119,28,79,5,30,1,'2015-06-15 21:01:24'),(8347,119,28,82,5,30,1,'2015-06-15 21:02:15'),(8348,119,28,78,5,30,1,'2015-06-15 21:02:27'),(8349,119,28,79,4,27,1,'2015-06-15 21:02:47'),(8350,119,28,79,5,30,1,'2015-06-15 21:03:45'),(8351,119,28,78,5,30,1,'2015-06-15 21:25:30'),(8352,119,28,82,5,30,1,'2015-06-15 21:25:36'),(8353,119,28,79,5,30,1,'2015-06-15 21:25:43'),(8354,120,30,85,200,180,1,'2015-06-15 21:30:45'),(8355,120,30,84,200,180,1,'2015-06-15 21:31:17'),(8356,120,30,81,200,180,1,'2015-06-15 21:31:48'),(8357,120,30,86,0,180,0,'2015-06-15 21:32:28'),(8358,120,30,83,200,180,1,'2015-06-15 21:32:42'),(8359,119,30,86,200,180,1,'2015-06-15 21:32:56'),(8360,119,30,83,200,180,1,'2015-06-15 21:33:09'),(8361,119,30,81,200,180,1,'2015-06-15 21:33:31'),(8362,120,30,83,200,180,1,'2015-06-15 21:37:44'),(8363,120,30,86,200,180,1,'2015-06-15 21:37:58'),(8364,120,30,84,200,180,1,'2015-06-15 21:38:07'),(8365,120,30,85,200,180,1,'2015-06-15 21:38:25'),(8366,120,30,81,200,180,1,'2015-06-15 21:38:38'),(8367,120,27,74,38,15,1,'2015-06-15 21:39:39'),(8368,120,27,73,32,13,1,'2015-06-15 21:39:58'),(8369,120,27,72,45,18,1,'2015-06-15 21:40:11'),(8370,120,27,71,50,20,1,'2015-06-15 21:40:20'),(8371,119,28,82,5,30,1,'2015-06-15 21:45:53'),(8372,119,28,78,5,30,1,'2015-06-15 21:46:04'),(8373,120,30,84,200,180,1,'2015-06-15 21:47:45'),(8374,120,30,86,200,180,1,'2015-06-15 21:47:59'),(8375,120,30,85,200,180,1,'2015-06-15 21:51:16'),(8376,120,30,81,200,180,1,'2015-06-15 21:51:32'),(8377,120,30,83,200,180,1,'2015-06-15 21:51:59'),(8378,120,30,84,200,180,1,'2015-06-16 02:18:08'),(8379,120,30,85,200,180,1,'2015-06-16 02:18:36'),(8380,120,30,83,200,180,1,'2015-06-16 02:19:14'),(8381,120,30,86,200,180,1,'2015-06-16 02:19:40'),(8382,120,30,81,200,180,1,'2015-06-16 02:20:00'),(8383,120,29,87,150,180,1,'2015-06-16 17:34:51'),(8384,120,29,87,150,180,1,'2015-06-16 17:35:09'),(8385,120,29,88,150,180,1,'2015-06-16 17:36:25'),(8386,120,29,88,150,180,1,'2015-06-16 17:37:40'),(8387,120,29,89,150,180,1,'2015-06-16 17:38:00'),(8388,119,28,78,5,30,1,'2015-06-16 18:54:50'),(8389,119,28,82,5,30,1,'2015-06-16 18:55:01'),(8390,119,28,78,5,30,1,'2015-06-16 19:07:20'),(8391,119,28,90,5,30,1,'2015-06-16 19:08:00'),(8392,119,28,80,5,30,1,'2015-06-16 19:08:20'),(8393,119,28,94,5,30,1,'2015-06-16 19:33:25'),(8394,119,28,79,5,30,1,'2015-06-16 19:33:37'),(8395,119,28,95,5,30,1,'2015-06-16 19:33:49'),(8396,119,28,80,5,30,1,'2015-06-16 19:33:57'),(8397,119,28,79,5,30,1,'2015-06-16 19:38:24'),(8398,119,28,97,5,30,1,'2015-06-16 19:38:30'),(8399,119,28,94,5,30,1,'2015-06-16 19:40:21'),(8400,119,28,78,5,30,1,'2015-06-16 19:40:27'),(8401,119,28,79,5,30,1,'2015-06-16 19:40:35'),(8402,119,28,97,5,30,1,'2015-06-16 19:40:40'),(8403,120,29,87,150,180,1,'2015-06-16 19:43:56'),(8404,120,29,87,150,180,1,'2015-06-16 19:44:21'),(8405,120,29,88,150,180,1,'2015-06-16 19:55:55'),(8406,120,29,87,150,180,1,'2015-06-16 19:56:05'),(8407,120,29,98,150,180,1,'2015-06-16 19:56:12'),(8408,120,29,96,150,180,1,'2015-06-16 19:56:21'),(8409,120,29,89,150,180,1,'2015-06-16 19:56:30'),(8410,119,28,90,5,30,1,'2015-06-16 20:00:59'),(8411,119,28,79,5,30,1,'2015-06-16 20:01:10'),(8412,120,29,96,150,180,1,'2015-06-16 20:01:16'),(8413,119,28,91,5,30,1,'2015-06-16 20:01:19'),(8414,120,29,87,150,180,1,'2015-06-16 20:01:27'),(8415,119,28,80,5,30,1,'2015-06-16 20:01:31'),(8416,120,29,98,150,180,1,'2015-06-16 20:01:42'),(8417,120,29,88,150,180,1,'2015-06-16 20:01:57'),(8418,120,29,89,0,180,0,'2015-06-16 20:02:07'),(8419,119,29,87,0,180,0,'2015-06-17 14:26:01'),(8420,119,29,89,150,180,1,'2015-06-17 14:26:12'),(8421,119,29,88,150,180,1,'2015-06-17 14:26:43'),(8422,119,29,98,0,180,0,'2015-06-17 14:26:55'),(8423,119,28,95,5,30,1,'2015-06-17 14:32:42'),(8424,119,28,95,0,0,0,'2015-06-17 14:33:50'),(8425,119,28,95,0,30,0,'2015-06-17 14:34:18'),(8426,119,28,95,5,30,1,'2015-06-17 14:35:18'),(8427,39,27,76,0,20,0,'2015-06-17 14:39:14'),(8428,119,28,95,5,30,1,'2015-06-17 14:44:12'),(8429,119,28,95,5,30,1,'2015-06-17 14:44:14'),(8430,119,28,95,5,30,1,'2015-06-17 14:44:15'),(8431,119,28,95,5,30,1,'2015-06-17 14:44:17'),(8432,119,28,95,5,30,1,'2015-06-17 14:44:19'),(8433,119,28,95,5,30,1,'2015-06-17 14:44:20'),(8434,119,28,95,5,30,1,'2015-06-17 14:44:23'),(8435,120,29,99,0,180,0,'2015-06-17 14:49:46'),(8436,120,29,99,0,180,0,'2015-06-17 14:50:15'),(8437,120,29,96,0,180,0,'2015-06-17 14:52:36'),(8438,120,29,89,0,180,0,'2015-06-17 14:54:55'),(8439,120,29,99,150,180,1,'2015-06-17 15:01:03'),(8440,120,29,96,0,180,0,'2015-06-17 15:01:11'),(8441,120,29,89,150,180,1,'2015-06-17 15:01:16'),(8442,120,29,100,150,180,1,'2015-06-17 15:03:36'),(8443,120,29,96,0,180,0,'2015-06-17 15:03:43'),(8444,120,29,89,0,180,0,'2015-06-17 15:03:51'),(8445,120,29,99,0,180,0,'2015-06-17 15:03:57'),(8446,125,28,91,5,30,1,'2015-06-17 15:08:15'),(8447,125,28,94,5,30,1,'2015-06-17 15:08:30'),(8448,125,28,79,5,29,1,'2015-06-17 15:08:50'),(8449,125,28,97,5,30,1,'2015-06-17 15:09:20'),(8450,125,28,91,2,12,1,'2015-06-17 15:10:01'),(8451,125,28,79,5,30,1,'2015-06-17 15:10:12'),(8452,125,28,90,5,30,1,'2015-06-17 15:10:21'),(8453,125,28,94,5,30,1,'2015-06-17 15:10:39'),(8454,125,28,80,5,30,1,'2015-06-17 15:10:48'),(8455,125,28,78,5,30,1,'2015-06-17 15:10:59'),(8456,125,28,78,5,30,1,'2015-06-17 15:11:02'),(8457,125,28,78,5,30,1,'2015-06-17 15:11:03'),(8458,125,28,97,5,30,1,'2015-06-17 15:11:11'),(8459,125,28,94,5,30,1,'2015-06-17 15:11:48'),(8460,125,28,91,5,30,1,'2015-06-17 15:11:56'),(8461,125,28,91,5,30,1,'2015-06-17 15:12:36'),(8462,125,28,97,5,30,1,'2015-06-17 15:12:43'),(8463,125,28,79,5,30,1,'2015-06-17 15:12:52'),(8464,125,28,95,5,30,1,'2015-06-17 15:13:00'),(8465,120,30,85,0,180,0,'2015-06-17 15:13:17'),(8466,120,30,83,100,180,1,'2015-06-17 15:13:26'),(8467,120,30,81,100,180,1,'2015-06-17 15:13:39'),(8468,120,30,86,100,180,1,'2015-06-17 15:14:13'),(8469,120,30,84,100,180,1,'2015-06-17 15:14:21'),(8470,125,28,91,5,30,1,'2015-06-17 15:25:34'),(8471,125,28,93,5,30,1,'2015-06-17 15:25:53'),(8472,125,28,78,5,30,1,'2015-06-17 15:26:11'),(8473,125,28,79,5,30,1,'2015-06-17 15:29:00'),(8474,125,28,90,4,26,1,'2015-06-17 15:29:24'),(8475,125,28,80,5,30,1,'2015-06-17 15:29:32'),(8476,125,28,97,5,30,1,'2015-06-17 15:29:40'),(8477,119,28,90,5,30,1,'2015-06-17 15:37:30'),(8478,125,28,95,100,30,1,'2015-06-17 15:46:22'),(8479,125,28,90,100,30,1,'2015-06-17 15:46:30'),(8480,125,28,90,100,30,1,'2015-06-17 15:46:32'),(8481,125,28,94,3,1,1,'2015-06-17 15:47:23'),(8482,125,28,79,100,30,1,'2015-06-17 15:47:34'),(8483,120,28,90,0,25,0,'2015-06-17 15:48:56'),(8484,120,28,79,100,30,1,'2015-06-17 15:49:08'),(8485,120,28,94,0,30,0,'2015-06-17 15:49:21'),(8486,120,28,78,0,30,0,'2015-06-17 15:49:35'),(8487,119,30,83,100,180,1,'2015-06-17 15:50:24'),(8488,119,30,81,100,180,1,'2015-06-17 15:50:37'),(8489,119,30,86,100,180,1,'2015-06-17 15:50:47'),(8490,119,30,85,0,180,0,'2015-06-17 15:51:02'),(8491,119,30,84,100,180,1,'2015-06-17 15:51:26'),(8492,120,28,79,100,30,1,'2015-06-17 15:54:44'),(8493,120,28,78,100,30,1,'2015-06-17 15:54:55'),(8494,120,28,91,100,30,1,'2015-06-17 15:55:09'),(8495,120,28,95,100,30,1,'2015-06-17 15:55:23'),(8496,119,28,91,100,30,1,'2015-06-17 16:13:25'),(8497,119,28,79,100,30,1,'2015-06-17 16:13:35'),(8498,119,28,97,100,30,1,'2015-06-17 16:13:41'),(8499,119,28,78,100,30,1,'2015-06-17 16:13:49'),(8500,119,28,78,100,30,1,'2015-06-17 16:30:50'),(8501,119,28,80,100,30,1,'2015-06-17 16:31:00'),(8502,119,28,95,100,30,1,'2015-06-17 16:31:08'),(8503,119,28,90,100,30,1,'2015-06-17 16:31:19'),(8504,125,30,81,100,180,1,'2015-06-17 16:40:04'),(8505,125,30,86,0,180,0,'2015-06-17 16:40:13'),(8506,125,30,84,100,180,1,'2015-06-17 16:40:21'),(8507,125,30,85,100,180,1,'2015-06-17 16:40:30'),(8508,125,30,83,100,180,1,'2015-06-17 16:40:39'),(8509,125,29,88,150,180,1,'2015-06-17 16:41:09'),(8510,125,29,87,150,180,1,'2015-06-17 16:41:16'),(8511,125,30,85,100,180,1,'2015-06-17 16:42:05'),(8512,125,30,83,100,180,1,'2015-06-17 16:42:23'),(8513,125,30,84,100,180,1,'2015-06-17 16:42:32'),(8514,125,30,81,100,180,1,'2015-06-17 16:42:41'),(8515,125,30,86,100,180,1,'2015-06-17 16:42:52'),(8516,125,30,84,100,180,1,'2015-06-17 16:43:49'),(8517,125,30,81,100,180,1,'2015-06-17 16:43:59'),(8518,125,30,83,100,180,1,'2015-06-17 16:44:08'),(8519,125,30,86,100,180,1,'2015-06-17 16:44:18'),(8520,125,30,85,100,180,1,'2015-06-17 16:44:28'),(8521,125,29,87,150,180,1,'2015-06-17 16:44:44'),(8522,125,29,88,150,180,1,'2015-06-17 16:44:53'),(8523,120,30,84,100,180,1,'2015-06-17 17:59:14'),(8524,120,30,81,100,180,1,'2015-06-17 17:59:23'),(8525,120,30,86,0,0,0,'2015-06-17 18:07:37'),(8526,125,29,98,150,180,1,'2015-06-17 18:17:01'),(8527,125,29,89,150,180,1,'2015-06-17 18:17:10'),(8528,126,30,85,100,180,1,'2015-06-17 18:53:23'),(8529,126,30,86,0,180,0,'2015-06-17 18:53:31'),(8530,126,30,84,0,180,0,'2015-06-17 18:53:38'),(8531,126,30,81,0,180,0,'2015-06-17 18:53:46'),(8532,126,30,83,100,180,1,'2015-06-17 18:53:56'),(8533,126,30,81,0,180,0,'2015-06-17 19:07:53'),(8534,126,30,86,100,180,1,'2015-06-17 19:08:01'),(8535,126,30,83,0,180,0,'2015-06-17 19:08:13'),(8536,126,30,84,100,180,1,'2015-06-17 19:08:20'),(8537,126,30,85,0,180,0,'2015-06-17 19:08:31'),(8538,126,29,88,150,180,1,'2015-06-17 19:13:19'),(8539,126,29,87,150,180,1,'2015-06-17 19:13:26'),(8540,120,30,81,100,180,1,'2015-06-17 20:00:46'),(8541,120,30,83,100,180,1,'2015-06-17 20:00:52'),(8542,120,30,85,100,180,1,'2015-06-17 20:01:00'),(8543,120,30,86,100,180,1,'2015-06-17 20:01:09'),(8544,120,30,84,100,180,1,'2015-06-17 20:01:15'),(8545,120,30,84,100,180,1,'2015-06-17 20:19:05'),(8546,120,30,83,100,180,1,'2015-06-17 20:19:13'),(8547,120,30,81,100,180,1,'2015-06-17 20:19:25'),(8548,120,30,81,100,180,1,'2015-06-17 20:19:26'),(8549,120,30,85,100,180,1,'2015-06-17 20:19:37'),(8550,120,30,86,100,180,1,'2015-06-17 20:19:47'),(8551,120,29,87,150,180,1,'2015-06-17 20:20:14'),(8552,120,29,88,150,180,1,'2015-06-17 20:20:24'),(8553,120,29,98,150,180,1,'2015-06-18 14:13:06'),(8554,120,29,89,150,180,1,'2015-06-18 14:14:08'),(8555,120,29,96,150,180,1,'2015-06-18 14:15:57'),(8556,128,28,95,100,30,1,'2015-06-18 14:23:31'),(8557,128,28,78,87,26,1,'2015-06-18 14:24:07'),(8558,128,28,91,90,27,1,'2015-06-18 14:24:35'),(8559,128,28,97,0,0,0,'2015-06-18 14:25:46'),(8560,120,29,96,0,180,0,'2015-06-18 18:33:13'),(8561,120,29,98,0,180,0,'2015-06-18 18:33:22'),(8562,120,29,89,150,180,1,'2015-06-18 18:33:34'),(8563,120,29,89,150,180,1,'2015-06-18 18:36:57'),(8564,120,29,89,0,180,0,'2015-06-18 18:42:12'),(8565,120,29,98,0,180,0,'2015-06-18 18:42:22'),(8566,120,29,96,0,180,0,'2015-06-18 18:42:34'),(8567,120,29,98,0,134,0,'2015-06-18 18:52:22'),(8568,126,30,85,0,180,0,'2015-06-22 01:06:15'),(8569,126,30,86,100,180,1,'2015-06-22 01:06:38'),(8570,126,30,81,100,180,1,'2015-06-22 01:07:05'),(8571,126,30,83,100,180,1,'2015-06-22 01:07:18'),(8572,126,30,83,0,0,0,'2015-06-22 01:21:29');
/*!40000 ALTER TABLE `tbluserquizpoints` ENABLE KEYS */;
UNLOCK TABLES;

--
-- Table structure for table `tbluserquizpointstemperory`
--

DROP TABLE IF EXISTS `tbluserquizpointstemperory`;
/*!40101 SET @saved_cs_client     = @@character_set_client */;
/*!40101 SET character_set_client = utf8 */;
CREATE TABLE `tbluserquizpointstemperory` (
  `UserQuizPointsID` int(11) NOT NULL AUTO_INCREMENT,
  `UserID` int(11) DEFAULT NULL,
  `QuizID` int(11) DEFAULT NULL,
  `QuestionID` int(11) DEFAULT NULL,
  `PointsAchieved` int(11) DEFAULT NULL,
  `ElaspedTime` int(11) DEFAULT NULL,
  `IsCorrect` int(11) DEFAULT NULL,
  `QuizTime` datetime DEFAULT NULL,
  PRIMARY KEY (`UserQuizPointsID`)
) ENGINE=MyISAM AUTO_INCREMENT=8573 DEFAULT CHARSET=latin1;
/*!40101 SET character_set_client = @saved_cs_client */;

--
-- Dumping data for table `tbluserquizpointstemperory`
--

LOCK TABLES `tbluserquizpointstemperory` WRITE;
/*!40000 ALTER TABLE `tbluserquizpointstemperory` DISABLE KEYS */;
INSERT INTO `tbluserquizpointstemperory` VALUES (121,50,6,39,20,30,1,'2013-11-25 15:22:35'),(29,43,4,19,0,0,0,'2013-11-15 23:18:10'),(8253,42,1,6,0,25,0,'2014-12-15 22:44:58'),(226,53,5,26,5,7,1,'2014-01-09 20:05:37'),(577,67,2,8,20,25,1,'2014-08-21 19:53:40'),(157,58,5,25,15,23,1,'2013-12-13 21:40:49'),(137,55,6,39,0,24,0,'2013-11-28 21:30:47'),(120,50,6,36,18,27,1,'2013-11-25 15:22:25'),(119,50,6,40,17,26,1,'2013-11-25 15:21:39'),(118,50,6,41,0,23,0,'2013-11-25 15:21:23'),(117,50,6,35,0,23,0,'2013-11-25 15:20:52'),(116,50,6,42,17,25,1,'2013-11-25 15:20:34'),(129,49,5,23,15,22,1,'2013-11-26 14:17:10'),(128,49,5,30,17,26,1,'2013-11-26 14:16:49'),(61,48,5,30,0,30,0,'2013-11-20 20:15:47'),(62,48,5,27,0,25,0,'2013-11-20 20:16:07'),(63,48,5,29,0,30,0,'2013-11-20 20:20:20'),(64,48,5,25,0,30,0,'2013-11-20 20:21:55'),(65,48,5,24,0,30,0,'2013-11-20 20:22:03'),(66,48,5,31,20,30,1,'2013-11-20 20:22:10'),(67,48,5,28,20,30,1,'2013-11-20 20:22:17'),(68,48,5,26,0,28,0,'2013-11-20 20:22:34'),(69,48,5,22,20,30,1,'2013-11-20 20:22:43'),(70,48,5,23,0,30,0,'2013-11-20 20:22:52'),(127,49,5,22,0,29,0,'2013-11-26 14:16:34'),(126,49,5,28,16,24,1,'2013-11-26 14:16:17'),(122,50,6,43,15,22,1,'2013-11-25 15:23:04'),(123,50,6,38,15,22,1,'2013-11-25 15:23:27'),(124,50,6,37,17,26,1,'2013-11-25 15:23:42'),(130,49,5,31,20,30,1,'2013-11-26 14:17:26'),(159,58,5,31,20,30,1,'2013-12-13 21:41:15'),(138,55,6,37,18,27,1,'2013-11-28 21:31:06'),(139,55,6,41,20,30,1,'2013-11-28 21:31:20'),(140,55,6,36,0,29,0,'2013-11-28 21:31:29'),(141,55,6,35,20,30,1,'2013-11-28 21:31:34'),(142,55,6,42,19,29,1,'2013-11-28 21:31:43'),(143,55,6,38,20,30,1,'2013-11-28 21:31:53'),(144,55,6,40,0,30,0,'2013-11-28 21:32:03'),(145,55,6,43,19,29,1,'2013-11-28 21:32:13'),(156,58,5,23,0,24,0,'2013-12-13 21:40:19'),(576,67,2,14,14,18,1,'2014-08-21 19:53:28'),(158,58,5,27,16,24,1,'2013-12-13 21:41:07'),(664,65,1,6,20,25,1,'2014-08-22 20:45:56'),(663,65,1,4,0,25,0,'2014-08-22 20:45:47'),(225,53,5,29,19,28,1,'2014-01-09 20:05:01'),(224,53,5,24,0,14,0,'2014-01-09 20:03:04'),(223,53,5,27,0,23,0,'2014-01-09 20:02:37'),(575,67,2,11,20,25,1,'2014-08-21 19:53:00'),(574,67,2,11,20,25,1,'2014-08-21 19:53:00'),(573,67,2,12,0,25,0,'2014-08-21 19:52:45'),(291,61,1,2,14,17,1,'2014-05-09 22:15:26'),(290,61,1,4,0,24,0,'2014-05-09 22:14:34'),(289,61,1,3,14,18,1,'2014-05-09 22:14:15'),(8267,41,1,5,18,23,1,'2014-12-17 23:00:15'),(781,69,1,5,0,25,0,'2014-08-25 14:35:30'),(780,69,1,6,20,25,1,'2014-08-25 14:35:24'),(572,67,2,10,0,22,0,'2014-08-21 19:52:12'),(841,68,10,53,0,0,0,'2014-09-03 16:07:25'),(960,1,2,15,18,22,1,'2014-09-15 21:24:22'),(957,1,2,8,20,25,1,'2014-09-15 21:23:38'),(779,69,1,1,0,23,0,'2014-08-25 14:35:15'),(8246,38,1,2,17,21,1,'2014-12-15 20:44:20'),(8177,98,2,14,0,25,0,'2014-12-05 14:33:29'),(8176,98,2,13,0,25,0,'2014-12-05 14:33:26'),(662,65,1,2,20,25,1,'2014-08-22 20:45:40'),(665,66,1,6,20,25,1,'2014-08-22 20:56:54'),(661,65,1,1,0,25,0,'2014-08-22 20:45:35'),(660,65,1,5,16,20,1,'2014-08-22 20:45:26'),(666,66,1,2,18,23,1,'2014-08-22 20:57:06'),(667,66,1,5,20,25,1,'2014-08-22 20:57:14'),(7892,84,26,70,0,5,0,'2014-11-07 19:18:11'),(959,1,2,11,20,25,1,'2014-09-15 21:24:11'),(7807,1,1,1,0,0,0,'2014-10-13 20:31:05'),(811,78,2,15,14,17,1,'2014-08-26 07:04:57'),(810,78,2,8,0,20,0,'2014-08-26 07:04:31'),(8255,42,1,5,0,25,0,'2014-12-15 22:45:07'),(958,1,2,10,8,10,1,'2014-09-15 21:24:05'),(817,1,2,14,0,0,0,'2014-08-27 19:21:31'),(809,78,2,10,8,10,1,'2014-08-26 07:04:02'),(808,78,2,12,0,21,0,'2014-08-26 07:03:25'),(807,78,2,9,0,13,0,'2014-08-26 07:02:22'),(8558,128,28,91,90,27,1,'2015-06-18 14:24:35'),(8557,128,28,78,87,26,1,'2015-06-18 14:24:07'),(8556,128,28,95,100,30,1,'2015-06-18 14:23:31'),(8503,119,28,90,100,30,1,'2015-06-17 16:31:19'),(8572,126,30,83,0,0,0,'2015-06-22 01:21:29'),(8559,128,28,97,0,0,0,'2015-06-18 14:25:46'),(8569,126,30,86,100,180,1,'2015-06-22 01:06:38'),(8568,126,30,85,0,180,0,'2015-06-22 01:06:15'),(8502,119,28,95,100,30,1,'2015-06-17 16:31:08'),(8571,126,30,83,100,180,1,'2015-06-22 01:07:18'),(8329,40,1,2,0,14,0,'2015-05-12 11:49:34'),(8297,94,27,75,42,17,1,'2015-03-18 20:47:02'),(8296,94,27,76,0,20,0,'2015-03-18 20:46:48'),(8254,42,1,3,20,25,1,'2014-12-15 22:45:03'),(8570,126,30,81,100,180,1,'2015-06-22 01:07:05'),(8295,94,27,77,0,17,0,'2015-03-18 20:46:32'),(8328,40,1,6,18,23,1,'2015-05-12 11:48:59'),(8327,40,1,4,20,25,1,'2015-05-12 11:48:39'),(8501,119,28,80,100,30,1,'2015-06-17 16:31:00'),(8175,98,2,9,0,25,0,'2014-12-05 14:33:22'),(8174,98,2,11,20,25,1,'2014-12-05 14:33:18'),(8567,120,29,98,0,134,0,'2015-06-18 18:52:22'),(8244,38,1,1,20,25,1,'2014-12-15 20:43:44'),(8427,39,27,76,0,20,0,'2015-06-17 14:39:14'),(8245,38,1,4,20,25,1,'2014-12-15 20:44:04'),(8500,119,28,78,100,30,1,'2015-06-17 16:30:50'),(8335,96,2,10,12,15,1,'2015-05-12 14:12:00'),(8298,94,27,73,0,19,0,'2015-03-18 20:47:19'),(8343,37,1,3,0,0,0,'2015-06-15 17:55:00'),(8309,73,1,6,20,25,1,'2015-03-24 19:08:55'),(8342,37,1,5,1,1,1,'2015-06-15 17:53:33'),(8266,41,1,6,18,23,1,'2014-12-17 22:59:56'),(8265,41,1,3,0,13,0,'2014-12-17 22:59:26'),(8173,98,2,10,0,25,0,'2014-12-05 14:33:08'),(8334,96,2,9,0,0,0,'2015-05-12 14:11:15'),(7956,70,1,5,19,24,1,'2014-11-17 20:52:07'),(7955,70,1,4,18,22,1,'2014-11-17 20:51:58'),(7954,70,1,2,20,25,1,'2014-11-17 20:51:44'),(7868,82,26,69,0,8,0,'2014-10-30 19:58:54'),(7866,82,26,70,1,1,1,'2014-10-30 19:58:07'),(8308,73,1,4,20,25,1,'2015-03-24 19:08:45'),(7867,82,26,68,0,15,0,'2014-10-30 19:58:24'),(7891,84,26,68,6,5,1,'2014-11-07 19:17:43'),(8307,73,1,5,20,25,1,'2015-03-24 19:08:38'),(7890,84,26,69,8,6,1,'2014-11-07 19:17:09');
/*!40000 ALTER TABLE `tbluserquizpointstemperory` ENABLE KEYS */;
UNLOCK TABLES;

--
-- Table structure for table `tblusertargetachieved`
--

DROP TABLE IF EXISTS `tblusertargetachieved`;
/*!40101 SET @saved_cs_client     = @@character_set_client */;
/*!40101 SET character_set_client = utf8 */;
CREATE TABLE `tblusertargetachieved` (
  `ID` int(11) NOT NULL AUTO_INCREMENT,
  `UserID` int(11) NOT NULL,
  `Target_ID` int(11) NOT NULL,
  PRIMARY KEY (`ID`)
) ENGINE=MyISAM AUTO_INCREMENT=271 DEFAULT CHARSET=latin1;
/*!40101 SET character_set_client = @saved_cs_client */;

--
-- Dumping data for table `tblusertargetachieved`
--

LOCK TABLES `tblusertargetachieved` WRITE;
/*!40000 ALTER TABLE `tblusertargetachieved` DISABLE KEYS */;
INSERT INTO `tblusertargetachieved` VALUES (1,37,2),(2,37,3),(3,37,4),(4,40,3),(5,40,6),(6,42,2),(7,42,3),(8,42,6),(9,39,3),(10,39,6),(11,41,3),(12,41,6),(13,38,3),(14,38,6),(15,39,5),(16,37,5),(17,46,18),(18,45,2),(19,45,3),(20,45,5),(21,45,6),(22,37,6),(23,37,19),(24,39,2),(25,39,4),(26,39,19),(27,49,20),(28,49,21),(29,49,22),(30,49,23),(31,49,24),(32,45,8),(33,45,9),(34,45,10),(35,45,11),(36,45,12),(37,40,2),(38,50,20),(39,50,22),(40,50,23),(41,50,24),(42,51,21),(43,51,22),(44,51,23),(45,52,20),(46,52,22),(47,49,32),(48,55,20),(49,55,22),(50,55,23),(51,55,24),(52,56,20),(53,56,22),(54,56,23),(55,56,24),(56,57,22),(57,57,23),(58,57,32),(59,58,20),(60,58,22),(61,50,32),(62,55,32),(63,37,33),(64,39,36),(65,40,4),(66,61,2),(67,61,3),(68,61,6),(69,61,36),(70,66,6),(71,66,36),(72,65,3),(73,67,3),(74,67,6),(75,37,36),(76,41,4),(77,68,37),(78,68,46),(79,68,39),(80,68,41),(81,68,42),(82,68,59),(83,45,14),(84,45,15),(85,45,16),(86,45,17),(87,45,13),(88,69,2),(89,69,3),(90,69,4),(91,69,6),(92,69,36),(93,38,4),(94,67,4),(95,69,8),(96,69,9),(97,69,10),(98,69,11),(99,69,12),(100,39,67),(101,40,67),(102,78,4),(103,69,15),(104,78,2),(105,78,3),(106,78,6),(107,78,36),(108,78,67),(109,78,68),(110,37,68),(111,41,67),(112,37,70),(113,78,9),(114,78,12),(115,78,8),(116,78,10),(117,78,69),(118,78,11),(119,78,17),(120,78,14),(121,78,15),(122,78,13),(123,78,16),(124,79,2),(125,79,3),(126,79,71),(127,79,4),(128,79,70),(129,79,68),(130,79,6),(131,79,36),(132,79,67),(133,79,9),(134,79,12),(135,79,69),(136,79,8),(137,79,10),(138,79,11),(139,39,68),(140,39,70),(141,40,71),(142,39,71),(143,38,2),(144,41,71),(145,41,74),(146,79,17),(147,79,14),(148,79,15),(149,79,13),(150,79,16),(151,82,79),(152,84,80),(153,40,74),(154,83,85),(155,82,84),(156,82,81),(157,84,92),(158,86,99),(159,86,103),(160,84,93),(161,84,95),(162,37,71),(163,37,74),(164,37,75),(165,39,74),(166,39,75),(167,39,8),(168,39,9),(169,39,10),(170,39,12),(171,39,69),(172,39,78),(173,87,2),(174,87,3),(175,87,6),(176,87,36),(177,87,71),(178,87,74),(179,87,75),(180,87,8),(181,87,9),(182,87,10),(183,87,11),(184,87,12),(185,87,69),(186,87,78),(187,87,14),(188,87,15),(189,87,16),(190,87,17),(191,87,13),(192,73,71),(193,41,2),(194,41,36),(195,41,75),(196,84,94),(197,69,13),(198,69,14),(199,37,8),(200,37,9),(201,37,10),(202,37,11),(203,37,12),(204,37,69),(205,37,78),(206,70,2),(207,70,3),(208,70,6),(209,70,36),(210,70,71),(211,70,74),(212,70,75),(213,38,108),(214,38,74),(215,92,2),(216,92,3),(217,92,74),(218,92,108),(219,92,75),(220,92,36),(221,92,6),(222,94,110),(223,94,111),(224,94,113),(225,94,114),(226,96,115),(227,96,116),(228,97,113),(229,97,111),(230,95,115),(231,95,116),(232,95,120),(233,96,117),(234,73,75),(235,38,75),(236,37,124),(237,42,124),(238,38,124),(239,37,108),(240,73,123),(241,104,126),(242,38,36),(243,38,126),(244,107,2),(245,107,3),(246,107,108),(247,92,9),(248,90,3),(249,90,108),(250,101,3),(251,101,108),(252,73,129),(253,108,129),(254,73,108),(255,119,131),(256,120,132),(257,119,130),(258,120,133),(259,120,134),(260,125,131),(261,125,130),(262,120,131),(263,119,132),(264,125,132),(265,125,136),(266,125,133),(267,126,132),(268,120,136),(269,128,131),(270,126,136);
/*!40000 ALTER TABLE `tblusertargetachieved` ENABLE KEYS */;
UNLOCK TABLES;

--
-- Table structure for table `testxml`
--

DROP TABLE IF EXISTS `testxml`;
/*!40101 SET @saved_cs_client     = @@character_set_client */;
/*!40101 SET character_set_client = utf8 */;
CREATE TABLE `testxml` (
  `TestID` int(11) NOT NULL,
  `TestName` varchar(50) DEFAULT NULL
) ENGINE=MyISAM DEFAULT CHARSET=latin1;
/*!40101 SET character_set_client = @saved_cs_client */;

--
-- Dumping data for table `testxml`
--

LOCK TABLES `testxml` WRITE;
/*!40000 ALTER TABLE `testxml` DISABLE KEYS */;
/*!40000 ALTER TABLE `testxml` ENABLE KEYS */;
UNLOCK TABLES;

--
-- Table structure for table `tmpcontest`
--

DROP TABLE IF EXISTS `tmpcontest`;
/*!40101 SET @saved_cs_client     = @@character_set_client */;
/*!40101 SET character_set_client = utf8 */;
CREATE TABLE `tmpcontest` (
  `User_ID` int(11) NOT NULL,
  `U_Name` varchar(255) NOT NULL,
  `Player_Thumbnail` varchar(255) NOT NULL,
  `Role_Name` varchar(255) NOT NULL,
  `Site_Name` varchar(255) NOT NULL,
  `ContestID` int(11) NOT NULL,
  `ContestName` varchar(255) NOT NULL,
  `Score` int(11) NOT NULL,
  `KPI_measure` varchar(255) NOT NULL,
  `position` int(11) NOT NULL,
  `rank` int(11) NOT NULL,
  `times` timestamp NULL DEFAULT NULL
) ENGINE=InnoDB DEFAULT CHARSET=utf8;
/*!40101 SET character_set_client = @saved_cs_client */;

--
-- Dumping data for table `tmpcontest`
--

LOCK TABLES `tmpcontest` WRITE;
/*!40000 ALTER TABLE `tmpcontest` DISABLE KEYS */;
/*!40000 ALTER TABLE `tmpcontest` ENABLE KEYS */;
UNLOCK TABLES;

--
-- Temporary view structure for view `total_hours_worked`
--

DROP TABLE IF EXISTS `total_hours_worked`;
/*!50001 DROP VIEW IF EXISTS `total_hours_worked`*/;
SET @saved_cs_client     = @@character_set_client;
SET character_set_client = utf8;
/*!50001 CREATE VIEW `total_hours_worked` AS SELECT 
 1 AS `sum(Worked_Hour)`*/;
SET character_set_client = @saved_cs_client;

--
-- Temporary view structure for view `total_levels`
--

DROP TABLE IF EXISTS `total_levels`;
/*!50001 DROP VIEW IF EXISTS `total_levels`*/;
SET @saved_cs_client     = @@character_set_client;
SET character_set_client = utf8;
/*!50001 CREATE VIEW `total_levels` AS SELECT 
 1 AS `count(*)`*/;
SET character_set_client = @saved_cs_client;

--
-- Temporary view structure for view `total_questions`
--

DROP TABLE IF EXISTS `total_questions`;
/*!50001 DROP VIEW IF EXISTS `total_questions`*/;
SET @saved_cs_client     = @@character_set_client;
SET character_set_client = utf8;
/*!50001 CREATE VIEW `total_questions` AS SELECT 
 1 AS `count(*)`*/;
SET character_set_client = @saved_cs_client;

--
-- Temporary view structure for view `total_sales`
--

DROP TABLE IF EXISTS `total_sales`;
/*!50001 DROP VIEW IF EXISTS `total_sales`*/;
SET @saved_cs_client     = @@character_set_client;
SET character_set_client = utf8;
/*!50001 CREATE VIEW `total_sales` AS SELECT 
 1 AS `sum(score)`*/;
SET character_set_client = @saved_cs_client;

--
-- Temporary view structure for view `total_sites`
--

DROP TABLE IF EXISTS `total_sites`;
/*!50001 DROP VIEW IF EXISTS `total_sites`*/;
SET @saved_cs_client     = @@character_set_client;
SET character_set_client = utf8;
/*!50001 CREATE VIEW `total_sites` AS SELECT 
 1 AS `count(*)`*/;
SET character_set_client = @saved_cs_client;

--
-- Temporary view structure for view `total_users`
--

DROP TABLE IF EXISTS `total_users`;
/*!50001 DROP VIEW IF EXISTS `total_users`*/;
SET @saved_cs_client     = @@character_set_client;
SET character_set_client = utf8;
/*!50001 CREATE VIEW `total_users` AS SELECT 
 1 AS `Role`,
 1 AS `total`*/;
SET character_set_client = @saved_cs_client;

--
-- Temporary view structure for view `v_userlevelscores`
--

DROP TABLE IF EXISTS `v_userlevelscores`;
/*!50001 DROP VIEW IF EXISTS `v_userlevelscores`*/;
SET @saved_cs_client     = @@character_set_client;
SET character_set_client = utf8;
/*!50001 CREATE VIEW `v_userlevelscores` AS SELECT 
 1 AS `UserID`,
 1 AS `Role_ID`,
 1 AS `Level_ID`,
 1 AS `KPI_ID`,
 1 AS `Target_ID`,
 1 AS `Level_Name`,
 1 AS `KPI_name`,
 1 AS `Target_Value`,
 1 AS `score`,
 1 AS `current_percentage`,
 1 AS `Points`*/;
SET character_set_client = @saved_cs_client;

--
-- Table structure for table `week_report`
--

DROP TABLE IF EXISTS `week_report`;
/*!40101 SET @saved_cs_client     = @@character_set_client */;
/*!40101 SET character_set_client = utf8 */;
CREATE TABLE `week_report` (
  `week` int(2) NOT NULL,
  `month` int(11) DEFAULT NULL,
  `year` int(11) DEFAULT NULL,
  `total_emplyees` int(11) DEFAULT NULL,
  `total_managers` int(11) DEFAULT NULL,
  `total_sales` int(11) DEFAULT NULL,
  `total_hours_worked` int(11) DEFAULT NULL,
  `total_hours_login` int(11) DEFAULT NULL,
  `total_questions` int(11) DEFAULT NULL,
  `total_quizzes` int(11) DEFAULT NULL,
  `total_levels` int(11) DEFAULT NULL,
  `total_sites` int(11) DEFAULT NULL,
  `total_roles` int(11) DEFAULT NULL,
  PRIMARY KEY (`week`)
) ENGINE=InnoDB DEFAULT CHARSET=utf8;
/*!40101 SET character_set_client = @saved_cs_client */;

--
-- Dumping data for table `week_report`
--

LOCK TABLES `week_report` WRITE;
/*!40000 ALTER TABLE `week_report` DISABLE KEYS */;
/*!40000 ALTER TABLE `week_report` ENABLE KEYS */;
UNLOCK TABLES;

--
-- Table structure for table `year_report`
--

DROP TABLE IF EXISTS `year_report`;
/*!40101 SET @saved_cs_client     = @@character_set_client */;
/*!40101 SET character_set_client = utf8 */;
CREATE TABLE `year_report` (
  `year` int(5) NOT NULL,
  `total_emplyees` int(11) DEFAULT NULL,
  `total_managers` int(11) DEFAULT NULL,
  `total_sales` int(11) DEFAULT NULL,
  `total_hours_worked` int(11) DEFAULT NULL,
  `total_hours_login` int(11) DEFAULT NULL,
  `total_questions` int(11) DEFAULT NULL,
  `total_quizzes` int(11) DEFAULT NULL,
  `total_levels` int(11) DEFAULT NULL,
  `total_sites` int(11) DEFAULT NULL,
  `total_roles` int(11) DEFAULT NULL,
  PRIMARY KEY (`year`)
) ENGINE=InnoDB DEFAULT CHARSET=utf8;
/*!40101 SET character_set_client = @saved_cs_client */;

--
-- Dumping data for table `year_report`
--

LOCK TABLES `year_report` WRITE;
/*!40000 ALTER TABLE `year_report` DISABLE KEYS */;
/*!40000 ALTER TABLE `year_report` ENABLE KEYS */;
UNLOCK TABLES;

--
-- Dumping events for database 'levelspro'
--
/*!50106 SET @save_time_zone= @@TIME_ZONE */ ;
/*!50106 DROP EVENT IF EXISTS `AssingContestAwards` */;
DELIMITER ;;
/*!50003 SET @saved_cs_client      = @@character_set_client */ ;;
/*!50003 SET @saved_cs_results     = @@character_set_results */ ;;
/*!50003 SET @saved_col_connection = @@collation_connection */ ;;
/*!50003 SET character_set_client  = utf8 */ ;;
/*!50003 SET character_set_results = utf8 */ ;;
/*!50003 SET collation_connection  = utf8_general_ci */ ;;
/*!50003 SET @saved_sql_mode       = @@sql_mode */ ;;
/*!50003 SET sql_mode              = 'STRICT_TRANS_TABLES,NO_AUTO_CREATE_USER,NO_ENGINE_SUBSTITUTION' */ ;;
/*!50003 SET @saved_time_zone      = @@time_zone */ ;;
/*!50003 SET time_zone             = 'SYSTEM' */ ;;
/*!50106 CREATE*/ /*!50117*/ /*!50106 EVENT `AssingContestAwards` ON SCHEDULE EVERY 1 DAY STARTS '2014-11-12 23:58:00' ON COMPLETION NOT PRESERVE ENABLE DO BEGIN   
call sp_SetAwardsByContest;
END */ ;;
/*!50003 SET time_zone             = @saved_time_zone */ ;;
/*!50003 SET sql_mode              = @saved_sql_mode */ ;;
/*!50003 SET character_set_client  = @saved_cs_client */ ;;
/*!50003 SET character_set_results = @saved_cs_results */ ;;
/*!50003 SET collation_connection  = @saved_col_connection */ ;;
/*!50106 DROP EVENT IF EXISTS `LoadLeaderBoard` */;;
DELIMITER ;;
/*!50003 SET @saved_cs_client      = @@character_set_client */ ;;
/*!50003 SET @saved_cs_results     = @@character_set_results */ ;;
/*!50003 SET @saved_col_connection = @@collation_connection */ ;;
/*!50003 SET character_set_client  = utf8 */ ;;
/*!50003 SET character_set_results = utf8 */ ;;
/*!50003 SET collation_connection  = utf8_general_ci */ ;;
/*!50003 SET @saved_sql_mode       = @@sql_mode */ ;;
/*!50003 SET sql_mode              = 'STRICT_TRANS_TABLES,NO_AUTO_CREATE_USER,NO_ENGINE_SUBSTITUTION' */ ;;
/*!50003 SET @saved_time_zone      = @@time_zone */ ;;
/*!50003 SET time_zone             = 'SYSTEM' */ ;;
/*!50106 CREATE*/ /*!50117*/ /*!50106 EVENT `LoadLeaderBoard` ON SCHEDULE EVERY 10 MINUTE STARTS '2014-11-12 23:58:00' ON COMPLETION NOT PRESERVE DISABLE DO BEGIN   
 	DELETE FROM `tblcontestscores`;  
 	INSERT INTO `tblcontestscores`  (`User_ID`,  `ContestId`,  `Score`,  `Entry_Date`)    
 	SELECT    c.UserID,      c.ContestID,      sum(c.Value) AS Value,       c.LastUpdated     
 	FROM       contestperformance c INNER JOIN tbluser u ON c.UserID = u.UserID    GROUP BY    c.UserID, c.ContestID;  
 	INSERT INTO `tblcontestlog` (`lastrun`) VALUES (current_timestamp); 
 END */ ;;
/*!50003 SET time_zone             = @saved_time_zone */ ;;
/*!50003 SET sql_mode              = @saved_sql_mode */ ;;
/*!50003 SET character_set_client  = @saved_cs_client */ ;;
/*!50003 SET character_set_results = @saved_cs_results */ ;;
/*!50003 SET collation_connection  = @saved_col_connection */ ;;
DELIMITER ;
/*!50106 SET TIME_ZONE= @save_time_zone */ ;

--
-- Dumping routines for database 'levelspro'
--
/*!50003 DROP FUNCTION IF EXISTS `fu_RaiseError` */;
/*!50003 SET @saved_cs_client      = @@character_set_client */ ;
/*!50003 SET @saved_cs_results     = @@character_set_results */ ;
/*!50003 SET @saved_col_connection = @@collation_connection */ ;
/*!50003 SET character_set_client  = utf8 */ ;
/*!50003 SET character_set_results = utf8 */ ;
/*!50003 SET collation_connection  = utf8_general_ci */ ;
/*!50003 SET @saved_sql_mode       = @@sql_mode */ ;
/*!50003 SET sql_mode              = 'STRICT_TRANS_TABLES,NO_AUTO_CREATE_USER,NO_ENGINE_SUBSTITUTION' */ ;
/*DELIMITER ;;
CREATE FUNCTION `fu_RaiseError`(p_MESSAGE VARCHAR(255)) RETURNS int(11)
BEGIN



	DECLARE ERROR INTEGER;



		set ERROR := p_MESSAGE;



		RETURN 0;	



END ;;
DELIMITER ;*/
/*!50003 SET sql_mode              = @saved_sql_mode */ ;
/*!50003 SET character_set_client  = @saved_cs_client */ ;
/*!50003 SET character_set_results = @saved_cs_results */ ;
/*!50003 SET collation_connection  = @saved_col_connection */ ;
/*!50003 DROP FUNCTION IF EXISTS `SPLIT_STR` */;
/*!50003 SET @saved_cs_client      = @@character_set_client */ ;
/*!50003 SET @saved_cs_results     = @@character_set_results */ ;
/*!50003 SET @saved_col_connection = @@collation_connection */ ;
/*!50003 SET character_set_client  = utf8 */ ;
/*!50003 SET character_set_results = utf8 */ ;
/*!50003 SET collation_connection  = utf8_general_ci */ ;
/*!50003 SET @saved_sql_mode       = @@sql_mode */ ;
/*!50003 SET sql_mode              = 'STRICT_TRANS_TABLES,NO_AUTO_CREATE_USER,NO_ENGINE_SUBSTITUTION' */ ;
/*DELIMITER ;;
CREATE FUNCTION `SPLIT_STR`(x VARCHAR(255), delim VARCHAR(12), pos INT) RETURNS varchar(255) CHARSET utf8
BEGIN



RETURN REPLACE(SUBSTRING(SUBSTRING_INDEX(x, delim, pos), LENGTH(SUBSTRING_INDEX(x, delim, pos -1)) + 1), delim, '');

END ;;
DELIMITER ;*/
/*!50003 SET sql_mode              = @saved_sql_mode */ ;
/*!50003 SET character_set_client  = @saved_cs_client */ ;
/*!50003 SET character_set_results = @saved_cs_results */ ;
/*!50003 SET collation_connection  = @saved_col_connection */ ;
/*!50003 DROP PROCEDURE IF EXISTS `checkadd` */;
/*!50003 SET @saved_cs_client      = @@character_set_client */ ;
/*!50003 SET @saved_cs_results     = @@character_set_results */ ;
/*!50003 SET @saved_col_connection = @@collation_connection */ ;
/*!50003 SET character_set_client  = utf8 */ ;
/*!50003 SET character_set_results = utf8 */ ;
/*!50003 SET collation_connection  = utf8_general_ci */ ;
/*!50003 SET @saved_sql_mode       = @@sql_mode */ ;
/*!50003 SET sql_mode              = 'STRICT_TRANS_TABLES,NO_AUTO_CREATE_USER,NO_ENGINE_SUBSTITUTION' */ ;
DELIMITER ;;
CREATE PROCEDURE `checkadd`()
BEGIN



Declare userid INTEGER  DEFAULT 0;

Declare username VARCHAR(111);

Declare sysrole VARCHAR(111);

Declare rolename VARCHAR(111);

Declare firstname VARCHAR(111);

Declare lastname VARCHAR(111);

Declare nickname VARCHAR(111);

Declare active int(111);

Declare sitename VARCHAR(111);

Declare managername VARCHAR(111);

Declare empnumber INTEGER  DEFAULT 0;

DECLARE done INT DEFAULT 0;

DECLARE RateID INT DEFAULT 0;





 DEClARE user_insert CURSOR FOR 

 SELECT * FROM tbluser_temp;



DECLARE CONTINUE HANDLER FOR NOT FOUND SET done = 1;



OPEN user_insert;



read_loop: LOOP



 IF done THEN

 LEAVE read_loop;

 END IF;





  fetch user_insert into userid,username,sysrole,rolename,firstname,lastname,nickname,active,sitename,empnumber,managername;



IF ( NOT EXISTS(SELECT * FROM tbluser WHERE U_Name = username))

	THEN

insert into tblUser(UserID,U_Name,U_LastName,U_NickName,U_Password,U_SiteID,U_SysRole,U_RolesID,Active,U_FirstName,ManagerID)



values(userid,username,lastname,nickname,NULL,(SELECT site_id from tblsite WHERE site_name=sitename),sysrole,(SELECT Role_ID from tblroles WHERE Role_Name=rolename),active,firstname,managername);







INSERT INTO tblLevelPerformance 

	(user_id,current_level,next_level,last_level,level_achieved,target_scores,achieved_scores)



	values(userid,(SELECT Level_ID FROM tblLevel 

														WHERE  tblLevel.Level_Position = 1 AND tblLevel.Role_ID = (SELECT Role_ID from tblroles WHERE Role_Name=rolename)

														),(SELECT Level_ID FROM tblLevel 

														WHERE  tblLevel.Level_Position = 2 AND tblLevel.Role_ID = (SELECT Role_ID from tblroles WHERE Role_Name=rolename)

														),0,0,0,0);



	END IF;



End LOOP read_loop;



close user_insert;



TRUNCATE TABLE tbluser_temp;



END ;;
DELIMITER ;
/*!50003 SET sql_mode              = @saved_sql_mode */ ;
/*!50003 SET character_set_client  = @saved_cs_client */ ;
/*!50003 SET character_set_results = @saved_cs_results */ ;
/*!50003 SET collation_connection  = @saved_col_connection */ ;
/*!50003 DROP PROCEDURE IF EXISTS `checkdelete` */;
/*!50003 SET @saved_cs_client      = @@character_set_client */ ;
/*!50003 SET @saved_cs_results     = @@character_set_results */ ;
/*!50003 SET @saved_col_connection = @@collation_connection */ ;
/*!50003 SET character_set_client  = utf8 */ ;
/*!50003 SET character_set_results = utf8 */ ;
/*!50003 SET collation_connection  = utf8_general_ci */ ;
/*!50003 SET @saved_sql_mode       = @@sql_mode */ ;
/*!50003 SET sql_mode              = 'STRICT_TRANS_TABLES,NO_AUTO_CREATE_USER,NO_ENGINE_SUBSTITUTION' */ ;
DELIMITER ;;
CREATE PROCEDURE `checkdelete`()
BEGIN



Declare userids INTEGER  DEFAULT 0;

Declare username VARCHAR(111);

DECLARE done INT DEFAULT 0;





 DEClARE user_delete CURSOR FOR 

 SELECT * FROM tbluserdelete_temp;



DECLARE CONTINUE HANDLER FOR NOT FOUND SET done = 1;



OPEN user_delete;



read_loop: LOOP



 IF done THEN

 LEAVE read_loop;

 END IF;



fetch user_delete into userids,username;



Delete from tbluser

where UserID = userids;





End LOOP read_loop;



close user_delete;









END ;;
DELIMITER ;
/*!50003 SET sql_mode              = @saved_sql_mode */ ;
/*!50003 SET character_set_client  = @saved_cs_client */ ;
/*!50003 SET character_set_results = @saved_cs_results */ ;
/*!50003 SET collation_connection  = @saved_col_connection */ ;
/*!50003 DROP PROCEDURE IF EXISTS `checkupdate` */;
/*!50003 SET @saved_cs_client      = @@character_set_client */ ;
/*!50003 SET @saved_cs_results     = @@character_set_results */ ;
/*!50003 SET @saved_col_connection = @@collation_connection */ ;
/*!50003 SET character_set_client  = utf8 */ ;
/*!50003 SET character_set_results = utf8 */ ;
/*!50003 SET collation_connection  = utf8_general_ci */ ;
/*!50003 SET @saved_sql_mode       = @@sql_mode */ ;
/*!50003 SET sql_mode              = 'STRICT_TRANS_TABLES,NO_AUTO_CREATE_USER,NO_ENGINE_SUBSTITUTION' */ ;
DELIMITER ;;
CREATE PROCEDURE `checkupdate`()
BEGIN



Declare userid INTEGER  DEFAULT 0;

Declare username VARCHAR(111);

Declare sysrole VARCHAR(111);

Declare firstname VARCHAR(111);

Declare lastname VARCHAR(111);

Declare nickname VARCHAR(111);

Declare active int(111);

Declare sitename VARCHAR(111);

Declare managername VARCHAR(111);

Declare empnumber INTEGER  DEFAULT 0;

DECLARE done INT DEFAULT 0;





 DEClARE user_update CURSOR FOR 

 SELECT * FROM tbluserupdate_temp;



DECLARE CONTINUE HANDLER FOR NOT FOUND SET done = 1;



OPEN user_update;



read_loop: LOOP



 IF done THEN

 LEAVE read_loop;

 END IF;





  fetch user_update into userid,username,sysrole,firstname,lastname,nickname,active,sitename,empnumber,managername;



IF (EXISTS(SELECT * FROM tbluser WHERE U_Name = username))

	THEN



UPDATE tbluser

SET U_LastName=lastname,U_FirstName=firstname,U_NickName=nickname,U_SiteID=(SELECT site_id from tblsite WHERE site_name=sitename),U_SysRole=sysrole,

Active=active,ManagerID=managername,U_EmpNo=empnumber

WHERE U_Name = username;



	END IF;



End LOOP read_loop;



close user_update;



TRUNCATE TABLE tbluserupdate_temp;





END ;;
DELIMITER ;
/*!50003 SET sql_mode              = @saved_sql_mode */ ;
/*!50003 SET character_set_client  = @saved_cs_client */ ;
/*!50003 SET character_set_results = @saved_cs_results */ ;
/*!50003 SET collation_connection  = @saved_col_connection */ ;
/*!50003 DROP PROCEDURE IF EXISTS `sp_APIForPlayer` */;
/*!50003 SET @saved_cs_client      = @@character_set_client */ ;
/*!50003 SET @saved_cs_results     = @@character_set_results */ ;
/*!50003 SET @saved_col_connection = @@collation_connection */ ;
/*!50003 SET character_set_client  = utf8 */ ;
/*!50003 SET character_set_results = utf8 */ ;
/*!50003 SET collation_connection  = utf8_general_ci */ ;
/*!50003 SET @saved_sql_mode       = @@sql_mode */ ;
/*!50003 SET sql_mode              = 'STRICT_TRANS_TABLES,NO_AUTO_CREATE_USER,NO_ENGINE_SUBSTITUTION' */ ;
DELIMITER ;;
CREATE PROCEDURE `sp_APIForPlayer`()
BEGIN



	Select vscore.UserID, CONCAT(tblUser.U_FirstName,' ',tblUser.U_LastName)  AS Player_Name,tblRoles.Role_Name,CONCAT('Level-',tblLevel.Level_Position) as Levelno,vscore.Level_Name,KPI_name,Target_value,score,tbluser.U_Points,tblUserImages.Player_Thumbnail,



(select (IFNULL(sum(v_UserLevelScores.current_percentage),0)) / Count(*) from v_UserLevelScores where v_UserLevelScores.Level_ID=vscore.Level_ID and v_UserLevelScores.UserID=vscore.UserID ) AS Percentage



 



,BaseHours







  ,(TIMESTAMPDIFF(HOUR,CurDate,Now())) as WorkedHours



FROM v_UserLevelScores vscore







INNER JOIN tblLevelPerformance ON vscore.Level_ID = tblLevelPerformance.current_level AND vscore.UserID = tblLevelPerformance.user_id



INNER JOIN tblUser ON vscore.UserID = tblUser.UserID



LEFT JOIN tblUserImages ON vscore.UserID = tblUserImages.UserID AND tblUserImages.U_Current = 1



INNER JOIN tblRoles ON



vscore.Role_ID = tblRoles.Role_ID 



INNER JOIN tblLevel ON vscore.Level_ID = tblLevel.Level_ID



WHERE tblLevelPerformance.level_achieved = 0



ORDER BY vscore.UserID



;











END ;;
DELIMITER ;
/*!50003 SET sql_mode              = @saved_sql_mode */ ;
/*!50003 SET character_set_client  = @saved_cs_client */ ;
/*!50003 SET character_set_results = @saved_cs_results */ ;
/*!50003 SET collation_connection  = @saved_col_connection */ ;
/*!50003 DROP PROCEDURE IF EXISTS `sp_AutoUpdateWorkHour` */;
/*!50003 SET @saved_cs_client      = @@character_set_client */ ;
/*!50003 SET @saved_cs_results     = @@character_set_results */ ;
/*!50003 SET @saved_col_connection = @@collation_connection */ ;
/*!50003 SET character_set_client  = utf8 */ ;
/*!50003 SET character_set_results = utf8 */ ;
/*!50003 SET collation_connection  = utf8_general_ci */ ;
/*!50003 SET @saved_sql_mode       = @@sql_mode */ ;
/*!50003 SET sql_mode              = 'STRICT_TRANS_TABLES,NO_AUTO_CREATE_USER,NO_ENGINE_SUBSTITUTION' */ ;
DELIMITER ;;
CREATE PROCEDURE `sp_AutoUpdateWorkHour`(p_WorkedHour int, p_user_id int)
BEGIN
	#Routine body goes here...

	UPDATE tbllevelperformance 
	SET tbllevelperformance.Worked_Hour = tbllevelperformance.Worked_Hour + p_WorkedHour
	WHERE tbllevelperformance.user_id = p_UserID
	AND tbllevelperformance.level_achieved = 0;

END ;;
DELIMITER ;
/*!50003 SET sql_mode              = @saved_sql_mode */ ;
/*!50003 SET character_set_client  = @saved_cs_client */ ;
/*!50003 SET character_set_results = @saved_cs_results */ ;
/*!50003 SET collation_connection  = @saved_col_connection */ ;
/*!50003 DROP PROCEDURE IF EXISTS `sp_CheckPassword` */;
/*!50003 SET @saved_cs_client      = @@character_set_client */ ;
/*!50003 SET @saved_cs_results     = @@character_set_results */ ;
/*!50003 SET @saved_col_connection = @@collation_connection */ ;
/*!50003 SET character_set_client  = utf8 */ ;
/*!50003 SET character_set_results = utf8 */ ;
/*!50003 SET collation_connection  = utf8_general_ci */ ;
/*!50003 SET @saved_sql_mode       = @@sql_mode */ ;
/*!50003 SET sql_mode              = 'STRICT_TRANS_TABLES,NO_AUTO_CREATE_USER,NO_ENGINE_SUBSTITUTION' */ ;
DELIMITER ;;
CREATE PROCEDURE `sp_CheckPassword`(p_UserID int, p_Password varchar(50))
BEGIN



	



	SELECT UserID,U_Name FROM tblUser 



	WHERE UserID = p_UserID AND U_Password = p_Password;







END ;;
DELIMITER ;
/*!50003 SET sql_mode              = @saved_sql_mode */ ;
/*!50003 SET character_set_client  = @saved_cs_client */ ;
/*!50003 SET character_set_results = @saved_cs_results */ ;
/*!50003 SET collation_connection  = @saved_col_connection */ ;
/*!50003 DROP PROCEDURE IF EXISTS `sp_CheckPasswordNULL` */;
/*!50003 SET @saved_cs_client      = @@character_set_client */ ;
/*!50003 SET @saved_cs_results     = @@character_set_results */ ;
/*!50003 SET @saved_col_connection = @@collation_connection */ ;
/*!50003 SET character_set_client  = utf8 */ ;
/*!50003 SET character_set_results = utf8 */ ;
/*!50003 SET collation_connection  = utf8_general_ci */ ;
/*!50003 SET @saved_sql_mode       = @@sql_mode */ ;
/*!50003 SET sql_mode              = 'STRICT_TRANS_TABLES,NO_AUTO_CREATE_USER,NO_ENGINE_SUBSTITUTION' */ ;
DELIMITER ;;
CREATE PROCEDURE `sp_CheckPasswordNULL`(p_U_Name varchar(50))
BEGIN



	SELECT UserID,U_Name FROM tblUser



	WHERE U_Name = p_U_Name AND U_Password IS NULL;







END ;;
DELIMITER ;
/*!50003 SET sql_mode              = @saved_sql_mode */ ;
/*!50003 SET character_set_client  = @saved_cs_client */ ;
/*!50003 SET character_set_results = @saved_cs_results */ ;
/*!50003 SET collation_connection  = @saved_col_connection */ ;
/*!50003 DROP PROCEDURE IF EXISTS `sp_CheckSecurityAnswer` */;
/*!50003 SET @saved_cs_client      = @@character_set_client */ ;
/*!50003 SET @saved_cs_results     = @@character_set_results */ ;
/*!50003 SET @saved_col_connection = @@collation_connection */ ;
/*!50003 SET character_set_client  = utf8 */ ;
/*!50003 SET character_set_results = utf8 */ ;
/*!50003 SET collation_connection  = utf8_general_ci */ ;
/*!50003 SET @saved_sql_mode       = @@sql_mode */ ;
/*!50003 SET sql_mode              = 'STRICT_TRANS_TABLES,NO_AUTO_CREATE_USER,NO_ENGINE_SUBSTITUTION' */ ;
DELIMITER ;;
CREATE PROCEDURE `sp_CheckSecurityAnswer`(p_UserID int)
BEGIN



	SELECT * FROM tblSecurityAnswers



	WHERE UserID = p_UserID ;











END ;;
DELIMITER ;
/*!50003 SET sql_mode              = @saved_sql_mode */ ;
/*!50003 SET character_set_client  = @saved_cs_client */ ;
/*!50003 SET character_set_results = @saved_cs_results */ ;
/*!50003 SET collation_connection  = @saved_col_connection */ ;
/*!50003 DROP PROCEDURE IF EXISTS `sp_CheckTest` */;
/*!50003 SET @saved_cs_client      = @@character_set_client */ ;
/*!50003 SET @saved_cs_results     = @@character_set_results */ ;
/*!50003 SET @saved_col_connection = @@collation_connection */ ;
/*!50003 SET character_set_client  = utf8 */ ;
/*!50003 SET character_set_results = utf8 */ ;
/*!50003 SET collation_connection  = utf8_general_ci */ ;
/*!50003 SET @saved_sql_mode       = @@sql_mode */ ;
/*!50003 SET sql_mode              = 'STRICT_TRANS_TABLES,NO_AUTO_CREATE_USER,NO_ENGINE_SUBSTITUTION' */ ;
DELIMITER ;;
CREATE PROCEDURE `sp_CheckTest`(p_Name Varchar(50),p_Password VARCHAR(50))
BEGIN















Select * from tblUser



				







WHERE U_Name =p_Name



and U_password =p_Password ;















END ;;
DELIMITER ;
/*!50003 SET sql_mode              = @saved_sql_mode */ ;
/*!50003 SET character_set_client  = @saved_cs_client */ ;
/*!50003 SET character_set_results = @saved_cs_results */ ;
/*!50003 SET collation_connection  = @saved_col_connection */ ;
/*!50003 DROP PROCEDURE IF EXISTS `sp_CheckUserName` */;
/*!50003 SET @saved_cs_client      = @@character_set_client */ ;
/*!50003 SET @saved_cs_results     = @@character_set_results */ ;
/*!50003 SET @saved_col_connection = @@collation_connection */ ;
/*!50003 SET character_set_client  = utf8 */ ;
/*!50003 SET character_set_results = utf8 */ ;
/*!50003 SET collation_connection  = utf8_general_ci */ ;
/*!50003 SET @saved_sql_mode       = @@sql_mode */ ;
/*!50003 SET sql_mode              = 'STRICT_TRANS_TABLES,NO_AUTO_CREATE_USER,NO_ENGINE_SUBSTITUTION' */ ;
DELIMITER ;;
CREATE PROCEDURE `sp_CheckUserName`(p_U_Name varchar(50))
BEGIN



	SELECT UserID,U_Name FROM tblUser



	WHERE U_Name = p_U_Name;



END ;;
DELIMITER ;
/*!50003 SET sql_mode              = @saved_sql_mode */ ;
/*!50003 SET character_set_client  = @saved_cs_client */ ;
/*!50003 SET character_set_results = @saved_cs_results */ ;
/*!50003 SET collation_connection  = @saved_col_connection */ ;
/*!50003 DROP PROCEDURE IF EXISTS `sp_Contest_PlayersScore` */;
/*!50003 SET @saved_cs_client      = @@character_set_client */ ;
/*!50003 SET @saved_cs_results     = @@character_set_results */ ;
/*!50003 SET @saved_col_connection = @@collation_connection */ ;
/*!50003 SET character_set_client  = utf8 */ ;
/*!50003 SET character_set_results = utf8 */ ;
/*!50003 SET collation_connection  = utf8_general_ci */ ;
/*!50003 SET @saved_sql_mode       = @@sql_mode */ ;
/*!50003 SET sql_mode              = 'STRICT_TRANS_TABLES,NO_AUTO_CREATE_USER,NO_ENGINE_SUBSTITUTION' */ ;
DELIMITER ;;
CREATE PROCEDURE `sp_Contest_PlayersScore`(p_ContestID INT)
BEGIN







SELECT user_id,



(SELECT CONCAT(tblUser.U_FirstName,' ',tblUser.U_LastName))



 AS    U_FullName,			



			 tblContestPosition.contest_id,



(SELECT tblContest.Contest_Name



FROM tblContest WHERE tblContest.Contest_ID = tblContestPosition.contest_id) as Contest_Name,



			 contest_rank,



			 contest_scores as score



 FROM tblContestPosition INNER JOIN tblContest on tblContestPosition.contest_id = tblContest.Contest_ID



  INNER JOIN tblUser ON tblUser.UserID = tblContestPosition.User_ID 



 WHERE tblContestPosition.contest_id = p_ContestID AND tblContest.Active = 1 AND tblUser.Active = 1



 ORDER BY contest_rank ASC;







END ;;
DELIMITER ;
/*!50003 SET sql_mode              = @saved_sql_mode */ ;
/*!50003 SET character_set_client  = @saved_cs_client */ ;
/*!50003 SET character_set_results = @saved_cs_results */ ;
/*!50003 SET collation_connection  = @saved_col_connection */ ;
/*!50003 DROP PROCEDURE IF EXISTS `sp_DeleteAssignAward` */;
/*!50003 SET @saved_cs_client      = @@character_set_client */ ;
/*!50003 SET @saved_cs_results     = @@character_set_results */ ;
/*!50003 SET @saved_col_connection = @@collation_connection */ ;
/*!50003 SET character_set_client  = utf8 */ ;
/*!50003 SET character_set_results = utf8 */ ;
/*!50003 SET collation_connection  = utf8_general_ci */ ;
/*!50003 SET @saved_sql_mode       = @@sql_mode */ ;
/*!50003 SET sql_mode              = 'STRICT_TRANS_TABLES,NO_AUTO_CREATE_USER,NO_ENGINE_SUBSTITUTION' */ ;
DELIMITER ;;
CREATE PROCEDURE `sp_DeleteAssignAward`(IN `p_UserID` int,IN `p_AwardID` int)
BEGIN

	

DELETE FROM tblUserAwards WHERE tblUserAwards.user_id = p_UserID AND tblUserAwards.userAwardsId=p_AwardID;



END ;;
DELIMITER ;
/*!50003 SET sql_mode              = @saved_sql_mode */ ;
/*!50003 SET character_set_client  = @saved_cs_client */ ;
/*!50003 SET character_set_results = @saved_cs_results */ ;
/*!50003 SET collation_connection  = @saved_col_connection */ ;
/*!50003 DROP PROCEDURE IF EXISTS `sp_DeleteAwardImage` */;
/*!50003 SET @saved_cs_client      = @@character_set_client */ ;
/*!50003 SET @saved_cs_results     = @@character_set_results */ ;
/*!50003 SET @saved_col_connection = @@collation_connection */ ;
/*!50003 SET character_set_client  = utf8 */ ;
/*!50003 SET character_set_results = utf8 */ ;
/*!50003 SET collation_connection  = utf8_general_ci */ ;
/*!50003 SET @saved_sql_mode       = @@sql_mode */ ;
/*!50003 SET sql_mode              = 'STRICT_TRANS_TABLES,NO_AUTO_CREATE_USER,NO_ENGINE_SUBSTITUTION' */ ;
DELIMITER ;;
CREATE PROCEDURE `sp_DeleteAwardImage`(p_ID int)
BEGIN

	

DELETE FROM tblAwardImages where ID = p_ID;

END ;;
DELIMITER ;
/*!50003 SET sql_mode              = @saved_sql_mode */ ;
/*!50003 SET character_set_client  = @saved_cs_client */ ;
/*!50003 SET character_set_results = @saved_cs_results */ ;
/*!50003 SET collation_connection  = @saved_col_connection */ ;
/*!50003 DROP PROCEDURE IF EXISTS `sp_DeleteContest` */;
/*!50003 SET @saved_cs_client      = @@character_set_client */ ;
/*!50003 SET @saved_cs_results     = @@character_set_results */ ;
/*!50003 SET @saved_col_connection = @@collation_connection */ ;
/*!50003 SET character_set_client  = utf8 */ ;
/*!50003 SET character_set_results = utf8 */ ;
/*!50003 SET collation_connection  = utf8_general_ci */ ;
/*!50003 SET @saved_sql_mode       = @@sql_mode */ ;
/*!50003 SET sql_mode              = 'STRICT_TRANS_TABLES,NO_AUTO_CREATE_USER,NO_ENGINE_SUBSTITUTION' */ ;
DELIMITER ;;
CREATE PROCEDURE `sp_DeleteContest`(p_ContestID int)
BEGIN

DELETE FROM contestperformance 
WHERE ContestID = p_ContestID;

DELETE FROM tblcontestssites
WHERE ContestID = p_ContestID;

DELETE FROM tblcontestsroles
WHERE ContestID = p_ContestID;

DELETE FROM tblContest WHERE Contest_ID = p_ContestID ;

END ;;
DELIMITER ;
/*!50003 SET sql_mode              = @saved_sql_mode */ ;
/*!50003 SET character_set_client  = @saved_cs_client */ ;
/*!50003 SET character_set_results = @saved_cs_results */ ;
/*!50003 SET collation_connection  = @saved_col_connection */ ;
/*!50003 DROP PROCEDURE IF EXISTS `sp_DeleteContestPosition` */;
/*!50003 SET @saved_cs_client      = @@character_set_client */ ;
/*!50003 SET @saved_cs_results     = @@character_set_results */ ;
/*!50003 SET @saved_col_connection = @@collation_connection */ ;
/*!50003 SET character_set_client  = utf8 */ ;
/*!50003 SET character_set_results = utf8 */ ;
/*!50003 SET collation_connection  = utf8_general_ci */ ;
/*!50003 SET @saved_sql_mode       = @@sql_mode */ ;
/*!50003 SET sql_mode              = 'NO_AUTO_VALUE_ON_ZERO' */ ;
DELIMITER ;;
CREATE PROCEDURE `sp_DeleteContestPosition`(p_ContestID int)
BEGIN

DELETE FROM tblcontestposition
WHERE ContestId = p_ContestId;

END ;;
DELIMITER ;
/*!50003 SET sql_mode              = @saved_sql_mode */ ;
/*!50003 SET character_set_client  = @saved_cs_client */ ;
/*!50003 SET character_set_results = @saved_cs_results */ ;
/*!50003 SET collation_connection  = @saved_col_connection */ ;
/*!50003 DROP PROCEDURE IF EXISTS `sp_DeleteDataElement` */;
/*!50003 SET @saved_cs_client      = @@character_set_client */ ;
/*!50003 SET @saved_cs_results     = @@character_set_results */ ;
/*!50003 SET @saved_col_connection = @@collation_connection */ ;
/*!50003 SET character_set_client  = utf8 */ ;
/*!50003 SET character_set_results = utf8 */ ;
/*!50003 SET collation_connection  = utf8_general_ci */ ;
/*!50003 SET @saved_sql_mode       = @@sql_mode */ ;
/*!50003 SET sql_mode              = 'STRICT_TRANS_TABLES,NO_AUTO_CREATE_USER,NO_ENGINE_SUBSTITUTION' */ ;
DELIMITER ;;
CREATE PROCEDURE `sp_DeleteDataElement`(p_ElementID int)
BEGIN

DELETE FROM tbldataelement WHERE ElementID = p_ElementID;

END ;;
DELIMITER ;
/*!50003 SET sql_mode              = @saved_sql_mode */ ;
/*!50003 SET character_set_client  = @saved_cs_client */ ;
/*!50003 SET character_set_results = @saved_cs_results */ ;
/*!50003 SET collation_connection  = @saved_col_connection */ ;
/*!50003 DROP PROCEDURE IF EXISTS `sp_DeleteDataSet` */;
/*!50003 SET @saved_cs_client      = @@character_set_client */ ;
/*!50003 SET @saved_cs_results     = @@character_set_results */ ;
/*!50003 SET @saved_col_connection = @@collation_connection */ ;
/*!50003 SET character_set_client  = utf8 */ ;
/*!50003 SET character_set_results = utf8 */ ;
/*!50003 SET collation_connection  = utf8_general_ci */ ;
/*!50003 SET @saved_sql_mode       = @@sql_mode */ ;
/*!50003 SET sql_mode              = 'STRICT_TRANS_TABLES,NO_AUTO_CREATE_USER,NO_ENGINE_SUBSTITUTION' */ ;
DELIMITER ;;
CREATE PROCEDURE `sp_DeleteDataSet`(p_DataSetID int)
BEGIN

DELETE FROM tblMatchDataSets WHERE DataSetID = p_DataSetID;

END ;;
DELIMITER ;
/*!50003 SET sql_mode              = @saved_sql_mode */ ;
/*!50003 SET character_set_client  = @saved_cs_client */ ;
/*!50003 SET character_set_results = @saved_cs_results */ ;
/*!50003 SET collation_connection  = @saved_col_connection */ ;
/*!50003 DROP PROCEDURE IF EXISTS `sp_DeleteDataSetLevel` */;
/*!50003 SET @saved_cs_client      = @@character_set_client */ ;
/*!50003 SET @saved_cs_results     = @@character_set_results */ ;
/*!50003 SET @saved_col_connection = @@collation_connection */ ;
/*!50003 SET character_set_client  = utf8 */ ;
/*!50003 SET character_set_results = utf8 */ ;
/*!50003 SET collation_connection  = utf8_general_ci */ ;
/*!50003 SET @saved_sql_mode       = @@sql_mode */ ;
/*!50003 SET sql_mode              = 'STRICT_TRANS_TABLES,NO_AUTO_CREATE_USER,NO_ENGINE_SUBSTITUTION' */ ;
DELIMITER ;;
CREATE PROCEDURE `sp_DeleteDataSetLevel`(p_DataSetID int)
BEGIN
	
DELETE FROM tblMatchDataSetLevels WHERE DataSetID = p_DataSetID;

END ;;
DELIMITER ;
/*!50003 SET sql_mode              = @saved_sql_mode */ ;
/*!50003 SET character_set_client  = @saved_cs_client */ ;
/*!50003 SET character_set_results = @saved_cs_results */ ;
/*!50003 SET collation_connection  = @saved_col_connection */ ;
/*!50003 DROP PROCEDURE IF EXISTS `sp_deletekpi` */;
/*!50003 SET @saved_cs_client      = @@character_set_client */ ;
/*!50003 SET @saved_cs_results     = @@character_set_results */ ;
/*!50003 SET @saved_col_connection = @@collation_connection */ ;
/*!50003 SET character_set_client  = utf8 */ ;
/*!50003 SET character_set_results = utf8 */ ;
/*!50003 SET collation_connection  = utf8_general_ci */ ;
/*!50003 SET @saved_sql_mode       = @@sql_mode */ ;
/*!50003 SET sql_mode              = 'STRICT_TRANS_TABLES,NO_AUTO_CREATE_USER,NO_ENGINE_SUBSTITUTION' */ ;
DELIMITER ;;
CREATE PROCEDURE `sp_deletekpi`(kpiid int)
BEGIN

delete from tblKPI where KPI_ID = kpiid ;

END ;;
DELIMITER ;
/*!50003 SET sql_mode              = @saved_sql_mode */ ;
/*!50003 SET character_set_client  = @saved_cs_client */ ;
/*!50003 SET character_set_results = @saved_cs_results */ ;
/*!50003 SET collation_connection  = @saved_col_connection */ ;
/*!50003 DROP PROCEDURE IF EXISTS `sp_deletelevel` */;
/*!50003 SET @saved_cs_client      = @@character_set_client */ ;
/*!50003 SET @saved_cs_results     = @@character_set_results */ ;
/*!50003 SET @saved_col_connection = @@collation_connection */ ;
/*!50003 SET character_set_client  = utf8 */ ;
/*!50003 SET character_set_results = utf8 */ ;
/*!50003 SET collation_connection  = utf8_general_ci */ ;
/*!50003 SET @saved_sql_mode       = @@sql_mode */ ;
/*!50003 SET sql_mode              = 'STRICT_TRANS_TABLES,NO_AUTO_CREATE_USER,NO_ENGINE_SUBSTITUTION' */ ;
DELIMITER ;;
CREATE PROCEDURE `sp_deletelevel`(p_LevelID int,p_LevelPosition int,p_RoleID int)
BEGIN
IF ( NOT EXISTS(SELECT * FROM tblLevelPerformance WHERE current_level = p_LevelID or next_level =p_LevelID or last_level =p_LevelID ))
	THEN
delete from tblLevel where Level_ID = p_LevelID;
UPDATE tbllevel
set tbllevel.Level_Position = (tbllevel.Level_Position - 1)
Where tbllevel.Role_ID = p_RoleID AND tbllevel.Level_Position > p_LevelPosition
 ;
ELSE
		CALL DuplicatePRO;
END IF;

END ;;
DELIMITER ;
/*!50003 SET sql_mode              = @saved_sql_mode */ ;
/*!50003 SET character_set_client  = @saved_cs_client */ ;
/*!50003 SET character_set_results = @saved_cs_results */ ;
/*!50003 SET collation_connection  = @saved_col_connection */ ;
/*!50003 DROP PROCEDURE IF EXISTS `sp_DeleteMatch` */;
/*!50003 SET @saved_cs_client      = @@character_set_client */ ;
/*!50003 SET @saved_cs_results     = @@character_set_results */ ;
/*!50003 SET @saved_col_connection = @@collation_connection */ ;
/*!50003 SET character_set_client  = utf8 */ ;
/*!50003 SET character_set_results = utf8 */ ;
/*!50003 SET collation_connection  = utf8_general_ci */ ;
/*!50003 SET @saved_sql_mode       = @@sql_mode */ ;
/*!50003 SET sql_mode              = 'STRICT_TRANS_TABLES,NO_AUTO_CREATE_USER,NO_ENGINE_SUBSTITUTION' */ ;
DELIMITER ;;
CREATE PROCEDURE `sp_DeleteMatch`(p_MatchID int)
BEGIN
	
DELETE FROM tblmatch WHERE MatchID = p_MatchID;

END ;;
DELIMITER ;
/*!50003 SET sql_mode              = @saved_sql_mode */ ;
/*!50003 SET character_set_client  = @saved_cs_client */ ;
/*!50003 SET character_set_results = @saved_cs_results */ ;
/*!50003 SET collation_connection  = @saved_col_connection */ ;
/*!50003 DROP PROCEDURE IF EXISTS `sp_DeleteMatchLevels` */;
/*!50003 SET @saved_cs_client      = @@character_set_client */ ;
/*!50003 SET @saved_cs_results     = @@character_set_results */ ;
/*!50003 SET @saved_col_connection = @@collation_connection */ ;
/*!50003 SET character_set_client  = utf8 */ ;
/*!50003 SET character_set_results = utf8 */ ;
/*!50003 SET collation_connection  = utf8_general_ci */ ;
/*!50003 SET @saved_sql_mode       = @@sql_mode */ ;
/*!50003 SET sql_mode              = 'STRICT_TRANS_TABLES,NO_AUTO_CREATE_USER,NO_ENGINE_SUBSTITUTION' */ ;
DELIMITER ;;
CREATE PROCEDURE `sp_DeleteMatchLevels`(p_MatchID INT)
BEGIN
	DELETE FROM tblmatchlevels  WHERE tblmatchlevels.MatchID = p_MatchID;
END ;;
DELIMITER ;
/*!50003 SET sql_mode              = @saved_sql_mode */ ;
/*!50003 SET character_set_client  = @saved_cs_client */ ;
/*!50003 SET character_set_results = @saved_cs_results */ ;
/*!50003 SET collation_connection  = @saved_col_connection */ ;
/*!50003 DROP PROCEDURE IF EXISTS `sp_DeleteMatchUserScore` */;
/*!50003 SET @saved_cs_client      = @@character_set_client */ ;
/*!50003 SET @saved_cs_results     = @@character_set_results */ ;
/*!50003 SET @saved_col_connection = @@collation_connection */ ;
/*!50003 SET character_set_client  = utf8 */ ;
/*!50003 SET character_set_results = utf8 */ ;
/*!50003 SET collation_connection  = utf8_general_ci */ ;
/*!50003 SET @saved_sql_mode       = @@sql_mode */ ;
/*!50003 SET sql_mode              = 'STRICT_TRANS_TABLES,NO_AUTO_CREATE_USER,NO_ENGINE_SUBSTITUTION' */ ;
DELIMITER ;;
CREATE PROCEDURE `sp_DeleteMatchUserScore`(p_UserID int)
BEGIN

Delete from tblusermatchpointstemperory where UserID=p_UserID;

END ;;
DELIMITER ;
/*!50003 SET sql_mode              = @saved_sql_mode */ ;
/*!50003 SET character_set_client  = @saved_cs_client */ ;
/*!50003 SET character_set_results = @saved_cs_results */ ;
/*!50003 SET collation_connection  = @saved_col_connection */ ;
/*!50003 DROP PROCEDURE IF EXISTS `sp_DeleteMessage` */;
/*!50003 SET @saved_cs_client      = @@character_set_client */ ;
/*!50003 SET @saved_cs_results     = @@character_set_results */ ;
/*!50003 SET @saved_col_connection = @@collation_connection */ ;
/*!50003 SET character_set_client  = utf8 */ ;
/*!50003 SET character_set_results = utf8 */ ;
/*!50003 SET collation_connection  = utf8_general_ci */ ;
/*!50003 SET @saved_sql_mode       = @@sql_mode */ ;
/*!50003 SET sql_mode              = 'STRICT_TRANS_TABLES,NO_AUTO_CREATE_USER,NO_ENGINE_SUBSTITUTION' */ ;
DELIMITER ;;
CREATE PROCEDURE `sp_DeleteMessage`(p_MessageID INT)
BEGIN

	DELETE FROM tblMessages WHERE ID = p_MessageID;



END ;;
DELIMITER ;
/*!50003 SET sql_mode              = @saved_sql_mode */ ;
/*!50003 SET character_set_client  = @saved_cs_client */ ;
/*!50003 SET character_set_results = @saved_cs_results */ ;
/*!50003 SET collation_connection  = @saved_col_connection */ ;
/*!50003 DROP PROCEDURE IF EXISTS `sp_DeleteQuestion` */;
/*!50003 SET @saved_cs_client      = @@character_set_client */ ;
/*!50003 SET @saved_cs_results     = @@character_set_results */ ;
/*!50003 SET @saved_col_connection = @@collation_connection */ ;
/*!50003 SET character_set_client  = utf8 */ ;
/*!50003 SET character_set_results = utf8 */ ;
/*!50003 SET collation_connection  = utf8_general_ci */ ;
/*!50003 SET @saved_sql_mode       = @@sql_mode */ ;
/*!50003 SET sql_mode              = 'STRICT_TRANS_TABLES,NO_AUTO_CREATE_USER,NO_ENGINE_SUBSTITUTION' */ ;
DELIMITER ;;
CREATE PROCEDURE `sp_DeleteQuestion`(p_QuestionID int)
BEGIN

DELETE FROM tblQuizQuestions WHERE tblQuizQuestions.QuestionID = p_QuestionID;

END ;;
DELIMITER ;
/*!50003 SET sql_mode              = @saved_sql_mode */ ;
/*!50003 SET character_set_client  = @saved_cs_client */ ;
/*!50003 SET character_set_results = @saved_cs_results */ ;
/*!50003 SET collation_connection  = @saved_col_connection */ ;
/*!50003 DROP PROCEDURE IF EXISTS `sp_DeleteQuestionLevel` */;
/*!50003 SET @saved_cs_client      = @@character_set_client */ ;
/*!50003 SET @saved_cs_results     = @@character_set_results */ ;
/*!50003 SET @saved_col_connection = @@collation_connection */ ;
/*!50003 SET character_set_client  = utf8 */ ;
/*!50003 SET character_set_results = utf8 */ ;
/*!50003 SET collation_connection  = utf8_general_ci */ ;
/*!50003 SET @saved_sql_mode       = @@sql_mode */ ;
/*!50003 SET sql_mode              = 'STRICT_TRANS_TABLES,NO_AUTO_CREATE_USER,NO_ENGINE_SUBSTITUTION' */ ;
DELIMITER ;;
CREATE PROCEDURE `sp_DeleteQuestionLevel`(p_QuestionID int)
BEGIN
	
DELETE FROM tblQuestionLevels WHERE tblQuestionLevels.QuestionID = p_QuestionID;

END ;;
DELIMITER ;
/*!50003 SET sql_mode              = @saved_sql_mode */ ;
/*!50003 SET character_set_client  = @saved_cs_client */ ;
/*!50003 SET character_set_results = @saved_cs_results */ ;
/*!50003 SET collation_connection  = @saved_col_connection */ ;
/*!50003 DROP PROCEDURE IF EXISTS `sp_DeleteQuiz` */;
/*!50003 SET @saved_cs_client      = @@character_set_client */ ;
/*!50003 SET @saved_cs_results     = @@character_set_results */ ;
/*!50003 SET @saved_col_connection = @@collation_connection */ ;
/*!50003 SET character_set_client  = utf8 */ ;
/*!50003 SET character_set_results = utf8 */ ;
/*!50003 SET collation_connection  = utf8_general_ci */ ;
/*!50003 SET @saved_sql_mode       = @@sql_mode */ ;
/*!50003 SET sql_mode              = 'STRICT_TRANS_TABLES,NO_AUTO_CREATE_USER,NO_ENGINE_SUBSTITUTION' */ ;
DELIMITER ;;
CREATE PROCEDURE `sp_DeleteQuiz`(p_QuizID int)
BEGIN

	

DELETE FROM tblQuiz WHERE tblQuiz.QuizID = p_QuizID;



END ;;
DELIMITER ;
/*!50003 SET sql_mode              = @saved_sql_mode */ ;
/*!50003 SET character_set_client  = @saved_cs_client */ ;
/*!50003 SET character_set_results = @saved_cs_results */ ;
/*!50003 SET collation_connection  = @saved_col_connection */ ;
/*!50003 DROP PROCEDURE IF EXISTS `sp_DeleteQuizLevels` */;
/*!50003 SET @saved_cs_client      = @@character_set_client */ ;
/*!50003 SET @saved_cs_results     = @@character_set_results */ ;
/*!50003 SET @saved_col_connection = @@collation_connection */ ;
/*!50003 SET character_set_client  = utf8 */ ;
/*!50003 SET character_set_results = utf8 */ ;
/*!50003 SET collation_connection  = utf8_general_ci */ ;
/*!50003 SET @saved_sql_mode       = @@sql_mode */ ;
/*!50003 SET sql_mode              = 'STRICT_TRANS_TABLES,NO_AUTO_CREATE_USER,NO_ENGINE_SUBSTITUTION' */ ;
DELIMITER ;;
CREATE PROCEDURE `sp_DeleteQuizLevels`(p_QuizID INT)
BEGIN
	DELETE FROM tblquizlevels  WHERE tblquizlevels.QuizID = p_QuizID;
END ;;
DELIMITER ;
/*!50003 SET sql_mode              = @saved_sql_mode */ ;
/*!50003 SET character_set_client  = @saved_cs_client */ ;
/*!50003 SET character_set_results = @saved_cs_results */ ;
/*!50003 SET collation_connection  = @saved_col_connection */ ;
/*!50003 DROP PROCEDURE IF EXISTS `sp_deletereward` */;
/*!50003 SET @saved_cs_client      = @@character_set_client */ ;
/*!50003 SET @saved_cs_results     = @@character_set_results */ ;
/*!50003 SET @saved_col_connection = @@collation_connection */ ;
/*!50003 SET character_set_client  = utf8 */ ;
/*!50003 SET character_set_results = utf8 */ ;
/*!50003 SET collation_connection  = utf8_general_ci */ ;
/*!50003 SET @saved_sql_mode       = @@sql_mode */ ;
/*!50003 SET sql_mode              = 'STRICT_TRANS_TABLES,NO_AUTO_CREATE_USER,NO_ENGINE_SUBSTITUTION' */ ;
DELIMITER ;;
CREATE PROCEDURE `sp_deletereward`(rewardid int)
BEGIN

delete from tblRewards where Reward_ID = rewardid;

END ;;
DELIMITER ;
/*!50003 SET sql_mode              = @saved_sql_mode */ ;
/*!50003 SET character_set_client  = @saved_cs_client */ ;
/*!50003 SET character_set_results = @saved_cs_results */ ;
/*!50003 SET collation_connection  = @saved_col_connection */ ;
/*!50003 DROP PROCEDURE IF EXISTS `sp_DeleteRewardImage` */;
/*!50003 SET @saved_cs_client      = @@character_set_client */ ;
/*!50003 SET @saved_cs_results     = @@character_set_results */ ;
/*!50003 SET @saved_col_connection = @@collation_connection */ ;
/*!50003 SET character_set_client  = utf8 */ ;
/*!50003 SET character_set_results = utf8 */ ;
/*!50003 SET collation_connection  = utf8_general_ci */ ;
/*!50003 SET @saved_sql_mode       = @@sql_mode */ ;
/*!50003 SET sql_mode              = 'STRICT_TRANS_TABLES,NO_AUTO_CREATE_USER,NO_ENGINE_SUBSTITUTION' */ ;
DELIMITER ;;
CREATE PROCEDURE `sp_DeleteRewardImage`(p_ID int)
BEGIN

	

DELETE FROM tblRewardImages where ID = p_ID;



END ;;
DELIMITER ;
/*!50003 SET sql_mode              = @saved_sql_mode */ ;
/*!50003 SET character_set_client  = @saved_cs_client */ ;
/*!50003 SET character_set_results = @saved_cs_results */ ;
/*!50003 SET collation_connection  = @saved_col_connection */ ;
/*!50003 DROP PROCEDURE IF EXISTS `sp_deleterole` */;
/*!50003 SET @saved_cs_client      = @@character_set_client */ ;
/*!50003 SET @saved_cs_results     = @@character_set_results */ ;
/*!50003 SET @saved_col_connection = @@collation_connection */ ;
/*!50003 SET character_set_client  = utf8 */ ;
/*!50003 SET character_set_results = utf8 */ ;
/*!50003 SET collation_connection  = utf8_general_ci */ ;
/*!50003 SET @saved_sql_mode       = @@sql_mode */ ;
/*!50003 SET sql_mode              = 'STRICT_TRANS_TABLES,NO_AUTO_CREATE_USER,NO_ENGINE_SUBSTITUTION' */ ;
DELIMITER ;;
CREATE PROCEDURE `sp_deleterole`(roleid int)
BEGIN

delete from tblRoles where Role_ID = roleid;



END ;;
DELIMITER ;
/*!50003 SET sql_mode              = @saved_sql_mode */ ;
/*!50003 SET character_set_client  = @saved_cs_client */ ;
/*!50003 SET character_set_results = @saved_cs_results */ ;
/*!50003 SET collation_connection  = @saved_col_connection */ ;
/*!50003 DROP PROCEDURE IF EXISTS `sp_DeleteRound` */;
/*!50003 SET @saved_cs_client      = @@character_set_client */ ;
/*!50003 SET @saved_cs_results     = @@character_set_results */ ;
/*!50003 SET @saved_col_connection = @@collation_connection */ ;
/*!50003 SET character_set_client  = utf8 */ ;
/*!50003 SET character_set_results = utf8 */ ;
/*!50003 SET collation_connection  = utf8_general_ci */ ;
/*!50003 SET @saved_sql_mode       = @@sql_mode */ ;
/*!50003 SET sql_mode              = 'STRICT_TRANS_TABLES,NO_AUTO_CREATE_USER,NO_ENGINE_SUBSTITUTION' */ ;
DELIMITER ;;
CREATE PROCEDURE `sp_DeleteRound`(p_RoundID int)
BEGIN

DELETE FROM tblround WHERE RoundID = p_RoundID;

END ;;
DELIMITER ;
/*!50003 SET sql_mode              = @saved_sql_mode */ ;
/*!50003 SET character_set_client  = @saved_cs_client */ ;
/*!50003 SET character_set_results = @saved_cs_results */ ;
/*!50003 SET collation_connection  = @saved_col_connection */ ;
/*!50003 DROP PROCEDURE IF EXISTS `sp_DeleteSecurityAnswers` */;
/*!50003 SET @saved_cs_client      = @@character_set_client */ ;
/*!50003 SET @saved_cs_results     = @@character_set_results */ ;
/*!50003 SET @saved_col_connection = @@collation_connection */ ;
/*!50003 SET character_set_client  = utf8 */ ;
/*!50003 SET character_set_results = utf8 */ ;
/*!50003 SET collation_connection  = utf8_general_ci */ ;
/*!50003 SET @saved_sql_mode       = @@sql_mode */ ;
/*!50003 SET sql_mode              = 'STRICT_TRANS_TABLES,NO_AUTO_CREATE_USER,NO_ENGINE_SUBSTITUTION' */ ;
DELIMITER ;;
CREATE PROCEDURE `sp_DeleteSecurityAnswers`(p_UserID int)
BEGIN
Delete from tblSecurityAnswers where UserID = p_UserID; 
END ;;
DELIMITER ;
/*!50003 SET sql_mode              = @saved_sql_mode */ ;
/*!50003 SET character_set_client  = @saved_cs_client */ ;
/*!50003 SET character_set_results = @saved_cs_results */ ;
/*!50003 SET collation_connection  = @saved_col_connection */ ;
/*!50003 DROP PROCEDURE IF EXISTS `sp_DeleteTarget` */;
/*!50003 SET @saved_cs_client      = @@character_set_client */ ;
/*!50003 SET @saved_cs_results     = @@character_set_results */ ;
/*!50003 SET @saved_col_connection = @@collation_connection */ ;
/*!50003 SET character_set_client  = utf8 */ ;
/*!50003 SET character_set_results = utf8 */ ;
/*!50003 SET collation_connection  = utf8_general_ci */ ;
/*!50003 SET @saved_sql_mode       = @@sql_mode */ ;
/*!50003 SET sql_mode              = 'STRICT_TRANS_TABLES,NO_AUTO_CREATE_USER,NO_ENGINE_SUBSTITUTION' */ ;
DELIMITER ;;
CREATE PROCEDURE `sp_DeleteTarget`(p_TargetID int)
BEGIN

delete from tblTarget where Target_ID = p_TargetID ;

END ;;
DELIMITER ;
/*!50003 SET sql_mode              = @saved_sql_mode */ ;
/*!50003 SET character_set_client  = @saved_cs_client */ ;
/*!50003 SET character_set_results = @saved_cs_results */ ;
/*!50003 SET collation_connection  = @saved_col_connection */ ;
/*!50003 DROP PROCEDURE IF EXISTS `sp_DeleteUserImage` */;
/*!50003 SET @saved_cs_client      = @@character_set_client */ ;
/*!50003 SET @saved_cs_results     = @@character_set_results */ ;
/*!50003 SET @saved_col_connection = @@collation_connection */ ;
/*!50003 SET character_set_client  = utf8 */ ;
/*!50003 SET character_set_results = utf8 */ ;
/*!50003 SET collation_connection  = utf8_general_ci */ ;
/*!50003 SET @saved_sql_mode       = @@sql_mode */ ;
/*!50003 SET sql_mode              = 'STRICT_TRANS_TABLES,NO_AUTO_CREATE_USER,NO_ENGINE_SUBSTITUTION' */ ;
DELIMITER ;;
CREATE PROCEDURE `sp_DeleteUserImage`(p_UserIDImage INT)
BEGIN

	DELETE FROM tblUserImages WHERE U_UserIDImage = p_UserIDImage;



END ;;
DELIMITER ;
/*!50003 SET sql_mode              = @saved_sql_mode */ ;
/*!50003 SET character_set_client  = @saved_cs_client */ ;
/*!50003 SET character_set_results = @saved_cs_results */ ;
/*!50003 SET collation_connection  = @saved_col_connection */ ;
/*!50003 DROP PROCEDURE IF EXISTS `sp_DeleteUserScore` */;
/*!50003 SET @saved_cs_client      = @@character_set_client */ ;
/*!50003 SET @saved_cs_results     = @@character_set_results */ ;
/*!50003 SET @saved_col_connection = @@collation_connection */ ;
/*!50003 SET character_set_client  = utf8 */ ;
/*!50003 SET character_set_results = utf8 */ ;
/*!50003 SET collation_connection  = utf8_general_ci */ ;
/*!50003 SET @saved_sql_mode       = @@sql_mode */ ;
/*!50003 SET sql_mode              = 'STRICT_TRANS_TABLES,NO_AUTO_CREATE_USER,NO_ENGINE_SUBSTITUTION' */ ;
DELIMITER ;;
CREATE PROCEDURE `sp_DeleteUserScore`(p_UserID int)
BEGIN

Delete from tblUserQuizPointsTemperory where UserID=p_UserID;

END ;;
DELIMITER ;
/*!50003 SET sql_mode              = @saved_sql_mode */ ;
/*!50003 SET character_set_client  = @saved_cs_client */ ;
/*!50003 SET character_set_results = @saved_cs_results */ ;
/*!50003 SET collation_connection  = @saved_col_connection */ ;
/*!50003 DROP PROCEDURE IF EXISTS `sp_DuplicateContest` */;
/*!50003 SET @saved_cs_client      = @@character_set_client */ ;
/*!50003 SET @saved_cs_results     = @@character_set_results */ ;
/*!50003 SET @saved_col_connection = @@collation_connection */ ;
/*!50003 SET character_set_client  = utf8 */ ;
/*!50003 SET character_set_results = utf8 */ ;
/*!50003 SET collation_connection  = utf8_general_ci */ ;
/*!50003 SET @saved_sql_mode       = @@sql_mode */ ;
/*!50003 SET sql_mode              = 'STRICT_TRANS_TABLES,NO_AUTO_CREATE_USER,NO_ENGINE_SUBSTITUTION' */ ;
DELIMITER ;;
CREATE PROCEDURE `sp_DuplicateContest`(p_ContestID INT)
BEGIN

DECLARE p_Cid INT;

INSERT INTO tblContests (ContestName,FromDate,ToDate,KPI_ID)
  SELECT CONCAT(ContestName, ' - Copy') AS ContestName ,FromDate,ToDate,KPI_ID
  FROM tblContests WHERE tblContests.ContestID = p_ContestID;

SET p_Cid = LAST_INSERT_ID();

INSERT INTO tblcontestssites(ContestId,Site_Id)
	SELECT p_Cid, Site_Id
    FROM tblcontestssites WHERE ContestId = p_ContestID;

INSERT INTO tblcontestsroles(ContestId,Role_Id)
	SELECT p_Cid, Role_Id
    FROM tblcontestsroles WHERE ContestId = p_ContestID;
    
INSERT INTO tblcontestposition(ContestId,Award_ID,Position,Points)
	SELECT p_Cid,Award_ID,Position,Points
    FROM tblcontestposition WHERE ContestId = p_ContestID;

INSERT INTO contestperformance
(ContestID, UserID, KPIID, Value, LastUpdated)
SELECT p_Cid AS ContestID, u.UserID, (SELECT KPI_ID FROM tblContests WHERE tblContests.ContestID = p_ContestID) AS KPIID, 0 AS Value, now() AS LastUpdated 
FROM 
	tbluser u INNER JOIN tbluserimages i ON u.UserID = i.UserID
WHERE
	u.Active = 1 AND i.U_Current = 1 AND u.U_RolesID = (SELECT Role_Id FROM tblcontestsroles WHERE ContestId = p_ContestID) AND u.U_SiteID = (SELECT Site_Id  FROM tblcontestssites WHERE ContestId = p_ContestID);

END ;;
DELIMITER ;
/*!50003 SET sql_mode              = @saved_sql_mode */ ;
/*!50003 SET character_set_client  = @saved_cs_client */ ;
/*!50003 SET character_set_results = @saved_cs_results */ ;
/*!50003 SET collation_connection  = @saved_col_connection */ ;
/*!50003 DROP PROCEDURE IF EXISTS `sp_FillLeaderBoard` */;
/*!50003 SET @saved_cs_client      = @@character_set_client */ ;
/*!50003 SET @saved_cs_results     = @@character_set_results */ ;
/*!50003 SET @saved_col_connection = @@collation_connection */ ;
/*!50003 SET character_set_client  = utf8 */ ;
/*!50003 SET character_set_results = utf8 */ ;
/*!50003 SET collation_connection  = utf8_general_ci */ ;
/*!50003 SET @saved_sql_mode       = @@sql_mode */ ;
/*!50003 SET sql_mode              = 'STRICT_TRANS_TABLES,NO_AUTO_CREATE_USER,NO_ENGINE_SUBSTITUTION' */ ;
DELIMITER ;;
CREATE PROCEDURE `sp_FillLeaderBoard`()
BEGIN

	DELETE FROM tblcontestscores;

	INSERT INTO `tblcontestscores`
	(`User_ID`,
	`ContestId`,
	`Score`,
	`Entry_Date`)
	SELECT 
		c.UserID,
		c.ContestID,
		sum(c.Value) AS Value, 
		c.LastUpdated 
	FROM 
		contestperformance c INNER JOIN tbluser u ON c.UserID = u.UserID
	GROUP BY c.UserID;

	INSERT INTO `tblcontestlog`	(`lastrun`) VALUES (current_timestamp);

END ;;
DELIMITER ;
/*!50003 SET sql_mode              = @saved_sql_mode */ ;
/*!50003 SET character_set_client  = @saved_cs_client */ ;
/*!50003 SET character_set_results = @saved_cs_results */ ;
/*!50003 SET collation_connection  = @saved_col_connection */ ;
/*!50003 DROP PROCEDURE IF EXISTS `sp_GelMilestonesDetail` */;
/*!50003 SET @saved_cs_client      = @@character_set_client */ ;
/*!50003 SET @saved_cs_results     = @@character_set_results */ ;
/*!50003 SET @saved_col_connection = @@collation_connection */ ;
/*!50003 SET character_set_client  = utf8 */ ;
/*!50003 SET character_set_results = utf8 */ ;
/*!50003 SET collation_connection  = utf8_general_ci */ ;
/*!50003 SET @saved_sql_mode       = @@sql_mode */ ;
/*!50003 SET sql_mode              = 'STRICT_TRANS_TABLES,NO_AUTO_CREATE_USER,NO_ENGINE_SUBSTITUTION' */ ;
DELIMITER ;;
CREATE PROCEDURE `sp_GelMilestonesDetail`(p_AwardID int)
BEGIN

	

SELECT * FROM





((SELECT SUM(Score) AS AchievedScore FROM tblScores WHERE U_Type = 'KPI' AND Type_ID = 

	(SELECT KPIID FROM tblAwards 

		WHERE Award_ID = p_AwardID)) AS AScore,

(SELECT tblTarget.Target_Value AS TargetValue FROM tblAwards 

INNER JOIN tblTarget ON

tblAwards.TargetID = tblTarget.Target_ID

WHERE Award_ID = p_AwardID) AS TValue

);



END ;;
DELIMITER ;
/*!50003 SET sql_mode              = @saved_sql_mode */ ;
/*!50003 SET character_set_client  = @saved_cs_client */ ;
/*!50003 SET character_set_results = @saved_cs_results */ ;
/*!50003 SET collation_connection  = @saved_col_connection */ ;
/*!50003 DROP PROCEDURE IF EXISTS `sp_GetAllSites` */;
/*!50003 SET @saved_cs_client      = @@character_set_client */ ;
/*!50003 SET @saved_cs_results     = @@character_set_results */ ;
/*!50003 SET @saved_col_connection = @@collation_connection */ ;
/*!50003 SET character_set_client  = utf8 */ ;
/*!50003 SET character_set_results = utf8 */ ;
/*!50003 SET collation_connection  = utf8_general_ci */ ;
/*!50003 SET @saved_sql_mode       = @@sql_mode */ ;
/*!50003 SET sql_mode              = 'STRICT_TRANS_TABLES,NO_AUTO_CREATE_USER,NO_ENGINE_SUBSTITUTION' */ ;
DELIMITER ;;
CREATE PROCEDURE `sp_GetAllSites`()
BEGIN

	

	SELECT site_id,site_name,site_type,site_address,Active FROM tblSite;



END ;;
DELIMITER ;
/*!50003 SET sql_mode              = @saved_sql_mode */ ;
/*!50003 SET character_set_client  = @saved_cs_client */ ;
/*!50003 SET character_set_results = @saved_cs_results */ ;
/*!50003 SET collation_connection  = @saved_col_connection */ ;
/*!50003 DROP PROCEDURE IF EXISTS `sp_GetAutomaticAwards` */;
/*!50003 SET @saved_cs_client      = @@character_set_client */ ;
/*!50003 SET @saved_cs_results     = @@character_set_results */ ;
/*!50003 SET @saved_col_connection = @@collation_connection */ ;
/*!50003 SET character_set_client  = utf8 */ ;
/*!50003 SET character_set_results = utf8 */ ;
/*!50003 SET collation_connection  = utf8_general_ci */ ;
/*!50003 SET @saved_sql_mode       = @@sql_mode */ ;
/*!50003 SET sql_mode              = 'STRICT_TRANS_TABLES,NO_AUTO_CREATE_USER,NO_ENGINE_SUBSTITUTION' */ ;
DELIMITER ;;
CREATE PROCEDURE `sp_GetAutomaticAwards`(p_UserID INT)
BEGIN
	/*SELECT
tblAwards.Award_ID,
tblAwards.Award_Name,
tblAwards.Award_Desc,
tblKPI.KPI_name,
tblAwards.KPIID,
tblAwards.Target_Value,
SUM(tblScores.Score) AS Score
,(((IFNULL(sum(tblScores.Score),0)) / tblAwards.Target_Value) * 100) AS Percentage,
'automatic' AS Type
,'' AS awarded_date
,(SELECT Award_Image FROM tblAwardImages WHERE Current_Image = 1 AND Active = 1 AND tblAwardImages.Award_ID = tblAwards.Award_ID) as Award_Image
FROM
tblAwards

INNER JOIN tblKPI ON tblAwards.KPIID = tblKPI.KPI_ID
INNER JOIN tblScores ON tblAwards.KPIID = tblScores.Type_ID AND tblScores.User_ID = p_UserID AND tblScores.U_Type = 'KPI'
WHERE tblAwards.Award_Manual = 0 AND tblAwards.KPIID = tblScores.Type_ID AND tblScores.User_ID = p_UserID AND tblScores.U_Type = 'KPI'

UNION

SELECT
tblAwards.Award_ID,
tblAwards.Award_Name,
tblAwards.Award_Desc
,'' AS KPI_name,
tblAwards.KPIID,
tblAwards.Target_Value,
'' AS Score
,'' AS Percentage
,'manual' AS Type
,tblUserAwards.awarded_date
,(SELECT Award_Image FROM tblAwardImages WHERE Current_Image = 1 AND Active = 1 AND tblAwardImages.Award_ID = tblAwards.Award_ID) as Award_Image
FROM
tblAwards
INNER JOIN tblUserAwards ON tblAwards.Award_ID = tblUserAwards.award_id
INNER JOIN tblAwardImages ON tblAwards.Award_ID = tblAwardImages.Award_ID
WHERE tblAwards.Award_Manual = 1  AND tblUserAwards.user_id = p_UserID*/



/*SELECT
tblAwards.Award_ID,
tblAwards.Award_Name,
tblAwards.Award_Desc,
tblAwards.KPIID,
tblAwards.Target_Value,
tblAwards.Award_Manual,
tblAwards.Active,
tblAwards.AwardCategoryID,

(SELECT Award_Image FROM tblAwardImages WHERE Current_Image = 1 AND Active = 1 AND tblAwardImages.Award_ID = tblAwards.Award_ID) as Award_Image,
(select 'yes' from tblUserAwards where award_id=tblAwards.Award_ID and tblUserAwards.user_id=p_UserID ) AS AchievedAward,
( Select  IFNULL((((IFNULL(sum(tblScores.Score),0)) / tblAwards.Target_Value) * 100),0) from tblScores where tblScores.User_ID=p_UserID and tblScores.Type_ID=tblAwards.KPIID and tblScores.U_Type='KPI'  ) AS Percentage,
( Select  IFNULL(sum(tblScores.Score),0) from tblScores where tblScores.User_ID=p_UserID  and tblScores.Type_ID=tblAwards.KPIID and tblScores.U_Type='KPI'  ) AS Scores,
(select awarded_date from tblUserAwards where award_id=tblAwards.Award_ID and  tblUserAwards.user_id=p_UserID ) AS awarded_date,
(select popup_showed from tblUserAwards where award_id=tblAwards.Award_ID and  tblUserAwards.user_id=p_UserID ) AS popup_showed,
tblKPI.KPI_name
FROM
tblAwards
LEFT OUTER JOIN  tblKPI ON tblAwards.KPIID = tblKPI.KPI_ID
where tblAwards.Active = 1*/

select tblAwards.Award_Name,tblUserAwards.popup_showed,tblUserAwards.awarded_date,tblUserAwards.user_id,tblUserAwards.manual as Award_Manual,tblUserAwards.award_id,
( Select  IFNULL((((IFNULL(sum(tblUserAwards.achieved_scores),0)) / tblAwards.Target_Value) * 100),0) from tblUserAwards where tblUserAwards.user_id=p_UserID and tblUserAwards.award_id=tblAwards.Award_ID) AS Percentage,
(Select  IFNULL(sum(tblUserAwards.achieved_scores),0) from tblUserAwards where tblUserAwards.user_id=p_UserID  and tblUserAwards.award_id=tblAwards.Award_ID ) AS Scores,
(SELECT Award_Image FROM tblAwardImages WHERE Current_Image = 1 AND Active = 1 AND tblAwardImages.Award_ID = tblAwards.Award_ID) as Award_Image,
(Select AwardCategoryID FROM tblAwards Where tblAwards.Award_ID = tblUserAwards.award_id) as AwardCategoryID

from tblAwards,tblUserAwards

Where tblAwards.Award_ID = tblUserAwards.award_id and tblUserAwards.user_id=p_UserID
;

SELECT Award_Manual ,Target_Value,Award_ID,Award_Name,Award_Desc,AwardCategoryID,
(SELECT Award_Image FROM tblAwardImages WHERE Current_Image = 1 AND Active = 1 AND tblAwardImages.Award_ID = tblAwards.Award_ID) as Award_Image,
(Select   IFNULL(sum(tblUserAwards.achieved_scores),0) from tblUserAwards where tblUserAwards.user_id=p_UserID  and tblUserAwards.award_id=tblAwards.Award_ID  ) AS Scores,
 ( Select  IFNULL((((IFNULL(sum(tblUserAwards.achieved_scores),0)) / tblAwards.Target_Value) * 100),0) from tblUserAwards where tblUserAwards.user_id=p_UserID  and tblUserAwards.award_id=tblAwards.Award_ID ) AS Percentage 
from tblAwards;

END ;;
DELIMITER ;
/*!50003 SET sql_mode              = @saved_sql_mode */ ;
/*!50003 SET character_set_client  = @saved_cs_client */ ;
/*!50003 SET character_set_results = @saved_cs_results */ ;
/*!50003 SET collation_connection  = @saved_col_connection */ ;
/*!50003 DROP PROCEDURE IF EXISTS `sp_GetAward` */;
/*!50003 SET @saved_cs_client      = @@character_set_client */ ;
/*!50003 SET @saved_cs_results     = @@character_set_results */ ;
/*!50003 SET @saved_col_connection = @@collation_connection */ ;
/*!50003 SET character_set_client  = utf8 */ ;
/*!50003 SET character_set_results = utf8 */ ;
/*!50003 SET collation_connection  = utf8_general_ci */ ;
/*!50003 SET @saved_sql_mode       = @@sql_mode */ ;
/*!50003 SET sql_mode              = 'STRICT_TRANS_TABLES,NO_AUTO_CREATE_USER,NO_ENGINE_SUBSTITUTION' */ ;
DELIMITER ;;
CREATE PROCEDURE `sp_GetAward`()
BEGIN



SELECT  Award_Name,

				Award_ID,				

				Award_Desc,

                Award_Manual,

				AwardCategoryID,

(SELECT Award_Image FROM tblAwardImages WHERE Current_Image = 1 AND Active = 1 AND tblAwardImages.Award_ID = tblAwards.Award_ID) as Award_Image,

(SELECT Award_Thumbnail FROM tblAwardImages WHERE Current_Image = 1 AND Active = 1 AND tblAwardImages.Award_ID = tblAwards.Award_ID) as Award_Thumbnail,

				tblAwards.Active,	tblAwards.KPIID,tblAwards.Target_Value,tblKPI.KPI_name,tblAwards.Active 

FROM tblAwards

LEFT JOIN tblKPI ON

tblAwards.KPIID = tblKPI.KPI_ID

AND tblKPI.Active = 1;



END ;;
DELIMITER ;
/*!50003 SET sql_mode              = @saved_sql_mode */ ;
/*!50003 SET character_set_client  = @saved_cs_client */ ;
/*!50003 SET character_set_results = @saved_cs_results */ ;
/*!50003 SET collation_connection  = @saved_col_connection */ ;
/*!50003 DROP PROCEDURE IF EXISTS `sp_GetAwardDetails` */;
/*!50003 SET @saved_cs_client      = @@character_set_client */ ;
/*!50003 SET @saved_cs_results     = @@character_set_results */ ;
/*!50003 SET @saved_col_connection = @@collation_connection */ ;
/*!50003 SET character_set_client  = utf8 */ ;
/*!50003 SET character_set_results = utf8 */ ;
/*!50003 SET collation_connection  = utf8_general_ci */ ;
/*!50003 SET @saved_sql_mode       = @@sql_mode */ ;
/*!50003 SET sql_mode              = 'STRICT_TRANS_TABLES,NO_AUTO_CREATE_USER,NO_ENGINE_SUBSTITUTION' */ ;
DELIMITER ;;
CREATE PROCEDURE `sp_GetAwardDetails`(p_AwardID INT)
BEGIN

	SELECT  Award_Name,

					Award_ID,					

					Award_Desc,

					Active,

					AwardCategoryID

					

	FROM tblAwards	

	WHERE Award_ID = p_AwardID and Active = 1;



END ;;
DELIMITER ;
/*!50003 SET sql_mode              = @saved_sql_mode */ ;
/*!50003 SET character_set_client  = @saved_cs_client */ ;
/*!50003 SET character_set_results = @saved_cs_results */ ;
/*!50003 SET collation_connection  = @saved_col_connection */ ;
/*!50003 DROP PROCEDURE IF EXISTS `sp_GetAwardID` */;
/*!50003 SET @saved_cs_client      = @@character_set_client */ ;
/*!50003 SET @saved_cs_results     = @@character_set_results */ ;
/*!50003 SET @saved_col_connection = @@collation_connection */ ;
/*!50003 SET character_set_client  = utf8 */ ;
/*!50003 SET character_set_results = utf8 */ ;
/*!50003 SET collation_connection  = utf8_general_ci */ ;
/*!50003 SET @saved_sql_mode       = @@sql_mode */ ;
/*!50003 SET sql_mode              = 'STRICT_TRANS_TABLES,NO_AUTO_CREATE_USER,NO_ENGINE_SUBSTITUTION' */ ;
DELIMITER ;;
CREATE PROCEDURE `sp_GetAwardID`(p_kpiID int)
BEGIN
	SELECT Award_ID
	From tblawards
	Where tblawards.KPIID = p_kpiID;

END ;;
DELIMITER ;
/*!50003 SET sql_mode              = @saved_sql_mode */ ;
/*!50003 SET character_set_client  = @saved_cs_client */ ;
/*!50003 SET character_set_results = @saved_cs_results */ ;
/*!50003 SET collation_connection  = @saved_col_connection */ ;
/*!50003 DROP PROCEDURE IF EXISTS `sp_GetAwardImages` */;
/*!50003 SET @saved_cs_client      = @@character_set_client */ ;
/*!50003 SET @saved_cs_results     = @@character_set_results */ ;
/*!50003 SET @saved_col_connection = @@collation_connection */ ;
/*!50003 SET character_set_client  = utf8 */ ;
/*!50003 SET character_set_results = utf8 */ ;
/*!50003 SET collation_connection  = utf8_general_ci */ ;
/*!50003 SET @saved_sql_mode       = @@sql_mode */ ;
/*!50003 SET sql_mode              = 'STRICT_TRANS_TABLES,NO_AUTO_CREATE_USER,NO_ENGINE_SUBSTITUTION' */ ;
DELIMITER ;;
CREATE PROCEDURE `sp_GetAwardImages`()
BEGIN

SELECT ID, tblAwardImages.Award_ID, Award_Image,Award_Thumbnail, Uploaded_Date, Current_Image

FROM tblAwardImages

INNER JOIN tblAwards ON

tblAwards.Award_ID = tblAwardImages.Award_ID

WHERE tblAwards.Active = 1;

END ;;
DELIMITER ;
/*!50003 SET sql_mode              = @saved_sql_mode */ ;
/*!50003 SET character_set_client  = @saved_cs_client */ ;
/*!50003 SET character_set_results = @saved_cs_results */ ;
/*!50003 SET collation_connection  = @saved_col_connection */ ;
/*!50003 DROP PROCEDURE IF EXISTS `sp_GetCategory` */;
/*!50003 SET @saved_cs_client      = @@character_set_client */ ;
/*!50003 SET @saved_cs_results     = @@character_set_results */ ;
/*!50003 SET @saved_col_connection = @@collation_connection */ ;
/*!50003 SET character_set_client  = utf8 */ ;
/*!50003 SET character_set_results = utf8 */ ;
/*!50003 SET collation_connection  = utf8_general_ci */ ;
/*!50003 SET @saved_sql_mode       = @@sql_mode */ ;
/*!50003 SET sql_mode              = 'STRICT_TRANS_TABLES,NO_AUTO_CREATE_USER,NO_ENGINE_SUBSTITUTION' */ ;
DELIMITER ;;
CREATE PROCEDURE `sp_GetCategory`()
BEGIN
Select * from tblQuizCategory;
END ;;
DELIMITER ;
/*!50003 SET sql_mode              = @saved_sql_mode */ ;
/*!50003 SET character_set_client  = @saved_cs_client */ ;
/*!50003 SET character_set_results = @saved_cs_results */ ;
/*!50003 SET collation_connection  = @saved_col_connection */ ;
/*!50003 DROP PROCEDURE IF EXISTS `sp_GetContest` */;
/*!50003 SET @saved_cs_client      = @@character_set_client */ ;
/*!50003 SET @saved_cs_results     = @@character_set_results */ ;
/*!50003 SET @saved_col_connection = @@collation_connection */ ;
/*!50003 SET character_set_client  = utf8 */ ;
/*!50003 SET character_set_results = utf8 */ ;
/*!50003 SET collation_connection  = utf8_general_ci */ ;
/*!50003 SET @saved_sql_mode       = @@sql_mode */ ;
/*!50003 SET sql_mode              = 'NO_AUTO_VALUE_ON_ZERO' */ ;
DELIMITER ;;
CREATE PROCEDURE `sp_GetContest`(p_Where VARCHAR(10000))
BEGIN

DECLARE p_Select VARCHAR(2000);
DECLARE p_Order VARCHAR(100);
DECLARE p_Inter VARCHAR(1000);
DECLARE p_FinalQuery varchar(8000);

SET p_Select = 
'SELECT a.ContestId, a.ContestName, a.FromDate, a.ToDate, a.KPI_ID, b.Role_Id, c.Site_Id
FROM tblcontests a
INNER JOIN tblcontestsroles b ON a.ContestId = b.ContestId
INNER JOIN tblcontestssites c ON a.ContestId = c.ContestId';

SET p_Inter = CONCAT(p_Select,p_Where);

SET p_Order =
' ORDER BY a.ContestId ASC';

SET @p_FinalQuery = CONCAT(p_Inter,p_Order);
PREPARE result from @p_FinalQuery;
EXECUTE result;
DEALLOCATE PREPARE result;


END ;;
DELIMITER ;
/*!50003 SET sql_mode              = @saved_sql_mode */ ;
/*!50003 SET character_set_client  = @saved_cs_client */ ;
/*!50003 SET character_set_results = @saved_cs_results */ ;
/*!50003 SET collation_connection  = @saved_col_connection */ ;
/*!50003 DROP PROCEDURE IF EXISTS `sp_GetContestID` */;
/*!50003 SET @saved_cs_client      = @@character_set_client */ ;
/*!50003 SET @saved_cs_results     = @@character_set_results */ ;
/*!50003 SET @saved_col_connection = @@collation_connection */ ;
/*!50003 SET character_set_client  = utf8 */ ;
/*!50003 SET character_set_results = utf8 */ ;
/*!50003 SET collation_connection  = utf8_general_ci */ ;
/*!50003 SET @saved_sql_mode       = @@sql_mode */ ;
/*!50003 SET sql_mode              = 'STRICT_TRANS_TABLES,NO_AUTO_CREATE_USER,NO_ENGINE_SUBSTITUTION' */ ;
DELIMITER ;;
CREATE PROCEDURE `sp_GetContestID`(p_kpiID int)
BEGIN
	SELECT ContestId
	From tblcontests
	Where tblcontests.KPI_ID = p_kpiID;

	SELECT tblawards.Award_ID, tblawards.KPIID
	From tblawards
	Where tblawards.KPIID = p_kpiID;

END ;;
DELIMITER ;
/*!50003 SET sql_mode              = @saved_sql_mode */ ;
/*!50003 SET character_set_client  = @saved_cs_client */ ;
/*!50003 SET character_set_results = @saved_cs_results */ ;
/*!50003 SET collation_connection  = @saved_col_connection */ ;
/*!50003 DROP PROCEDURE IF EXISTS `sp_GetContestLeaderBoard` */;
/*!50003 SET @saved_cs_client      = @@character_set_client */ ;
/*!50003 SET @saved_cs_results     = @@character_set_results */ ;
/*!50003 SET @saved_col_connection = @@collation_connection */ ;
/*!50003 SET character_set_client  = utf8 */ ;
/*!50003 SET character_set_results = utf8 */ ;
/*!50003 SET collation_connection  = utf8_general_ci */ ;
/*!50003 SET @saved_sql_mode       = @@sql_mode */ ;
/*!50003 SET sql_mode              = 'STRICT_TRANS_TABLES,NO_AUTO_CREATE_USER,NO_ENGINE_SUBSTITUTION' */ ;
DELIMITER ;;
CREATE PROCEDURE `sp_GetContestLeaderBoard`(p_Where VARCHAR(10000))
BEGIN

DECLARE p_Select VARCHAR(10000);
DECLARE p_Order VARCHAR(100);
DECLARE p_Inter VARCHAR(10000);
DECLARE p_FinalQuery varchar(20000);
DECLARE v_finished INTEGER DEFAULT 0;
DECLARE v_contestid INTEGER DEFAULT 0;

	DROP TABLE IF EXISTS Scores;

	DROP TABLE IF EXISTS x;

	DROP TABLE IF EXISTS y;

	CREATE TEMPORARY TABLE Scores (User_ID INT NOT NULL, U_Name VARCHAR(255) NOT NULL, Player_Thumbnail VARCHAR(255) NOT NULL, Role_Name VARCHAR(255) NOT NULL, Site_Name VARCHAR(255) NOT NULL, ContestID INT NOT NULL, ContestName VARCHAR(255) NOT NULL, Score INT NOT NULL, KPI_measure VARCHAR(255) NOT NULL);

	INSERT INTO Scores(User_ID, U_Name, Player_Thumbnail, Role_Name, Site_Name, ContestID, ContestName, Score, KPI_measure) 
	SELECT 
		t.UserID AS User_ID,
		CONCAT(u.U_FirstName,' ',u.U_LastName) AS U_Name,
		i.Player_Thumbnail,
		r.Role_Name,
		s.site_name,
		t.ContestID,
		c.ContestName,
		SUM(t.value) AS Score,
		k.KPI_measure
	FROM 
		contestperformance t
		INNER JOIN tblcontests c ON t.ContestID = c.ContestId
		INNER JOIN tblkpi k ON c.KPI_ID = k.KPI_ID
		INNER JOIN tbluser u ON t.UserID = u.UserID
		INNER JOIN tbluserimages i ON u.UserID = i.UserID AND i.U_Current = 1
		INNER JOIN tblsite s ON u.U_SiteID = s.site_id 
		INNER JOIN tblroles r ON u.U_RolesID = r.Role_ID
	GROUP BY
		t.ContestID, t.UserID;

	CREATE TEMPORARY TABLE x (User_ID INT NOT NULL,  U_Name VARCHAR(255) NOT NULL, Player_Thumbnail VARCHAR(255) NOT NULL, Role_Name VARCHAR(255) NOT NULL, Site_Name VARCHAR(255) NOT NULL, ContestID INT NOT NULL, ContestName VARCHAR(255) NOT NULL, Score INT NOT NULL, KPI_measure VARCHAR(255) NOT NULL, position INT NOT NULL);

	INSERT INTO x (User_ID, U_Name, Player_Thumbnail, Role_Name, Site_Name, ContestID, ContestName, Score, KPI_measure, position) 
	SELECT 
		Scores.User_ID,
		Scores.U_Name,
		Scores.Player_Thumbnail,
		Scores.Role_Name,
		Scores.Site_Name,
		Scores.ContestID,
		Scores.ContestName,
		Scores.Score,
		Scores.KPI_measure,
		( 
			CASE Scores.ContestName 
				WHEN @curType 
				THEN @curRow := @curRow + 1 
				ELSE @curRow := 1 AND @curType := Scores.ContestName 
			END
		) + 1 AS position		
	FROM        
		Scores,
		(SELECT @curRow := 0, @curType := '') r
	ORDER BY Scores.ContestName ASC, Scores.Score DESC; 

	CREATE TEMPORARY TABLE y (User_ID INT NOT NULL,  U_Name VARCHAR(255) NOT NULL, Player_Thumbnail VARCHAR(255) NOT NULL, Role_Name VARCHAR(255) NOT NULL, Site_Name VARCHAR(255) NOT NULL, ContestID INT NOT NULL, ContestName VARCHAR(255) NOT NULL, Score INT NOT NULL, KPI_measure VARCHAR(255) NOT NULL, position INT NOT NULL);

	INSERT INTO y (User_ID, U_Name, Player_Thumbnail, Role_Name, Site_Name, ContestID, ContestName, Score, KPI_measure, position) 
	SELECT * FROM x; 

	BEGIN
		DECLARE contest_cursor CURSOR FOR SELECT ContestID FROM x GROUP BY ContestID;
		 
		DECLARE CONTINUE HANDLER FOR NOT FOUND SET v_finished = 1;
		 

		OPEN contest_cursor;
		 
		 get_contestid: LOOP
		 
		 FETCH contest_cursor INTO v_contestid;
		 
		 IF v_finished = 1 THEN 
		 LEAVE get_contestid;
		 END IF;
		 
		 UPDATE y baseTable
			INNER JOIN
			(
			SELECT 
				User_ID,
				U_Name,
				Player_Thumbnail,
				Role_Name,
				Site_Name,
				ContestID,
				ContestName,
				@rnk:=IF(@preval <=> Score, @rnk, @row + 1) AS position,
				@row:= @row+1 AS rnk,
				@preval:=Score as Score
			FROM x
			JOIN (SELECT @rnk := 0, @preval :=null, @row := 0) r
			WHERE ContestID = v_contestid
			ORDER BY Score DESC
			) b ON baseTable.User_ID = b.User_ID
			SET
			baseTable.position = b.position
			WHERE baseTable.ContestID = v_contestid;
		 
		 END LOOP get_contestid;
		 
		CLOSE contest_cursor;

	END;

SET p_Select = 
'SELECT 
	y.User_ID,
    y.U_Name,
    y.Player_Thumbnail,
    y.Role_Name,
    y.Site_Name,
    y.ContestID,
    y.ContestName,
    CONCAT(y.position, CASE
		WHEN y.position%100 BETWEEN 11 AND 13 THEN "<p>th</p>"
		WHEN y.position%10 = 1 THEN "<p>st</p>"
		WHEN y.position%10 = 2 THEN "<p>nd</p>"
		WHEN y.position%10 = 3 THEN "<p>rd</p>"
		ELSE "<p>th</p>"
	END) AS Position,
    y.Score,
    CASE y.position 
		WHEN 1 THEN "rank" 
		WHEN 2 THEN "rank"
		WHEN 3 THEN "rank"
	END AS cssClass,
    CONCAT(y.position, CASE
		WHEN y.position%100 BETWEEN 11 AND 13 THEN "th"
		WHEN y.position%10 = 1 THEN "st"
		WHEN y.position%10 = 2 THEN "nd"
		WHEN y.position%10 = 3 THEN "rd"
		ELSE "th"
	END) AS PositionClear,
	y.KPI_measure
FROM y';

SET p_Inter = CONCAT(p_Select,p_Where);

SET p_Order =
' ORDER BY y.position';

SET @p_FinalQuery = CONCAT(p_Inter,p_Order);
PREPARE result from @p_FinalQuery;
EXECUTE result;
DEALLOCATE PREPARE result;

DROP TABLE y;

DROP TABLE x;

DROP TABLE Scores;

END ;;
DELIMITER ;
/*!50003 SET sql_mode              = @saved_sql_mode */ ;
/*!50003 SET character_set_client  = @saved_cs_client */ ;
/*!50003 SET character_set_results = @saved_cs_results */ ;
/*!50003 SET collation_connection  = @saved_col_connection */ ;
/*!50003 DROP PROCEDURE IF EXISTS `sp_GetContestList` */;
/*!50003 SET @saved_cs_client      = @@character_set_client */ ;
/*!50003 SET @saved_cs_results     = @@character_set_results */ ;
/*!50003 SET @saved_col_connection = @@collation_connection */ ;
/*!50003 SET character_set_client  = utf8 */ ;
/*!50003 SET character_set_results = utf8 */ ;
/*!50003 SET collation_connection  = utf8_general_ci */ ;
/*!50003 SET @saved_sql_mode       = @@sql_mode */ ;
/*!50003 SET sql_mode              = 'STRICT_TRANS_TABLES,NO_AUTO_CREATE_USER,NO_ENGINE_SUBSTITUTION' */ ;
DELIMITER ;;
CREATE PROCEDURE `sp_GetContestList`(p_Where VARCHAR(10000))
BEGIN

DECLARE p_Select VARCHAR(10000);
DECLARE p_Order VARCHAR(100);
DECLARE p_Inter VARCHAR(10000);
DECLARE p_FinalQuery varchar(20000);
DECLARE v_finished INTEGER DEFAULT 0;
DECLARE v_contestid INTEGER DEFAULT 0;


	DROP TABLE IF EXISTS Scores;

	DROP TABLE IF EXISTS x;

	DROP TABLE IF EXISTS y;

	CREATE TEMPORARY TABLE Scores (User_ID INT NOT NULL, ContestID INT NOT NULL, ContestName VARCHAR(255) NOT NULL, Score INT NOT NULL, ToDate DATE NOT NULL);

	INSERT INTO Scores(User_ID, ContestID, ContestName, Score, ToDate)
	SELECT 
		t.UserID AS User_ID,		
		t.ContestID,
		c.ContestName,
		SUM(t.value) AS Score,
		c.ToDate
	FROM 
		contestperformance t
		INNER JOIN tblcontests c ON t.ContestID = c.ContestId
		INNER JOIN tblkpi k ON c.KPI_ID = k.KPI_ID
		INNER JOIN tbluser u ON t.UserID = u.UserID
		INNER JOIN tbluserimages i ON u.UserID = i.UserID AND i.U_Current = 1
		INNER JOIN tblsite s ON u.U_SiteID = s.site_id 
		INNER JOIN tblroles r ON u.U_RolesID = r.Role_ID
	WHERE 
		 c.ToDate >= DATE_FORMAT(NOW() - INTERVAL 5 DAY,'%Y-%m-%d') 
	GROUP BY
		t.ContestID, t.UserID;

	CREATE TEMPORARY TABLE x (User_ID INT NOT NULL, ContestID INT NOT NULL, ContestName VARCHAR(255) NOT NULL, Score INT NOT NULL, ToDate DATE NOT NULL, position INT NOT NULL);

	INSERT INTO x (User_ID, ContestID, ContestName, Score, ToDate, position) 
	SELECT 
		Scores.User_ID,
		Scores.ContestID,
		Scores.ContestName,
		Scores.Score,
		Scores.ToDate,
		( 
			CASE Scores.ContestName 
				WHEN @curType 
				THEN @curRow := @curRow + 1 
				ELSE @curRow := 1 AND @curType := Scores.ContestName 
			END
		) + 1 AS position
	FROM        
		Scores,
		(SELECT @curRow := 0, @curType := '') r
	ORDER BY Scores.ContestName ASC, Scores.Score DESC;

	CREATE TEMPORARY TABLE y (User_ID INT NOT NULL, ContestID INT NOT NULL, ContestName VARCHAR(255) NOT NULL, Score INT NOT NULL, ToDate DATE NOT NULL, position INT NOT NULL);

	INSERT INTO y (User_ID, ContestID, ContestName, Score, ToDate, position) 
	SELECT * FROM x;  

	BEGIN
		DECLARE contest_cursor CURSOR FOR SELECT ContestID FROM x GROUP BY ContestID;
		 
		DECLARE CONTINUE HANDLER FOR NOT FOUND SET v_finished = 1;
		 

		OPEN contest_cursor;
		 
		 get_contestid: LOOP
		 
		 FETCH contest_cursor INTO v_contestid;
		 
		 IF v_finished = 1 THEN 
		 LEAVE get_contestid;
		 END IF;
		 
		 UPDATE y baseTable
		INNER JOIN
		(
		SELECT 
			User_ID,			
			ContestID,
			ContestName,
			@rnk:=IF(@preval <=> Score, @rnk, @row + 1) AS position,
			@row:= @row+1 AS rnk,
			@preval:=Score as Score
		FROM x
		JOIN (SELECT @rnk := 0, @preval :=null, @row := 0) r
		WHERE ContestID = v_contestid
		ORDER BY Score DESC
		) b ON baseTable.User_ID = b.User_ID
		SET
		baseTable.position = b.position
		WHERE baseTable.ContestID = v_contestid;
		 
		 END LOOP get_contestid;
		 
		CLOSE contest_cursor;

	END;
    
    
    

SET p_Select = 
'SELECT 
	y.User_ID,
    y.ContestID,
    y.ContestName,
    CONCAT(y.position, CASE
		WHEN y.position%100 BETWEEN 11 AND 13 THEN "<p>th</p>"
		WHEN y.position%10 = 1 THEN "<p>st</p>"
		WHEN y.position%10 = 2 THEN "<p>nd</p>"
		WHEN y.position%10 = 3 THEN "<p>rd</p>"
		ELSE "<p>th</p>"
	END) AS Position,
    y.Score,
    CASE y.position 
		WHEN 1 THEN "rank1" 
		WHEN 2 THEN "rank2"
		WHEN 3 THEN "rank3"
	END AS cssClass,
    CONCAT(y.position, CASE
		WHEN y.position%100 BETWEEN 11 AND 13 THEN "th"
		WHEN y.position%10 = 1 THEN "st"
		WHEN y.position%10 = 2 THEN "nd"
		WHEN y.position%10 = 3 THEN "rd"
		ELSE "th"
	END) AS PositionClear, 
	y.ToDate
FROM y ';

SET p_Inter = CONCAT(p_Select,p_Where);

SET p_Order =
' ORDER BY y.ToDate DESC';


/*
SET @p_FinalQuery = CONCAT("select * from tbluser ", p_Where);
PREPARE result from @p_FinalQuery;
EXECUTE result;
DEALLOCATE PREPARE result;
*/


SET @p_FinalQuery = CONCAT(p_Inter,p_Order);
PREPARE result from @p_FinalQuery;
EXECUTE result;
DEALLOCATE PREPARE result;



DROP TABLE y;

DROP TABLE x;

DROP TABLE Scores;

END ;;
DELIMITER ;
/*!50003 SET sql_mode              = @saved_sql_mode */ ;
/*!50003 SET character_set_client  = @saved_cs_client */ ;
/*!50003 SET character_set_results = @saved_cs_results */ ;
/*!50003 SET collation_connection  = @saved_col_connection */ ;
/*!50003 DROP PROCEDURE IF EXISTS `sp_GetContestPlayerLeaderBoard` */;
/*!50003 SET @saved_cs_client      = @@character_set_client */ ;
/*!50003 SET @saved_cs_results     = @@character_set_results */ ;
/*!50003 SET @saved_col_connection = @@collation_connection */ ;
/*!50003 SET character_set_client  = utf8 */ ;
/*!50003 SET character_set_results = utf8 */ ;
/*!50003 SET collation_connection  = utf8_general_ci */ ;
/*!50003 SET @saved_sql_mode       = @@sql_mode */ ;
/*!50003 SET sql_mode              = 'STRICT_TRANS_TABLES,NO_AUTO_CREATE_USER,NO_ENGINE_SUBSTITUTION' */ ;
DELIMITER ;;
CREATE PROCEDURE `sp_GetContestPlayerLeaderBoard`(p_ContestID INT, p_UserID INT)
BEGIN

DECLARE v_finished INTEGER DEFAULT 0;
DECLARE v_contestid INTEGER DEFAULT 0;
DECLARE v_rank INTEGER DEFAULT 0;
DECLARE v_timestamp timestamp DEFAULT current_timestamp;

DECLARE v_SELECT VARCHAR(20000);
DECLARE v_SELECT_V2 VARCHAR(20000);

DECLARE v_SELECT2 VARCHAR(20000);
DECLARE v_SELECT2_V2 VARCHAR(20000);
DECLARE v_SELECT2_V3 VARCHAR(20000);
DECLARE v_SELECT2_V4 VARCHAR(20000);

DECLARE v_SELECT3 VARCHAR(20000);
DECLARE v_SELECT3_V2 VARCHAR(20000);
DECLARE v_SELECT3_V3 VARCHAR(20000);
DECLARE v_SELECT3_V4 VARCHAR(20000);

DECLARE v_Inter VARCHAR(20000);

	DROP TABLE IF EXISTS Scores;

	DROP TABLE IF EXISTS x;

	CREATE TEMPORARY TABLE Scores (User_ID INT NOT NULL, U_Name VARCHAR(255) NOT NULL, Player_Thumbnail VARCHAR(255) NOT NULL, Role_Name VARCHAR(255) NOT NULL, Site_Name VARCHAR(255) NOT NULL, ContestID INT NOT NULL, ContestName VARCHAR(255) NOT NULL, Score INT NOT NULL, KPI_measure VARCHAR(255) NOT NULL);

	INSERT INTO Scores(User_ID, U_Name, Player_Thumbnail, Role_Name, Site_Name, ContestID, ContestName, Score, KPI_measure) 
	SELECT 
		t.UserID AS User_ID,
		CONCAT(u.U_FirstName,' ',u.U_LastName) AS U_Name,
		i.Player_Thumbnail,
		r.Role_Name,
		s.site_name,
		t.ContestID,
		c.ContestName,
		SUM(t.value) AS Score,
		k.KPI_measure
	FROM 
		contestperformance t
		INNER JOIN tblcontests c ON t.ContestID = c.ContestId
		INNER JOIN tblkpi k ON c.KPI_ID = k.KPI_ID
		INNER JOIN tbluser u ON t.UserID = u.UserID
		INNER JOIN tbluserimages i ON u.UserID = i.UserID AND i.U_Current = 1
		INNER JOIN tblsite s ON u.U_SiteID = s.site_id 
		INNER JOIN tblroles r ON u.U_RolesID = r.Role_ID
	GROUP BY
		t.ContestID, t.UserID; 

	CREATE TEMPORARY TABLE x (User_ID INT NOT NULL,  U_Name VARCHAR(255) NOT NULL, Player_Thumbnail VARCHAR(255) NOT NULL, Role_Name VARCHAR(255) NOT NULL, Site_Name VARCHAR(255) NOT NULL, ContestID INT NOT NULL, ContestName VARCHAR(255) NOT NULL, Score INT NOT NULL, KPI_measure VARCHAR(255) NOT NULL, position INT NOT NULL, rank INT NOT NULL);

	INSERT INTO x (User_ID, U_Name, Player_Thumbnail, Role_Name, Site_Name, ContestID, ContestName, Score, KPI_measure, position, rank) 
	SELECT 
		Scores.User_ID,
		Scores.U_Name,
		Scores.Player_Thumbnail,
		Scores.Role_Name,
		Scores.Site_Name,
		Scores.ContestID,
		Scores.ContestName,
		Scores.Score,
		Scores.KPI_measure,
		( 
			CASE Scores.ContestName 
				WHEN @curType 
				THEN @curRow := @curRow + 1 
				ELSE @curRow := 1 AND @curType := Scores.ContestName 
			END
		) + 1 AS position,
		( 
			CASE Scores.ContestName 
				WHEN @typeC 
				THEN @rowC := @rowC + 1 
				ELSE @rowC := 1 AND @typeC := Scores.ContestName 
			END
		) + 1 AS rank
	FROM        
		Scores,
		(SELECT @curRow := 0, @rowC := 0, @curType := '', @typeC := '') r
	ORDER BY Scores.ContestName ASC, Scores.Score DESC; 
	
	INSERT INTO tmpContest (User_ID, U_Name, Player_Thumbnail, Role_Name, Site_Name, ContestID, ContestName, Score, KPI_measure, position, rank, times) 
	SELECT *, v_timestamp FROM x; 	

	BEGIN
		DECLARE contest_cursor CURSOR FOR SELECT ContestID FROM x GROUP BY ContestID;
		 
		DECLARE CONTINUE HANDLER FOR NOT FOUND SET v_finished = 1;
		 
		OPEN contest_cursor;
		 
		get_contestid: LOOP
		 
		FETCH contest_cursor INTO v_contestid;
		 
		IF v_finished = 1 THEN 
		 LEAVE get_contestid;
		 END IF;
		 
		UPDATE tmpContest baseTable
		INNER JOIN
		(
		SELECT 
			User_ID,
			U_Name,
			Player_Thumbnail,
			Role_Name,
			Site_Name,
			ContestID,
			ContestName,
			@rnk:=IF(@preval <=> Score, @rnk, @row + 1) AS position,
			@row:= @row+1 AS rnk,
			@preval:=Score as Score
		FROM x
		JOIN (SELECT @rnk := 0, @preval :=null, @row := 0) r
		WHERE ContestID = v_contestid
		ORDER BY Score DESC
		) b ON baseTable.User_ID = b.User_ID
		SET
		baseTable.position = b.position
		WHERE baseTable.ContestID = v_contestid;
		 
		END LOOP get_contestid;
		 
		CLOSE contest_cursor;

	END;

	SET v_rank = (
		SELECT z.rank FROM (	
			SELECT t.User_ID, t.U_Name, t.ContestID, @rownum := @rownum + 1 AS rank 
			FROM tmpContest t, (SELECT @rownum := 0) r
			WHERE t.ContestID = p_ContestID
			ORDER BY t.position) as z
		WHERE z.User_ID = p_UserID);

IF (v_rank <= 3) THEN

	(SELECT 
		tmpContest.User_ID,
		tmpContest.U_Name,
		tmpContest.Player_Thumbnail,
		tmpContest.Role_Name,
		tmpContest.Site_Name,
		tmpContest.ContestID,
		tmpContest.ContestName,
		CONCAT(tmpContest.position, CASE
			WHEN tmpContest.position%100 BETWEEN 11 AND 13 THEN "<p>th</p>"
			WHEN tmpContest.position%10 = 1 THEN "<p>st</p>"
			WHEN tmpContest.position%10 = 2 THEN "<p>nd</p>"
			WHEN tmpContest.position%10 = 3 THEN "<p>rd</p>"
			ELSE "<p>th</p>"
		END) AS Position,
		tmpContest.Score,
		CASE tmpContest.position 
			WHEN 1 THEN "rank1" 
			WHEN 2 THEN "rank2"
			WHEN 3 THEN "rank3"
		END AS cssClass,
		CONCAT(tmpContest.position, CASE
			WHEN tmpContest.position%100 BETWEEN 11 AND 13 THEN "th"
			WHEN tmpContest.position%10 = 1 THEN "st"
			WHEN tmpContest.position%10 = 2 THEN "nd"
			WHEN tmpContest.position%10 = 3 THEN "rd"
			ELSE "th"
		END) AS PositionClear,
		tmpContest.KPI_measure
	FROM tmpContest
	WHERE tmpContest.ContestID = p_ContestID
	ORDER BY tmpContest.position
	LIMIT 3)
	UNION
	(SELECT 
		0 AS User_ID,
		'' AS U_Name,
		'' AS Player_Thumbnail,
		'' AS Role_Name,
		'' AS Site_Name,
		p_ContestID AS ContestID,
		'' AS ContestName,
		4 AS Position,
		'' AS Score,
		'divisor' AS cssClass,
		'4th' AS PositionClear,
		'' AS KPI_measure)
	UNION
	(SELECT 
		tmpContest.User_ID,
		tmpContest.U_Name,
		tmpContest.Player_Thumbnail,
		tmpContest.Role_Name,
		tmpContest.Site_Name,
		tmpContest.ContestID,
		tmpContest.ContestName,
		CONCAT(tmpContest.position, CASE
			WHEN tmpContest.position%100 BETWEEN 11 AND 13 THEN "<p>th</p>"
			WHEN tmpContest.position%10 = 1 THEN "<p>st</p>"
			WHEN tmpContest.position%10 = 2 THEN "<p>nd</p>"
			WHEN tmpContest.position%10 = 3 THEN "<p>rd</p>"
			ELSE "<p>th</p>"
		END) AS Position,
		tmpContest.Score,
		CASE tmpContest.position 
			WHEN 1 THEN "rank1" 
			WHEN 2 THEN "rank2"
			WHEN 3 THEN "rank3"
		END AS cssClass,
		CONCAT(tmpContest.position, CASE
			WHEN tmpContest.position%100 BETWEEN 11 AND 13 THEN "th"
			WHEN tmpContest.position%10 = 1 THEN "st"
			WHEN tmpContest.position%10 = 2 THEN "nd"
			WHEN tmpContest.position%10 = 3 THEN "rd"
			ELSE "th"
		END) AS PositionClear,
		tmpContest.KPI_measure
	FROM tmpContest
	WHERE tmpContest.ContestID = p_ContestID
	ORDER BY tmpContest.position
	LIMIT 3, 3);

ELSEIF (v_rank > 3) THEN
	
	SET v_SELECT = 
	'(SELECT 
		tmpContest.User_ID,
		tmpContest.U_Name,
		tmpContest.Player_Thumbnail,
		tmpContest.Role_Name,
		tmpContest.Site_Name,
		tmpContest.ContestID,
		tmpContest.ContestName,
		CONCAT(tmpContest.position, CASE
			WHEN tmpContest.position%100 BETWEEN 11 AND 13 THEN "<p>th</p>"
			WHEN tmpContest.position%10 = 1 THEN "<p>st</p>"
			WHEN tmpContest.position%10 = 2 THEN "<p>nd</p>"
			WHEN tmpContest.position%10 = 3 THEN "<p>rd</p>"
			ELSE "<p>th</p>"
		END) AS Position,
		tmpContest.Score,
		CASE tmpContest.position 
			WHEN 1 THEN "rank1" 
			WHEN 2 THEN "rank2"
			WHEN 3 THEN "rank3"
		END AS cssClass,
		CONCAT(tmpContest.position, CASE
			WHEN tmpContest.position%100 BETWEEN 11 AND 13 THEN "th"
			WHEN tmpContest.position%10 = 1 THEN "st"
			WHEN tmpContest.position%10 = 2 THEN "nd"
			WHEN tmpContest.position%10 = 3 THEN "rd"
			ELSE "th"
		END) AS PositionClear,
		tmpContest.KPI_measure
	FROM tmpContest
	WHERE tmpContest.ContestID = p_ContestID
	ORDER BY tmpContest.position
	LIMIT 3)
	UNION
	(SELECT 
		0 AS User_ID,
		"" AS U_Name,
		"" AS Player_Thumbnail,
		"" AS Role_Name,
		"" AS Site_Name,
		0 AS ContestID,
		"" AS ContestName,
		4 AS Position,
		"" AS Score,
		"divisor" AS cssClass,
		"4th" AS PositionClear,
		"" AS KPI_measure)
	UNION
	';
	
	SET v_SELECT_V2 = REPLACE(v_SELECT, 'p_ContestID', p_ContestID);
		
	IF (v_rank > 4) THEN
		
		SET v_SELECT2 = 
		'(SELECT
			tmpContest.User_ID,
			tmpContest.U_Name,
			tmpContest.Player_Thumbnail,
			tmpContest.Role_Name,
			tmpContest.Site_Name,
			tmpContest.ContestID,
			tmpContest.ContestName,
			CONCAT(tmpContest.position, CASE
				WHEN tmpContest.position%100 BETWEEN 11 AND 13 THEN "<p>th</p>"
				WHEN tmpContest.position%10 = 1 THEN "<p>st</p>"
				WHEN tmpContest.position%10 = 2 THEN "<p>nd</p>"
				WHEN tmpContest.position%10 = 3 THEN "<p>rd</p>"
				ELSE "<p>th</p>"
			END) AS Position,
			tmpContest.Score,
			CASE tmpContest.position 
				WHEN 1 THEN "rank1" 
				WHEN 2 THEN "rank2"
				WHEN 3 THEN "rank3"
			END AS cssClass,
			CONCAT(tmpcontest.position, CASE
				WHEN tmpcontest.position%100 BETWEEN 11 AND 13 THEN "th"
				WHEN tmpcontest.position%10 = 1 THEN "st"
				WHEN tmpcontest.position%10 = 2 THEN "nd"
				WHEN tmpcontest.position%10 = 3 THEN "rd"
				ELSE "th"
			END) AS PositionClear,
			tmpContest.KPI_measure
		FROM tmpcontest 
		WHERE 
			tmpcontest.rank = (select max(rank) from tmpcontest where rank < v_rank AND ContestID = p_ContestID) AND
			tmpcontest.ContestID = p_ContestID)
		UNION
		(SELECT
			tmpContest.User_ID,
			tmpContest.U_Name,
			tmpContest.Player_Thumbnail,
			tmpContest.Role_Name,
			tmpContest.Site_Name,
			tmpContest.ContestID,
			tmpContest.ContestName,
			CONCAT(tmpContest.position, CASE
				WHEN tmpContest.position%100 BETWEEN 11 AND 13 THEN "<p>th</p>"
				WHEN tmpContest.position%10 = 1 THEN "<p>st</p>"
				WHEN tmpContest.position%10 = 2 THEN "<p>nd</p>"
				WHEN tmpContest.position%10 = 3 THEN "<p>rd</p>"
				ELSE "<p>th</p>"
			END) AS Position,
			tmpContest.Score,
			CASE tmpContest.position 
				WHEN 1 THEN "rank1" 
				WHEN 2 THEN "rank2"
				WHEN 3 THEN "rank3"
			END AS cssClass,
			CONCAT(tmpcontest.position, CASE
				WHEN tmpcontest.position%100 BETWEEN 11 AND 13 THEN "th"
				WHEN tmpcontest.position%10 = 1 THEN "st"
				WHEN tmpcontest.position%10 = 2 THEN "nd"
				WHEN tmpcontest.position%10 = 3 THEN "rd"
				ELSE "th"
			END) AS PositionClear,
			tmpContest.KPI_measure 
		FROM tmpcontest 
		WHERE 
			User_ID = p_UserID AND ContestID = p_ContestID)
		UNION
		(SELECT 
			tmpContest.User_ID,
			tmpContest.U_Name,
			tmpContest.Player_Thumbnail,
			tmpContest.Role_Name,
			tmpContest.Site_Name,
			tmpContest.ContestID,
			tmpContest.ContestName,
			CONCAT(tmpContest.position, CASE
				WHEN tmpContest.position%100 BETWEEN 11 AND 13 THEN "<p>th</p>"
				WHEN tmpContest.position%10 = 1 THEN "<p>st</p>"
				WHEN tmpContest.position%10 = 2 THEN "<p>nd</p>"
				WHEN tmpContest.position%10 = 3 THEN "<p>rd</p>"
				ELSE "<p>th</p>"
			END) AS Position,
			tmpContest.Score,
			CASE tmpContest.position 
				WHEN 1 THEN "rank1" 
				WHEN 2 THEN "rank2"
				WHEN 3 THEN "rank3"
			END AS cssClass,
			CONCAT(tmpcontest.position, CASE
				WHEN tmpcontest.position%100 BETWEEN 11 AND 13 THEN "th"
				WHEN tmpcontest.position%10 = 1 THEN "st"
				WHEN tmpcontest.position%10 = 2 THEN "nd"
				WHEN tmpcontest.position%10 = 3 THEN "rd"
				ELSE "th"
			END) AS PositionClear,
			tmpContest.KPI_measure  
		FROM tmpcontest 
		WHERE 
			tmpcontest.rank = (select min(rank) from tmpcontest where rank > v_rank AND ContestID = p_ContestID) AND
			tmpcontest.ContestID = p_ContestID);';
		
		SET v_SELECT2_V2 = REPLACE(v_SELECT2, 'p_ContestID', p_ContestID);

		SET v_SELECT2_V3 = REPLACE(v_SELECT2_V2, 'p_UserID', p_UserID);

		SET v_SELECT2_V4 = REPLACE(v_SELECT2_V3, 'v_rank', v_rank);
		
		SET @v_Inter = CONCAT(v_SELECT_V2, v_SELECT2_V4);

	ELSEIF (v_rank = 4) THEN
		
		SET v_SELECT3 =
		'(SELECT
			tmpContest.User_ID,
			tmpContest.U_Name,
			tmpContest.Player_Thumbnail,
			tmpContest.Role_Name,
			tmpContest.Site_Name,
			tmpContest.ContestID,
			tmpContest.ContestName,
			CONCAT(tmpContest.position, CASE
				WHEN tmpContest.position%100 BETWEEN 11 AND 13 THEN "<p>th</p>"
				WHEN tmpContest.position%10 = 1 THEN "<p>st</p>"
				WHEN tmpContest.position%10 = 2 THEN "<p>nd</p>"
				WHEN tmpContest.position%10 = 3 THEN "<p>rd</p>"
				ELSE "<p>th</p>"
			END) AS Position,
			tmpContest.Score,
			CASE tmpContest.position 
				WHEN 1 THEN "rank1" 
				WHEN 2 THEN "rank2"
				WHEN 3 THEN "rank3"
			END AS cssClass,
			CONCAT(tmpcontest.position, CASE
				WHEN tmpcontest.position%100 BETWEEN 11 AND 13 THEN "th"
				WHEN tmpcontest.position%10 = 1 THEN "st"
				WHEN tmpcontest.position%10 = 2 THEN "nd"
				WHEN tmpcontest.position%10 = 3 THEN "rd"
				ELSE "th"
			END) AS PositionClear,
			tmpContest.KPI_measure 
		FROM tmpcontest 
		WHERE 
			User_ID = p_UserID AND ContestID = p_ContestID)
		UNION
		(SELECT 
			tmpContest.User_ID,
			tmpContest.U_Name,
			tmpContest.Player_Thumbnail,
			tmpContest.Role_Name,
			tmpContest.Site_Name,
			tmpContest.ContestID,
			tmpContest.ContestName,
			CONCAT(tmpContest.position, CASE
				WHEN tmpContest.position%100 BETWEEN 11 AND 13 THEN "<p>th</p>"
				WHEN tmpContest.position%10 = 1 THEN "<p>st</p>"
				WHEN tmpContest.position%10 = 2 THEN "<p>nd</p>"
				WHEN tmpContest.position%10 = 3 THEN "<p>rd</p>"
				ELSE "<p>th</p>"
			END) AS Position,
			tmpContest.Score,
			CASE tmpContest.position 
				WHEN 1 THEN "rank1" 
				WHEN 2 THEN "rank2"
				WHEN 3 THEN "rank3"
			END AS cssClass,
			CONCAT(tmpcontest.position, CASE
				WHEN tmpcontest.position%100 BETWEEN 11 AND 13 THEN "th"
				WHEN tmpcontest.position%10 = 1 THEN "st"
				WHEN tmpcontest.position%10 = 2 THEN "nd"
				WHEN tmpcontest.position%10 = 3 THEN "rd"
				ELSE "th"
			END) AS PositionClear,
			tmpContest.KPI_measure  
		FROM tmpcontest 
		WHERE 
			tmpcontest.rank IN (select rank from tmpcontest where rank > v_rank AND ContestID = p_ContestID) AND
			tmpcontest.ContestID = p_ContestID
		LIMIT 2);';

		SET v_SELECT3_V2 = REPLACE(v_SELECT3, 'p_ContestID', p_ContestID);

		SET v_SELECT3_V3 = REPLACE(v_SELECT3_V2, 'p_UserID', p_UserID);

		SET v_SELECT3_V4 = REPLACE(v_SELECT3_V3, 'v_rank', v_rank);

		SET @v_Inter = CONCAT(v_SELECT_V2, v_SELECT3_V4);

	END IF;	
		
	PREPARE result from @v_Inter;
	EXECUTE result;
	DEALLOCATE PREPARE result;

END IF;

DELETE FROM tmpcontest 
WHERE times = v_timestamp;

DROP TABLE x;

DROP TABLE Scores;

END ;;
DELIMITER ;
/*!50003 SET sql_mode              = @saved_sql_mode */ ;
/*!50003 SET character_set_client  = @saved_cs_client */ ;
/*!50003 SET character_set_results = @saved_cs_results */ ;
/*!50003 SET collation_connection  = @saved_col_connection */ ;
/*!50003 DROP PROCEDURE IF EXISTS `sp_GetContestPositions` */;
/*!50003 SET @saved_cs_client      = @@character_set_client */ ;
/*!50003 SET @saved_cs_results     = @@character_set_results */ ;
/*!50003 SET @saved_col_connection = @@collation_connection */ ;
/*!50003 SET character_set_client  = utf8 */ ;
/*!50003 SET character_set_results = utf8 */ ;
/*!50003 SET collation_connection  = utf8_general_ci */ ;
/*!50003 SET @saved_sql_mode       = @@sql_mode */ ;
/*!50003 SET sql_mode              = 'NO_AUTO_VALUE_ON_ZERO' */ ;
DELIMITER ;;
CREATE PROCEDURE `sp_GetContestPositions`(p_Where VARCHAR(10000))
BEGIN

DECLARE p_Select VARCHAR(2000);
DECLARE p_FinalQuery varchar(8000);

SET p_Select = 
'SELECT ContestId, Award_ID, Position, Points
FROM tblcontestposition';

SET @p_FinalQuery = CONCAT(p_Select,p_Where);
PREPARE result from @p_FinalQuery;
EXECUTE result;
DEALLOCATE PREPARE result;

END ;;
DELIMITER ;
/*!50003 SET sql_mode              = @saved_sql_mode */ ;
/*!50003 SET character_set_client  = @saved_cs_client */ ;
/*!50003 SET character_set_results = @saved_cs_results */ ;
/*!50003 SET collation_connection  = @saved_col_connection */ ;
/*!50003 DROP PROCEDURE IF EXISTS `sp_GetDataElement` */;
/*!50003 SET @saved_cs_client      = @@character_set_client */ ;
/*!50003 SET @saved_cs_results     = @@character_set_results */ ;
/*!50003 SET @saved_col_connection = @@collation_connection */ ;
/*!50003 SET character_set_client  = utf8 */ ;
/*!50003 SET character_set_results = utf8 */ ;
/*!50003 SET collation_connection  = utf8_general_ci */ ;
/*!50003 SET @saved_sql_mode       = @@sql_mode */ ;
/*!50003 SET sql_mode              = 'STRICT_TRANS_TABLES,NO_AUTO_CREATE_USER,NO_ENGINE_SUBSTITUTION' */ ;
DELIMITER ;;
CREATE PROCEDURE `sp_GetDataElement`(p_Where VARCHAR(10000))
BEGIN	

DECLARE p_Select VARCHAR(2000);
DECLARE p_FinalQuery varchar(8000);

SET p_Select = 
'SELECT 
	ElementID,
    MatchID,
    ElementName,
	IsPicture,
    CreatedDate
FROM tbldataelement';

SET @p_FinalQuery = CONCAT(p_Select,p_Where);
PREPARE result from @p_FinalQuery;
EXECUTE result;
DEALLOCATE PREPARE result;

END ;;
DELIMITER ;
/*!50003 SET sql_mode              = @saved_sql_mode */ ;
/*!50003 SET character_set_client  = @saved_cs_client */ ;
/*!50003 SET character_set_results = @saved_cs_results */ ;
/*!50003 SET collation_connection  = @saved_col_connection */ ;
/*!50003 DROP PROCEDURE IF EXISTS `sp_GetDataSet` */;
/*!50003 SET @saved_cs_client      = @@character_set_client */ ;
/*!50003 SET @saved_cs_results     = @@character_set_results */ ;
/*!50003 SET @saved_col_connection = @@collation_connection */ ;
/*!50003 SET character_set_client  = utf8 */ ;
/*!50003 SET character_set_results = utf8 */ ;
/*!50003 SET collation_connection  = utf8_general_ci */ ;
/*!50003 SET @saved_sql_mode       = @@sql_mode */ ;
/*!50003 SET sql_mode              = 'STRICT_TRANS_TABLES,NO_AUTO_CREATE_USER,NO_ENGINE_SUBSTITUTION' */ ;
DELIMITER ;;
CREATE PROCEDURE `sp_GetDataSet`(p_Where VARCHAR(10000), p_Status int)
BEGIN

DECLARE p_Select VARCHAR(2000);

DECLARE p_FinalQuery varchar(8000);

IF(p_Status =1)
THEN

	SET p_Select = 
		'SELECT 
			DataSetID,
			DataSetElementsData,
			SiteID,
			MatchID,
			CreatedDate,
			DataSetImage,
			DataSetImageThumbnail
		FROM tblmatchdatasets
		INNER JOIN tblmatchdatasetlevels ON tblmatchdatasets.DataSetID = tblmatchdatasetlevels.DataSetID';

	SET @p_FinalQuery = CONCAT(p_Select,p_Where);

	PREPARE result from @p_FinalQuery;

	EXECUTE result;

	DEALLOCATE PREPARE result;

END IF;

IF(p_Status =0)
THEN

	SET p_Select = 
			'SELECT 
				DataSetID,
				DataSetElementsData,
				SiteID,
				MatchID,
				CreatedDate,
				DataSetImage,
				DataSetImageThumbnail
			FROM tblmatchdatasets';

	SET @p_FinalQuery = CONCAT(p_Select,p_Where);

	PREPARE result from @p_FinalQuery;

	EXECUTE result;

	DEALLOCATE PREPARE result;

END IF;

END ;;
DELIMITER ;
/*!50003 SET sql_mode              = @saved_sql_mode */ ;
/*!50003 SET character_set_client  = @saved_cs_client */ ;
/*!50003 SET character_set_results = @saved_cs_results */ ;
/*!50003 SET collation_connection  = @saved_col_connection */ ;
/*!50003 DROP PROCEDURE IF EXISTS `sp_GetDataSetLevels` */;
/*!50003 SET @saved_cs_client      = @@character_set_client */ ;
/*!50003 SET @saved_cs_results     = @@character_set_results */ ;
/*!50003 SET @saved_col_connection = @@collation_connection */ ;
/*!50003 SET character_set_client  = utf8 */ ;
/*!50003 SET character_set_results = utf8 */ ;
/*!50003 SET collation_connection  = utf8_general_ci */ ;
/*!50003 SET @saved_sql_mode       = @@sql_mode */ ;
/*!50003 SET sql_mode              = 'STRICT_TRANS_TABLES,NO_AUTO_CREATE_USER,NO_ENGINE_SUBSTITUTION' */ ;
DELIMITER ;;
CREATE PROCEDURE `sp_GetDataSetLevels`(p_DataSetID INT, p_RoleID INT)
BEGIN

	SELECT DataSetID, RoleID, LevelID FROM tblMatchDataSetLevels WHERE DataSetID = p_DataSetID AND RoleID = p_RoleID;

END ;;
DELIMITER ;
/*!50003 SET sql_mode              = @saved_sql_mode */ ;
/*!50003 SET character_set_client  = @saved_cs_client */ ;
/*!50003 SET character_set_results = @saved_cs_results */ ;
/*!50003 SET collation_connection  = @saved_col_connection */ ;
/*!50003 DROP PROCEDURE IF EXISTS `sp_GetDropDown` */;
/*!50003 SET @saved_cs_client      = @@character_set_client */ ;
/*!50003 SET @saved_cs_results     = @@character_set_results */ ;
/*!50003 SET @saved_col_connection = @@collation_connection */ ;
/*!50003 SET character_set_client  = utf8 */ ;
/*!50003 SET character_set_results = utf8 */ ;
/*!50003 SET collation_connection  = utf8_general_ci */ ;
/*!50003 SET @saved_sql_mode       = @@sql_mode */ ;
/*!50003 SET sql_mode              = 'STRICT_TRANS_TABLES,NO_AUTO_CREATE_USER,NO_ENGINE_SUBSTITUTION' */ ;
DELIMITER ;;
CREATE PROCEDURE `sp_GetDropDown`(IN `p_ReferenceCode` varchar(50))
BEGIN

	

	SELECT ReferenceData_ID,Reference_Code,Item_Code,Description,Parent_ID FROM tblReferenceData 

	WHERE Reference_Code = p_ReferenceCode AND Active = 1;



END ;;
DELIMITER ;
/*!50003 SET sql_mode              = @saved_sql_mode */ ;
/*!50003 SET character_set_client  = @saved_cs_client */ ;
/*!50003 SET character_set_results = @saved_cs_results */ ;
/*!50003 SET collation_connection  = @saved_col_connection */ ;
/*!50003 DROP PROCEDURE IF EXISTS `sp_GetGame` */;
/*!50003 SET @saved_cs_client      = @@character_set_client */ ;
/*!50003 SET @saved_cs_results     = @@character_set_results */ ;
/*!50003 SET @saved_col_connection = @@collation_connection */ ;
/*!50003 SET character_set_client  = utf8 */ ;
/*!50003 SET character_set_results = utf8 */ ;
/*!50003 SET collation_connection  = utf8_general_ci */ ;
/*!50003 SET @saved_sql_mode       = @@sql_mode */ ;
/*!50003 SET sql_mode              = 'STRICT_TRANS_TABLES,NO_AUTO_CREATE_USER,NO_ENGINE_SUBSTITUTION' */ ;
DELIMITER ;;
CREATE PROCEDURE `sp_GetGame`()
BEGIN

Select * from tblQuizGames;

END ;;
DELIMITER ;
/*!50003 SET sql_mode              = @saved_sql_mode */ ;
/*!50003 SET character_set_client  = @saved_cs_client */ ;
/*!50003 SET character_set_results = @saved_cs_results */ ;
/*!50003 SET collation_connection  = @saved_col_connection */ ;
/*!50003 DROP PROCEDURE IF EXISTS `sp_GetGamesPlayLog` */;
/*!50003 SET @saved_cs_client      = @@character_set_client */ ;
/*!50003 SET @saved_cs_results     = @@character_set_results */ ;
/*!50003 SET @saved_col_connection = @@collation_connection */ ;
/*!50003 SET character_set_client  = utf8 */ ;
/*!50003 SET character_set_results = utf8 */ ;
/*!50003 SET collation_connection  = utf8_general_ci */ ;
/*!50003 SET @saved_sql_mode       = @@sql_mode */ ;
/*!50003 SET sql_mode              = 'STRICT_TRANS_TABLES,NO_AUTO_CREATE_USER,NO_ENGINE_SUBSTITUTION' */ ;
DELIMITER ;;
CREATE PROCEDURE `sp_GetGamesPlayLog`()
BEGIN

(SELECT 
	LogID,
	UserID,
	QuizID,
	QuizTime,
	0 AS QuizPlays
FROM tblQuizPlayLog)
UNION
(SELECT 
	LogID,
	UserID,
	MatchID AS QuizID,
	MatchTime AS QuizTime,
	MatchPlays AS QuizPlays
FROM tblMatchPlayLog)
ORDER BY 
	QuizTime DESC;

END ;;
DELIMITER ;
/*!50003 SET sql_mode              = @saved_sql_mode */ ;
/*!50003 SET character_set_client  = @saved_cs_client */ ;
/*!50003 SET character_set_results = @saved_cs_results */ ;
/*!50003 SET collation_connection  = @saved_col_connection */ ;
/*!50003 DROP PROCEDURE IF EXISTS `sp_GetGames_Player` */;
/*!50003 SET @saved_cs_client      = @@character_set_client */ ;
/*!50003 SET @saved_cs_results     = @@character_set_results */ ;
/*!50003 SET @saved_col_connection = @@collation_connection */ ;
/*!50003 SET character_set_client  = utf8 */ ;
/*!50003 SET character_set_results = utf8 */ ;
/*!50003 SET collation_connection  = utf8_general_ci */ ;
/*!50003 SET @saved_sql_mode       = @@sql_mode */ ;
/*!50003 SET sql_mode              = 'STRICT_TRANS_TABLES,NO_AUTO_CREATE_USER,NO_ENGINE_SUBSTITUTION' */ ;
DELIMITER ;;
CREATE PROCEDURE `sp_GetGames_Player`(p_RoleID int,p_LevelID int)
BEGIN
	
(SELECT  
	SUM(PointsAchieved) AS QuizPoints, 
	tblQuiz.QuizID, 
	tblQuiz.QuizName,
	tblQuiz.QuizImageThumbnail,
	tblUser.UserID, 
	CONCAT(tblUser.U_FirstName,' ',tblUser.U_LastName) AS FullName,
	'Quiz' AS GameType,
	tblQuiz.CreatedDate
FROM tblUserQuizPoints
Right JOIN tblQuiz 
ON tblUserQuizPoints.QuizID = tblQuiz.QuizID
Left JOIN tblUser 
ON tblUserQuizPoints.UserID = tblUser.UserID
GROUP BY 
	QuizID,
	UserID)
UNION
(SELECT 
	UserMatchPoints.PointsAchieved AS QuizPoints, 
	tblmatch.MatchID AS QuizID, 
	tblmatch.MatchName AS QuizName,
	tblmatch.MatchImageThumbnail AS QuizImageThumbnail,
	tblUser.UserID, 
	CONCAT(tblUser.U_FirstName,' ',tblUser.U_LastName) AS FullName,
	'Match' AS GameType,
	tblmatch.CreatedDate
FROM tblmatch
LEFT JOIN
(SELECT 
	MAX(PointsAchieved) AS PointsAchieved, UserID, MatchID FROM tblusermatchpoints 
GROUP BY
	UserID, MatchID) AS UserMatchPoints ON tblmatch.MatchID = UserMatchPoints.MatchID
LEFT JOIN tblUser 
ON UserMatchPoints.UserID = tblUser.UserID)
ORDER BY
	CreatedDate DESC;

(Select 
	tblUserQuizPoints.UserQuizPointsID,
	tblUserQuizPoints.UserID,
	tblUserQuizPoints.QuizID,
	tblUserQuizPoints.QuestionID,
	tblUserQuizPoints.PointsAchieved,
	tblUserQuizPoints.ElaspedTime,
	tblUserQuizPoints.IsCorrect,
	tblUserQuizPoints.QuizTime,
	'Quiz' AS GameType
from tblUserQuizPoints)
UNION
(SELECT 
	tblusermatchpoints.UserMatchPointsID AS UserQuizPointsID,
	tblusermatchpoints.UserID,
	tblusermatchpoints.MatchID AS QuizID,
	'' AS QuestionID,
	tblusermatchpoints.PointsAchieved,
	tblusermatchpoints.ElaspedTime,
	tblusermatchpoints.IsCorrect,
	tblusermatchpoints.MatchTime AS QuizTime,
	'Match' AS GameType
FROM tblusermatchpoints)
ORDER BY
	QuizTime DESC;

(SELECT * FROM tblUserQuizPointsTemperory
INNER JOIN tblQuizQuestions 
ON tblUserQuizPointsTemperory.QuestionID= tblQuizQuestions.QuestionID)
UNION
(SELECT 
	tblUserMatchPointsTemperory.UserMatchPointsID AS UserQuizPointsID,
	tblUserMatchPointsTemperory.UserID,
	tblUserMatchPointsTemperory.MatchID AS QuizID,
	'' AS QuestionID,
	tblUserMatchPointsTemperory.PointsAchieved,
	tblUserMatchPointsTemperory.ElaspedTime,
	tblUserMatchPointsTemperory.IsCorrect,
	tblUserMatchPointsTemperory.MatchTime AS QuizTime,
	tblmatchdatasets.DataSetID,
	tblmatchdatasets.DataSetElementsData AS QuestionText,
	'' AS QuestionExplanation,
	'' AS Answer1,
	'' AS Answer2,
	'' AS Answer3,
	'' AS Answer4,
	'' AS CorrectAnswer,
	0 AS Category,
	tblmatchdatasets.SiteID,
	tblmatchdatasets.MatchID AS QuizID,
	tblmatchdatasets.DataSetImage AS QuestionImage,
	tblmatchdatasets.DataSetImageThumbnail AS QuestionImageThumbnail,
	'' AS ShortQuestion
FROM 
	tblUserMatchPointsTemperory
INNER JOIN tblmatchdatasets 
ON tblUserMatchPointsTemperory.MatchID = tblmatchdatasets.MatchID)
ORDER by
	QuizTime DESC;

(SELECT  
	SUM(PointsAchieved) AS QuizPoints, 
	tblQuiz.QuizID, 
	tblQuiz.QuizName,
	tblQuiz.QuizImageThumbnail,
	tblUser.UserID, 
	tblQuiz.TimesPlayablePerDay, 
	tblQuiz.KPI_ID,
	CONCAT(tblUser.U_FirstName,' ',tblUser.U_LastName) AS FullName,
	'Quiz' AS GameType,
	 '0' AS Mandatory,
	tblQuiz.CreatedDate
FROM tblUserQuizPoints
Right JOIN tblQuiz 
ON tblUserQuizPoints.QuizID = tblQuiz.QuizID
Left JOIN tblUser 
ON tblUserQuizPoints.UserID = tblUser.UserID
INNER JOIN tblquizlevels 
ON tblquiz.QuizID = tblquizlevels.QuizID
WHERE tblquizlevels.RoleID = p_RoleID AND tblquizlevels.LevelID =p_LevelID
GROUP BY 
	QuizID)
UNION
(SELECT 
	UserMatchPoints.PointsAchieved AS QuizPoints, 
	tblmatch.MatchID AS QuizID, 
	tblmatch.MatchName AS QuizName,
	tblmatch.MatchImageThumbnail AS QuizImageThumbnail,
	tblUser.UserID, 
	tblmatch.MaxPlaysPerDay AS TimesPlayablePerDay, 
	tblmatch.KPI_ID,
	CONCAT(tblUser.U_FirstName,' ',tblUser.U_LastName) AS FullName,
	'Match' AS GameType,
	'0' AS Mandatory,
	tblmatch.CreatedDate
FROM tblmatch
LEFT JOIN
(SELECT 
	MAX(PointsAchieved) AS PointsAchieved, UserID, MatchID FROM tblusermatchpoints 
GROUP BY
	UserID, MatchID) AS UserMatchPoints ON tblmatch.MatchID = UserMatchPoints.MatchID
LEFT JOIN tblUser 
ON UserMatchPoints.UserID = tblUser.UserID
INNER JOIN tblmatchlevels 
ON tblmatch.MatchID = tblmatchlevels.MatchID
WHERE tblmatchlevels.RoleID = p_RoleID AND tblmatchlevels.LevelID =p_LevelID
GROUP BY 
	QuizID)
ORDER BY
	CreatedDate DESC;

(Select 
	tblquiz.QuizID
FROM tblquiz 
INNER JOIN tbltarget
ON tblquiz.KPI_ID = tbltarget.KPI_ID
WHERE 
	tbltarget.Level_ID = p_LevelID AND 
	tbltarget.Role_ID= p_RoleID)
UNION
(Select 
	tblmatch.MatchID AS QuizID
FROM tblmatch 
INNER JOIN tbltarget
ON tblmatch.KPI_ID = tbltarget.KPI_ID
WHERE 
	tbltarget.Level_ID = p_LevelID AND 
	tbltarget.Role_ID= p_RoleID) ;

Select Score, tblscores.User_ID, tblscores.Type_ID
from tblScores
Where U_Type ='KPI' AND LevelID = p_LevelID ;

SELECT tblquizresulttotal.*, tbluser.U_FirstName, tbluser.U_LastName FROM tblquizresulttotal
INNER JOIN tbluser
ON tblquizresulttotal.UserID = tbluser.UserID;

END ;;
DELIMITER ;
/*!50003 SET sql_mode              = @saved_sql_mode */ ;
/*!50003 SET character_set_client  = @saved_cs_client */ ;
/*!50003 SET character_set_results = @saved_cs_results */ ;
/*!50003 SET collation_connection  = @saved_col_connection */ ;
/*!50003 DROP PROCEDURE IF EXISTS `sp_GetImage` */;
/*!50003 SET @saved_cs_client      = @@character_set_client */ ;
/*!50003 SET @saved_cs_results     = @@character_set_results */ ;
/*!50003 SET @saved_col_connection = @@collation_connection */ ;
/*!50003 SET character_set_client  = utf8 */ ;
/*!50003 SET character_set_results = utf8 */ ;
/*!50003 SET collation_connection  = utf8_general_ci */ ;
/*!50003 SET @saved_sql_mode       = @@sql_mode */ ;
/*!50003 SET sql_mode              = 'STRICT_TRANS_TABLES,NO_AUTO_CREATE_USER,NO_ENGINE_SUBSTITUTION' */ ;
DELIMITER ;;
CREATE PROCEDURE `sp_GetImage`(p_UserID INT)
BEGIN

	SELECT U_Current,U_UploadDate,U_UserIDImage,tblUserImages.Active,tblUserImages.UserID,tblUser.U_Name,tblUserImages.Player_Image,tblUserImages.Player_Thumbnail

	FROM tblUserImages

	INNER JOIN tblUser ON

	tblUserImages.UserID = tblUser.UserID

	WHERE tblUser.Active = 1 AND tblUserImages.UserID = p_UserID;

END ;;
DELIMITER ;
/*!50003 SET sql_mode              = @saved_sql_mode */ ;
/*!50003 SET character_set_client  = @saved_cs_client */ ;
/*!50003 SET character_set_results = @saved_cs_results */ ;
/*!50003 SET collation_connection  = @saved_col_connection */ ;
/*!50003 DROP PROCEDURE IF EXISTS `sp_GetKPI` */;
/*!50003 SET @saved_cs_client      = @@character_set_client */ ;
/*!50003 SET @saved_cs_results     = @@character_set_results */ ;
/*!50003 SET @saved_col_connection = @@collation_connection */ ;
/*!50003 SET character_set_client  = utf8 */ ;
/*!50003 SET character_set_results = utf8 */ ;
/*!50003 SET collation_connection  = utf8_general_ci */ ;
/*!50003 SET @saved_sql_mode       = @@sql_mode */ ;
/*!50003 SET sql_mode              = 'STRICT_TRANS_TABLES,NO_AUTO_CREATE_USER,NO_ENGINE_SUBSTITUTION' */ ;
DELIMITER ;;
CREATE PROCEDURE `sp_GetKPI`()
BEGIN

SELECT tblKPI.KPI_ID,tblKPI.KPI_name,

			tblKPI.KPI_measure,tblKPI.KPI_type,tblKPI.Active, tblkpi.TipsDESC, tblkpi.TipsLINK, tblReferenceData.Description AS KPI_Type_Name,tblKPI.KPI_Category ,tblKPI.KPI_Descp,tblkpi.TypeLevel
,tblkpi.TypeAward,tblkpi.TypeContest

FROM tblKPI

INNER JOIN tblReferenceData ON

tblKPI.KPI_type = tblReferenceData.ReferenceData_ID

WHERE tblReferenceData.Active = 1;

END ;;
DELIMITER ;
/*!50003 SET sql_mode              = @saved_sql_mode */ ;
/*!50003 SET character_set_client  = @saved_cs_client */ ;
/*!50003 SET character_set_results = @saved_cs_results */ ;
/*!50003 SET collation_connection  = @saved_col_connection */ ;
/*!50003 DROP PROCEDURE IF EXISTS `sp_GetLevelGame` */;
/*!50003 SET @saved_cs_client      = @@character_set_client */ ;
/*!50003 SET @saved_cs_results     = @@character_set_results */ ;
/*!50003 SET @saved_col_connection = @@collation_connection */ ;
/*!50003 SET character_set_client  = utf8 */ ;
/*!50003 SET character_set_results = utf8 */ ;
/*!50003 SET collation_connection  = utf8_general_ci */ ;
/*!50003 SET @saved_sql_mode       = @@sql_mode */ ;
/*!50003 SET sql_mode              = 'STRICT_TRANS_TABLES,NO_AUTO_CREATE_USER,NO_ENGINE_SUBSTITUTION' */ ;
DELIMITER ;;
CREATE PROCEDURE `sp_GetLevelGame`()
BEGIN

	SELECT tblLevelGame.GameID,tblLevelGame.GameName, tblLevelGame.Active AS GameActive 

	FROM tblLevelGame;





END ;;
DELIMITER ;
/*!50003 SET sql_mode              = @saved_sql_mode */ ;
/*!50003 SET character_set_client  = @saved_cs_client */ ;
/*!50003 SET character_set_results = @saved_cs_results */ ;
/*!50003 SET collation_connection  = @saved_col_connection */ ;
/*!50003 DROP PROCEDURE IF EXISTS `sp_GetLevelGameDDL` */;
/*!50003 SET @saved_cs_client      = @@character_set_client */ ;
/*!50003 SET @saved_cs_results     = @@character_set_results */ ;
/*!50003 SET @saved_col_connection = @@collation_connection */ ;
/*!50003 SET character_set_client  = utf8 */ ;
/*!50003 SET character_set_results = utf8 */ ;
/*!50003 SET collation_connection  = utf8_general_ci */ ;
/*!50003 SET @saved_sql_mode       = @@sql_mode */ ;
/*!50003 SET sql_mode              = 'STRICT_TRANS_TABLES,NO_AUTO_CREATE_USER,NO_ENGINE_SUBSTITUTION' */ ;
DELIMITER ;;
CREATE PROCEDURE `sp_GetLevelGameDDL`(p_GameID INT)
BEGIN

	SELECT tblLevelGameDDL.GameDropdownID,tblLevelGameDDL.GameDropdownName,tblLevelGameDDL.GameID,tblLevelGameDDL.Active AS GameDDLActive

	FROM tblLevelGameDDL

	WHERE tblLevelGameDDL.GameID = p_GameID;



END ;;
DELIMITER ;
/*!50003 SET sql_mode              = @saved_sql_mode */ ;
/*!50003 SET character_set_client  = @saved_cs_client */ ;
/*!50003 SET character_set_results = @saved_cs_results */ ;
/*!50003 SET collation_connection  = @saved_col_connection */ ;
/*!50003 DROP PROCEDURE IF EXISTS `sp_GetLevelPerformance` */;
/*!50003 SET @saved_cs_client      = @@character_set_client */ ;
/*!50003 SET @saved_cs_results     = @@character_set_results */ ;
/*!50003 SET @saved_col_connection = @@collation_connection */ ;
/*!50003 SET character_set_client  = utf8 */ ;
/*!50003 SET character_set_results = utf8 */ ;
/*!50003 SET collation_connection  = utf8_general_ci */ ;
/*!50003 SET @saved_sql_mode       = @@sql_mode */ ;
/*!50003 SET sql_mode              = 'STRICT_TRANS_TABLES,NO_AUTO_CREATE_USER,NO_ENGINE_SUBSTITUTION' */ ;
DELIMITER ;;
CREATE PROCEDURE `sp_GetLevelPerformance`()
BEGIN
	
SELECT 
			 user_id,
(SELECT Level_Position from tblLevel WHERE tblLevelPerformance.last_level = tblLevel.Level_ID) as  previos_level,
			 (SELECT Level_Position from tblLevel WHERE tblLevelPerformance.current_level = tblLevel.Level_ID) as  current_level,
			 (SELECT Level_Position from tblLevel WHERE tblLevelPerformance.next_level = tblLevel.Level_ID) as next_level,
(SELECT tblLevel.Level_Name from tblLevel WHERE tblLevel.Level_ID = tblLevelPerformance.next_level and tblLevel.Active = 1) as nextlevel_name,
(SELECT (tblLevelGameDDL.GameDropdownName) AS Reach from tblLevel INNER JOIN tblLevelGameDDL ON tblLevel.Reach = tblLevelGameDDL.GameDropdownID WHERE tblLevel.Level_ID = tblLevelPerformance.current_level and tblLevel.Active = 1) as nextlevel,
(SELECT tblLevel.Level_Name from tblLevel WHERE tblLevel.Level_ID = tblLevelPerformance.current_level and tblLevel.Active = 1) as currentlevel_name	,
(SELECT (tblLevelGameDDL.GameDropdownName) AS CurrentlyIn from tblLevel INNER JOIN tblLevelGameDDL ON tblLevel.CurrentlyIn = tblLevelGameDDL.GameDropdownID WHERE tblLevel.Level_ID = tblLevelPerformance.current_level and tblLevel.Active = 1) as currentlevel		
 from tblLevelPerformance WHERE level_achieved = 0;

END ;;
DELIMITER ;
/*!50003 SET sql_mode              = @saved_sql_mode */ ;
/*!50003 SET character_set_client  = @saved_cs_client */ ;
/*!50003 SET character_set_results = @saved_cs_results */ ;
/*!50003 SET collation_connection  = @saved_col_connection */ ;
/*!50003 DROP PROCEDURE IF EXISTS `sp_GetLevelperformance_PopupShowed` */;
/*!50003 SET @saved_cs_client      = @@character_set_client */ ;
/*!50003 SET @saved_cs_results     = @@character_set_results */ ;
/*!50003 SET @saved_col_connection = @@collation_connection */ ;
/*!50003 SET character_set_client  = utf8 */ ;
/*!50003 SET character_set_results = utf8 */ ;
/*!50003 SET collation_connection  = utf8_general_ci */ ;
/*!50003 SET @saved_sql_mode       = @@sql_mode */ ;
/*!50003 SET sql_mode              = 'STRICT_TRANS_TABLES,NO_AUTO_CREATE_USER,NO_ENGINE_SUBSTITUTION' */ ;
DELIMITER ;;
CREATE PROCEDURE `sp_GetLevelperformance_PopupShowed`()
BEGIN

Select * from tblLevelPerformance;

END ;;
DELIMITER ;
/*!50003 SET sql_mode              = @saved_sql_mode */ ;
/*!50003 SET character_set_client  = @saved_cs_client */ ;
/*!50003 SET character_set_results = @saved_cs_results */ ;
/*!50003 SET collation_connection  = @saved_col_connection */ ;
/*!50003 DROP PROCEDURE IF EXISTS `sp_GetLevels` */;
/*!50003 SET @saved_cs_client      = @@character_set_client */ ;
/*!50003 SET @saved_cs_results     = @@character_set_results */ ;
/*!50003 SET @saved_col_connection = @@collation_connection */ ;
/*!50003 SET character_set_client  = utf8 */ ;
/*!50003 SET character_set_results = utf8 */ ;
/*!50003 SET collation_connection  = utf8_general_ci */ ;
/*!50003 SET @saved_sql_mode       = @@sql_mode */ ;
/*!50003 SET sql_mode              = 'STRICT_TRANS_TABLES,NO_AUTO_CREATE_USER,NO_ENGINE_SUBSTITUTION' */ ;
DELIMITER ;;
CREATE PROCEDURE `sp_GetLevels`()
BEGIN

SELECT  tblLevel.Level_ID,
				Level_Name,
				tblRoles.Role_Name,
			  tblRoles.Role_ID,
				tblLevel.Active,
				tblLevel.Level_Position,
				BaseHours,
				tblLevel.Points
FROM tblLevel
INNER JOIN tblRoles ON 
	tblLevel.Role_ID = tblRoles.Role_ID
WHERE tblRoles.Active = 1 
ORDER BY tblLevel.Level_Position ASC;
END ;;
DELIMITER ;
/*!50003 SET sql_mode              = @saved_sql_mode */ ;
/*!50003 SET character_set_client  = @saved_cs_client */ ;
/*!50003 SET character_set_results = @saved_cs_results */ ;
/*!50003 SET collation_connection  = @saved_col_connection */ ;
/*!50003 DROP PROCEDURE IF EXISTS `sp_GetLevelsByRole` */;
/*!50003 SET @saved_cs_client      = @@character_set_client */ ;
/*!50003 SET @saved_cs_results     = @@character_set_results */ ;
/*!50003 SET @saved_col_connection = @@collation_connection */ ;
/*!50003 SET character_set_client  = utf8 */ ;
/*!50003 SET character_set_results = utf8 */ ;
/*!50003 SET collation_connection  = utf8_general_ci */ ;
/*!50003 SET @saved_sql_mode       = @@sql_mode */ ;
/*!50003 SET sql_mode              = 'STRICT_TRANS_TABLES,NO_AUTO_CREATE_USER,NO_ENGINE_SUBSTITUTION' */ ;
DELIMITER ;;
CREATE PROCEDURE `sp_GetLevelsByRole`(IN `p_RoleID` int)
BEGIN



SELECT  tblLevel.Level_ID,

				Level_Name,

				tblRoles.Role_Name,

			  tblRoles.Role_ID,

				tblLevel.Active,

				CONCAT('Level ',CONVERT(tblLevel.Level_Position , CHARACTER(10)))    as Level_Position,
         tbllevel.Level_Position AS lvlPosition,

				tblLevel.Level_Position AS Level_PositionID,

				BaseHours,

ImageThumbnail,
ImageName,

				tblLevel.Points,

				tblLevel.Role_ID,

CONCAT(Level_Name,' | ','Level ',CONVERT(tblLevel.Level_Position , CHARACTER(10)))    as LevelName,

	tblLevel.CurrentlyIn,

	tblLevel.Reach,

	tblLevel.Game

FROM tblLevel

INNER JOIN tblRoles ON 

	tblLevel.Role_ID = tblRoles.Role_ID



WHERE tblRoles.Active = 1 and tblLevel.Role_ID=p_RoleID

ORDER BY tblLevel.Level_Position ASC;

END ;;
DELIMITER ;
/*!50003 SET sql_mode              = @saved_sql_mode */ ;
/*!50003 SET character_set_client  = @saved_cs_client */ ;
/*!50003 SET character_set_results = @saved_cs_results */ ;
/*!50003 SET collation_connection  = @saved_col_connection */ ;
/*!50003 DROP PROCEDURE IF EXISTS `sp_GetLifeLines` */;
/*!50003 SET @saved_cs_client      = @@character_set_client */ ;
/*!50003 SET @saved_cs_results     = @@character_set_results */ ;
/*!50003 SET @saved_col_connection = @@collation_connection */ ;
/*!50003 SET character_set_client  = utf8 */ ;
/*!50003 SET character_set_results = utf8 */ ;
/*!50003 SET collation_connection  = utf8_general_ci */ ;
/*!50003 SET @saved_sql_mode       = @@sql_mode */ ;
/*!50003 SET sql_mode              = 'STRICT_TRANS_TABLES,NO_AUTO_CREATE_USER,NO_ENGINE_SUBSTITUTION' */ ;
DELIMITER ;;
CREATE PROCEDURE `sp_GetLifeLines`()
BEGIN

Select * From tblLifeLines;

END ;;
DELIMITER ;
/*!50003 SET sql_mode              = @saved_sql_mode */ ;
/*!50003 SET character_set_client  = @saved_cs_client */ ;
/*!50003 SET character_set_results = @saved_cs_results */ ;
/*!50003 SET collation_connection  = @saved_col_connection */ ;
/*!50003 DROP PROCEDURE IF EXISTS `sp_GetManualAssignedAwards` */;
/*!50003 SET @saved_cs_client      = @@character_set_client */ ;
/*!50003 SET @saved_cs_results     = @@character_set_results */ ;
/*!50003 SET @saved_col_connection = @@collation_connection */ ;
/*!50003 SET character_set_client  = utf8 */ ;
/*!50003 SET character_set_results = utf8 */ ;
/*!50003 SET collation_connection  = utf8_general_ci */ ;
/*!50003 SET @saved_sql_mode       = @@sql_mode */ ;
/*!50003 SET sql_mode              = 'STRICT_TRANS_TABLES,NO_AUTO_CREATE_USER,NO_ENGINE_SUBSTITUTION' */ ;
DELIMITER ;;
CREATE PROCEDURE `sp_GetManualAssignedAwards`(p_UserID INT)
BEGIN

	SELECT tblUserAwards.award_id,
tblUserAwards.userAwardsId,

 tblUserAwards.achieved_scores,tblUserAwards.target_scores,

				tblUserAwards.awarded_date,tblUserAwards.awardedBy,tblUserAwards.manual,

				tblUserAwards.userAwardsId,tblUserAwards.user_id,

				tblAwards.Award_Name,

				tblAwards.Award_ID,

				CONCAT(tblUser.U_FirstName,' ',tblUser.U_LastName) AS FullName,

				tblUserAwards.popup_showed,

				tblUserAwards.awarded_date,

				(SELECT Award_Image FROM tblAwardImages WHERE Current_Image = 1 AND Active = 1 AND tblAwardImages.Award_ID = tblUserAwards.award_id) as Award_Thumbnail

	FROM tblUserAwards 

	INNER JOIN tblAwards ON 

	tblUserAwards.award_id = tblAwards.Award_ID

	INNER JOIN tblUser ON

	tblUserAwards.user_id = tblUser.UserID

	WHERE tblUserAwards.manual = 1 AND tblUserAwards.user_id = p_UserID;

END ;;
DELIMITER ;
/*!50003 SET sql_mode              = @saved_sql_mode */ ;
/*!50003 SET character_set_client  = @saved_cs_client */ ;
/*!50003 SET character_set_results = @saved_cs_results */ ;
/*!50003 SET collation_connection  = @saved_col_connection */ ;
/*!50003 DROP PROCEDURE IF EXISTS `sp_GetMapDetail` */;
/*!50003 SET @saved_cs_client      = @@character_set_client */ ;
/*!50003 SET @saved_cs_results     = @@character_set_results */ ;
/*!50003 SET @saved_col_connection = @@collation_connection */ ;
/*!50003 SET character_set_client  = utf8 */ ;
/*!50003 SET character_set_results = utf8 */ ;
/*!50003 SET collation_connection  = utf8_general_ci */ ;
/*!50003 SET @saved_sql_mode       = @@sql_mode */ ;
/*!50003 SET sql_mode              = 'STRICT_TRANS_TABLES,NO_AUTO_CREATE_USER,NO_ENGINE_SUBSTITUTION' */ ;
DELIMITER ;;
CREATE PROCEDURE `sp_GetMapDetail`()
BEGIN	



/*SELECT *,

(SELECT Level_Position from tblLevel WHERE tblMap.level_ID = tblLevel.Level_ID) as LevelPosition

 FROM tblMap;*/



SELECT * FROM tblLevel where Active = 1;



END ;;
DELIMITER ;
/*!50003 SET sql_mode              = @saved_sql_mode */ ;
/*!50003 SET character_set_client  = @saved_cs_client */ ;
/*!50003 SET character_set_results = @saved_cs_results */ ;
/*!50003 SET collation_connection  = @saved_col_connection */ ;
/*!50003 DROP PROCEDURE IF EXISTS `sp_GetMatch` */;
/*!50003 SET @saved_cs_client      = @@character_set_client */ ;
/*!50003 SET @saved_cs_results     = @@character_set_results */ ;
/*!50003 SET @saved_col_connection = @@collation_connection */ ;
/*!50003 SET character_set_client  = utf8 */ ;
/*!50003 SET character_set_results = utf8 */ ;
/*!50003 SET collation_connection  = utf8_general_ci */ ;
/*!50003 SET @saved_sql_mode       = @@sql_mode */ ;
/*!50003 SET sql_mode              = 'STRICT_TRANS_TABLES,NO_AUTO_CREATE_USER,NO_ENGINE_SUBSTITUTION' */ ;
DELIMITER ;;
CREATE PROCEDURE `sp_GetMatch`(p_Where VARCHAR(10000))
BEGIN

DECLARE p_Select VARCHAR(2000);
DECLARE p_FinalQuery varchar(8000);

SET p_Select = 
'SELECT
	MatchID,
	MatchName,
	PointsForCompletation,
	MaxPlaysPerDay,
	NoOfDataSet,
	NoOfRounds,
	CreatedDate,
	MatchImage,
	MatchImageThumbnail,
	KPI_ID
FROM 
	tblmatch ';

SET @p_FinalQuery = CONCAT(p_Select,p_Where);
PREPARE result from @p_FinalQuery;
EXECUTE result;
DEALLOCATE PREPARE result;

END ;;
DELIMITER ;
/*!50003 SET sql_mode              = @saved_sql_mode */ ;
/*!50003 SET character_set_client  = @saved_cs_client */ ;
/*!50003 SET character_set_results = @saved_cs_results */ ;
/*!50003 SET collation_connection  = @saved_col_connection */ ;
/*!50003 DROP PROCEDURE IF EXISTS `sp_GetMatchDataSet_Player` */;
/*!50003 SET @saved_cs_client      = @@character_set_client */ ;
/*!50003 SET @saved_cs_results     = @@character_set_results */ ;
/*!50003 SET @saved_col_connection = @@collation_connection */ ;
/*!50003 SET character_set_client  = utf8 */ ;
/*!50003 SET character_set_results = utf8 */ ;
/*!50003 SET collation_connection  = utf8_general_ci */ ;
/*!50003 SET @saved_sql_mode       = @@sql_mode */ ;
/*!50003 SET sql_mode              = 'STRICT_TRANS_TABLES,NO_AUTO_CREATE_USER,NO_ENGINE_SUBSTITUTION' */ ;
DELIMITER ;;
CREATE PROCEDURE `sp_GetMatchDataSet_Player`(p_MatchID int, p_LevelID int, p_RoleID int, p_RoundNumber int, p_NoDataSets int, p_DataElements int)
BEGIN	

IF(p_DataElements = 2)
THEN
	SELECT 
		tblmatchdatasets.DataSetID,
    REPLACE(SUBSTRING(SUBSTRING_INDEX(DataSetElementsData, '|', 1), LENGTH(SUBSTRING_INDEX(DataSetElementsData, '|', 1 -1)) + 1), '|', '') as DataElement1,
		'' as DataElement2,
		'' as DataElement3,
		DataSetElementsData,
		SiteID,   
		MatchID,
		tblmatchdatasetlevels.LevelID,
		(select NoOfDataSet from tblMatch Where MatchID = p_MatchID) as NoDataElements,
		(select MaxPlaysPerDay from tblMatch Where MatchID = p_MatchID) as LimitGame,
		(select NoOfDataSets from tblround Where MatchID = p_MatchID LIMIT p_RoundNumber, 1) as NoDataSets,
		(select TimePerRound from tblround Where MatchID = p_MatchID LIMIT p_RoundNumber, 1) as TimePerRound,
		(select PointsPerRound from tblround Where MatchID = p_MatchID LIMIT p_RoundNumber, 1) as PointsPerRound,
		DataSetImage,
		DataSetImageThumbnail
	FROM 
		tblmatchdatasets
	INNER JOIN tblmatchdatasetlevels 
	ON tblmatchdatasets.DataSetID = tblmatchdatasetlevels.DataSetID
	WHERE 
		MatchID = p_MatchID AND 
		tblmatchdatasetlevels.RoleID = p_RoleID AND
		tblmatchdatasetlevels.LevelID = p_LevelID
	ORDER BY RAND()
	LIMIT p_NoDataSets;
END IF;

IF(p_DataElements = 3)
THEN
	SELECT 
		tblmatchdatasets.DataSetID,
    REPLACE(SUBSTRING(SUBSTRING_INDEX(DataSetElementsData, '|', 1), LENGTH(SUBSTRING_INDEX(DataSetElementsData, '|', 1 -1)) + 1), '|', '') as DataElement1,
    REPLACE(SUBSTRING(SUBSTRING_INDEX(DataSetElementsData, '|', 2), LENGTH(SUBSTRING_INDEX(DataSetElementsData, '|', 2 -1)) + 1), '|', '') as DataElement2,
		'' as DataElement3,
		DataSetElementsData,
		SiteID,   
		MatchID,
		tblmatchdatasetlevels.LevelID,
		(select NoOfDataSet from tblMatch Where MatchID = p_MatchID) as NoDataElements,
		(select MaxPlaysPerDay from tblMatch Where MatchID = p_MatchID) as LimitGame,
		(select NoOfDataSets from tblround Where MatchID = p_MatchID LIMIT p_RoundNumber, 1) as NoDataSets,
		(select TimePerRound from tblround Where MatchID = p_MatchID LIMIT p_RoundNumber, 1) as TimePerRound,
		(select PointsPerRound from tblround Where MatchID = p_MatchID LIMIT p_RoundNumber, 1) as PointsPerRound,
		DataSetImage,
		DataSetImageThumbnail
	FROM 
		tblmatchdatasets
	INNER JOIN tblmatchdatasetlevels 
	ON tblmatchdatasets.DataSetID = tblmatchdatasetlevels.DataSetID
	WHERE 
		MatchID = p_MatchID AND 
		tblmatchdatasetlevels.RoleID = p_RoleID AND
		tblmatchdatasetlevels.LevelID = p_LevelID
	ORDER BY RAND()
	LIMIT p_NoDataSets;
END IF;

IF(p_DataElements = 4)
THEN
	SELECT 
		tblmatchdatasets.DataSetID,
    REPLACE(SUBSTRING(SUBSTRING_INDEX(DataSetElementsData, '|', 1), LENGTH(SUBSTRING_INDEX(DataSetElementsData, '|', 1 -1)) + 1), '|', '') as DataElement1,
    REPLACE(SUBSTRING(SUBSTRING_INDEX(DataSetElementsData, '|', 2), LENGTH(SUBSTRING_INDEX(DataSetElementsData, '|', 2 -1)) + 1), '|', '') as DataElement2,
    REPLACE(SUBSTRING(SUBSTRING_INDEX(DataSetElementsData, '|', 3), LENGTH(SUBSTRING_INDEX(DataSetElementsData, '|', 3 -1)) + 1), '|', '') as DataElement3,
		DataSetElementsData,
		SiteID,   
		MatchID,
		tblmatchdatasetlevels.LevelID,
		(select NoOfDataSet from tblMatch Where MatchID = p_MatchID) as NoDataElements,
		(select MaxPlaysPerDay from tblMatch Where MatchID = p_MatchID) as LimitGame,
		(select NoOfDataSets from tblround Where MatchID = p_MatchID LIMIT p_RoundNumber, 1) as NoDataSets,
		(select TimePerRound from tblround Where MatchID = p_MatchID LIMIT p_RoundNumber, 1) as TimePerRound,
		(select PointsPerRound from tblround Where MatchID = p_MatchID LIMIT p_RoundNumber, 1) as PointsPerRound,
		DataSetImage,
		DataSetImageThumbnail
	FROM 
		tblmatchdatasets
	INNER JOIN tblmatchdatasetlevels 
	ON tblmatchdatasets.DataSetID = tblmatchdatasetlevels.DataSetID
	WHERE 
		MatchID = p_MatchID AND 
		tblmatchdatasetlevels.RoleID = p_RoleID AND
		tblmatchdatasetlevels.LevelID = p_LevelID
	ORDER BY RAND()
	LIMIT p_NoDataSets;
END IF;

Select * from tblusermatchpoints;
END ;;
DELIMITER ;
/*!50003 SET sql_mode              = @saved_sql_mode */ ;
/*!50003 SET character_set_client  = @saved_cs_client */ ;
/*!50003 SET character_set_results = @saved_cs_results */ ;
/*!50003 SET collation_connection  = @saved_col_connection */ ;
/*!50003 DROP PROCEDURE IF EXISTS `sp_GetMatchPlayLog` */;
/*!50003 SET @saved_cs_client      = @@character_set_client */ ;
/*!50003 SET @saved_cs_results     = @@character_set_results */ ;
/*!50003 SET @saved_col_connection = @@collation_connection */ ;
/*!50003 SET character_set_client  = utf8 */ ;
/*!50003 SET character_set_results = utf8 */ ;
/*!50003 SET collation_connection  = utf8_general_ci */ ;
/*!50003 SET @saved_sql_mode       = @@sql_mode */ ;
/*!50003 SET sql_mode              = 'STRICT_TRANS_TABLES,NO_AUTO_CREATE_USER,NO_ENGINE_SUBSTITUTION' */ ;
DELIMITER ;;
CREATE PROCEDURE `sp_GetMatchPlayLog`()
BEGIN

Select * from tblMatchPlayLog;

END ;;
DELIMITER ;
/*!50003 SET sql_mode              = @saved_sql_mode */ ;
/*!50003 SET character_set_client  = @saved_cs_client */ ;
/*!50003 SET character_set_results = @saved_cs_results */ ;
/*!50003 SET collation_connection  = @saved_col_connection */ ;
/*!50003 DROP PROCEDURE IF EXISTS `sp_GetMatch_Player` */;
/*!50003 SET @saved_cs_client      = @@character_set_client */ ;
/*!50003 SET @saved_cs_results     = @@character_set_results */ ;
/*!50003 SET @saved_col_connection = @@collation_connection */ ;
/*!50003 SET character_set_client  = utf8 */ ;
/*!50003 SET character_set_results = utf8 */ ;
/*!50003 SET collation_connection  = utf8_general_ci */ ;
/*!50003 SET @saved_sql_mode       = @@sql_mode */ ;
/*!50003 SET sql_mode              = 'STRICT_TRANS_TABLES,NO_AUTO_CREATE_USER,NO_ENGINE_SUBSTITUTION' */ ;
DELIMITER ;;
CREATE PROCEDURE `sp_GetMatch_Player`()
BEGIN
	
SELECT  
	SUM(PointsAchieved) AS MatchPoints, 
	tblmatch.MatchID, 
	tblmatch.MatchName,
	tblmatch.MatchImageThumbnail,
	tblUser.UserID, 
	CONCAT(tblUser.U_FirstName,	' ', tblUser.U_LastName) AS FullName
FROM tblusermatchpoints
Right JOIN tblmatch 
ON tblusermatchpoints.MatchID = tblmatch.MatchID
Left JOIN tblUser 
ON tblusermatchpoints.UserID = tblUser.UserID
GROUP BY 
	MatchID,
	UserID;

SELECT * FROM tblusermatchpoints;

SELECT * FROM tblUserMatchPointsTemperory
INNER JOIN tblmatchdatasets 
ON tblUserMatchPointsTemperory.MatchID = tblmatchdatasets.MatchID;

SELECT  
	SUM(PointsAchieved) AS MatchPoints, 
	tblmatch.MatchID, 
	tblmatch.MatchName,
	tblmatch.MatchImageThumbnail,
	tblUser.UserID, 
	tblmatch.MaxPlaysPerDay,
	tblmatch.KPI_ID,
	CONCAT(tblUser.U_FirstName,' ',tblUser.U_LastName) AS FullName
FROM 
	tblusermatchpoints
Right JOIN tblmatch 
ON tblusermatchpoints.MatchID = tblmatch.MatchID
Left JOIN tblUser 
ON tblusermatchpoints.UserID = tblUser.UserID
GROUP BY 
	MatchID;

END ;;
DELIMITER ;
/*!50003 SET sql_mode              = @saved_sql_mode */ ;
/*!50003 SET character_set_client  = @saved_cs_client */ ;
/*!50003 SET character_set_results = @saved_cs_results */ ;
/*!50003 SET collation_connection  = @saved_col_connection */ ;
/*!50003 DROP PROCEDURE IF EXISTS `sp_GetMessages` */;
/*!50003 SET @saved_cs_client      = @@character_set_client */ ;
/*!50003 SET @saved_cs_results     = @@character_set_results */ ;
/*!50003 SET @saved_col_connection = @@collation_connection */ ;
/*!50003 SET character_set_client  = utf8 */ ;
/*!50003 SET character_set_results = utf8 */ ;
/*!50003 SET collation_connection  = utf8_general_ci */ ;
/*!50003 SET @saved_sql_mode       = @@sql_mode */ ;
/*!50003 SET sql_mode              = 'STRICT_TRANS_TABLES,NO_AUTO_CREATE_USER,NO_ENGINE_SUBSTITUTION' */ ;
DELIMITER ;;
CREATE PROCEDURE `sp_GetMessages`()
BEGIN

	

SELECT ID,From_UserID,To_UserID,Message_Subject,Message_Text,IsRead,IsReply,Sent_Date,Active,RepliedMessageID,

(SELECT CONCAT(tblUser.U_FirstName,' ',tblUser.U_LastName) from tblUser WHERE tblUser.UserID = tblMessages.From_UserID)  as FullName,

(SELECT tblUserImages.Player_Thumbnail FROM tblUserImages WHERE tblUserImages.UserID = tblMessages.From_UserID AND tblUserImages.U_Current = 1) AS Player_Thumbnail

 from tblMessages

ORDER BY tblMessages.Sent_Date DESC;



END ;;
DELIMITER ;
/*!50003 SET sql_mode              = @saved_sql_mode */ ;
/*!50003 SET character_set_client  = @saved_cs_client */ ;
/*!50003 SET character_set_results = @saved_cs_results */ ;
/*!50003 SET collation_connection  = @saved_col_connection */ ;
/*!50003 DROP PROCEDURE IF EXISTS `sp_GetPlayerLevelPercent` */;
/*!50003 SET @saved_cs_client      = @@character_set_client */ ;
/*!50003 SET @saved_cs_results     = @@character_set_results */ ;
/*!50003 SET @saved_col_connection = @@collation_connection */ ;
/*!50003 SET character_set_client  = utf8 */ ;
/*!50003 SET character_set_results = utf8 */ ;
/*!50003 SET collation_connection  = utf8_general_ci */ ;
/*!50003 SET @saved_sql_mode       = @@sql_mode */ ;
/*!50003 SET sql_mode              = 'STRICT_TRANS_TABLES,NO_AUTO_CREATE_USER,NO_ENGINE_SUBSTITUTION' */ ;
DELIMITER ;;
CREATE PROCEDURE `sp_GetPlayerLevelPercent`(p_UserID INT)
BEGIN

	SELECT  tblLevelPerformance.levelPerformanceId, tblLevelPerformance.current_level,tblLevel.Level_Position,tblLevelPerformance.last_level,tblLevelPerformance.next_level,

				/*(SELECT levels.popup_showed FROM tblLevelPerformance levels 

				WHERE levels.current_level = tblLevelPerformance.last_level AND levels.user_id = p_UserID AND levels.level_achieved = 1) AS popup_showed,*/

				tblLevelPerformance.popup_showed,

				(SELECT lvl.Points FROM tblLevel lvl 

				WHERE lvl.Level_ID = tblLevelPerformance.current_level AND lvl.Active = 1) AS Bonus,

				(SELECT leve.Level_Name  FROM tblLevel leve WHERE leve.Level_ID = tblLevelPerformance.current_level) AS CurrentLevelName,

					IFNULL(((achieved_scores/target_scores) * 100),0) AS Percentage					

	FROM tblLevelPerformance

	INNER JOIN tblLevel ON

	tblLevelPerformance.current_level = tblLevel.Level_ID

	WHERE tblLevelPerformance.user_id = p_UserID AND tblLevelPerformance.level_achieved = 0;



END ;;
DELIMITER ;
/*!50003 SET sql_mode              = @saved_sql_mode */ ;
/*!50003 SET character_set_client  = @saved_cs_client */ ;
/*!50003 SET character_set_results = @saved_cs_results */ ;
/*!50003 SET collation_connection  = @saved_col_connection */ ;
/*!50003 DROP PROCEDURE IF EXISTS `sp_GetPoints` */;
/*!50003 SET @saved_cs_client      = @@character_set_client */ ;
/*!50003 SET @saved_cs_results     = @@character_set_results */ ;
/*!50003 SET @saved_col_connection = @@collation_connection */ ;
/*!50003 SET character_set_client  = utf8 */ ;
/*!50003 SET character_set_results = utf8 */ ;
/*!50003 SET collation_connection  = utf8_general_ci */ ;
/*!50003 SET @saved_sql_mode       = @@sql_mode */ ;
/*!50003 SET sql_mode              = 'STRICT_TRANS_TABLES,NO_AUTO_CREATE_USER,NO_ENGINE_SUBSTITUTION' */ ;
DELIMITER ;;
CREATE PROCEDURE `sp_GetPoints`(p_UserID int)
BEGIN

Select U_Points from tblUser

Where UserId = p_UserID;

END ;;
DELIMITER ;
/*!50003 SET sql_mode              = @saved_sql_mode */ ;
/*!50003 SET character_set_client  = @saved_cs_client */ ;
/*!50003 SET character_set_results = @saved_cs_results */ ;
/*!50003 SET collation_connection  = @saved_col_connection */ ;
/*!50003 DROP PROCEDURE IF EXISTS `sp_GetPostByID` */;
/*!50003 SET @saved_cs_client      = @@character_set_client */ ;
/*!50003 SET @saved_cs_results     = @@character_set_results */ ;
/*!50003 SET @saved_col_connection = @@collation_connection */ ;
/*!50003 SET character_set_client  = utf8 */ ;
/*!50003 SET character_set_results = utf8 */ ;
/*!50003 SET collation_connection  = utf8_general_ci */ ;
/*!50003 SET @saved_sql_mode       = @@sql_mode */ ;
/*!50003 SET sql_mode              = 'STRICT_TRANS_TABLES,NO_AUTO_CREATE_USER,NO_ENGINE_SUBSTITUTION' */ ;
DELIMITER ;;
CREATE PROCEDURE `sp_GetPostByID`(`p_PostID` int)
BEGIN

Select * from tblPosts where PostID = p_PostID;

END ;;
DELIMITER ;
/*!50003 SET sql_mode              = @saved_sql_mode */ ;
/*!50003 SET character_set_client  = @saved_cs_client */ ;
/*!50003 SET character_set_results = @saved_cs_results */ ;
/*!50003 SET collation_connection  = @saved_col_connection */ ;
/*!50003 DROP PROCEDURE IF EXISTS `sp_GetPostDetails` */;
/*!50003 SET @saved_cs_client      = @@character_set_client */ ;
/*!50003 SET @saved_cs_results     = @@character_set_results */ ;
/*!50003 SET @saved_col_connection = @@collation_connection */ ;
/*!50003 SET character_set_client  = utf8 */ ;
/*!50003 SET character_set_results = utf8 */ ;
/*!50003 SET collation_connection  = utf8_general_ci */ ;
/*!50003 SET @saved_sql_mode       = @@sql_mode */ ;
/*!50003 SET sql_mode              = 'STRICT_TRANS_TABLES,NO_AUTO_CREATE_USER,NO_ENGINE_SUBSTITUTION' */ ;
DELIMITER ;;
CREATE PROCEDURE `sp_GetPostDetails`(p_PostID int)
BEGIN

	Select *,

(Select U_FirstName from tblUser where tblUser.UserID = RepliedBy) as RepliedByName,

(Select count(*) from tblPostRepliedLikes Where PostID = p_PostID and tblPostRepliedLikes.LikeID = ReplyID) as Likes from tblPostReplies 

Where PostID = p_PostID;



END ;;
DELIMITER ;
/*!50003 SET sql_mode              = @saved_sql_mode */ ;
/*!50003 SET character_set_client  = @saved_cs_client */ ;
/*!50003 SET character_set_results = @saved_cs_results */ ;
/*!50003 SET collation_connection  = @saved_col_connection */ ;
/*!50003 DROP PROCEDURE IF EXISTS `sp_GetPosts` */;
/*!50003 SET @saved_cs_client      = @@character_set_client */ ;
/*!50003 SET @saved_cs_results     = @@character_set_results */ ;
/*!50003 SET @saved_col_connection = @@collation_connection */ ;
/*!50003 SET character_set_client  = utf8 */ ;
/*!50003 SET character_set_results = utf8 */ ;
/*!50003 SET collation_connection  = utf8_general_ci */ ;
/*!50003 SET @saved_sql_mode       = @@sql_mode */ ;
/*!50003 SET sql_mode              = 'STRICT_TRANS_TABLES,NO_AUTO_CREATE_USER,NO_ENGINE_SUBSTITUTION' */ ;
DELIMITER ;;
CREATE PROCEDURE `sp_GetPosts`(p_Where VARCHAR(10000))
BEGIN



DECLARE p_Select VARCHAR(2000); DECLARE p_Select2 VARCHAR(2000);

DECLARE p_FinalQuery varchar(8000);



SET p_Select = '



SELECT S.* From (

Select @rownum:=@rownum+1 rownum , P.PostID as ID, P.PostTitle as Topic, P.RoleID , P.CreateDate, P.CreatedBy, P.PostMessage

,(Select COUNT(*) FROM tblPostReplies WHERE tblPostReplies.PostID = P.PostID ) as Replies

,(Select COUNT(*) FROM tblPostRepliedLikes WHERE tblPostRepliedLikes.PostID = P.PostID ) as Likes

,(SELECT B.U_Name from tblPostReplies A, tblUser B WHERE A.RepliedBy = B.UserID and A.ReplyDate = (SELECT Max(ReplyDate) from tblPostReplies where tblPostReplies.PostID = P.PostID)) as LastReply

,IFNULL(TIMESTAMPDIFF (MINUTE,(SELECT Max(ReplyDate) as Maz from tblPostReplies where tblPostReplies.PostID = P.PostID),CURRENT_TIMESTAMP()),0) as LatestDate 

from tblPosts P, (SELECT @rownum:=0) R ) S  

  '; 



SET @p_Select2 = '

SELECT COUNT(*) as TotalRecords From (

Select @rownum:=@rownum+1 rownum , P.PostID as ID, P.PostTitle as Topic

,(Select COUNT(*) FROM tblPostReplies WHERE tblPostReplies.PostID = P.PostID ) as Replies

,(Select COUNT(*) FROM tblPostRepliedLikes WHERE tblPostRepliedLikes.PostID = P.PostID ) as Likes

,(SELECT B.U_Name from tblPostReplies A, tblUser B WHERE A.RepliedBy = B.UserID and A.ReplyDate = (SELECT Max(ReplyDate) from tblPostReplies where tblPostReplies.PostID = P.PostID)) as LastReply

,IFNULL(TIMESTAMPDIFF (MINUTE,(SELECT Max(ReplyDate) as Maz from tblPostReplies where tblPostReplies.PostID = P.PostID),CURRENT_TIMESTAMP()),0) as LatestDate 

from tblPosts P, (SELECT @rownum:=0) R ) S 

';



SET @p_FinalQuery = CONCAT(p_Select,p_Where);



PREPARE result from @p_FinalQuery; PREPARE result2 from @p_Select2;

EXECUTE result; EXECUTE result2;

DEALLOCATE PREPARE result; DEALLOCATE PREPARE result2;



END ;;
DELIMITER ;
/*!50003 SET sql_mode              = @saved_sql_mode */ ;
/*!50003 SET character_set_client  = @saved_cs_client */ ;
/*!50003 SET character_set_results = @saved_cs_results */ ;
/*!50003 SET collation_connection  = @saved_col_connection */ ;
/*!50003 DROP PROCEDURE IF EXISTS `sp_GetPostTypes` */;
/*!50003 SET @saved_cs_client      = @@character_set_client */ ;
/*!50003 SET @saved_cs_results     = @@character_set_results */ ;
/*!50003 SET @saved_col_connection = @@collation_connection */ ;
/*!50003 SET character_set_client  = utf8 */ ;
/*!50003 SET character_set_results = utf8 */ ;
/*!50003 SET collation_connection  = utf8_general_ci */ ;
/*!50003 SET @saved_sql_mode       = @@sql_mode */ ;
/*!50003 SET sql_mode              = 'STRICT_TRANS_TABLES,NO_AUTO_CREATE_USER,NO_ENGINE_SUBSTITUTION' */ ;
DELIMITER ;;
CREATE PROCEDURE `sp_GetPostTypes`()
BEGIN

	Select * from tblPostTypes;



END ;;
DELIMITER ;
/*!50003 SET sql_mode              = @saved_sql_mode */ ;
/*!50003 SET character_set_client  = @saved_cs_client */ ;
/*!50003 SET character_set_results = @saved_cs_results */ ;
/*!50003 SET collation_connection  = @saved_col_connection */ ;
/*!50003 DROP PROCEDURE IF EXISTS `sp_GetQuestionLevels` */;
/*!50003 SET @saved_cs_client      = @@character_set_client */ ;
/*!50003 SET @saved_cs_results     = @@character_set_results */ ;
/*!50003 SET @saved_col_connection = @@collation_connection */ ;
/*!50003 SET character_set_client  = utf8 */ ;
/*!50003 SET character_set_results = utf8 */ ;
/*!50003 SET collation_connection  = utf8_general_ci */ ;
/*!50003 SET @saved_sql_mode       = @@sql_mode */ ;
/*!50003 SET sql_mode              = 'STRICT_TRANS_TABLES,NO_AUTO_CREATE_USER,NO_ENGINE_SUBSTITUTION' */ ;
DELIMITER ;;
CREATE PROCEDURE `sp_GetQuestionLevels`(p_QuestionID INT, p_RoleID INT)
BEGIN

	SELECT QuestionID,RoleID,LevelID FROM tblQuestionLevels WHERE QuestionID = p_QuestionID AND RoleID = p_RoleID;



END ;;
DELIMITER ;
/*!50003 SET sql_mode              = @saved_sql_mode */ ;
/*!50003 SET character_set_client  = @saved_cs_client */ ;
/*!50003 SET character_set_results = @saved_cs_results */ ;
/*!50003 SET collation_connection  = @saved_col_connection */ ;
/*!50003 DROP PROCEDURE IF EXISTS `sp_GetQuiz` */;
/*!50003 SET @saved_cs_client      = @@character_set_client */ ;
/*!50003 SET @saved_cs_results     = @@character_set_results */ ;
/*!50003 SET @saved_col_connection = @@collation_connection */ ;
/*!50003 SET character_set_client  = utf8 */ ;
/*!50003 SET character_set_results = utf8 */ ;
/*!50003 SET collation_connection  = utf8_general_ci */ ;
/*!50003 SET @saved_sql_mode       = @@sql_mode */ ;
/*!50003 SET sql_mode              = 'STRICT_TRANS_TABLES,NO_AUTO_CREATE_USER,NO_ENGINE_SUBSTITUTION' */ ;
DELIMITER ;;
CREATE PROCEDURE `sp_GetQuiz`(p_Where VARCHAR(10000))
BEGIN	

DECLARE p_Select VARCHAR(2000);
DECLARE p_FinalQuery varchar(8000);

SET p_Select = 
' SELECT 
			QuizID,
			QuizName ,
			NoOfQuestions,
			TimePerQuestion,
			TimesPlayablePerDay,
			TimeBeforePointsDeduction,
			PointsPerQuestion,
			CreatedDate,
			QuizImage,
			QuizImageThumbnail,
			KPI_ID
	  FROM tblQuiz ';

SET @p_FinalQuery = CONCAT(p_Select,p_Where);
PREPARE result from @p_FinalQuery;
EXECUTE result;
DEALLOCATE PREPARE result;

END ;;
DELIMITER ;
/*!50003 SET sql_mode              = @saved_sql_mode */ ;
/*!50003 SET character_set_client  = @saved_cs_client */ ;
/*!50003 SET character_set_results = @saved_cs_results */ ;
/*!50003 SET collation_connection  = @saved_col_connection */ ;
/*!50003 DROP PROCEDURE IF EXISTS `sp_GetQuizPlayLog` */;
/*!50003 SET @saved_cs_client      = @@character_set_client */ ;
/*!50003 SET @saved_cs_results     = @@character_set_results */ ;
/*!50003 SET @saved_col_connection = @@collation_connection */ ;
/*!50003 SET character_set_client  = utf8 */ ;
/*!50003 SET character_set_results = utf8 */ ;
/*!50003 SET collation_connection  = utf8_general_ci */ ;
/*!50003 SET @saved_sql_mode       = @@sql_mode */ ;
/*!50003 SET sql_mode              = 'STRICT_TRANS_TABLES,NO_AUTO_CREATE_USER,NO_ENGINE_SUBSTITUTION' */ ;
DELIMITER ;;
CREATE PROCEDURE `sp_GetQuizPlayLog`()
BEGIN

Select * from tblQuizPlayLog;

END ;;
DELIMITER ;
/*!50003 SET sql_mode              = @saved_sql_mode */ ;
/*!50003 SET character_set_client  = @saved_cs_client */ ;
/*!50003 SET character_set_results = @saved_cs_results */ ;
/*!50003 SET collation_connection  = @saved_col_connection */ ;
/*!50003 DROP PROCEDURE IF EXISTS `sp_GetQuizQuestions` */;
/*!50003 SET @saved_cs_client      = @@character_set_client */ ;
/*!50003 SET @saved_cs_results     = @@character_set_results */ ;
/*!50003 SET @saved_col_connection = @@collation_connection */ ;
/*!50003 SET character_set_client  = utf8 */ ;
/*!50003 SET character_set_results = utf8 */ ;
/*!50003 SET collation_connection  = utf8_general_ci */ ;
/*!50003 SET @saved_sql_mode       = @@sql_mode */ ;
/*!50003 SET sql_mode              = 'STRICT_TRANS_TABLES,NO_AUTO_CREATE_USER,NO_ENGINE_SUBSTITUTION' */ ;
DELIMITER ;;
CREATE PROCEDURE `sp_GetQuizQuestions`(p_Where VARCHAR(10000),p_Status int)
BEGIN





DECLARE p_Select VARCHAR(2000);

DECLARE p_FinalQuery varchar(8000);

if(p_Status =1)

then

SET p_Select = 

 ' SELECT 

			tblQuizQuestions.QuestionID,

			QuestionText ,

      ShortQuestion,

			QuestionExplanation,

			Answer1,

			Answer2,

			Answer3,

			Answer4,

			CorrectAnswer,

			Category,

			SiteID,			

			QuizID,

			QuestionImage,

			QuestionImageThumbnail

	  FROM tblQuizQuestions

		INNER JOIN tblQuestionLevels ON tblQuizQuestions.QuestionID = tblQuestionLevels.QuestionID

 ';



SET @p_FinalQuery = CONCAT(p_Select,p_Where);

PREPARE result from @p_FinalQuery;

EXECUTE result;

DEALLOCATE PREPARE result;

END IF;

IF(p_Status =0)

then

SET p_Select = 

 ' SELECT 

			tblQuizQuestions.QuestionID,

			QuestionText ,

      ShortQuestion,

			QuestionExplanation,

			Answer1,

			Answer2,

			Answer3,

			Answer4,

			CorrectAnswer,

			Category,

			SiteID,			

			QuizID,

			QuestionImage,

			QuestionImageThumbnail

	  FROM tblQuizQuestions

 ';



SET @p_FinalQuery = CONCAT(p_Select,p_Where);

PREPARE result from @p_FinalQuery;

EXECUTE result;

DEALLOCATE PREPARE result;





END IF;

END ;;
DELIMITER ;
/*!50003 SET sql_mode              = @saved_sql_mode */ ;
/*!50003 SET character_set_client  = @saved_cs_client */ ;
/*!50003 SET character_set_results = @saved_cs_results */ ;
/*!50003 SET collation_connection  = @saved_col_connection */ ;
/*!50003 DROP PROCEDURE IF EXISTS `sp_GetQuizQuestion_Player` */;
/*!50003 SET @saved_cs_client      = @@character_set_client */ ;
/*!50003 SET @saved_cs_results     = @@character_set_results */ ;
/*!50003 SET @saved_col_connection = @@collation_connection */ ;
/*!50003 SET character_set_client  = utf8 */ ;
/*!50003 SET character_set_results = utf8 */ ;
/*!50003 SET collation_connection  = utf8_general_ci */ ;
/*!50003 SET @saved_sql_mode       = @@sql_mode */ ;
/*!50003 SET sql_mode              = 'STRICT_TRANS_TABLES,NO_AUTO_CREATE_USER,NO_ENGINE_SUBSTITUTION' */ ;
DELIMITER ;;
CREATE PROCEDURE `sp_GetQuizQuestion_Player`(p_QuizID int, p_RoleID int, p_LevelID int)
BEGIN	
SELECT 
   tblQuizQuestions.QuestionID,
   QuestionText ,
   ShortQuestion,
   QuestionExplanation,
   Answer1,
   Answer2,
   Answer3,
   Answer4,
   CorrectAnswer,
   Category,
   SiteID,   
   QuizID,
tblQuestionLevels.LevelID,
(select TimesPlayablePerDay from tblQuiz Where QuizID=p_QuizID) as LimitGame,
(select TimeBeforePointsDeduction from tblQuiz Where QuizID=p_QuizID) as DeductionTime,
(select NoOfQuestions from tblQuiz Where QuizID=p_QuizID) as NoQuestions,
(select TimePerQuestion from tblQuiz Where QuizID=p_QuizID) as timeQuestion,

(select PointsPerQuestion from tblQuiz Where QuizID=p_QuizID) as QuestionPoints,
   QuestionImage,
   QuestionImageThumbnail
   FROM tblQuizQuestions
  INNER JOIN tblQuestionLevels ON tblQuizQuestions.QuestionID = tblQuestionLevels.QuestionID

  WHERE QuizID = p_QuizID AND tblQuestionLevels.RoleID = p_RoleID ;

Select * from tblUserQuizPoints;
END ;;
DELIMITER ;
/*!50003 SET sql_mode              = @saved_sql_mode */ ;
/*!50003 SET character_set_client  = @saved_cs_client */ ;
/*!50003 SET character_set_results = @saved_cs_results */ ;
/*!50003 SET collation_connection  = @saved_col_connection */ ;
/*!50003 DROP PROCEDURE IF EXISTS `sp_GetQuiz_Player` */;
/*!50003 SET @saved_cs_client      = @@character_set_client */ ;
/*!50003 SET @saved_cs_results     = @@character_set_results */ ;
/*!50003 SET @saved_col_connection = @@collation_connection */ ;
/*!50003 SET character_set_client  = utf8 */ ;
/*!50003 SET character_set_results = utf8 */ ;
/*!50003 SET collation_connection  = utf8_general_ci */ ;
/*!50003 SET @saved_sql_mode       = @@sql_mode */ ;
/*!50003 SET sql_mode              = 'STRICT_TRANS_TABLES,NO_AUTO_CREATE_USER,NO_ENGINE_SUBSTITUTION' */ ;
DELIMITER ;;
CREATE PROCEDURE `sp_GetQuiz_Player`(p_RoleID int,p_LevelID int)
BEGIN
	
SELECT  SUM(PointsAchieved) AS QuizPoints, tblQuiz.QuizID, tblQuiz.QuizName,tblQuiz.QuizImageThumbnail,tblUser.UserID, 
CONCAT(tblUser.U_FirstName,' ',tblUser.U_LastName) AS FullName
FROM tblUserQuizPoints
Right JOIN tblQuiz ON tblUserQuizPoints.QuizID = tblQuiz.QuizID
Left JOIN tblUser ON tblUserQuizPoints.UserID = tblUser.UserID
GROUP BY QuizID,UserID;

Select * from tblUserQuizPoints ;

select * from tblUserQuizPointsTemperory
inner join tblQuizQuestions on tblUserQuizPointsTemperory.QuestionID= tblQuizQuestions.QuestionID
ORDER BY tblUserQuizPointsTemperory.UserQuizPointsID ASC;


SELECT  SUM(PointsAchieved) AS QuizPoints, tblQuiz.QuizID, tblQuiz.QuizName,tblQuiz.QuizImageThumbnail,tblUser.UserID, tblQuiz.TimesPlayablePerDay, tblQuiz.KPI_ID,

CONCAT(tblUser.U_FirstName,' ',tblUser.U_LastName) AS FullName
FROM tblUserQuizPoints
Right JOIN tblQuiz ON tblUserQuizPoints.QuizID = tblQuiz.QuizID
Left JOIN tblUser ON tblUserQuizPoints.UserID = tblUser.UserID
INNER JOIN tblquizlevels ON tblquiz.QuizID = tblquizlevels.QuizID
WHERE tblquizlevels.RoleID = p_RoleID AND tblquizlevels.LevelID =p_LevelID
GROUP BY QuizID;

Select tblquiz.QuizID
FROM tblquiz INNER JOIN tbltarget
ON tblquiz.KPI_ID = tbltarget.KPI_ID
WHERE tbltarget.Level_ID = p_LevelID AND tbltarget.Role_ID= p_RoleID ;

Select Score, tblscores.User_ID, tblscores.Type_ID
from tblScores
Where U_Type ='KPI' AND LevelID = p_LevelID ;

SELECT * FROM tblquizresulttotal;

END ;;
DELIMITER ;
/*!50003 SET sql_mode              = @saved_sql_mode */ ;
/*!50003 SET character_set_client  = @saved_cs_client */ ;
/*!50003 SET character_set_results = @saved_cs_results */ ;
/*!50003 SET collation_connection  = @saved_col_connection */ ;
/*!50003 DROP PROCEDURE IF EXISTS `sp_GetRedeemPoints` */;
/*!50003 SET @saved_cs_client      = @@character_set_client */ ;
/*!50003 SET @saved_cs_results     = @@character_set_results */ ;
/*!50003 SET @saved_col_connection = @@collation_connection */ ;
/*!50003 SET character_set_client  = utf8 */ ;
/*!50003 SET character_set_results = utf8 */ ;
/*!50003 SET collation_connection  = utf8_general_ci */ ;
/*!50003 SET @saved_sql_mode       = @@sql_mode */ ;
/*!50003 SET sql_mode              = 'STRICT_TRANS_TABLES,NO_AUTO_CREATE_USER,NO_ENGINE_SUBSTITUTION' */ ;
DELIMITER ;;
CREATE PROCEDURE `sp_GetRedeemPoints`()
BEGIN

select * from tblRedeem;

END ;;
DELIMITER ;
/*!50003 SET sql_mode              = @saved_sql_mode */ ;
/*!50003 SET character_set_client  = @saved_cs_client */ ;
/*!50003 SET character_set_results = @saved_cs_results */ ;
/*!50003 SET collation_connection  = @saved_col_connection */ ;
/*!50003 DROP PROCEDURE IF EXISTS `sp_GetRepliedLikeStatus` */;
/*!50003 SET @saved_cs_client      = @@character_set_client */ ;
/*!50003 SET @saved_cs_results     = @@character_set_results */ ;
/*!50003 SET @saved_col_connection = @@collation_connection */ ;
/*!50003 SET character_set_client  = utf8 */ ;
/*!50003 SET character_set_results = utf8 */ ;
/*!50003 SET collation_connection  = utf8_general_ci */ ;
/*!50003 SET @saved_sql_mode       = @@sql_mode */ ;
/*!50003 SET sql_mode              = 'STRICT_TRANS_TABLES,NO_AUTO_CREATE_USER,NO_ENGINE_SUBSTITUTION' */ ;
DELIMITER ;;
CREATE PROCEDURE `sp_GetRepliedLikeStatus`(`p_LikeID` int,`P_LikedBy` int,`p_PostID` int)
BEGIN

	Select count(*) as TotalLikes from tblPostRepliedLikes

  Where LikeID = p_LikeID and LikedBy = p_LikedBy and PostID = p_PostID;



END ;;
DELIMITER ;
/*!50003 SET sql_mode              = @saved_sql_mode */ ;
/*!50003 SET character_set_client  = @saved_cs_client */ ;
/*!50003 SET character_set_results = @saved_cs_results */ ;
/*!50003 SET collation_connection  = @saved_col_connection */ ;
/*!50003 DROP PROCEDURE IF EXISTS `sp_GetReward` */;
/*!50003 SET @saved_cs_client      = @@character_set_client */ ;
/*!50003 SET @saved_cs_results     = @@character_set_results */ ;
/*!50003 SET @saved_col_connection = @@collation_connection */ ;
/*!50003 SET character_set_client  = utf8 */ ;
/*!50003 SET character_set_results = utf8 */ ;
/*!50003 SET collation_connection  = utf8_general_ci */ ;
/*!50003 SET @saved_sql_mode       = @@sql_mode */ ;
/*!50003 SET sql_mode              = 'STRICT_TRANS_TABLES,NO_AUTO_CREATE_USER,NO_ENGINE_SUBSTITUTION' */ ;
DELIMITER ;;
CREATE PROCEDURE `sp_GetReward`()
BEGIN

Select *,
(SELECT Reward_Image FROM tblRewardImages WHERE Current_Image = 1 AND Active = 1 AND tblRewardImages.Reward_ID = tblRewards.Reward_ID) as Reward_Image,
(SELECT Reward_Thumbnail FROM tblRewardImages WHERE Current_Image = 1 AND Active = 1 AND tblRewardImages.Reward_ID = tblRewards.Reward_ID) as Reward_Thumbnail
 from tblRewards  ORDER BY tblRewards.Reward_Cost;


END ;;
DELIMITER ;
/*!50003 SET sql_mode              = @saved_sql_mode */ ;
/*!50003 SET character_set_client  = @saved_cs_client */ ;
/*!50003 SET character_set_results = @saved_cs_results */ ;
/*!50003 SET collation_connection  = @saved_col_connection */ ;
/*!50003 DROP PROCEDURE IF EXISTS `sp_GetRewardImages` */;
/*!50003 SET @saved_cs_client      = @@character_set_client */ ;
/*!50003 SET @saved_cs_results     = @@character_set_results */ ;
/*!50003 SET @saved_col_connection = @@collation_connection */ ;
/*!50003 SET character_set_client  = utf8 */ ;
/*!50003 SET character_set_results = utf8 */ ;
/*!50003 SET collation_connection  = utf8_general_ci */ ;
/*!50003 SET @saved_sql_mode       = @@sql_mode */ ;
/*!50003 SET sql_mode              = 'STRICT_TRANS_TABLES,NO_AUTO_CREATE_USER,NO_ENGINE_SUBSTITUTION' */ ;
DELIMITER ;;
CREATE PROCEDURE `sp_GetRewardImages`()
BEGIN

	

SELECT ID, tblRewardImages.Reward_ID, Reward_Image, Reward_Thumbnail, Uploaded_Date, Current_Image

FROM tblRewardImages

INNER JOIN tblRewards ON

tblRewards.Reward_ID = tblRewardImages.Reward_ID

WHERE tblRewards.Active = 1;



END ;;
DELIMITER ;
/*!50003 SET sql_mode              = @saved_sql_mode */ ;
/*!50003 SET character_set_client  = @saved_cs_client */ ;
/*!50003 SET character_set_results = @saved_cs_results */ ;
/*!50003 SET collation_connection  = @saved_col_connection */ ;
/*!50003 DROP PROCEDURE IF EXISTS `sp_GetRewardUser` */;
/*!50003 SET @saved_cs_client      = @@character_set_client */ ;
/*!50003 SET @saved_cs_results     = @@character_set_results */ ;
/*!50003 SET @saved_col_connection = @@collation_connection */ ;
/*!50003 SET character_set_client  = utf8 */ ;
/*!50003 SET character_set_results = utf8 */ ;
/*!50003 SET collation_connection  = utf8_general_ci */ ;
/*!50003 SET @saved_sql_mode       = @@sql_mode */ ;
/*!50003 SET sql_mode              = 'STRICT_TRANS_TABLES,NO_AUTO_CREATE_USER,NO_ENGINE_SUBSTITUTION' */ ;
DELIMITER ;;
CREATE PROCEDURE `sp_GetRewardUser`(p_UserID INT)
BEGIN
SELECT tblRedeem.Reward_ID,
 			tblRedeem.Redeem_Date,tblRedeem.User_ID,

				tblRewards.Reward_Name,

				tblRewards.Reward_ID,

				CONCAT(tblUser.U_FirstName,' ',tblUser.U_LastName) AS FullName,

				(SELECT Reward_Image FROM tblRewardImages WHERE Current_Image = 1 AND Active = 1 AND tblRewardImages.Reward_ID = tblRedeem.Reward_ID) as Reward_Thumbnail

	FROM tblRedeem 

	INNER JOIN tblRewards ON 

	tblRedeem.Reward_ID = tblRewards.Reward_ID

	INNER JOIN tblUser ON

	tblRedeem.User_ID = tblUser.UserID

	WHERE tblRedeem.User_ID = p_UserID;
END ;;
DELIMITER ;
/*!50003 SET sql_mode              = @saved_sql_mode */ ;
/*!50003 SET character_set_client  = @saved_cs_client */ ;
/*!50003 SET character_set_results = @saved_cs_results */ ;
/*!50003 SET collation_connection  = @saved_col_connection */ ;
/*!50003 DROP PROCEDURE IF EXISTS `sp_GetRoles` */;
/*!50003 SET @saved_cs_client      = @@character_set_client */ ;
/*!50003 SET @saved_cs_results     = @@character_set_results */ ;
/*!50003 SET @saved_col_connection = @@collation_connection */ ;
/*!50003 SET character_set_client  = utf8 */ ;
/*!50003 SET character_set_results = utf8 */ ;
/*!50003 SET collation_connection  = utf8_general_ci */ ;
/*!50003 SET @saved_sql_mode       = @@sql_mode */ ;
/*!50003 SET sql_mode              = 'STRICT_TRANS_TABLES,NO_AUTO_CREATE_USER,NO_ENGINE_SUBSTITUTION' */ ;
DELIMITER ;;
CREATE PROCEDURE `sp_GetRoles`()
BEGIN



Select * from tblRoles;

END ;;
DELIMITER ;
/*!50003 SET sql_mode              = @saved_sql_mode */ ;
/*!50003 SET character_set_client  = @saved_cs_client */ ;
/*!50003 SET character_set_results = @saved_cs_results */ ;
/*!50003 SET collation_connection  = @saved_col_connection */ ;
/*!50003 DROP PROCEDURE IF EXISTS `sp_GetRound` */;
/*!50003 SET @saved_cs_client      = @@character_set_client */ ;
/*!50003 SET @saved_cs_results     = @@character_set_results */ ;
/*!50003 SET @saved_col_connection = @@collation_connection */ ;
/*!50003 SET character_set_client  = utf8 */ ;
/*!50003 SET character_set_results = utf8 */ ;
/*!50003 SET collation_connection  = utf8_general_ci */ ;
/*!50003 SET @saved_sql_mode       = @@sql_mode */ ;
/*!50003 SET sql_mode              = 'STRICT_TRANS_TABLES,NO_AUTO_CREATE_USER,NO_ENGINE_SUBSTITUTION' */ ;
DELIMITER ;;
CREATE PROCEDURE `sp_GetRound`(p_Where VARCHAR(10000))
BEGIN	

DECLARE p_Select VARCHAR(2000);
DECLARE p_FinalQuery varchar(8000);

SET p_Select = 
'SELECT 
	RoundID,
    MatchID,
	RoundNumber,
    RoundName,
	NoOfDataSets,
	TimePerRound,
	PointsPerRound,
	CreatedDate,
	ShowHint
FROM tblRound';

SET @p_FinalQuery = CONCAT(p_Select,p_Where);
PREPARE result from @p_FinalQuery;
EXECUTE result;
DEALLOCATE PREPARE result;

END ;;
DELIMITER ;
/*!50003 SET sql_mode              = @saved_sql_mode */ ;
/*!50003 SET character_set_client  = @saved_cs_client */ ;
/*!50003 SET character_set_results = @saved_cs_results */ ;
/*!50003 SET collation_connection  = @saved_col_connection */ ;
/*!50003 DROP PROCEDURE IF EXISTS `sp_GetSecurityQuestions` */;
/*!50003 SET @saved_cs_client      = @@character_set_client */ ;
/*!50003 SET @saved_cs_results     = @@character_set_results */ ;
/*!50003 SET @saved_col_connection = @@collation_connection */ ;
/*!50003 SET character_set_client  = utf8 */ ;
/*!50003 SET character_set_results = utf8 */ ;
/*!50003 SET collation_connection  = utf8_general_ci */ ;
/*!50003 SET @saved_sql_mode       = @@sql_mode */ ;
/*!50003 SET sql_mode              = 'STRICT_TRANS_TABLES,NO_AUTO_CREATE_USER,NO_ENGINE_SUBSTITUTION' */ ;
DELIMITER ;;
CREATE PROCEDURE `sp_GetSecurityQuestions`()
BEGIN



Select * from tblSecurityQuestions;	



END ;;
DELIMITER ;
/*!50003 SET sql_mode              = @saved_sql_mode */ ;
/*!50003 SET character_set_client  = @saved_cs_client */ ;
/*!50003 SET character_set_results = @saved_cs_results */ ;
/*!50003 SET collation_connection  = @saved_col_connection */ ;
/*!50003 DROP PROCEDURE IF EXISTS `sp_GetSites_ddl` */;
/*!50003 SET @saved_cs_client      = @@character_set_client */ ;
/*!50003 SET @saved_cs_results     = @@character_set_results */ ;
/*!50003 SET @saved_col_connection = @@collation_connection */ ;
/*!50003 SET character_set_client  = utf8 */ ;
/*!50003 SET character_set_results = utf8 */ ;
/*!50003 SET collation_connection  = utf8_general_ci */ ;
/*!50003 SET @saved_sql_mode       = @@sql_mode */ ;
/*!50003 SET sql_mode              = 'STRICT_TRANS_TABLES,NO_AUTO_CREATE_USER,NO_ENGINE_SUBSTITUTION' */ ;
DELIMITER ;;
CREATE PROCEDURE `sp_GetSites_ddl`()
BEGIN

	

SELECT site_id, concat(site_name," | ", site_type ) as site_name, site_type 

from tblSite 

WHERE Active = 1

order by site_name;



END ;;
DELIMITER ;
/*!50003 SET sql_mode              = @saved_sql_mode */ ;
/*!50003 SET character_set_client  = @saved_cs_client */ ;
/*!50003 SET character_set_results = @saved_cs_results */ ;
/*!50003 SET collation_connection  = @saved_col_connection */ ;
/*!50003 DROP PROCEDURE IF EXISTS `sp_GetTarget` */;
/*!50003 SET @saved_cs_client      = @@character_set_client */ ;
/*!50003 SET @saved_cs_results     = @@character_set_results */ ;
/*!50003 SET @saved_col_connection = @@collation_connection */ ;
/*!50003 SET character_set_client  = utf8 */ ;
/*!50003 SET character_set_results = utf8 */ ;
/*!50003 SET collation_connection  = utf8_general_ci */ ;
/*!50003 SET @saved_sql_mode       = @@sql_mode */ ;
/*!50003 SET sql_mode              = 'STRICT_TRANS_TABLES,NO_AUTO_CREATE_USER,NO_ENGINE_SUBSTITUTION' */ ;
DELIMITER ;;
CREATE PROCEDURE `sp_GetTarget`()
BEGIN

SELECT Target_ID,Target_Value,tblTarget.KPI_ID,tblTarget.Level_ID,tblTarget.Role_ID,tblTarget.Active,BaseHours,tblLevel.Points, tblLevel.Level_Position, tblTarget.Points as TPoints

				,tblKPI.KPI_name,tblLevel.Level_Name,tblRoles.Role_Name,tblTarget.Target_Desc,Level_Name,CurrentlyIn,Reach,Game,ImageThumbnail,ImageName,tbltarget.Target_Order as TOrder

FROM tblTarget

INNER JOIN tblKPI ON

tblTarget.KPI_ID = tblKPI.KPI_ID

INNER JOIN tblLevel ON

tblTarget.Level_ID = tblLevel.Level_ID

INNER JOIN tblRoles ON

tblTarget.Role_ID = tblRoles.Role_ID

WHERE tblKPI.Active = 1 AND tblLevel.Active = 1 AND tblRoles.Active = 1 ORDER BY tbltarget.Target_Order ASC;


SELECT tblawards.Target_Value ,tblawards.Award_ID,tblawards.KPIID from tblawards
where tblawards.Award_Manual=0 ;

END ;;
DELIMITER ;
/*!50003 SET sql_mode              = @saved_sql_mode */ ;
/*!50003 SET character_set_client  = @saved_cs_client */ ;
/*!50003 SET character_set_results = @saved_cs_results */ ;
/*!50003 SET collation_connection  = @saved_col_connection */ ;
/*!50003 DROP PROCEDURE IF EXISTS `sp_GetTargetDescription` */;
/*!50003 SET @saved_cs_client      = @@character_set_client */ ;
/*!50003 SET @saved_cs_results     = @@character_set_results */ ;
/*!50003 SET @saved_col_connection = @@collation_connection */ ;
/*!50003 SET character_set_client  = utf8 */ ;
/*!50003 SET character_set_results = utf8 */ ;
/*!50003 SET collation_connection  = utf8_general_ci */ ;
/*!50003 SET @saved_sql_mode       = @@sql_mode */ ;
/*!50003 SET sql_mode              = 'STRICT_TRANS_TABLES,NO_AUTO_CREATE_USER,NO_ENGINE_SUBSTITUTION' */ ;
DELIMITER ;;
CREATE PROCEDURE `sp_GetTargetDescription`()
BEGIN



SELECT (SELECT KPI_name from tblKPI where tblKPI.KPI_ID = tblTarget.KPI_ID) as KPIName,

(SELECT KPI_Descp from tblKPI where tblKPI.KPI_ID = tblTarget.KPI_ID) as KPIDesc,
(SELECT TipsDESC from tblKPI where tblKPI.KPI_ID = tblTarget.KPI_ID) as TipsDesc,
(SELECT TipsLINK from tblKPI where tblKPI.KPI_ID = tblTarget.KPI_ID) as TipsLink,	

				Target_ID,

				Target_Desc

 from tblTarget;



END ;;
DELIMITER ;
/*!50003 SET sql_mode              = @saved_sql_mode */ ;
/*!50003 SET character_set_client  = @saved_cs_client */ ;
/*!50003 SET character_set_results = @saved_cs_results */ ;
/*!50003 SET collation_connection  = @saved_col_connection */ ;
/*!50003 DROP PROCEDURE IF EXISTS `sp_GetTargetValue` */;
/*!50003 SET @saved_cs_client      = @@character_set_client */ ;
/*!50003 SET @saved_cs_results     = @@character_set_results */ ;
/*!50003 SET @saved_col_connection = @@collation_connection */ ;
/*!50003 SET character_set_client  = utf8 */ ;
/*!50003 SET character_set_results = utf8 */ ;
/*!50003 SET collation_connection  = utf8_general_ci */ ;
/*!50003 SET @saved_sql_mode       = @@sql_mode */ ;
/*!50003 SET sql_mode              = 'STRICT_TRANS_TABLES,NO_AUTO_CREATE_USER,NO_ENGINE_SUBSTITUTION' */ ;
DELIMITER ;;
CREATE PROCEDURE `sp_GetTargetValue`(p_LevelID int,p_RoleID int)
BEGIN

Select Sum(Target_Value) from tblTarget

where Level_ID=p_LevelID AND Role_ID =p_RoleID;

END ;;
DELIMITER ;
/*!50003 SET sql_mode              = @saved_sql_mode */ ;
/*!50003 SET character_set_client  = @saved_cs_client */ ;
/*!50003 SET character_set_results = @saved_cs_results */ ;
/*!50003 SET collation_connection  = @saved_col_connection */ ;
/*!50003 DROP PROCEDURE IF EXISTS `sp_GetTotalPlayerScore` */;
/*!50003 SET @saved_cs_client      = @@character_set_client */ ;
/*!50003 SET @saved_cs_results     = @@character_set_results */ ;
/*!50003 SET @saved_col_connection = @@collation_connection */ ;
/*!50003 SET character_set_client  = utf8 */ ;
/*!50003 SET character_set_results = utf8 */ ;
/*!50003 SET collation_connection  = utf8_general_ci */ ;
/*!50003 SET @saved_sql_mode       = @@sql_mode */ ;
/*!50003 SET sql_mode              = 'STRICT_TRANS_TABLES,NO_AUTO_CREATE_USER,NO_ENGINE_SUBSTITUTION' */ ;
DELIMITER ;;
CREATE PROCEDURE `sp_GetTotalPlayerScore`()
BEGIN



	SELECT Target_Value,

				 tblTarget.KPI_ID,

				 tblTarget.Role_ID,

				 tblTarget.Level_ID FROM tblTarget

where tblTarget.Level_ID  = 1;







END ;;
DELIMITER ;
/*!50003 SET sql_mode              = @saved_sql_mode */ ;
/*!50003 SET character_set_client  = @saved_cs_client */ ;
/*!50003 SET character_set_results = @saved_cs_results */ ;
/*!50003 SET collation_connection  = @saved_col_connection */ ;
/*!50003 DROP PROCEDURE IF EXISTS `sp_GetUser` */;
/*!50003 SET @saved_cs_client      = @@character_set_client */ ;
/*!50003 SET @saved_cs_results     = @@character_set_results */ ;
/*!50003 SET @saved_col_connection = @@collation_connection */ ;
/*!50003 SET character_set_client  = utf8 */ ;
/*!50003 SET character_set_results = utf8 */ ;
/*!50003 SET collation_connection  = utf8_general_ci */ ;
/*!50003 SET @saved_sql_mode       = @@sql_mode */ ;
/*!50003 SET sql_mode              = 'STRICT_TRANS_TABLES,NO_AUTO_CREATE_USER,NO_ENGINE_SUBSTITUTION' */ ;
DELIMITER ;;
CREATE PROCEDURE `sp_GetUser`(p_Where VARCHAR(10000))
BEGIN

DECLARE p_Select VARCHAR(2000);

DECLARE p_FinalQuery varchar(8000);



SET p_Select = 

' SELECT UserID, U_EmpID, U_FirstName ,U_Points,	

(SELECT CONCAT(tblUser.U_FirstName,'' '',tblUser.U_LastName)) as FullName,

	U_Name,

	U_LastName ,

	U_NickName,

	Display_Name,

	tblUser.Active,

    tblRoles.Role_Name,

		tblUser.U_RolesID,

tblUser.U_SysRole,

tblUser.U_Email,

tblUser.U_SiteID,

tblUser.ManagerID,(Select Worked_Hour from tblLevelPerformance 

Where user_id = tblUser.UserID and level_achieved =0) as WorkedHour,

(Select current_level from tblLevelPerformance 

Where user_id = tblUser.UserID and level_achieved =0) as LevelID,

(SELECT Player_Thumbnail FROM tblUserImages WHERE UserID = tblUser.UserID AND U_Current = 1) AS Player_Thumbnail,

(Select IFNULL(tblLevel.Level_Position,0) from tblLevelPerformance 

INNER JOIN tblLevel ON tblLevelPerformance.current_level = tblLevel.Level_ID

Where user_id = tblUser.UserID and level_achieved =0) AS Level

FROM tblUser

INNER JOIN tblRoles ON

tblUser.U_RolesID = tblRoles.Role_ID ';



/*SET @p_FinalQuery = CONCAT(p_Select,p_Where,' AND tblRoles.Active = 1 AND tblUser.U_SysRole <> ''Admin'' ORDER BY FullName');*/

SET @p_FinalQuery = CONCAT(p_Select,p_Where,' AND tblRoles.Active = 1  ORDER BY FullName');

PREPARE result from @p_FinalQuery;

EXECUTE result;

DEALLOCATE PREPARE result;





END ;;
DELIMITER ;
/*!50003 SET sql_mode              = @saved_sql_mode */ ;
/*!50003 SET character_set_client  = @saved_cs_client */ ;
/*!50003 SET character_set_results = @saved_cs_results */ ;
/*!50003 SET collation_connection  = @saved_col_connection */ ;
/*!50003 DROP PROCEDURE IF EXISTS `sp_GetUserAwardScore` */;
/*!50003 SET @saved_cs_client      = @@character_set_client */ ;
/*!50003 SET @saved_cs_results     = @@character_set_results */ ;
/*!50003 SET @saved_col_connection = @@collation_connection */ ;
/*!50003 SET character_set_client  = utf8 */ ;
/*!50003 SET character_set_results = utf8 */ ;
/*!50003 SET collation_connection  = utf8_general_ci */ ;
/*!50003 SET @saved_sql_mode       = @@sql_mode */ ;
/*!50003 SET sql_mode              = 'STRICT_TRANS_TABLES,NO_AUTO_CREATE_USER,NO_ENGINE_SUBSTITUTION' */ ;
DELIMITER ;;
CREATE PROCEDURE `sp_GetUserAwardScore`(p_UserID int)
BEGIN



	Select tblUserAwards.award_id,

(SELECT tblAwards.Award_Name FROM tblAwards where Award_ID = tblUserAwards.award_id) as AwardName,

tblUserAwards.target_scores,

tblUserAwards.achieved_scores,

(select (achieved_scores * 100 / target_scores)) as Percentage,

(Select 'yes' from tblUserAwardAchieved where  tblUserAwards.user_id=p_UserID) as achieved

from tblUserAwards

/*LEFT OUTER JOIN tblLevelPerformance on v_UserLevelScores1.Level_ID = tblLevelPerformance.current_level

LEFT OUTER JOIN tblUserTargetAchieved on v_UserLevelScores1.Target_ID = tblUserTargetAchieved.Target_ID */

where /*tblUserAwards.award_id=p_AwardID 

and*/ tblUserAwards.user_id=p_UserID and manual = 0



 /*AND tblLevelPerformance.level_achieved = 0 

 AND tblUserTargetAchieved.Target_Achieved = 0

 AND tblLevelPerformance.user_id = p_UserID

Award_ID=(SELECT award_id FROM tblUserAwards WHERE user_id = p_UserID and manual=0 LIMIT 1) and*/

;



END ;;
DELIMITER ;
/*!50003 SET sql_mode              = @saved_sql_mode */ ;
/*!50003 SET character_set_client  = @saved_cs_client */ ;
/*!50003 SET character_set_results = @saved_cs_results */ ;
/*!50003 SET collation_connection  = @saved_col_connection */ ;
/*!50003 DROP PROCEDURE IF EXISTS `sp_GetUserInfoByEmail` */;
/*!50003 SET @saved_cs_client      = @@character_set_client */ ;
/*!50003 SET @saved_cs_results     = @@character_set_results */ ;
/*!50003 SET @saved_col_connection = @@collation_connection */ ;
/*!50003 SET character_set_client  = utf8 */ ;
/*!50003 SET character_set_results = utf8 */ ;
/*!50003 SET collation_connection  = utf8_general_ci */ ;
/*!50003 SET @saved_sql_mode       = @@sql_mode */ ;
/*!50003 SET sql_mode              = 'STRICT_TRANS_TABLES,NO_AUTO_CREATE_USER,NO_ENGINE_SUBSTITUTION' */ ;
DELIMITER ;;
CREATE PROCEDURE `sp_GetUserInfoByEmail`(IN `p_Email` varchar(50))
BEGIN

	SELECT tblUser.UserID,tblUser.U_Name 

	FROM tblUser 

	WHERE tblUser.U_Email = p_Email AND tblUser.Active = 1;

END ;;
DELIMITER ;
/*!50003 SET sql_mode              = @saved_sql_mode */ ;
/*!50003 SET character_set_client  = @saved_cs_client */ ;
/*!50003 SET character_set_results = @saved_cs_results */ ;
/*!50003 SET collation_connection  = @saved_col_connection */ ;
/*!50003 DROP PROCEDURE IF EXISTS `sp_GetUserProgressDetail` */;
/*!50003 SET @saved_cs_client      = @@character_set_client */ ;
/*!50003 SET @saved_cs_results     = @@character_set_results */ ;
/*!50003 SET @saved_col_connection = @@collation_connection */ ;
/*!50003 SET character_set_client  = utf8 */ ;
/*!50003 SET character_set_results = utf8 */ ;
/*!50003 SET collation_connection  = utf8_general_ci */ ;
/*!50003 SET @saved_sql_mode       = @@sql_mode */ ;
/*!50003 SET sql_mode              = 'STRICT_TRANS_TABLES,NO_AUTO_CREATE_USER,NO_ENGINE_SUBSTITUTION' */ ;
DELIMITER ;;
CREATE PROCEDURE `sp_GetUserProgressDetail`(p_UserID INT)
BEGIN



	SELECT  tblLevelPerformance.user_id,

					tblTarget.Target_ID,

					SUM(tblScores.Score),

					tblTarget.Target_Value,					

					tblLevelPerformance.target_scores,

					(tblTarget.Target_Value - SUM(tblScores.Score)) AS RemainingScore,

					IFNULL(CEIL ((SUM(tblScores.Score)/Target_Value)*100),0) as current_percentage,

					tblTarget.KPI_ID,

					tblLevelPerformance.level_achieved,

					(SELECT KPI_name from tblKPI where tblKPI.KPI_ID = tblTarget.KPI_ID) as KPIName,	

					(SELECT DATE_ADD(Level_date,INTERVAL BaseHours HOUR) from tblLevel WHERE tblLevel.Level_ID = tblLevelPerformance.current_level and tblLevelPerformance.user_id = p_UserID and tblLevel.Active = 1) as TargetDate,	

					(SELECT tblLevel.Level_Name from tblLevel WHERE tblLevel.Level_ID = tblLevelPerformance.last_level and tblLevelPerformance.user_id = p_UserID and tblLevel.Active = 1) as previouslevel_name,			

					(SELECT tblLevel.Level_Name from tblLevel WHERE tblLevel.Level_ID = tblLevelPerformance.current_level and tblLevelPerformance.user_id = p_UserID and tblLevel.Active = 1) as currentlevel_name,	

					(SELECT tblLevel.Level_Name from tblLevel WHERE tblLevel.Level_ID = tblLevelPerformance.next_level and tblLevelPerformance.user_id = p_UserID and tblLevel.Active = 1 ) as nextlevel_name,							

					(SELECT CONCAT(tblUser.U_FirstName,' ',tblUser.U_LastName) FROM tblUser WHERE tblUser.UserID = p_UserID) AS PlayerName,

				  tblTarget.Level_ID

FROM tblScores 

INNER JOIN tblTarget ON 

tblScores.Type_ID = tblTarget.KPI_ID AND tblScores.U_Type = 'KPI' and tblScores.User_ID = p_UserID

  INNER JOIN tblLevelPerformance on tblTarget.Level_ID = tblLevelPerformance.current_level

where tblLevelPerformance.user_id = p_UserID AND tblLevelPerformance.level_achieved = 0

GROUP BY tblTarget.KPI_ID ;





END ;;
DELIMITER ;
/*!50003 SET sql_mode              = @saved_sql_mode */ ;
/*!50003 SET character_set_client  = @saved_cs_client */ ;
/*!50003 SET character_set_results = @saved_cs_results */ ;
/*!50003 SET collation_connection  = @saved_col_connection */ ;
/*!50003 DROP PROCEDURE IF EXISTS `sp_GetUsersByRole` */;
/*!50003 SET @saved_cs_client      = @@character_set_client */ ;
/*!50003 SET @saved_cs_results     = @@character_set_results */ ;
/*!50003 SET @saved_col_connection = @@collation_connection */ ;
/*!50003 SET character_set_client  = utf8 */ ;
/*!50003 SET character_set_results = utf8 */ ;
/*!50003 SET collation_connection  = utf8_general_ci */ ;
/*!50003 SET @saved_sql_mode       = @@sql_mode */ ;
/*!50003 SET sql_mode              = 'STRICT_TRANS_TABLES,NO_AUTO_CREATE_USER,NO_ENGINE_SUBSTITUTION' */ ;
DELIMITER ;;
CREATE PROCEDURE `sp_GetUsersByRole`(p_RoleID int)
BEGIN

	

SELECT UserID,

(SELECT CONCAT(tblUser.U_FirstName,' ',tblUser.U_LastName)) as FullName

 from tblUser 

where tblUser.U_RolesID = p_RoleID;



END ;;
DELIMITER ;
/*!50003 SET sql_mode              = @saved_sql_mode */ ;
/*!50003 SET character_set_client  = @saved_cs_client */ ;
/*!50003 SET character_set_results = @saved_cs_results */ ;
/*!50003 SET collation_connection  = @saved_col_connection */ ;
/*!50003 DROP PROCEDURE IF EXISTS `sp_GetUserScoreAdmin` */;
/*!50003 SET @saved_cs_client      = @@character_set_client */ ;
/*!50003 SET @saved_cs_results     = @@character_set_results */ ;
/*!50003 SET @saved_col_connection = @@collation_connection */ ;
/*!50003 SET character_set_client  = utf8 */ ;
/*!50003 SET character_set_results = utf8 */ ;
/*!50003 SET collation_connection  = utf8_general_ci */ ;
/*!50003 SET @saved_sql_mode       = @@sql_mode */ ;
/*!50003 SET sql_mode              = 'STRICT_TRANS_TABLES,NO_AUTO_CREATE_USER,NO_ENGINE_SUBSTITUTION' */ ;
DELIMITER ;;
CREATE PROCEDURE `sp_GetUserScoreAdmin`(p_UserID int,p_LevelID int)
BEGIN



IF (EXISTS(SELECT * FROM tbltarget WHERE tbltarget.Level_ID = p_LevelID))
	THEN

Select v_UserLevelScores1.*,(CASE WHEN v_UserLevelScores1.current_percentage < 80 THEN 'red' WHEN v_UserLevelScores1.current_percentage > 80 AND v_UserLevelScores1.current_percentage <90 THEN 'Yellow' ELSE 'Green' END) AS PlayerStatus 

,tblLevel.Points as target_scores

,(SELECT DATE_ADD(Level_date,INTERVAL BaseHours HOUR) from tblLevel WHERE tblLevel.Level_ID = tblLevelPerformance.current_level and tblLevelPerformance.user_id = p_UserID and tblLevel.Active = 1) as TargetDate

,(SELECT tblLevel.Level_Name from tblLevel WHERE tblLevel.Level_ID = tblLevelPerformance.last_level and tblLevelPerformance.user_id = p_UserID and tblLevel.Active = 1) as previouslevel_name,	

(SELECT (tblLevelGameDDL.GameDropdownName) AS Reach from tblLevel INNER JOIN tblLevelGameDDL ON tblLevel.Reach = tblLevelGameDDL.GameDropdownID WHERE tblLevel.Level_ID = p_LevelID and tblLevel.Active = 1) as Reach,	

(SELECT (tblLevelGameDDL.GameDropdownName) AS CurrentlyIn from tblLevel INNER JOIN tblLevelGameDDL ON tblLevel.CurrentlyIn = tblLevelGameDDL.GameDropdownID WHERE tblLevel.Level_ID = p_LevelID and tblLevel.Active = 1) as CurrentlyIn,		

	(SELECT tblLevel.Level_Name from tblLevel WHERE tblLevel.Level_ID = tblLevelPerformance.current_level and tblLevelPerformance.user_id = p_UserID and tblLevel.Active = 1) as currentlevel_name,	

	(SELECT tblLevel.Level_Name from tblLevel WHERE tblLevel.Level_ID = tblLevelPerformance.next_level and tblLevelPerformance.user_id = p_UserID and tblLevel.Active = 1 ) as nextlevel_name

,(select (IFNULL(sum(current_percentage),0)) / Count(*) from v_UserLevelScores where Level_ID=v_UserLevelScores1.Level_ID and UserID=v_UserLevelScores1.UserID) as Performance 



,tblLevel.Points  as Bonus,
"0" as CheckNoProgress /*(SELECT tblLevel.Points from tblLevel where tblLevel.Level_ID = tblLevelPerformance.next_level and tblLevelPerformance.user_id = p_UserID and tblLevel.Active = 1)*/

from v_UserLevelScores as  v_UserLevelScores1

LEFT OUTER JOIN tblLevelPerformance on v_UserLevelScores1.Level_ID = tblLevelPerformance.current_level

LEFT OUTER JOIN tblLevel on v_UserLevelScores1.Level_ID = tblLevel.Level_ID

where v_UserLevelScores1.Level_ID=p_LevelID and v_UserLevelScores1.UserID=p_UserID AND tblLevelPerformance.level_achieved = 0  AND tblLevelPerformance.user_id = p_UserID ORDER BY v_UserLevelScores1.KPI_name;


	ELSE

Select tbllevel.Level_Name,tbllevel.Points  as Bonus ,"1" as CheckNoProgress,tbllevel.BaseHours,tbllevel.Level_Position,tblroles.Role_Name,
(Select tbluser.U_Points from tbluser where tbluser.UserID = p_UserID) AS Points,
(Select CONCAT(tblUser.U_FirstName,' ',tblUser.U_LastName) from tbluser WHERE tbluser.UserID = p_UserID) AS PlayerName,
(SELECT (tblLevelGameDDL.GameDropdownName) AS Reach from tblLevel INNER JOIN tblLevelGameDDL ON tblLevel.Reach = tblLevelGameDDL.GameDropdownID WHERE tblLevel.Level_ID = p_LevelID and tblLevel.Active = 1) as Reach,	

(SELECT (tblLevelGameDDL.GameDropdownName) AS CurrentlyIn from tblLevel INNER JOIN tblLevelGameDDL ON tblLevel.CurrentlyIn = tblLevelGameDDL.GameDropdownID WHERE tblLevel.Level_ID = p_LevelID and tblLevel.Active = 1) as CurrentlyIn

from tbllevel INNER JOIN tblroles ON tbllevel.Role_ID =tblroles.Role_ID
Where tbllevel.Level_ID = p_LevelID;

	END IF;














	

/*

	SELECT tblLevelPerformance.user_id,

					tblScores.Score,

					tblTarget.Target_Value,

					tblLevelPerformance.target_scores,

					CEIL (((Score/Target_Value)*100)) as current_percentage,

					tblTarget.KPI_ID,

					(SELECT KPI_name from tblKPI where tblKPI.KPI_ID = tblTarget.KPI_ID) as KPIName,				

				  (SELECT tblLevel.Level_Name from tblLevel where tblLevelPerformance.current_level = tblLevel.Level_ID) as LevelName,

					tblTarget.Level_ID

 FROM tblScores INNER JOIN tblTarget ON tblScores.Type_ID = tblTarget.KPI_ID AND tblScores.U_Type = 'KPI' and tblScores.User_ID = p_UserID

  INNER JOIN tblLevelPerformance on tblTarget.Level_ID = tblLevelPerformance.current_level

where tblLevelPerformance.user_id = p_UserID;

*/







END ;;
DELIMITER ;
/*!50003 SET sql_mode              = @saved_sql_mode */ ;
/*!50003 SET character_set_client  = @saved_cs_client */ ;
/*!50003 SET character_set_results = @saved_cs_results */ ;
/*!50003 SET collation_connection  = @saved_col_connection */ ;
/*!50003 DROP PROCEDURE IF EXISTS `sp_GetUsersInfo` */;
/*!50003 SET @saved_cs_client      = @@character_set_client */ ;
/*!50003 SET @saved_cs_results     = @@character_set_results */ ;
/*!50003 SET @saved_col_connection = @@collation_connection */ ;
/*!50003 SET character_set_client  = utf8 */ ;
/*!50003 SET character_set_results = utf8 */ ;
/*!50003 SET collation_connection  = utf8_general_ci */ ;
/*!50003 SET @saved_sql_mode       = @@sql_mode */ ;
/*!50003 SET sql_mode              = 'STRICT_TRANS_TABLES,NO_AUTO_CREATE_USER,NO_ENGINE_SUBSTITUTION' */ ;
DELIMITER ;;
CREATE PROCEDURE `sp_GetUsersInfo`(p_Name Varchar(50),p_Password VARCHAR(50))
BEGIN







Select *,(SELECT U_Email FROM tblUser M WHERE M.UserID = tblUser.ManagerID) AS ManagerEmail,

				

				tblRoles.Role_Name as RoleName,(SELECT tblSite.site_name FROM tblSite WHERE tblSite.site_id = tblUser.U_SiteID) AS SiteName

from tblUser INNER JOIN

     tblRoles ON tblUser.U_RolesID = tblRoles.Role_ID 



WHERE U_Name =p_Name

and BINARY U_password =p_Password and tblUser.Active =1;





/*and tblSite.site_id=p_SiteId and U_SiteID = p_SiteID*/



END ;;
DELIMITER ;
/*!50003 SET sql_mode              = @saved_sql_mode */ ;
/*!50003 SET character_set_client  = @saved_cs_client */ ;
/*!50003 SET character_set_results = @saved_cs_results */ ;
/*!50003 SET collation_connection  = @saved_col_connection */ ;
/*!50003 DROP PROCEDURE IF EXISTS `sp_GetUsersInfoByID` */;
/*!50003 SET @saved_cs_client      = @@character_set_client */ ;
/*!50003 SET @saved_cs_results     = @@character_set_results */ ;
/*!50003 SET @saved_col_connection = @@collation_connection */ ;
/*!50003 SET character_set_client  = utf8 */ ;
/*!50003 SET character_set_results = utf8 */ ;
/*!50003 SET collation_connection  = utf8_general_ci */ ;
/*!50003 SET @saved_sql_mode       = @@sql_mode */ ;
/*!50003 SET sql_mode              = 'STRICT_TRANS_TABLES,NO_AUTO_CREATE_USER,NO_ENGINE_SUBSTITUTION' */ ;
DELIMITER ;;
CREATE PROCEDURE `sp_GetUsersInfoByID`(p_User_ID int)
BEGIN

Select
	tblUser.UserID, 
	tblUser.U_Name, 
	tblUser.U_SysRole, 
	tblUser.U_RolesID, 
	tblUser.U_Password, 
	tblUser.U_FirstName, 
	tblUser.U_LastName, 
	tblUser.U_NickName, 
	tblUser.Active, 
	tblUser.U_Email, 
	tblUser.U_SiteID, 
	tblUser.U_EmpNo, 
	tblUser.ManagerID, 
	tblUser.Display_Name, 
	tblUser.U_Points, 
	tblUser.ActiveUpdatedDate, 
	M.U_Email AS ManagerEmail,
	tblRoles.Role_Name as RoleName,
	tblSite.site_name AS SiteName
from 
	tblUser INNER JOIN tblRoles 
	ON tblUser.U_RolesID = tblRoles.Role_ID INNER JOIN tblSite 
	ON tblUser.U_SiteID = tblSite.site_id LEFT OUTER JOIN tblUser M 
	ON tblUser.ManagerID= M.UserID 
WHERE 
	tblUser.UserID = p_User_ID and 
	tblUser.Active = 1;

END ;;
DELIMITER ;
/*!50003 SET sql_mode              = @saved_sql_mode */ ;
/*!50003 SET character_set_client  = @saved_cs_client */ ;
/*!50003 SET character_set_results = @saved_cs_results */ ;
/*!50003 SET collation_connection  = @saved_col_connection */ ;
/*!50003 DROP PROCEDURE IF EXISTS `sp_GetUsersInfoTemp` */;
/*!50003 SET @saved_cs_client      = @@character_set_client */ ;
/*!50003 SET @saved_cs_results     = @@character_set_results */ ;
/*!50003 SET @saved_col_connection = @@collation_connection */ ;
/*!50003 SET character_set_client  = utf8 */ ;
/*!50003 SET character_set_results = utf8 */ ;
/*!50003 SET collation_connection  = utf8_general_ci */ ;
/*!50003 SET @saved_sql_mode       = @@sql_mode */ ;
/*!50003 SET sql_mode              = 'STRICT_TRANS_TABLES,NO_AUTO_CREATE_USER,NO_ENGINE_SUBSTITUTION' */ ;
DELIMITER ;;
CREATE PROCEDURE `sp_GetUsersInfoTemp`(p_Name Varchar(50))
BEGIN

if((SELECT tbluser.U_SysRole from tbluser where tblUser.U_Name =p_Name) = 'Player' )
THEN


Select
tblUser.UserID,tblUser.U_Name,tblUser.U_SysRole,tblUser.U_RolesID,tblUser.U_Password,tblUser.U_FirstName,tblUser.U_LastName,tblUser.U_NickName,tblUser.Active,tblUser.U_Email,tblUser.U_SiteID
,tblUser.U_EmpNo,tblUser.ManagerID,tblUser.Display_Name,tblUser.U_Points,tblUser.ActiveUpdatedDate,M.U_Email AS ManagerEmail,tblRoles.Role_Name as RoleName,tblSite.site_name AS SiteName,
tblLevelPerformance.current_level,tblLevel.Level_Position,tblLevel.Level_Name,tbllevel.Points,tbllevel.ImageName



from tblUser INNER JOIN

tblRoles ON tblUser.U_RolesID = tblRoles.Role_ID 

INNER JOIN

tblSite ON tblUser.U_SiteID = tblSite.site_id

LEFT OUTER JOIN

tblUser M ON  tblUser.ManagerID= M.UserID

INNER JOIN tbllevelperformance ON 

tblLevelPerformance.user_id = tblUser.UserID

INNER JOIN tbllevel ON tblLevelPerformance.current_level = tblLevel.Level_ID



WHERE tblUser.U_Name =p_Name and tblUser.Active =1 and tblLevelPerformance.level_achieved = 0;



SELECT  tblLevel.Level_ID,
				Level_Name,
				tblRoles.Role_Name,
			  tblRoles.Role_ID,
				tblLevel.Active,
				tblLevel.Level_Position,
				BaseHours,
				tblLevel.Points
FROM tblLevel
INNER JOIN tblRoles ON 
	tblLevel.Role_ID = tblRoles.Role_ID
WHERE tblRoles.Active = 1 
ORDER BY tblLevel.Level_Position ASC;



ELSE


Select  

tblUser.UserID,tblUser.U_Name,tblUser.U_SysRole,tblUser.U_RolesID,tblUser.U_Password,tblUser.U_FirstName,tblUser.U_LastName,tblUser.U_NickName,tblUser.Active,tblUser.U_Email,tblUser.U_SiteID

,tblUser.U_EmpNo,tblUser.ManagerID,tblUser.Display_Name,tblUser.U_Points,tblUser.ActiveUpdatedDate,M.U_Email AS ManagerEmail,tblRoles.Role_Name as RoleName,tblSite.site_name AS SiteName



from tblUser INNER JOIN

tblRoles ON tblUser.U_RolesID = tblRoles.Role_ID 

INNER JOIN

tblSite ON tblUser.U_SiteID = tblSite.site_id

LEFT OUTER JOIN

tblUser M ON  tblUser.ManagerID= M.UserID


WHERE tblUser.U_Name =p_Name and tblUser.Active =1;



END IF;



END ;;
DELIMITER ;
/*!50003 SET sql_mode              = @saved_sql_mode */ ;
/*!50003 SET character_set_client  = @saved_cs_client */ ;
/*!50003 SET character_set_results = @saved_cs_results */ ;
/*!50003 SET collation_connection  = @saved_col_connection */ ;
/*!50003 DROP PROCEDURE IF EXISTS `sp_GetUsers_Manager` */;
/*!50003 SET @saved_cs_client      = @@character_set_client */ ;
/*!50003 SET @saved_cs_results     = @@character_set_results */ ;
/*!50003 SET @saved_col_connection = @@collation_connection */ ;
/*!50003 SET character_set_client  = utf8 */ ;
/*!50003 SET character_set_results = utf8 */ ;
/*!50003 SET collation_connection  = utf8_general_ci */ ;
/*!50003 SET @saved_sql_mode       = @@sql_mode */ ;
/*!50003 SET sql_mode              = 'STRICT_TRANS_TABLES,NO_AUTO_CREATE_USER,NO_ENGINE_SUBSTITUTION' */ ;
DELIMITER ;;
CREATE PROCEDURE `sp_GetUsers_Manager`()
BEGIN



SELECT tblUser.UserID,tblUser.U_Name FROM tblUser WHERE tblUser.U_SysRole = 'Manager';



END ;;
DELIMITER ;
/*!50003 SET sql_mode              = @saved_sql_mode */ ;
/*!50003 SET character_set_client  = @saved_cs_client */ ;
/*!50003 SET character_set_results = @saved_cs_results */ ;
/*!50003 SET collation_connection  = @saved_col_connection */ ;
/*!50003 DROP PROCEDURE IF EXISTS `sp_GetUserTargetScoreAdmin` */;
/*!50003 SET @saved_cs_client      = @@character_set_client */ ;
/*!50003 SET @saved_cs_results     = @@character_set_results */ ;
/*!50003 SET @saved_col_connection = @@collation_connection */ ;
/*!50003 SET character_set_client  = utf8 */ ;
/*!50003 SET character_set_results = utf8 */ ;
/*!50003 SET collation_connection  = utf8_general_ci */ ;
/*!50003 SET @saved_sql_mode       = @@sql_mode */ ;
/*!50003 SET sql_mode              = 'STRICT_TRANS_TABLES,NO_AUTO_CREATE_USER,NO_ENGINE_SUBSTITUTION' */ ;
DELIMITER ;;
CREATE PROCEDURE `sp_GetUserTargetScoreAdmin`(p_UserID int,p_LevelID int)
BEGIN



Select v_UserLevelScores1.*,

(select (IFNULL(sum(current_percentage),0)) / Count(*) from v_UserLevelScores where Level_ID=v_UserLevelScores1.Level_ID and UserID=v_UserLevelScores1.UserID) as Performance ,

(Select 'yes' from tblUserTargetAchieved where Target_ID=v_UserLevelScores1.Target_ID and UserID=p_UserID) as achieved,CONCAT(tblUser.U_FirstName,' ',tblUser.U_LastName) AS FullName 

,tblRoles.Role_Name,tblLevel.Level_Name,tblLevel.Level_Position,tblUser.U_Name



from v_UserLevelScores as  v_UserLevelScores1

LEFT JOIN tblUser ON v_UserLevelScores1.UserID = tblUser.UserID

LEFT JOIN tblRoles ON v_UserLevelScores1.Role_ID = tblRoles.Role_ID

LEFT JOIN tblLevel ON v_UserLevelScores1.Level_ID = tblLevel.Level_ID

where v_UserLevelScores1.Level_ID=p_LevelID 

and v_UserLevelScores1.UserID=p_UserID





 /*AND tblLevelPerformance.level_achieved = 0 

 AND tblUserTargetAchieved.Target_Achieved = 0

 AND tblLevelPerformance.user_id = p_UserID*/

;



END ;;
DELIMITER ;
/*!50003 SET sql_mode              = @saved_sql_mode */ ;
/*!50003 SET character_set_client  = @saved_cs_client */ ;
/*!50003 SET character_set_results = @saved_cs_results */ ;
/*!50003 SET collation_connection  = @saved_col_connection */ ;
/*!50003 DROP PROCEDURE IF EXISTS `sp_InsertAwardImage` */;
/*!50003 SET @saved_cs_client      = @@character_set_client */ ;
/*!50003 SET @saved_cs_results     = @@character_set_results */ ;
/*!50003 SET @saved_col_connection = @@collation_connection */ ;
/*!50003 SET character_set_client  = utf8 */ ;
/*!50003 SET character_set_results = utf8 */ ;
/*!50003 SET collation_connection  = utf8_general_ci */ ;
/*!50003 SET @saved_sql_mode       = @@sql_mode */ ;
/*!50003 SET sql_mode              = 'STRICT_TRANS_TABLES,NO_AUTO_CREATE_USER,NO_ENGINE_SUBSTITUTION' */ ;
DELIMITER ;;
CREATE PROCEDURE `sp_InsertAwardImage`(p_AwardImage varchar(100),p_AwardThumbnail varchar(100),  p_AwardID int,p_CurrentImage INT)
BEGIN

INSERT INTO tblAwardImages (Award_Image,Award_Thumbnail,Award_ID,Uploaded_Date,Current_Image)

VALUES(p_AwardImage, p_AwardThumbnail, p_AwardID, CURRENT_DATE(),p_CurrentImage);

END ;;
DELIMITER ;
/*!50003 SET sql_mode              = @saved_sql_mode */ ;
/*!50003 SET character_set_client  = @saved_cs_client */ ;
/*!50003 SET character_set_results = @saved_cs_results */ ;
/*!50003 SET collation_connection  = @saved_col_connection */ ;
/*!50003 DROP PROCEDURE IF EXISTS `sp_InsertAwards` */;
/*!50003 SET @saved_cs_client      = @@character_set_client */ ;
/*!50003 SET @saved_cs_results     = @@character_set_results */ ;
/*!50003 SET @saved_col_connection = @@collation_connection */ ;
/*!50003 SET character_set_client  = utf8 */ ;
/*!50003 SET character_set_results = utf8 */ ;
/*!50003 SET collation_connection  = utf8_general_ci */ ;
/*!50003 SET @saved_sql_mode       = @@sql_mode */ ;
/*!50003 SET sql_mode              = 'STRICT_TRANS_TABLES,NO_AUTO_CREATE_USER,NO_ENGINE_SUBSTITUTION' */ ;
DELIMITER ;;
CREATE PROCEDURE `sp_InsertAwards`(p_AwardName varchar(100),p_AwardDesc varchar (200),p_KPIID INT,p_TargetID INT,p_AwardManual INT, OUT p_AwardID INT,p_AwardCategoryID INT)
BEGIN





		INSERT INTO tblAwards(Award_Name,Award_Desc,KPIID,Target_Value,Award_Manual,AwardCategoryID)



		VALUES (p_AwardName,p_AwardDesc,p_KPIID,p_TargetID,p_AwardManual,p_AwardCategoryID);

	

	SET p_AwardID = LAST_INSERT_ID();



END ;;
DELIMITER ;
/*!50003 SET sql_mode              = @saved_sql_mode */ ;
/*!50003 SET character_set_client  = @saved_cs_client */ ;
/*!50003 SET character_set_results = @saved_cs_results */ ;
/*!50003 SET collation_connection  = @saved_col_connection */ ;
/*!50003 DROP PROCEDURE IF EXISTS `sp_InsertCategory` */;
/*!50003 SET @saved_cs_client      = @@character_set_client */ ;
/*!50003 SET @saved_cs_results     = @@character_set_results */ ;
/*!50003 SET @saved_col_connection = @@collation_connection */ ;
/*!50003 SET character_set_client  = utf8 */ ;
/*!50003 SET character_set_results = utf8 */ ;
/*!50003 SET collation_connection  = utf8_general_ci */ ;
/*!50003 SET @saved_sql_mode       = @@sql_mode */ ;
/*!50003 SET sql_mode              = 'STRICT_TRANS_TABLES,NO_AUTO_CREATE_USER,NO_ENGINE_SUBSTITUTION' */ ;
DELIMITER ;;
CREATE PROCEDURE `sp_InsertCategory`(p_CategoryName Varchar(100))
BEGIN
IF ( NOT EXISTS(SELECT * FROM tblQuizCategory WHERE CategoryName = p_CategoryName))
	THEN
		INSERT INTO tblQuizCategory (CategoryName)
		VALUES (p_CategoryName);
	ELSE
		CALL DuplicatePRO;
	END IF; 
END ;;
DELIMITER ;
/*!50003 SET sql_mode              = @saved_sql_mode */ ;
/*!50003 SET character_set_client  = @saved_cs_client */ ;
/*!50003 SET character_set_results = @saved_cs_results */ ;
/*!50003 SET collation_connection  = @saved_col_connection */ ;
/*!50003 DROP PROCEDURE IF EXISTS `sp_InsertContest` */;
/*!50003 SET @saved_cs_client      = @@character_set_client */ ;
/*!50003 SET @saved_cs_results     = @@character_set_results */ ;
/*!50003 SET @saved_col_connection = @@collation_connection */ ;
/*!50003 SET character_set_client  = utf8 */ ;
/*!50003 SET character_set_results = utf8 */ ;
/*!50003 SET collation_connection  = utf8_general_ci */ ;
/*!50003 SET @saved_sql_mode       = @@sql_mode */ ;
/*!50003 SET sql_mode              = 'STRICT_TRANS_TABLES,NO_AUTO_CREATE_USER,NO_ENGINE_SUBSTITUTION' */ ;
DELIMITER ;;
CREATE PROCEDURE `sp_InsertContest`(p_ContestName varchar(100),p_FromDate varchar(10), p_ToDate varchar(10), p_KPIID INT, p_RoleID INT, p_SiteID INT, out p_Cid int)
BEGIN

insert into tblContests(ContestName,FromDate,ToDate,KPI_ID )
values(p_ContestName,STR_TO_DATE(p_FromDate, '%m/%d/%Y'),STR_TO_DATE(p_ToDate, '%m/%d/%Y'),p_KPIID);

SET p_Cid = LAST_INSERT_ID();

DELETE FROM tblcontestssites WHERE ContestId = p_Cid;
INSERT INTO tblcontestssites (ContestId,Site_Id)
VALUES (p_Cid,p_SiteId);

DELETE FROM tblcontestsroles WHERE ContestId = p_Cid;
INSERT INTO tblcontestsroles (ContestId,Role_Id)
VALUES (p_Cid, p_RoleID);

IF (p_RoleID <> 0)
THEN

	INSERT INTO contestperformance
	(ContestID, UserID, KPIID, Value, LastUpdated)
		SELECT p_Cid AS ContestID, u.UserID, p_KPIID AS KPIID, 0 AS Value, now() AS LastUpdated 
		FROM 
			tbluser u INNER JOIN tbluserimages i ON u.UserID = i.UserID
		WHERE
			u.Active = 1 AND i.U_Current = 1 AND u.U_RolesID = p_RoleID AND u.U_SiteID = p_SiteId;

ELSEIF (p_RoleID = 0) THEN

	INSERT INTO contestperformance
	(ContestID, UserID, KPIID, Value, LastUpdated)
		SELECT p_Cid AS ContestID, u.UserID, p_KPIID AS KPIID, 0 AS Value, now() AS LastUpdated 
		FROM 
			tbluser u INNER JOIN tbluserimages i ON u.UserID = i.UserID
		WHERE
			u.Active = 1 AND i.U_Current = 1 AND u.U_SiteID = p_SiteId;

END IF;

END ;;
DELIMITER ;
/*!50003 SET sql_mode              = @saved_sql_mode */ ;
/*!50003 SET character_set_client  = @saved_cs_client */ ;
/*!50003 SET character_set_results = @saved_cs_results */ ;
/*!50003 SET collation_connection  = @saved_col_connection */ ;
/*!50003 DROP PROCEDURE IF EXISTS `sp_InsertContestPerformance` */;
/*!50003 SET @saved_cs_client      = @@character_set_client */ ;
/*!50003 SET @saved_cs_results     = @@character_set_results */ ;
/*!50003 SET @saved_col_connection = @@collation_connection */ ;
/*!50003 SET character_set_client  = utf8 */ ;
/*!50003 SET character_set_results = utf8 */ ;
/*!50003 SET collation_connection  = utf8_general_ci */ ;
/*!50003 SET @saved_sql_mode       = @@sql_mode */ ;
/*!50003 SET sql_mode              = 'STRICT_TRANS_TABLES,NO_AUTO_CREATE_USER,NO_ENGINE_SUBSTITUTION' */ ;
DELIMITER ;;
CREATE PROCEDURE `sp_InsertContestPerformance`(p_contestid int, p_userid int ,p_kpiid int ,p_score int ,p_importdate varchar(200))
BEGIN
IF ( NOT EXISTS(SELECT * FROM contestperformance WHERE UserID = p_userid AND ContestID = p_contestid AND KPIID = p_kpiid))
THEN
	INSERT into contestperformance(contestperformance.ContestID,contestperformance.UserID,contestperformance.KPIID,contestperformance.`Value`,contestperformance.LastUpdated)
  values(p_contestid,p_userid,p_kpiid,p_score,p_importdate);

ELSEIF(EXISTS(SELECT * FROM contestperformance WHERE UserID = p_userid AND ContestID = p_contestid AND KPIID = p_kpiid))
		THEN

UPDATE contestperformance INNER JOIN tblkpi ON contestperformance.KPIID = tblkpi.KPI_ID
SET contestperformance.`Value` = CASE 
																 WHEN tblkpi.KPI_measure LIKE '%max%'  AND contestperformance.`Value` < p_score 
																			 THEN p_score
																 WHEN tblkpi.KPI_measure NOT LIKE '%max%'
																			 THEN contestperformance.`Value` + p_score
																 ELSE 
																			 contestperformance.`Value`
																 END
WHERE contestperformance.UserID = p_userid AND contestperformance.KPIID = p_kpiid AND contestperformance.ContestID = p_contestid;


END IF;

END ;;
DELIMITER ;
/*!50003 SET sql_mode              = @saved_sql_mode */ ;
/*!50003 SET character_set_client  = @saved_cs_client */ ;
/*!50003 SET character_set_results = @saved_cs_results */ ;
/*!50003 SET collation_connection  = @saved_col_connection */ ;
/*!50003 DROP PROCEDURE IF EXISTS `sp_InsertContestPosition` */;
/*!50003 SET @saved_cs_client      = @@character_set_client */ ;
/*!50003 SET @saved_cs_results     = @@character_set_results */ ;
/*!50003 SET @saved_col_connection = @@collation_connection */ ;
/*!50003 SET character_set_client  = utf8 */ ;
/*!50003 SET character_set_results = utf8 */ ;
/*!50003 SET collation_connection  = utf8_general_ci */ ;
/*!50003 SET @saved_sql_mode       = @@sql_mode */ ;
/*!50003 SET sql_mode              = 'NO_AUTO_VALUE_ON_ZERO' */ ;
DELIMITER ;;
CREATE PROCEDURE `sp_InsertContestPosition`(p_ContestID INT,p_Award_ID INT, p_Position INT, p_Points INT)
BEGIN

INSERT INTO tblcontestposition(ContestId,Award_ID,Position,Points)
VALUES (p_ContestId,p_Award_ID,p_Position,p_Points);

END ;;
DELIMITER ;
/*!50003 SET sql_mode              = @saved_sql_mode */ ;
/*!50003 SET character_set_client  = @saved_cs_client */ ;
/*!50003 SET character_set_results = @saved_cs_results */ ;
/*!50003 SET collation_connection  = @saved_col_connection */ ;
/*!50003 DROP PROCEDURE IF EXISTS `sp_InsertDataElement` */;
/*!50003 SET @saved_cs_client      = @@character_set_client */ ;
/*!50003 SET @saved_cs_results     = @@character_set_results */ ;
/*!50003 SET @saved_col_connection = @@collation_connection */ ;
/*!50003 SET character_set_client  = utf8 */ ;
/*!50003 SET character_set_results = utf8 */ ;
/*!50003 SET collation_connection  = utf8_general_ci */ ;
/*!50003 SET @saved_sql_mode       = @@sql_mode */ ;
/*!50003 SET sql_mode              = 'STRICT_TRANS_TABLES,NO_AUTO_CREATE_USER,NO_ENGINE_SUBSTITUTION' */ ;
DELIMITER ;;
CREATE PROCEDURE `sp_InsertDataElement`(p_MatchID INT, p_ElementName VARCHAR(250), p_IsPicture INT)
BEGIN

	INSERT INTO tbldataelement (MatchID,ElementName,IsPicture,CreatedDate)
	VALUES (p_MatchID,p_ElementName,p_IsPicture,now());
	
END ;;
DELIMITER ;
/*!50003 SET sql_mode              = @saved_sql_mode */ ;
/*!50003 SET character_set_client  = @saved_cs_client */ ;
/*!50003 SET character_set_results = @saved_cs_results */ ;
/*!50003 SET collation_connection  = @saved_col_connection */ ;
/*!50003 DROP PROCEDURE IF EXISTS `sp_InsertDataSet` */;
/*!50003 SET @saved_cs_client      = @@character_set_client */ ;
/*!50003 SET @saved_cs_results     = @@character_set_results */ ;
/*!50003 SET @saved_col_connection = @@collation_connection */ ;
/*!50003 SET character_set_client  = utf8 */ ;
/*!50003 SET character_set_results = utf8 */ ;
/*!50003 SET collation_connection  = utf8_general_ci */ ;
/*!50003 SET @saved_sql_mode       = @@sql_mode */ ;
/*!50003 SET sql_mode              = 'STRICT_TRANS_TABLES,NO_AUTO_CREATE_USER,NO_ENGINE_SUBSTITUTION' */ ;
DELIMITER ;;
CREATE PROCEDURE `sp_InsertDataSet`(p_DataSetElementsData VARCHAR(500), p_SiteID int, p_MatchID int, p_DataSetImage varchar(100), p_DataSetImageThumbnail varchar(100), out p_Did int)
BEGIN

	INSERT INTO tblmatchdatasets (DataSetElementsData, SiteID, MatchID, CreatedDate, DataSetImage, DataSetImageThumbnail)
	VALUES (p_DataSetElementsData, p_SiteID, p_MatchID, now(), p_DataSetImage, p_DataSetImageThumbnail);
	
SET p_Did = LAST_INSERT_ID();

END ;;
DELIMITER ;
/*!50003 SET sql_mode              = @saved_sql_mode */ ;
/*!50003 SET character_set_client  = @saved_cs_client */ ;
/*!50003 SET character_set_results = @saved_cs_results */ ;
/*!50003 SET collation_connection  = @saved_col_connection */ ;
/*!50003 DROP PROCEDURE IF EXISTS `sp_InsertDataSetLevels` */;
/*!50003 SET @saved_cs_client      = @@character_set_client */ ;
/*!50003 SET @saved_cs_results     = @@character_set_results */ ;
/*!50003 SET @saved_col_connection = @@collation_connection */ ;
/*!50003 SET character_set_client  = utf8 */ ;
/*!50003 SET character_set_results = utf8 */ ;
/*!50003 SET collation_connection  = utf8_general_ci */ ;
/*!50003 SET @saved_sql_mode       = @@sql_mode */ ;
/*!50003 SET sql_mode              = 'STRICT_TRANS_TABLES,NO_AUTO_CREATE_USER,NO_ENGINE_SUBSTITUTION' */ ;
DELIMITER ;;
CREATE PROCEDURE `sp_InsertDataSetLevels`(p_DataSetID INT, p_RoleID INT, p_LevelID INT)
BEGIN
	
	INSERT INTO tblmatchdatasetlevels (DataSetID,RoleID,LevelID)
	VALUES (p_DataSetID, p_RoleID, p_LevelID);
	
END ;;
DELIMITER ;
/*!50003 SET sql_mode              = @saved_sql_mode */ ;
/*!50003 SET character_set_client  = @saved_cs_client */ ;
/*!50003 SET character_set_results = @saved_cs_results */ ;
/*!50003 SET collation_connection  = @saved_col_connection */ ;
/*!50003 DROP PROCEDURE IF EXISTS `sp_InsertGame` */;
/*!50003 SET @saved_cs_client      = @@character_set_client */ ;
/*!50003 SET @saved_cs_results     = @@character_set_results */ ;
/*!50003 SET @saved_col_connection = @@collation_connection */ ;
/*!50003 SET character_set_client  = utf8 */ ;
/*!50003 SET character_set_results = utf8 */ ;
/*!50003 SET collation_connection  = utf8_general_ci */ ;
/*!50003 SET @saved_sql_mode       = @@sql_mode */ ;
/*!50003 SET sql_mode              = 'STRICT_TRANS_TABLES,NO_AUTO_CREATE_USER,NO_ENGINE_SUBSTITUTION' */ ;
DELIMITER ;;
CREATE PROCEDURE `sp_InsertGame`(p_ImageName Varchar(100),p_GameName Varchar(100))
BEGIN

IF ( NOT EXISTS(SELECT * FROM tblQuizGames WHERE GameName = p_GameName))

	THEN

		INSERT INTO tblQuizGames (GameName,CreatedDate,ImageName)

		VALUES (p_GameName,NOW(),p_ImageName);

	ELSE

		CALL DuplicatePRO;

	END IF;

END ;;
DELIMITER ;
/*!50003 SET sql_mode              = @saved_sql_mode */ ;
/*!50003 SET character_set_client  = @saved_cs_client */ ;
/*!50003 SET character_set_results = @saved_cs_results */ ;
/*!50003 SET collation_connection  = @saved_col_connection */ ;
/*!50003 DROP PROCEDURE IF EXISTS `sp_InsertImage` */;
/*!50003 SET @saved_cs_client      = @@character_set_client */ ;
/*!50003 SET @saved_cs_results     = @@character_set_results */ ;
/*!50003 SET @saved_col_connection = @@collation_connection */ ;
/*!50003 SET character_set_client  = utf8 */ ;
/*!50003 SET character_set_results = utf8 */ ;
/*!50003 SET collation_connection  = utf8_general_ci */ ;
/*!50003 SET @saved_sql_mode       = @@sql_mode */ ;
/*!50003 SET sql_mode              = 'STRICT_TRANS_TABLES,NO_AUTO_CREATE_USER,NO_ENGINE_SUBSTITUTION' */ ;
DELIMITER ;;
CREATE PROCEDURE `sp_InsertImage`(p_UserID int,p_PlayerImage varchar(100),p_PlayerThumbnail varchar(100))
BEGIN



INSERT INTO tblUserImages(UserID,U_UploadDate,Player_Image,Player_Thumbnail)



VALUES (p_UserID,Curdate(),p_PlayerImage,p_PlayerThumbnail);

END ;;
DELIMITER ;
/*!50003 SET sql_mode              = @saved_sql_mode */ ;
/*!50003 SET character_set_client  = @saved_cs_client */ ;
/*!50003 SET character_set_results = @saved_cs_results */ ;
/*!50003 SET collation_connection  = @saved_col_connection */ ;
/*!50003 DROP PROCEDURE IF EXISTS `sp_InsertKPI` */;
/*!50003 SET @saved_cs_client      = @@character_set_client */ ;
/*!50003 SET @saved_cs_results     = @@character_set_results */ ;
/*!50003 SET @saved_col_connection = @@collation_connection */ ;
/*!50003 SET character_set_client  = utf8 */ ;
/*!50003 SET character_set_results = utf8 */ ;
/*!50003 SET collation_connection  = utf8_general_ci */ ;
/*!50003 SET @saved_sql_mode       = @@sql_mode */ ;
/*!50003 SET sql_mode              = 'STRICT_TRANS_TABLES,NO_AUTO_CREATE_USER,NO_ENGINE_SUBSTITUTION' */ ;
DELIMITER ;;
CREATE PROCEDURE `sp_InsertKPI`(p_Descp Varchar(500),p_KpiName varchar(100),p_KpiMeasure varchar(100), p_KpiType varchar(100),p_KpiCategory varchar(50), p_KpiTipsDESC varchar(500), p_KpiTipsLINK varchar(500),p_TypeLevel varchar(10),p_TypeAward varchar(10),p_TypeContest varchar(10))
BEGIN

INSERT INTO tblKPI(KPI_name,KPI_measure,KPI_type,KPI_Category,KPI_Descp,TipsDESC,TipsLINK,TypeLevel,TypeAward,TypeContest)



VALUES (p_KpiName,p_KpiMeasure,p_KpiType,p_KpiCategory,p_Descp,p_KpiTipsDESC, p_KpiTipsLINK,p_TypeLevel,p_TypeAward,p_TypeContest);



END ;;
DELIMITER ;
/*!50003 SET sql_mode              = @saved_sql_mode */ ;
/*!50003 SET character_set_client  = @saved_cs_client */ ;
/*!50003 SET character_set_results = @saved_cs_results */ ;
/*!50003 SET collation_connection  = @saved_col_connection */ ;
/*!50003 DROP PROCEDURE IF EXISTS `sp_InsertLevel` */;
/*!50003 SET @saved_cs_client      = @@character_set_client */ ;
/*!50003 SET @saved_cs_results     = @@character_set_results */ ;
/*!50003 SET @saved_col_connection = @@collation_connection */ ;
/*!50003 SET character_set_client  = utf8 */ ;
/*!50003 SET character_set_results = utf8 */ ;
/*!50003 SET collation_connection  = utf8_general_ci */ ;
/*!50003 SET @saved_sql_mode       = @@sql_mode */ ;
/*!50003 SET sql_mode              = 'STRICT_TRANS_TABLES,NO_AUTO_CREATE_USER,NO_ENGINE_SUBSTITUTION' */ ;
DELIMITER ;;
CREATE PROCEDURE `sp_InsertLevel`(p_LevelName varchar(100),p_RoleID int, 
p_levelImage varchar(100),p_levelthumbnail varchar(100),  p_LevelPosition int, p_BaseHours int, 				p_Points int,p_CurrentlyIn varchar(45),
													 p_Reach varchar(45), p_Game varchar(50),OUT p_LevelID INT)
BEGIN

IF ( NOT EXISTS(SELECT * FROM tblLevel WHERE Level_Name = p_LevelName AND Role_ID = p_RoleID))
	THEN

insert into tblLevel(Level_Name,Role_ID, Level_Position,BaseHours,Level_date,ImageName,ImageThumbnail,Points,CurrentlyIn,Reach,Game)
values(p_LevelName,p_RoleID,p_LevelPosition,p_BaseHours,CurDate(),p_levelImage,p_levelthumbnail, p_Points,p_CurrentlyIn,p_Reach,p_Game);


SET p_LevelID = LAST_INSERT_ID();
	ELSE
		CALL DuplicatePRO;
	END IF;

END ;;
DELIMITER ;
/*!50003 SET sql_mode              = @saved_sql_mode */ ;
/*!50003 SET character_set_client  = @saved_cs_client */ ;
/*!50003 SET character_set_results = @saved_cs_results */ ;
/*!50003 SET collation_connection  = @saved_col_connection */ ;
/*!50003 DROP PROCEDURE IF EXISTS `sp_InsertLevelGame` */;
/*!50003 SET @saved_cs_client      = @@character_set_client */ ;
/*!50003 SET @saved_cs_results     = @@character_set_results */ ;
/*!50003 SET @saved_col_connection = @@collation_connection */ ;
/*!50003 SET character_set_client  = utf8 */ ;
/*!50003 SET character_set_results = utf8 */ ;
/*!50003 SET collation_connection  = utf8_general_ci */ ;
/*!50003 SET @saved_sql_mode       = @@sql_mode */ ;
/*!50003 SET sql_mode              = 'STRICT_TRANS_TABLES,NO_AUTO_CREATE_USER,NO_ENGINE_SUBSTITUTION' */ ;
DELIMITER ;;
CREATE PROCEDURE `sp_InsertLevelGame`(p_GameName varchar(50))
BEGIN

	INSERT INTO tblLevelGame (GameName)

	VALUES (p_GameName);

END ;;
DELIMITER ;
/*!50003 SET sql_mode              = @saved_sql_mode */ ;
/*!50003 SET character_set_client  = @saved_cs_client */ ;
/*!50003 SET character_set_results = @saved_cs_results */ ;
/*!50003 SET collation_connection  = @saved_col_connection */ ;
/*!50003 DROP PROCEDURE IF EXISTS `sp_InsertLevelGameDLL` */;
/*!50003 SET @saved_cs_client      = @@character_set_client */ ;
/*!50003 SET @saved_cs_results     = @@character_set_results */ ;
/*!50003 SET @saved_col_connection = @@collation_connection */ ;
/*!50003 SET character_set_client  = utf8 */ ;
/*!50003 SET character_set_results = utf8 */ ;
/*!50003 SET collation_connection  = utf8_general_ci */ ;
/*!50003 SET @saved_sql_mode       = @@sql_mode */ ;
/*!50003 SET sql_mode              = 'STRICT_TRANS_TABLES,NO_AUTO_CREATE_USER,NO_ENGINE_SUBSTITUTION' */ ;
DELIMITER ;;
CREATE PROCEDURE `sp_InsertLevelGameDLL`(p_GameDropdownName varchar(50),p_GameID INT)
BEGIN

	INSERT INTO tblLevelGameDDL (GameDropdownName,GameID)

	VALUES (p_GameDropdownName,p_GameID);



END ;;
DELIMITER ;
/*!50003 SET sql_mode              = @saved_sql_mode */ ;
/*!50003 SET character_set_client  = @saved_cs_client */ ;
/*!50003 SET character_set_results = @saved_cs_results */ ;
/*!50003 SET collation_connection  = @saved_col_connection */ ;
/*!50003 DROP PROCEDURE IF EXISTS `sp_InsertLifeLine` */;
/*!50003 SET @saved_cs_client      = @@character_set_client */ ;
/*!50003 SET @saved_cs_results     = @@character_set_results */ ;
/*!50003 SET @saved_col_connection = @@collation_connection */ ;
/*!50003 SET character_set_client  = utf8 */ ;
/*!50003 SET character_set_results = utf8 */ ;
/*!50003 SET collation_connection  = utf8_general_ci */ ;
/*!50003 SET @saved_sql_mode       = @@sql_mode */ ;
/*!50003 SET sql_mode              = 'STRICT_TRANS_TABLES,NO_AUTO_CREATE_USER,NO_ENGINE_SUBSTITUTION' */ ;
DELIMITER ;;
CREATE PROCEDURE `sp_InsertLifeLine`(UserID int , QuizID int, DateUsed varchar(50), 
											  ReduceChoices_LifeLine int, ReplaceQuestion_LifeLine int,
											  AddCounter_LifeLine int)
BEGIN
Insert into tbllifelines(UserID,QuizID,DateUsed,ReduceChoices_LifeLine,ReplaceQuestion_LifeLine,AddCounter_LifeLine) 
Values (UserID,QuizID,DateUsed,ReduceChoices_LifeLine,ReplaceQuestion_LifeLine,AddCounter_LifeLine);


END ;;
DELIMITER ;
/*!50003 SET sql_mode              = @saved_sql_mode */ ;
/*!50003 SET character_set_client  = @saved_cs_client */ ;
/*!50003 SET character_set_results = @saved_cs_results */ ;
/*!50003 SET collation_connection  = @saved_col_connection */ ;
/*!50003 DROP PROCEDURE IF EXISTS `sp_InsertMatch` */;
/*!50003 SET @saved_cs_client      = @@character_set_client */ ;
/*!50003 SET @saved_cs_results     = @@character_set_results */ ;
/*!50003 SET @saved_col_connection = @@collation_connection */ ;
/*!50003 SET character_set_client  = utf8 */ ;
/*!50003 SET character_set_results = utf8 */ ;
/*!50003 SET collation_connection  = utf8_general_ci */ ;
/*!50003 SET @saved_sql_mode       = @@sql_mode */ ;
/*!50003 SET sql_mode              = 'STRICT_TRANS_TABLES,NO_AUTO_CREATE_USER,NO_ENGINE_SUBSTITUTION' */ ;
DELIMITER ;;
CREATE PROCEDURE `sp_InsertMatch`(p_MatchName VARCHAR(250), p_PointsForCompletation INT,
														p_MaxPlaysPerDay INT, p_NoOfDataSet INT,
														p_NoOfRounds INT, p_MatchImage VARCHAR(100),
														p_MatchImageThumbnail VARCHAR(100), p_KPIID int,out p_Mid int)
BEGIN
IF ( NOT EXISTS(SELECT * FROM tblMatch WHERE MatchName = p_MatchName))
	THEN
		INSERT INTO tblmatch (MatchName,PointsForCompletation,MaxPlaysPerDay,NoOfDataSet,NoOfRounds,CreatedDate,MatchImage,MatchImageThumbnail,KPI_ID)
		VALUES (p_MatchName,p_PointsForCompletation,p_MaxPlaysPerDay,p_NoOfDataSet,p_NoOfRounds,NOW(),p_MatchImage,p_MatchImageThumbnail,p_KPIID);
	SET p_Mid = LAST_INSERT_ID();
	ELSE
		CALL DuplicatePRO;
	END IF;
END ;;
DELIMITER ;
/*!50003 SET sql_mode              = @saved_sql_mode */ ;
/*!50003 SET character_set_client  = @saved_cs_client */ ;
/*!50003 SET character_set_results = @saved_cs_results */ ;
/*!50003 SET collation_connection  = @saved_col_connection */ ;
/*!50003 DROP PROCEDURE IF EXISTS `sp_InsertMatchLevels` */;
/*!50003 SET @saved_cs_client      = @@character_set_client */ ;
/*!50003 SET @saved_cs_results     = @@character_set_results */ ;
/*!50003 SET @saved_col_connection = @@collation_connection */ ;
/*!50003 SET character_set_client  = utf8 */ ;
/*!50003 SET character_set_results = utf8 */ ;
/*!50003 SET collation_connection  = utf8_general_ci */ ;
/*!50003 SET @saved_sql_mode       = @@sql_mode */ ;
/*!50003 SET sql_mode              = 'STRICT_TRANS_TABLES,NO_AUTO_CREATE_USER,NO_ENGINE_SUBSTITUTION' */ ;
DELIMITER ;;
CREATE PROCEDURE `sp_InsertMatchLevels`(p_MatchID INT, p_RoleID INT, p_LevelID INT)
BEGIN
	
	INSERT INTO tblmatchlevels(MatchID ,RoleID,LevelID)
	VALUES (p_MatchID,p_RoleID,p_LevelID);

END ;;
DELIMITER ;
/*!50003 SET sql_mode              = @saved_sql_mode */ ;
/*!50003 SET character_set_client  = @saved_cs_client */ ;
/*!50003 SET character_set_results = @saved_cs_results */ ;
/*!50003 SET collation_connection  = @saved_col_connection */ ;
/*!50003 DROP PROCEDURE IF EXISTS `sp_InsertMatchPlayLog` */;
/*!50003 SET @saved_cs_client      = @@character_set_client */ ;
/*!50003 SET @saved_cs_results     = @@character_set_results */ ;
/*!50003 SET @saved_col_connection = @@collation_connection */ ;
/*!50003 SET character_set_client  = utf8 */ ;
/*!50003 SET character_set_results = utf8 */ ;
/*!50003 SET collation_connection  = utf8_general_ci */ ;
/*!50003 SET @saved_sql_mode       = @@sql_mode */ ;
/*!50003 SET sql_mode              = 'STRICT_TRANS_TABLES,NO_AUTO_CREATE_USER,NO_ENGINE_SUBSTITUTION' */ ;
DELIMITER ;;
CREATE PROCEDURE `sp_InsertMatchPlayLog`(p_UserID int, p_MatchID int, p_MatchTime varchar(100), p_MatchPlays int)
BEGIN

Insert into tblMatchPlayLog(UserID, MatchID, MatchTime, MatchPlays) Values(p_UserID, p_MatchID, p_MatchTime, p_MatchPlays);

END ;;
DELIMITER ;
/*!50003 SET sql_mode              = @saved_sql_mode */ ;
/*!50003 SET character_set_client  = @saved_cs_client */ ;
/*!50003 SET character_set_results = @saved_cs_results */ ;
/*!50003 SET collation_connection  = @saved_col_connection */ ;
/*!50003 DROP PROCEDURE IF EXISTS `sp_InsertMatchScore` */;
/*!50003 SET @saved_cs_client      = @@character_set_client */ ;
/*!50003 SET @saved_cs_results     = @@character_set_results */ ;
/*!50003 SET @saved_col_connection = @@collation_connection */ ;
/*!50003 SET character_set_client  = utf8 */ ;
/*!50003 SET character_set_results = utf8 */ ;
/*!50003 SET collation_connection  = utf8_general_ci */ ;
/*!50003 SET @saved_sql_mode       = @@sql_mode */ ;
/*!50003 SET sql_mode              = 'STRICT_TRANS_TABLES,NO_AUTO_CREATE_USER,NO_ENGINE_SUBSTITUTION' */ ;
DELIMITER ;;
CREATE PROCEDURE `sp_InsertMatchScore`(p_UserID int, p_MatchID int, p_Points int, p_ElapsedTime int, p_IsCorrect int)
BEGIN

INSERT INTO tblUserMatchPoints(UserID, MatchID, PointsAchieved, ElaspedTime, IsCorrect, MatchTime)
VALUES (p_UserID, p_MatchID, p_Points, p_ElapsedTime, p_IsCorrect, Now());

INSERT INTO tblUserMatchPointsTemperory(UserID, MatchID, PointsAchieved, ElaspedTime, IsCorrect, MatchTime)
VALUES (p_UserID, p_MatchID, p_Points, p_ElapsedTime, p_IsCorrect, Now());


END ;;
DELIMITER ;
/*!50003 SET sql_mode              = @saved_sql_mode */ ;
/*!50003 SET character_set_client  = @saved_cs_client */ ;
/*!50003 SET character_set_results = @saved_cs_results */ ;
/*!50003 SET collation_connection  = @saved_col_connection */ ;
/*!50003 DROP PROCEDURE IF EXISTS `sp_InsertMessage` */;
/*!50003 SET @saved_cs_client      = @@character_set_client */ ;
/*!50003 SET @saved_cs_results     = @@character_set_results */ ;
/*!50003 SET @saved_col_connection = @@collation_connection */ ;
/*!50003 SET character_set_client  = utf8 */ ;
/*!50003 SET character_set_results = utf8 */ ;
/*!50003 SET collation_connection  = utf8_general_ci */ ;
/*!50003 SET @saved_sql_mode       = @@sql_mode */ ;
/*!50003 SET sql_mode              = 'STRICT_TRANS_TABLES,NO_AUTO_CREATE_USER,NO_ENGINE_SUBSTITUTION' */ ;
DELIMITER ;;
CREATE PROCEDURE `sp_InsertMessage`(p_FromUserID int,p_ToUserID int,p_MessageSubject varchar(100),p_MessageText varchar(500))
BEGIN



INSERT INTO tblMessages(From_UserID,To_UserID,Message_Subject,Message_Text,Sent_Date)

VALUES(p_FromUserID,p_ToUserID,p_MessageSubject,p_MessageText,CURRENT_TIMESTAMP());

END ;;
DELIMITER ;
/*!50003 SET sql_mode              = @saved_sql_mode */ ;
/*!50003 SET character_set_client  = @saved_cs_client */ ;
/*!50003 SET character_set_results = @saved_cs_results */ ;
/*!50003 SET collation_connection  = @saved_col_connection */ ;
/*!50003 DROP PROCEDURE IF EXISTS `sp_InsertMessageReply` */;
/*!50003 SET @saved_cs_client      = @@character_set_client */ ;
/*!50003 SET @saved_cs_results     = @@character_set_results */ ;
/*!50003 SET @saved_col_connection = @@collation_connection */ ;
/*!50003 SET character_set_client  = utf8 */ ;
/*!50003 SET character_set_results = utf8 */ ;
/*!50003 SET collation_connection  = utf8_general_ci */ ;
/*!50003 SET @saved_sql_mode       = @@sql_mode */ ;
/*!50003 SET sql_mode              = 'STRICT_TRANS_TABLES,NO_AUTO_CREATE_USER,NO_ENGINE_SUBSTITUTION' */ ;
DELIMITER ;;
CREATE PROCEDURE `sp_InsertMessageReply`(p_FromUserID int,p_ToUserID int,p_MessageSubject varchar(100),p_MessageText varchar(500),p_RepliedMessageID int)
BEGIN

	

INSERT INTO tblMessages(From_UserID,To_UserID,Message_Subject,Message_Text,Sent_Date,IsRead,IsReply,RepliedMessageID)

VALUES(p_FromUserID,p_ToUserID,p_MessageSubject,p_MessageText,CURRENT_TIMESTAMP(),0,1,p_RepliedMessageID);



END ;;
DELIMITER ;
/*!50003 SET sql_mode              = @saved_sql_mode */ ;
/*!50003 SET character_set_client  = @saved_cs_client */ ;
/*!50003 SET character_set_results = @saved_cs_results */ ;
/*!50003 SET collation_connection  = @saved_col_connection */ ;
/*!50003 DROP PROCEDURE IF EXISTS `sp_InsertPerformance` */;
/*!50003 SET @saved_cs_client      = @@character_set_client */ ;
/*!50003 SET @saved_cs_results     = @@character_set_results */ ;
/*!50003 SET @saved_col_connection = @@collation_connection */ ;
/*!50003 SET character_set_client  = utf8 */ ;
/*!50003 SET character_set_results = utf8 */ ;
/*!50003 SET collation_connection  = utf8_general_ci */ ;
/*!50003 SET @saved_sql_mode       = @@sql_mode */ ;
/*!50003 SET sql_mode              = 'STRICT_TRANS_TABLES,NO_AUTO_CREATE_USER,NO_ENGINE_SUBSTITUTION' */ ;
DELIMITER ;;
CREATE PROCEDURE `sp_InsertPerformance`(p_UserID int,p_CurrentLevel int,p_NextLevel int,p_LastLevel int,p_LevelAchieved int,p_TargetScores int,p_AchievedScores int)
BEGIN



insert into tblLevelPerformance(user_id,current_level,next_level,last_level,level_achieved,target_scores,achieved_scores)



values(p_UserID,p_CurrentLevel,p_NextLevel,p_LastLevel,p_LevelAchieved,p_TargetScores,p_AchievedScores);



END ;;
DELIMITER ;
/*!50003 SET sql_mode              = @saved_sql_mode */ ;
/*!50003 SET character_set_client  = @saved_cs_client */ ;
/*!50003 SET character_set_results = @saved_cs_results */ ;
/*!50003 SET collation_connection  = @saved_col_connection */ ;
/*!50003 DROP PROCEDURE IF EXISTS `sp_insertPost` */;
/*!50003 SET @saved_cs_client      = @@character_set_client */ ;
/*!50003 SET @saved_cs_results     = @@character_set_results */ ;
/*!50003 SET @saved_col_connection = @@collation_connection */ ;
/*!50003 SET character_set_client  = utf8 */ ;
/*!50003 SET character_set_results = utf8 */ ;
/*!50003 SET collation_connection  = utf8_general_ci */ ;
/*!50003 SET @saved_sql_mode       = @@sql_mode */ ;
/*!50003 SET sql_mode              = 'STRICT_TRANS_TABLES,NO_AUTO_CREATE_USER,NO_ENGINE_SUBSTITUTION' */ ;
DELIMITER ;;
CREATE PROCEDURE `sp_insertPost`(p_PostTitle varchar(200),p_PostMessage varchar(5000),p_CreateDate datetime,p_CreatedBy int,p_PostTypeID int,p_RoleID int)
BEGIN

INSERT INTO tblPosts (PostTitle,PostMessage,CreateDate,CreatedBy,PostTypeID,RoleID)

VALUES(p_PostTitle,p_PostMessage,CURRENT_TIMESTAMP(),p_CreatedBy,p_PostTypeID,p_RoleID);

END ;;
DELIMITER ;
/*!50003 SET sql_mode              = @saved_sql_mode */ ;
/*!50003 SET character_set_client  = @saved_cs_client */ ;
/*!50003 SET character_set_results = @saved_cs_results */ ;
/*!50003 SET collation_connection  = @saved_col_connection */ ;
/*!50003 DROP PROCEDURE IF EXISTS `sp_insertPostReply` */;
/*!50003 SET @saved_cs_client      = @@character_set_client */ ;
/*!50003 SET @saved_cs_results     = @@character_set_results */ ;
/*!50003 SET @saved_col_connection = @@collation_connection */ ;
/*!50003 SET character_set_client  = utf8 */ ;
/*!50003 SET character_set_results = utf8 */ ;
/*!50003 SET collation_connection  = utf8_general_ci */ ;
/*!50003 SET @saved_sql_mode       = @@sql_mode */ ;
/*!50003 SET sql_mode              = 'STRICT_TRANS_TABLES,NO_AUTO_CREATE_USER,NO_ENGINE_SUBSTITUTION' */ ;
DELIMITER ;;
CREATE PROCEDURE `sp_insertPostReply`(`p_ReplyMessage` varchar(200),`p_RepliedBy` int,`p_ReplyDate` date,`p_PostID` int)
BEGIN



	INSERT INTO tblPostReplies(ReplyMessage,RepliedBy,ReplyDate,PostID)

  VALUES(p_ReplyMessage,p_RepliedBy,CURRENT_TIMESTAMP(),p_PostID);



END ;;
DELIMITER ;
/*!50003 SET sql_mode              = @saved_sql_mode */ ;
/*!50003 SET character_set_client  = @saved_cs_client */ ;
/*!50003 SET character_set_results = @saved_cs_results */ ;
/*!50003 SET collation_connection  = @saved_col_connection */ ;
/*!50003 DROP PROCEDURE IF EXISTS `sp_InsertQuestionLevels` */;
/*!50003 SET @saved_cs_client      = @@character_set_client */ ;
/*!50003 SET @saved_cs_results     = @@character_set_results */ ;
/*!50003 SET @saved_col_connection = @@collation_connection */ ;
/*!50003 SET character_set_client  = utf8 */ ;
/*!50003 SET character_set_results = utf8 */ ;
/*!50003 SET collation_connection  = utf8_general_ci */ ;
/*!50003 SET @saved_sql_mode       = @@sql_mode */ ;
/*!50003 SET sql_mode              = 'STRICT_TRANS_TABLES,NO_AUTO_CREATE_USER,NO_ENGINE_SUBSTITUTION' */ ;
DELIMITER ;;
CREATE PROCEDURE `sp_InsertQuestionLevels`(p_QuestionID INT, p_RoleID INT, p_LevelID INT)
BEGIN
	/*
IF (EXISTS(SELECT * FROM tblQuestionLevels WHERE QuestionID = p_QuestionID AND RoleID = p_RoleID))
	THEN
		DELETE FROM tblQuestionLevels WHERE QuestionID = p_QuestionID AND RoleID = p_RoleID; 
		INSERT INTO tblQuestionLevels (QuestionID,RoleID,LevelID)
		VALUES (p_QuestionID,p_RoleID,p_LevelID);
	ELSE
		INSERT INTO tblQuestionLevels (QuestionID,RoleID,LevelID)
		VALUES (p_QuestionID,p_RoleID,p_LevelID);
	END IF;*/


		INSERT INTO tblQuestionLevels (QuestionID,RoleID,LevelID)
		VALUES (p_QuestionID,p_RoleID,p_LevelID);
	

END ;;
DELIMITER ;
/*!50003 SET sql_mode              = @saved_sql_mode */ ;
/*!50003 SET character_set_client  = @saved_cs_client */ ;
/*!50003 SET character_set_results = @saved_cs_results */ ;
/*!50003 SET collation_connection  = @saved_col_connection */ ;
/*!50003 DROP PROCEDURE IF EXISTS `sp_InsertQuestions` */;
/*!50003 SET @saved_cs_client      = @@character_set_client */ ;
/*!50003 SET @saved_cs_results     = @@character_set_results */ ;
/*!50003 SET @saved_col_connection = @@collation_connection */ ;
/*!50003 SET character_set_client  = utf8 */ ;
/*!50003 SET character_set_results = utf8 */ ;
/*!50003 SET collation_connection  = utf8_general_ci */ ;
/*!50003 SET @saved_sql_mode       = @@sql_mode */ ;
/*!50003 SET sql_mode              = 'STRICT_TRANS_TABLES,NO_AUTO_CREATE_USER,NO_ENGINE_SUBSTITUTION' */ ;
DELIMITER ;;
CREATE PROCEDURE `sp_InsertQuestions`(p_QuestionText Varchar(200),p_ShortQuestion varchar(100), p_QuestionExplanation VARCHAR(300), p_Answer1 VarChar(100),p_Answer2 VarChar(100), p_Answer3 VarChar(100), p_Answer4 VarChar(100), p_CorrectAnswer VarChar(100), p_Category INT, p_SiteID INT, p_QuizID int, p_QuestionImage VARCHAR(100), p_QuestionImageThumbnail VarChar(100),out p_Qid int)
BEGIN
/*
IF ( NOT EXISTS(SELECT * FROM tblQuizQuestions WHERE QuestionText = p_QuestionText))
	THEN
		INSERT INTO tblQuizQuestions (QuestionText,ShortQuestion,QuestionExplanation,Answer1,Answer2,Answer3,Answer4,CorrectAnswer,Category,SiteID,QuizID,QuestionImage,QuestionImageThumbnail)
		VALUES (p_QuestionText,p_ShortQuestion,p_QuestionExplanation,p_Answer1,p_Answer2,p_Answer3,p_Answer4,p_CorrectAnswer,p_Category , p_SiteID,p_QuizID,p_QuestionImage,p_QuestionImageThumbnail);
	ELSE
		CALL DuplicatePRO;
	END IF;

*/
INSERT INTO tblQuizQuestions (QuestionText,ShortQuestion,QuestionExplanation,Answer1,Answer2,Answer3,Answer4,CorrectAnswer,Category,SiteID,QuizID,QuestionImage,QuestionImageThumbnail)
VALUES (p_QuestionText,p_ShortQuestion,p_QuestionExplanation,p_Answer1,p_Answer2,p_Answer3,p_Answer4,p_CorrectAnswer,p_Category , p_SiteID,p_QuizID,p_QuestionImage,p_QuestionImageThumbnail);
	

SET p_Qid = LAST_INSERT_ID();/*OUT p_Qid int
p_QuestionText Varchar(200),p_ShortQuestion varchar(100), p_QuestionExplanation VARCHAR(300), p_Answer1 VarChar(100),p_Answer2 VarChar(100), p_Answer3 VarChar(100), p_Answer4 VarChar(100), p_CorrectAnswer VarChar(100), p_Category INT, p_SiteID INT, p_QuizID int, p_QuestionImage VARCHAR(100), p_QuestionImageThumbnail VarChar(100)
*/
END ;;
DELIMITER ;
/*!50003 SET sql_mode              = @saved_sql_mode */ ;
/*!50003 SET character_set_client  = @saved_cs_client */ ;
/*!50003 SET character_set_results = @saved_cs_results */ ;
/*!50003 SET collation_connection  = @saved_col_connection */ ;
/*!50003 DROP PROCEDURE IF EXISTS `sp_InsertQuiz` */;
/*!50003 SET @saved_cs_client      = @@character_set_client */ ;
/*!50003 SET @saved_cs_results     = @@character_set_results */ ;
/*!50003 SET @saved_col_connection = @@collation_connection */ ;
/*!50003 SET character_set_client  = utf8 */ ;
/*!50003 SET character_set_results = utf8 */ ;
/*!50003 SET collation_connection  = utf8_general_ci */ ;
/*!50003 SET @saved_sql_mode       = @@sql_mode */ ;
/*!50003 SET sql_mode              = 'STRICT_TRANS_TABLES,NO_AUTO_CREATE_USER,NO_ENGINE_SUBSTITUTION' */ ;
DELIMITER ;;
CREATE PROCEDURE `sp_InsertQuiz`(p_QuizName VARCHAR(250), p_NoOfQuestions INT,	p_TimePerQuestion INT, p_TimesPlayablePerDay INT, 
p_TimeBeforePointsDeduction INT, p_PointsPerQuestion INT, p_QuizImage VARCHAR(100),  p_QuizImageThumbnail VARCHAR(100),
p_KPIID int,out p_Qid int)
BEGIN
IF ( NOT EXISTS(SELECT * FROM tblQuiz WHERE QuizName = p_QuizName))
	THEN
		INSERT INTO tblQuiz (QuizName,NoOfQuestions,TimePerQuestion,TimesPlayablePerDay,TimeBeforePointsDeduction,PointsPerQuestion,CreatedDate,QuizImage,QuizImageThumbnail,KPI_ID)
		VALUES (p_QuizName,p_NoOfQuestions,p_TimePerQuestion,p_TimesPlayablePerDay,p_TimeBeforePointsDeduction,p_PointsPerQuestion,NOW(),p_QuizImage,p_QuizImageThumbnail,p_KPIID);
    SET p_Qid = LAST_INSERT_ID();
	ELSE
		CALL DuplicatePRO;
	END IF;
END ;;
DELIMITER ;
/*!50003 SET sql_mode              = @saved_sql_mode */ ;
/*!50003 SET character_set_client  = @saved_cs_client */ ;
/*!50003 SET character_set_results = @saved_cs_results */ ;
/*!50003 SET collation_connection  = @saved_col_connection */ ;
/*!50003 DROP PROCEDURE IF EXISTS `sp_InsertQuizLevels` */;
/*!50003 SET @saved_cs_client      = @@character_set_client */ ;
/*!50003 SET @saved_cs_results     = @@character_set_results */ ;
/*!50003 SET @saved_col_connection = @@collation_connection */ ;
/*!50003 SET character_set_client  = utf8 */ ;
/*!50003 SET character_set_results = utf8 */ ;
/*!50003 SET collation_connection  = utf8_general_ci */ ;
/*!50003 SET @saved_sql_mode       = @@sql_mode */ ;
/*!50003 SET sql_mode              = 'STRICT_TRANS_TABLES,NO_AUTO_CREATE_USER,NO_ENGINE_SUBSTITUTION' */ ;
DELIMITER ;;
CREATE PROCEDURE `sp_InsertQuizLevels`(p_QuizID INT, p_RoleID INT, p_LevelID INT)
BEGIN
	
		INSERT INTO tblquizlevels(QuizID ,RoleID,LevelID)
		VALUES (p_QuizID,p_RoleID,p_LevelID);

END ;;
DELIMITER ;
/*!50003 SET sql_mode              = @saved_sql_mode */ ;
/*!50003 SET character_set_client  = @saved_cs_client */ ;
/*!50003 SET character_set_results = @saved_cs_results */ ;
/*!50003 SET collation_connection  = @saved_col_connection */ ;
/*!50003 DROP PROCEDURE IF EXISTS `sp_InsertQuizPlayLog` */;
/*!50003 SET @saved_cs_client      = @@character_set_client */ ;
/*!50003 SET @saved_cs_results     = @@character_set_results */ ;
/*!50003 SET @saved_col_connection = @@collation_connection */ ;
/*!50003 SET character_set_client  = utf8 */ ;
/*!50003 SET character_set_results = utf8 */ ;
/*!50003 SET collation_connection  = utf8_general_ci */ ;
/*!50003 SET @saved_sql_mode       = @@sql_mode */ ;
/*!50003 SET sql_mode              = 'STRICT_TRANS_TABLES,NO_AUTO_CREATE_USER,NO_ENGINE_SUBSTITUTION' */ ;
DELIMITER ;;
CREATE PROCEDURE `sp_InsertQuizPlayLog`(UserID int, QuizID int, QuizTime varchar(100))
BEGIN

Insert into tblQuizPlayLog(UserID, QuizID, QuizTime) Values(UserID, QuizID, QuizTime);

END ;;
DELIMITER ;
/*!50003 SET sql_mode              = @saved_sql_mode */ ;
/*!50003 SET character_set_client  = @saved_cs_client */ ;
/*!50003 SET character_set_results = @saved_cs_results */ ;
/*!50003 SET collation_connection  = @saved_col_connection */ ;
/*!50003 DROP PROCEDURE IF EXISTS `sp_InsertQuizResult` */;
/*!50003 SET @saved_cs_client      = @@character_set_client */ ;
/*!50003 SET @saved_cs_results     = @@character_set_results */ ;
/*!50003 SET @saved_col_connection = @@collation_connection */ ;
/*!50003 SET character_set_client  = utf8 */ ;
/*!50003 SET character_set_results = utf8 */ ;
/*!50003 SET collation_connection  = utf8_general_ci */ ;
/*!50003 SET @saved_sql_mode       = @@sql_mode */ ;
/*!50003 SET sql_mode              = 'STRICT_TRANS_TABLES,NO_AUTO_CREATE_USER,NO_ENGINE_SUBSTITUTION' */ ;
DELIMITER ;;
CREATE PROCEDURE `sp_InsertQuizResult`(p_userid int,p_quizid int,p_total int, p_KPI int)
BEGIN
IF ( NOT EXISTS(SELECT * FROM tblquizresulttotal WHERE UserID = p_userid AND QuizID = p_quizid))
THEN
	INSERT into tblquizresulttotal(UserID,QuizID,Total)
  values(p_userid,p_quizid,p_total);

ELSEIF((SELECT Total FROM tblquizresulttotal WHERE UserID = p_userid AND QuizID = p_quizid)< p_total)
		THEN
UPDATE tblquizresulttotal
SET Total = p_total
WHERE UserID = p_userid AND QuizID = p_quizid;
END IF;


#------ Updating Contest Performance --------------#

IF ( NOT EXISTS(SELECT * FROM contestperformance WHERE UserID = p_userid AND KPIID = p_KPI ))
THEN
	INSERT into contestperformance(contestperformance.ContestID,contestperformance.UserID,contestperformance.KPIID,contestperformance.`Value`,contestperformance.LastUpdated)
  values(p_contestid,p_userid,p_KPI ,p_total,p_importdate);

ELSEIF(EXISTS(SELECT * FROM contestperformance WHERE UserID = p_userid AND KPIID = p_KPI))
		THEN

UPDATE contestperformance INNER JOIN tblkpi ON contestperformance.KPIID = tblkpi.KPI_ID
SET contestperformance.`Value` = CASE 
																 WHEN tblkpi.KPI_measure LIKE '%max%'  AND contestperformance.`Value` < p_total 
																			 THEN p_total
																 WHEN tblkpi.KPI_measure NOT LIKE '%max%'
																			 THEN contestperformance.`Value` + p_total
																 ELSE 
																			 contestperformance.`Value`
																 END
WHERE contestperformance.UserID = p_userid AND contestperformance.KPIID = p_KPI ;

END IF;


END ;;
DELIMITER ;
/*!50003 SET sql_mode              = @saved_sql_mode */ ;
/*!50003 SET character_set_client  = @saved_cs_client */ ;
/*!50003 SET character_set_results = @saved_cs_results */ ;
/*!50003 SET collation_connection  = @saved_col_connection */ ;
/*!50003 DROP PROCEDURE IF EXISTS `sp_InsertQuizScore` */;
/*!50003 SET @saved_cs_client      = @@character_set_client */ ;
/*!50003 SET @saved_cs_results     = @@character_set_results */ ;
/*!50003 SET @saved_col_connection = @@collation_connection */ ;
/*!50003 SET character_set_client  = utf8 */ ;
/*!50003 SET character_set_results = utf8 */ ;
/*!50003 SET collation_connection  = utf8_general_ci */ ;
/*!50003 SET @saved_sql_mode       = @@sql_mode */ ;
/*!50003 SET sql_mode              = 'STRICT_TRANS_TABLES,NO_AUTO_CREATE_USER,NO_ENGINE_SUBSTITUTION' */ ;
DELIMITER ;;
CREATE PROCEDURE `sp_InsertQuizScore`(p_UserID int,p_QuizID int,p_QuestionID int,p_Points int,p_ElapsedTime int,p_IsCorrect int)
BEGIN





insert into tblUserQuizPoints(UserID,QuizID, QuestionID,PointsAchieved,ElaspedTime,IsCorrect, QuizTime)

values(p_UserID,p_QuizID,p_QuestionID,p_Points,p_ElapsedTime,p_IsCorrect,Now());







insert into tblUserQuizPointsTemperory(UserID,QuizID, QuestionID,PointsAchieved,ElaspedTime,IsCorrect, QuizTime)

values(p_UserID,p_QuizID,p_QuestionID,p_Points,p_ElapsedTime,p_IsCorrect,Now());



END ;;
DELIMITER ;
/*!50003 SET sql_mode              = @saved_sql_mode */ ;
/*!50003 SET character_set_client  = @saved_cs_client */ ;
/*!50003 SET character_set_results = @saved_cs_results */ ;
/*!50003 SET collation_connection  = @saved_col_connection */ ;
/*!50003 DROP PROCEDURE IF EXISTS `sp_InsertRedeemPoints` */;
/*!50003 SET @saved_cs_client      = @@character_set_client */ ;
/*!50003 SET @saved_cs_results     = @@character_set_results */ ;
/*!50003 SET @saved_col_connection = @@collation_connection */ ;
/*!50003 SET character_set_client  = utf8 */ ;
/*!50003 SET character_set_results = utf8 */ ;
/*!50003 SET collation_connection  = utf8_general_ci */ ;
/*!50003 SET @saved_sql_mode       = @@sql_mode */ ;
/*!50003 SET sql_mode              = 'STRICT_TRANS_TABLES,NO_AUTO_CREATE_USER,NO_ENGINE_SUBSTITUTION' */ ;
DELIMITER ;;
CREATE PROCEDURE `sp_InsertRedeemPoints`(p_UserID int,p_RewardID int,p_Point int)
BEGIN

INSERT INTO tblRedeem(User_ID,Reward_ID,Redeem_Points,Redeem_Date)

VALUES(p_UserID,p_RewardID,p_Point,CURRENT_TIMESTAMP());

END ;;
DELIMITER ;
/*!50003 SET sql_mode              = @saved_sql_mode */ ;
/*!50003 SET character_set_client  = @saved_cs_client */ ;
/*!50003 SET character_set_results = @saved_cs_results */ ;
/*!50003 SET collation_connection  = @saved_col_connection */ ;
/*!50003 DROP PROCEDURE IF EXISTS `sp_InsertReward` */;
/*!50003 SET @saved_cs_client      = @@character_set_client */ ;
/*!50003 SET @saved_cs_results     = @@character_set_results */ ;
/*!50003 SET @saved_col_connection = @@collation_connection */ ;
/*!50003 SET character_set_client  = utf8 */ ;
/*!50003 SET character_set_results = utf8 */ ;
/*!50003 SET collation_connection  = utf8_general_ci */ ;
/*!50003 SET @saved_sql_mode       = @@sql_mode */ ;
/*!50003 SET sql_mode              = 'STRICT_TRANS_TABLES,NO_AUTO_CREATE_USER,NO_ENGINE_SUBSTITUTION' */ ;
DELIMITER ;;
CREATE PROCEDURE `sp_InsertReward`(p_RewardType int,OUT p_RewardID INT,p_RewardDesc varchar(200),p_RewardName varchar(100),p_RewardPoints int(11))
BEGIN



INSERT INTO tblRewards(Reward_Descp,Reward_Name,Reward_Cost,Reward_Type)



VALUES (p_RewardDesc,p_RewardName,p_RewardPoints,p_RewardType);

SET p_RewardID = LAST_INSERT_ID();



END ;;
DELIMITER ;
/*!50003 SET sql_mode              = @saved_sql_mode */ ;
/*!50003 SET character_set_client  = @saved_cs_client */ ;
/*!50003 SET character_set_results = @saved_cs_results */ ;
/*!50003 SET collation_connection  = @saved_col_connection */ ;
/*!50003 DROP PROCEDURE IF EXISTS `sp_InsertRewardImage` */;
/*!50003 SET @saved_cs_client      = @@character_set_client */ ;
/*!50003 SET @saved_cs_results     = @@character_set_results */ ;
/*!50003 SET @saved_col_connection = @@collation_connection */ ;
/*!50003 SET character_set_client  = utf8 */ ;
/*!50003 SET character_set_results = utf8 */ ;
/*!50003 SET collation_connection  = utf8_general_ci */ ;
/*!50003 SET @saved_sql_mode       = @@sql_mode */ ;
/*!50003 SET sql_mode              = 'STRICT_TRANS_TABLES,NO_AUTO_CREATE_USER,NO_ENGINE_SUBSTITUTION' */ ;
DELIMITER ;;
CREATE PROCEDURE `sp_InsertRewardImage`(p_CurrentImage int,p_RewardImage varchar(100),p_RewardThumbnail varchar(100),  p_RewardID int)
BEGIN



	

INSERT INTO tblRewardImages (Reward_Image,Reward_Thumbnail,Reward_ID,Uploaded_Date,Current_Image)

VALUES(p_RewardImage, p_RewardThumbnail, p_RewardID, CURRENT_DATE(),p_CurrentImage);



END ;;
DELIMITER ;
/*!50003 SET sql_mode              = @saved_sql_mode */ ;
/*!50003 SET character_set_client  = @saved_cs_client */ ;
/*!50003 SET character_set_results = @saved_cs_results */ ;
/*!50003 SET collation_connection  = @saved_col_connection */ ;
/*!50003 DROP PROCEDURE IF EXISTS `sp_InsertRole` */;
/*!50003 SET @saved_cs_client      = @@character_set_client */ ;
/*!50003 SET @saved_cs_results     = @@character_set_results */ ;
/*!50003 SET @saved_col_connection = @@collation_connection */ ;
/*!50003 SET character_set_client  = utf8 */ ;
/*!50003 SET character_set_results = utf8 */ ;
/*!50003 SET collation_connection  = utf8_general_ci */ ;
/*!50003 SET @saved_sql_mode       = @@sql_mode */ ;
/*!50003 SET sql_mode              = 'STRICT_TRANS_TABLES,NO_AUTO_CREATE_USER,NO_ENGINE_SUBSTITUTION' */ ;
DELIMITER ;;
CREATE PROCEDURE `sp_InsertRole`(p_RoleName varchar(100))
BEGIN





	INSERT INTO tblRoles(Role_Name,ActiveUpdatedDate)



	VALUES (p_RoleName,Curdate());



END ;;
DELIMITER ;
/*!50003 SET sql_mode              = @saved_sql_mode */ ;
/*!50003 SET character_set_client  = @saved_cs_client */ ;
/*!50003 SET character_set_results = @saved_cs_results */ ;
/*!50003 SET collation_connection  = @saved_col_connection */ ;
/*!50003 DROP PROCEDURE IF EXISTS `sp_InsertRound` */;
/*!50003 SET @saved_cs_client      = @@character_set_client */ ;
/*!50003 SET @saved_cs_results     = @@character_set_results */ ;
/*!50003 SET @saved_col_connection = @@collation_connection */ ;
/*!50003 SET character_set_client  = utf8 */ ;
/*!50003 SET character_set_results = utf8 */ ;
/*!50003 SET collation_connection  = utf8_general_ci */ ;
/*!50003 SET @saved_sql_mode       = @@sql_mode */ ;
/*!50003 SET sql_mode              = 'STRICT_TRANS_TABLES,NO_AUTO_CREATE_USER,NO_ENGINE_SUBSTITUTION' */ ;
DELIMITER ;;
CREATE PROCEDURE `sp_InsertRound`(p_MatchID INT, p_RoundNumber INT, p_RoundName varchar(100), 
														p_NoOfDataSets int, p_TimePerRound int, p_PointsPerRound int, p_ShowHint int)
BEGIN
	
	INSERT INTO tblround (MatchID, RoundNumber,RoundName,NoOfDataSets,TimePerRound,PointsPerRound,CreatedDate, ShowHint)
	VALUES (p_MatchID, p_RoundNumber, p_RoundName,p_NoOfDataSets,p_TimePerRound,p_PointsPerRound,now(),p_ShowHint);

	
END ;;
DELIMITER ;
/*!50003 SET sql_mode              = @saved_sql_mode */ ;
/*!50003 SET character_set_client  = @saved_cs_client */ ;
/*!50003 SET character_set_results = @saved_cs_results */ ;
/*!50003 SET collation_connection  = @saved_col_connection */ ;
/*!50003 DROP PROCEDURE IF EXISTS `sp_InsertScore` */;
/*!50003 SET @saved_cs_client      = @@character_set_client */ ;
/*!50003 SET @saved_cs_results     = @@character_set_results */ ;
/*!50003 SET @saved_col_connection = @@collation_connection */ ;
/*!50003 SET character_set_client  = utf8 */ ;
/*!50003 SET character_set_results = utf8 */ ;
/*!50003 SET collation_connection  = utf8_general_ci */ ;
/*!50003 SET @saved_sql_mode       = @@sql_mode */ ;
/*!50003 SET sql_mode              = 'STRICT_TRANS_TABLES,NO_AUTO_CREATE_USER,NO_ENGINE_SUBSTITUTION' */ ;
DELIMITER ;;
CREATE PROCEDURE `sp_InsertScore`(p_UserID INT,p_KPIID INT,p_Score INT,p_Measure varchar(50),p_EntryDate datetime)
BEGIN

	INSERT INTO tblScores(User_ID,U_Type,Type_ID,Score, Measure,Entry_Date)

	VALUES(p_UserID,'KPI',p_KPIID,p_Score,p_Measure,p_EntryDate);



END ;;
DELIMITER ;
/*!50003 SET sql_mode              = @saved_sql_mode */ ;
/*!50003 SET character_set_client  = @saved_cs_client */ ;
/*!50003 SET character_set_results = @saved_cs_results */ ;
/*!50003 SET collation_connection  = @saved_col_connection */ ;
/*!50003 DROP PROCEDURE IF EXISTS `sp_InsertScoreAuto` */;
/*!50003 SET @saved_cs_client      = @@character_set_client */ ;
/*!50003 SET @saved_cs_results     = @@character_set_results */ ;
/*!50003 SET @saved_col_connection = @@collation_connection */ ;
/*!50003 SET character_set_client  = utf8 */ ;
/*!50003 SET character_set_results = utf8 */ ;
/*!50003 SET collation_connection  = utf8_general_ci */ ;
/*!50003 SET @saved_sql_mode       = @@sql_mode */ ;
/*!50003 SET sql_mode              = 'STRICT_TRANS_TABLES,NO_AUTO_CREATE_USER,NO_ENGINE_SUBSTITUTION' */ ;
DELIMITER ;;
CREATE PROCEDURE `sp_InsertScoreAuto`(p_LevelID int,p_UserID int,p_KPIID int,p_Score int, p_Measure varchar(50),p_EntryDate datetime)
BEGIN
	
IF ( NOT EXISTS(SELECT * FROM tblScores WHERE Type_ID=p_KPIID AND U_Type ='KPI' AND User_ID =p_UserID AND LevelID = p_LevelID))
then
Insert into tblScores(User_ID,U_Type,Type_ID,Score,Entry_Date,LevelID,Measure)
values(p_UserID,'KPI',p_KPIID,p_Score,p_EntryDate,p_LevelID,p_Measure);


Else
IF(p_Measure = 'MAX' OR p_Measure = 'max' OR p_Measure = 'Max')
THEN

SET @var = (Select Score from tblscores WHERE  Type_ID=p_KPIID AND U_Type ='KPI' AND User_ID =p_UserID AND LevelID = p_LevelID);

IF(p_Score > @var)
THEN
Update tblScores
Set Score= p_Score
Where Type_ID=p_KPIID AND U_Type ='KPI' AND User_ID =p_UserID AND LevelID = p_LevelID;
END IF;

ELSE
Update tblScores
Set Score= Score + p_Score
Where Type_ID=p_KPIID AND U_Type ='KPI' AND User_ID =p_UserID AND LevelID = p_LevelID;

END IF;

End IF;
END ;;
DELIMITER ;
/*!50003 SET sql_mode              = @saved_sql_mode */ ;
/*!50003 SET character_set_client  = @saved_cs_client */ ;
/*!50003 SET character_set_results = @saved_cs_results */ ;
/*!50003 SET collation_connection  = @saved_col_connection */ ;
/*!50003 DROP PROCEDURE IF EXISTS `sp_InsertScoreAward` */;
/*!50003 SET @saved_cs_client      = @@character_set_client */ ;
/*!50003 SET @saved_cs_results     = @@character_set_results */ ;
/*!50003 SET @saved_col_connection = @@collation_connection */ ;
/*!50003 SET character_set_client  = utf8 */ ;
/*!50003 SET character_set_results = utf8 */ ;
/*!50003 SET collation_connection  = utf8_general_ci */ ;
/*!50003 SET @saved_sql_mode       = @@sql_mode */ ;
/*!50003 SET sql_mode              = 'STRICT_TRANS_TABLES,NO_AUTO_CREATE_USER,NO_ENGINE_SUBSTITUTION' */ ;
DELIMITER ;;
CREATE PROCEDURE `sp_InsertScoreAward`(p_UserID int,p_KPIID int,p_Score int, p_Measure varchar(50),p_AwardID int)
BEGIN
		
IF ( NOT EXISTS(SELECT * FROM tblUserAwards WHERE award_id = p_AwardID  AND user_id =p_UserID))
then
Insert into tblUserAwards(award_id,user_id,achieved_scores,awarded_date,kpi_id,manual,popup_showed)
values(p_AwardID,p_UserID,p_Score,NOW(),p_KPIID,0,0);


Else
IF(p_Measure = 'MAX' OR p_Measure = 'max' OR p_Measure = 'Max')
THEN

SET @var = (Select tblUserAwards.achieved_score FROM tblUserAwards WHERE award_id = p_AwardID  AND user_id =p_UserID);

IF(p_Score > @var)
THEN
Update tblUserAwards
Set tblUserAwards.achieved_scores= p_Score
Where award_id=p_AwardID  AND user_id =p_UserID;
END IF;

ELSE
Update tblUserAwards
Set tblUserAwards.achieved_scores= tblUserAwards.achieved_scores + p_Score
Where award_id=p_AwardID  AND user_id =p_UserID;
END IF;

End IF;
END ;;
DELIMITER ;
/*!50003 SET sql_mode              = @saved_sql_mode */ ;
/*!50003 SET character_set_client  = @saved_cs_client */ ;
/*!50003 SET character_set_results = @saved_cs_results */ ;
/*!50003 SET collation_connection  = @saved_col_connection */ ;
/*!50003 DROP PROCEDURE IF EXISTS `sp_InsertSecurityAnswers` */;
/*!50003 SET @saved_cs_client      = @@character_set_client */ ;
/*!50003 SET @saved_cs_results     = @@character_set_results */ ;
/*!50003 SET @saved_col_connection = @@collation_connection */ ;
/*!50003 SET character_set_client  = utf8 */ ;
/*!50003 SET character_set_results = utf8 */ ;
/*!50003 SET collation_connection  = utf8_general_ci */ ;
/*!50003 SET @saved_sql_mode       = @@sql_mode */ ;
/*!50003 SET sql_mode              = 'STRICT_TRANS_TABLES,NO_AUTO_CREATE_USER,NO_ENGINE_SUBSTITUTION' */ ;
DELIMITER ;;
CREATE PROCEDURE `sp_InsertSecurityAnswers`(p_UserID int, p_Question int, p_Answer varchar(200), p_Password varchar(50),p_Email varchar(50),p_SecurityType int)
BEGIN

	DECLARE CONTINUE HANDLER FOR SQLEXCEPTION 

    BEGIN

        ROLLBACK;        

    END;



	START TRANSACTION;



		UPDATE tblUser 

		SET tblUser.U_Password = p_Password

		WHERE tblUser.UserID = p_UserID;



			



		IF (p_SecurityType = 1)

		THEN

			UPDATE tblUser 

			SET tblUser.U_Email = p_Email

			WHERE tblUser.UserID = p_UserID;

		ELSE

			/*IF ( NOT EXISTS(SELECT * FROM tblSecurityAnswers WHERE UserID = p_UserID))

			THEN*/

				INSERT INTO tblSecurityAnswers

				(UserID,Question_ID,Answer)

				VALUES

				(p_UserID,p_Question,p_Answer);

			/*ELSE

				UPDATE tblSecurityAnswers

				SET Question_ID = p_Question,

						Answer = p_Answer

				WHERE UserID =  p_UserID;

			END IF;*/

							

		END IF;

	

	COMMIT;

	



END ;;
DELIMITER ;
/*!50003 SET sql_mode              = @saved_sql_mode */ ;
/*!50003 SET character_set_client  = @saved_cs_client */ ;
/*!50003 SET character_set_results = @saved_cs_results */ ;
/*!50003 SET collation_connection  = @saved_col_connection */ ;
/*!50003 DROP PROCEDURE IF EXISTS `sp_InsertSecurityAnswersTemp` */;
/*!50003 SET @saved_cs_client      = @@character_set_client */ ;
/*!50003 SET @saved_cs_results     = @@character_set_results */ ;
/*!50003 SET @saved_col_connection = @@collation_connection */ ;
/*!50003 SET character_set_client  = utf8 */ ;
/*!50003 SET character_set_results = utf8 */ ;
/*!50003 SET collation_connection  = utf8_general_ci */ ;
/*!50003 SET @saved_sql_mode       = @@sql_mode */ ;
/*!50003 SET sql_mode              = 'STRICT_TRANS_TABLES,NO_AUTO_CREATE_USER,NO_ENGINE_SUBSTITUTION' */ ;
DELIMITER ;;
CREATE PROCEDURE `sp_InsertSecurityAnswersTemp`(p_UserID int, p_Question int, p_Answer varchar(200))
BEGIN
	
/*
		UPDATE tblUser 
		SET tblUser.U_Password = p_Password
		WHERE tblUser.UserID = p_UserID;*/

			

			IF ( NOT EXISTS (SELECT * FROM tblSecurityAnswers WHERE UserID = p_UserID and Question_ID = p_Question))
			THEN

				INSERT INTO tblSecurityAnswers
				(UserID,Question_ID,Answer)
				VALUES
				(p_UserID,p_Question,p_Answer);

			ELSE
				UPDATE tblSecurityAnswers
				SET 	Answer = p_Answer
				WHERE UserID =  p_UserID and Question_ID = p_Question;
			END IF;
							
		
	
	
	

END ;;
DELIMITER ;
/*!50003 SET sql_mode              = @saved_sql_mode */ ;
/*!50003 SET character_set_client  = @saved_cs_client */ ;
/*!50003 SET character_set_results = @saved_cs_results */ ;
/*!50003 SET collation_connection  = @saved_col_connection */ ;
/*!50003 DROP PROCEDURE IF EXISTS `sp_InsertSite` */;
/*!50003 SET @saved_cs_client      = @@character_set_client */ ;
/*!50003 SET @saved_cs_results     = @@character_set_results */ ;
/*!50003 SET @saved_col_connection = @@collation_connection */ ;
/*!50003 SET character_set_client  = utf8 */ ;
/*!50003 SET character_set_results = utf8 */ ;
/*!50003 SET collation_connection  = utf8_general_ci */ ;
/*!50003 SET @saved_sql_mode       = @@sql_mode */ ;
/*!50003 SET sql_mode              = 'STRICT_TRANS_TABLES,NO_AUTO_CREATE_USER,NO_ENGINE_SUBSTITUTION' */ ;
DELIMITER ;;
CREATE PROCEDURE `sp_InsertSite`(p_SiteName VARCHAR(50),p_SiteType VARCHAR(50), p_SiteAddress VARCHAR(150))
BEGIN

	IF ( NOT EXISTS(SELECT * FROM tblSite WHERE site_name = p_SiteName AND site_type = p_SiteType))

	THEN

		INSERT INTO tblSite (site_name,site_type,site_address)

		VALUES (p_SiteName,p_SiteType,p_SiteAddress);

	ELSE

		CALL DuplicatePRO;

	END IF;



END ;;
DELIMITER ;
/*!50003 SET sql_mode              = @saved_sql_mode */ ;
/*!50003 SET character_set_client  = @saved_cs_client */ ;
/*!50003 SET character_set_results = @saved_cs_results */ ;
/*!50003 SET collation_connection  = @saved_col_connection */ ;
/*!50003 DROP PROCEDURE IF EXISTS `sp_InsertTarget` */;
/*!50003 SET @saved_cs_client      = @@character_set_client */ ;
/*!50003 SET @saved_cs_results     = @@character_set_results */ ;
/*!50003 SET @saved_col_connection = @@collation_connection */ ;
/*!50003 SET character_set_client  = utf8 */ ;
/*!50003 SET character_set_results = utf8 */ ;
/*!50003 SET collation_connection  = utf8_general_ci */ ;
/*!50003 SET @saved_sql_mode       = @@sql_mode */ ;
/*!50003 SET sql_mode              = 'STRICT_TRANS_TABLES,NO_AUTO_CREATE_USER,NO_ENGINE_SUBSTITUTION' */ ;
DELIMITER ;;
CREATE PROCEDURE `sp_InsertTarget`(p_TargetValue int,p_KpiID int,p_LevelID int,p_RoleID int, p_Description varchar(500),p_Points int,p_Order INT)
BEGIN







IF (SELECT Target_id FROM tblTarget WHERE  Target_Value=p_TargetValue  AND Role_ID=p_RoleID AND KPI_ID=p_KpiID AND Level_ID=p_LevelID) IS NULL THEN



INSERT INTO tblTarget(Target_Value,KPI_ID,Level_ID,Role_ID,Target_Desc,Points,Target_Order)



VALUES(p_TargetValue,p_KpiID,p_LevelID,p_RoleID,p_Description,p_Points,p_Order);

	

END IF;







END ;;
DELIMITER ;
/*!50003 SET sql_mode              = @saved_sql_mode */ ;
/*!50003 SET character_set_client  = @saved_cs_client */ ;
/*!50003 SET character_set_results = @saved_cs_results */ ;
/*!50003 SET collation_connection  = @saved_col_connection */ ;
/*!50003 DROP PROCEDURE IF EXISTS `sp_InsertUser` */;
/*!50003 SET @saved_cs_client      = @@character_set_client */ ;
/*!50003 SET @saved_cs_results     = @@character_set_results */ ;
/*!50003 SET @saved_col_connection = @@collation_connection */ ;
/*!50003 SET character_set_client  = utf8 */ ;
/*!50003 SET character_set_results = utf8 */ ;
/*!50003 SET collation_connection  = utf8_general_ci */ ;
/*!50003 SET @saved_sql_mode       = @@sql_mode */ ;
/*!50003 SET sql_mode              = 'STRICT_TRANS_TABLES,NO_AUTO_CREATE_USER,NO_ENGINE_SUBSTITUTION' */ ;
DELIMITER ;;
CREATE PROCEDURE `sp_InsertUser`(p_CurrentLevel int,p_NextLevel int,p_LastLevel int,p_LevelAchieved int, p_U_Name varchar(50) , p_U_EmpID varchar(200) , p_U_LastName varchar(50) , p_U_NickName varchar(50) , p_U_Password varchar(50) , p_U_Email varchar(50) , p_U_SiteID INT , p_U_SysRole varchar(50), p_U_RolesID INT , p_Active tinyint(1), p_U_FirstName varchar(50),p_ManagerID INT)
BEGIN

 



DECLARE CONTINUE HANDLER FOR SQLEXCEPTION 

    BEGIN

        ROLLBACK;

				CALL DuplicatePro;

				

    END;



	START TRANSACTION;

	insert into tblUser(U_EmpID,U_Name,U_LastName,U_NickName,U_Password,U_Email,U_SiteID,U_SysRole,U_RolesID,Active,U_FirstName,ManagerID)



	values(p_U_EmpID,p_U_Name,p_U_LastName,p_U_NickName,NULL,p_U_Email,p_U_SiteID,p_U_SysRole,p_U_RolesID,p_Active,p_U_FirstName,p_ManagerID);

	IF(LAST_INSERT_ID() <> 0)

	then

		insert into tblLevelPerformance(user_id,current_level,next_level,last_level,level_achieved,target_scores,achieved_scores)



		values(LAST_INSERT_ID(),p_CurrentLevel,p_NextLevel,p_LastLevel,p_LevelAchieved,(Select IFNULL(Sum(Target_Value),'0') from tblTarget

		where Role_ID =p_U_RolesID AND Level_ID=p_CurrentLevel),0);

	End if;

COMMIT;

END ;;
DELIMITER ;
/*!50003 SET sql_mode              = @saved_sql_mode */ ;
/*!50003 SET character_set_client  = @saved_cs_client */ ;
/*!50003 SET character_set_results = @saved_cs_results */ ;
/*!50003 SET collation_connection  = @saved_col_connection */ ;
/*!50003 DROP PROCEDURE IF EXISTS `sp_InsertUserAwards` */;
/*!50003 SET @saved_cs_client      = @@character_set_client */ ;
/*!50003 SET @saved_cs_results     = @@character_set_results */ ;
/*!50003 SET @saved_col_connection = @@collation_connection */ ;
/*!50003 SET character_set_client  = utf8 */ ;
/*!50003 SET character_set_results = utf8 */ ;
/*!50003 SET collation_connection  = utf8_general_ci */ ;
/*!50003 SET @saved_sql_mode       = @@sql_mode */ ;
/*!50003 SET sql_mode              = 'STRICT_TRANS_TABLES,NO_AUTO_CREATE_USER,NO_ENGINE_SUBSTITUTION' */ ;
DELIMITER ;;
CREATE PROCEDURE `sp_InsertUserAwards`(IN `p_user_id` int,IN `p_award_id` int,IN `p_manual` tinyint,IN `p_awardedBy` int)
BEGIN

	/*IF ( NOT EXISTS(SELECT * FROM tblUserAwards WHERE user_id = p_user_id AND award_id = p_award_id))

	THEN*/

			INSERT INTO tblUserAwards ( user_id,award_id,awarded_date,manual,awardedBy)

      VALUES (p_user_id,p_award_id,NOW(),p_manual,p_awardedBy);

	/*ELSE

		CALL DuplicatePRO;

	END IF;*/

END ;;
DELIMITER ;
/*!50003 SET sql_mode              = @saved_sql_mode */ ;
/*!50003 SET character_set_client  = @saved_cs_client */ ;
/*!50003 SET character_set_results = @saved_cs_results */ ;
/*!50003 SET collation_connection  = @saved_col_connection */ ;
/*!50003 DROP PROCEDURE IF EXISTS `sp_instertRepliedLike` */;
/*!50003 SET @saved_cs_client      = @@character_set_client */ ;
/*!50003 SET @saved_cs_results     = @@character_set_results */ ;
/*!50003 SET @saved_col_connection = @@collation_connection */ ;
/*!50003 SET character_set_client  = utf8 */ ;
/*!50003 SET character_set_results = utf8 */ ;
/*!50003 SET collation_connection  = utf8_general_ci */ ;
/*!50003 SET @saved_sql_mode       = @@sql_mode */ ;
/*!50003 SET sql_mode              = 'STRICT_TRANS_TABLES,NO_AUTO_CREATE_USER,NO_ENGINE_SUBSTITUTION' */ ;
DELIMITER ;;
CREATE PROCEDURE `sp_instertRepliedLike`(p_LikedBy int, p_LikeID int, p_PostID int)
BEGIN

	INSERT INTO tblPostRepliedLikes (RepliedLikeDate,LikedBy,LikeID,PostID)

Values(CURRENT_DATE(),p_LikedBy,p_LikeID,p_PostID);



END ;;
DELIMITER ;
/*!50003 SET sql_mode              = @saved_sql_mode */ ;
/*!50003 SET character_set_client  = @saved_cs_client */ ;
/*!50003 SET character_set_results = @saved_cs_results */ ;
/*!50003 SET collation_connection  = @saved_col_connection */ ;
/*!50003 DROP PROCEDURE IF EXISTS `sp_levels_UpdateTargets` */;
/*!50003 SET @saved_cs_client      = @@character_set_client */ ;
/*!50003 SET @saved_cs_results     = @@character_set_results */ ;
/*!50003 SET @saved_col_connection = @@collation_connection */ ;
/*!50003 SET character_set_client  = utf8 */ ;
/*!50003 SET character_set_results = utf8 */ ;
/*!50003 SET collation_connection  = utf8_general_ci */ ;
/*!50003 SET @saved_sql_mode       = @@sql_mode */ ;
/*!50003 SET sql_mode              = 'STRICT_TRANS_TABLES,NO_AUTO_CREATE_USER,NO_ENGINE_SUBSTITUTION' */ ;
DELIMITER ;;
CREATE PROCEDURE `sp_levels_UpdateTargets`(p_TargetID INT,p_TargetValue int,p_KpiID INT,p_Points int,p_Order INT)
BEGIN

	

UPDATE tblTarget

SET Target_Value = p_TargetValue,

    KPI_ID = p_KpiID,

		Points = p_Points,	

		Target_Order = p_Order

WHERE Target_ID = p_TargetID ;



END ;;
DELIMITER ;
/*!50003 SET sql_mode              = @saved_sql_mode */ ;
/*!50003 SET character_set_client  = @saved_cs_client */ ;
/*!50003 SET character_set_results = @saved_cs_results */ ;
/*!50003 SET collation_connection  = @saved_col_connection */ ;
/*!50003 DROP PROCEDURE IF EXISTS `sp_level_UpdateLevelInfo` */;
/*!50003 SET @saved_cs_client      = @@character_set_client */ ;
/*!50003 SET @saved_cs_results     = @@character_set_results */ ;
/*!50003 SET @saved_col_connection = @@collation_connection */ ;
/*!50003 SET character_set_client  = utf8 */ ;
/*!50003 SET character_set_results = utf8 */ ;
/*!50003 SET collation_connection  = utf8_general_ci */ ;
/*!50003 SET @saved_sql_mode       = @@sql_mode */ ;
/*!50003 SET sql_mode              = 'STRICT_TRANS_TABLES,NO_AUTO_CREATE_USER,NO_ENGINE_SUBSTITUTION' */ ;
DELIMITER ;;
CREATE PROCEDURE `sp_level_UpdateLevelInfo`(p_BaseHours int, p_Points int, p_LevelID int,

  p_LevelName varchar(50), p_CurrentlyIn varchar(45),

 p_Reach varchar(45), p_Game varchar(50),p_levelImage varchar(100),p_levelthumbnail varchar(100))
BEGIN



UPDATE tblLevel 

SET BaseHours = p_BaseHours,

		Level_Name = p_LevelName,

		Points = p_Points,

		CurrentlyIn = p_CurrentlyIn,

		Reach = p_Reach,

		Game = p_Game,
    
    ImageName =p_levelImage,
    
    ImageThumbnail =p_levelthumbnail



WHERE Level_ID = p_LevelID;



END ;;
DELIMITER ;
/*!50003 SET sql_mode              = @saved_sql_mode */ ;
/*!50003 SET character_set_client  = @saved_cs_client */ ;
/*!50003 SET character_set_results = @saved_cs_results */ ;
/*!50003 SET collation_connection  = @saved_col_connection */ ;
/*!50003 DROP PROCEDURE IF EXISTS `sp_MatchLevels` */;
/*!50003 SET @saved_cs_client      = @@character_set_client */ ;
/*!50003 SET @saved_cs_results     = @@character_set_results */ ;
/*!50003 SET @saved_col_connection = @@collation_connection */ ;
/*!50003 SET character_set_client  = utf8 */ ;
/*!50003 SET character_set_results = utf8 */ ;
/*!50003 SET collation_connection  = utf8_general_ci */ ;
/*!50003 SET @saved_sql_mode       = @@sql_mode */ ;
/*!50003 SET sql_mode              = 'STRICT_TRANS_TABLES,NO_AUTO_CREATE_USER,NO_ENGINE_SUBSTITUTION' */ ;
DELIMITER ;;
CREATE PROCEDURE `sp_MatchLevels`(p_MatchID INT)
BEGIN
	SELECT
	tblRoles.Role_ID,
	tblRoles.Role_Name,
	tblLevel.Level_ID,
	tblLevel.Level_Name,
	tblLevel.Level_Position,
	(Select 'yes' from tblmatchlevels where tblmatchlevels.LevelID=tblLevel.Level_ID and MatchID =p_MatchID) as Allow
	FROM
	tblRoles
	INNER JOIN tblLevel ON tblLevel.Role_ID = tblRoles.Role_ID
	WHERE
	tblRoles.Active = 1 and tblLevel.Active=1
	ORDER BY tblRoles.Role_ID,tblLevel.Level_Position;

END ;;
DELIMITER ;
/*!50003 SET sql_mode              = @saved_sql_mode */ ;
/*!50003 SET character_set_client  = @saved_cs_client */ ;
/*!50003 SET character_set_results = @saved_cs_results */ ;
/*!50003 SET collation_connection  = @saved_col_connection */ ;
/*!50003 DROP PROCEDURE IF EXISTS `sp_PasswordRequest` */;
/*!50003 SET @saved_cs_client      = @@character_set_client */ ;
/*!50003 SET @saved_cs_results     = @@character_set_results */ ;
/*!50003 SET @saved_col_connection = @@collation_connection */ ;
/*!50003 SET character_set_client  = utf8 */ ;
/*!50003 SET character_set_results = utf8 */ ;
/*!50003 SET collation_connection  = utf8_general_ci */ ;
/*!50003 SET @saved_sql_mode       = @@sql_mode */ ;
/*!50003 SET sql_mode              = 'STRICT_TRANS_TABLES,NO_AUTO_CREATE_USER,NO_ENGINE_SUBSTITUTION' */ ;
DELIMITER ;;
CREATE PROCEDURE `sp_PasswordRequest`(p_UserNameID varchar(50))
BEGIN
UPDATE tblUser
SET U_Password = NULL
Where U_Name = p_UserNameID;
END ;;
DELIMITER ;
/*!50003 SET sql_mode              = @saved_sql_mode */ ;
/*!50003 SET character_set_client  = @saved_cs_client */ ;
/*!50003 SET character_set_results = @saved_cs_results */ ;
/*!50003 SET collation_connection  = @saved_col_connection */ ;
/*!50003 DROP PROCEDURE IF EXISTS `sp_PerformanceUdpate` */;
/*!50003 SET @saved_cs_client      = @@character_set_client */ ;
/*!50003 SET @saved_cs_results     = @@character_set_results */ ;
/*!50003 SET @saved_col_connection = @@collation_connection */ ;
/*!50003 SET character_set_client  = utf8 */ ;
/*!50003 SET character_set_results = utf8 */ ;
/*!50003 SET collation_connection  = utf8_general_ci */ ;
/*!50003 SET @saved_sql_mode       = @@sql_mode */ ;
/*!50003 SET sql_mode              = 'STRICT_TRANS_TABLES,NO_AUTO_CREATE_USER,NO_ENGINE_SUBSTITUTION' */ ;
DELIMITER ;;
CREATE PROCEDURE `sp_PerformanceUdpate`()
BEGIN
	#--------- Creating Temporary Tables & Views -----------#
	IF ( NOT EXISTS(SELECT * FROM temp_KPIdata))
	THEN
	CREATE Table temp_KPIdata(
				 EMP_ID INT NOT NULL,
				 DateTaken DATETIME,
				 KPI_ID INT,
				 PerformanceValue INT,
				 Type VARCHAR(200)
				 );
	ELSE
			CALL DuplicatePRO;

	END IF;

	
	#-------------------------------------------------------#

END ;;
DELIMITER ;
/*!50003 SET sql_mode              = @saved_sql_mode */ ;
/*!50003 SET character_set_client  = @saved_cs_client */ ;
/*!50003 SET character_set_results = @saved_cs_results */ ;
/*!50003 SET collation_connection  = @saved_col_connection */ ;
/*!50003 DROP PROCEDURE IF EXISTS `sp_Player_GetAward` */;
/*!50003 SET @saved_cs_client      = @@character_set_client */ ;
/*!50003 SET @saved_cs_results     = @@character_set_results */ ;
/*!50003 SET @saved_col_connection = @@collation_connection */ ;
/*!50003 SET character_set_client  = utf8 */ ;
/*!50003 SET character_set_results = utf8 */ ;
/*!50003 SET collation_connection  = utf8_general_ci */ ;
/*!50003 SET @saved_sql_mode       = @@sql_mode */ ;
/*!50003 SET sql_mode              = 'STRICT_TRANS_TABLES,NO_AUTO_CREATE_USER,NO_ENGINE_SUBSTITUTION' */ ;
DELIMITER ;;
CREATE PROCEDURE `sp_Player_GetAward`(p_UserID INT)
BEGIN



	/*SELECT tblScores.ID,tblScores.User_ID,tblScores.Type_ID,tblAwards.Award_Name,tblAwards.Award_ID,tblAwards.Award_Desc

	FROM tblScores

	INNER JOIN tblAwards ON 

	tblScores.Type_ID = tblAwards.Award_ID

	WHERE tblScores.User_ID = p_UserID AND tblScores.U_Type = 'Award';*/



IF EXISTS(SELECT * from tblUserAwards WHERE tblUserAwards.achieved_scores = tblUserAwards.target_scores and target_scores>=0 and awarded_date is null and tblUserAwards.user_id=p_UserID)

then

SET SQL_SAFE_UPDATES=0;

   update tblUserAwards

   set awarded_date=NOW()

   Where tblUserAwards.achieved_scores = tblUserAwards.target_scores  and tblUserAwards.user_id=p_UserID;

SELECT tblUserAwards.achieved_scores,tblUserAwards.target_scores,

				tblUserAwards.awarded_date,tblUserAwards.awardedBy,tblUserAwards.manual,

				tblUserAwards.userAwardsId,tblUserAwards.user_id,

				tblAwards.Award_Name,

				tblAwards.Award_Desc,tblAwards.Award_ID,

				tblAwards.AwardCategoryID,

(SELECT Award_Image FROM tblAwardImages WHERE Current_Image = 1 AND Active = 1 AND tblAwardImages.Award_ID = tblAwards.Award_ID) as Award_Image

	FROM tblUserAwards 

	INNER JOIN tblAwards ON 

	tblUserAwards.award_id = tblAwards.Award_ID

WHERE tblUserAwards.user_id = p_UserID;



else



SELECT tblUserAwards.achieved_scores,tblUserAwards.target_scores,

				tblUserAwards.awarded_date,tblUserAwards.awardedBy,tblUserAwards.manual,

				tblUserAwards.userAwardsId,tblUserAwards.user_id,

				tblAwards.Award_Name,

				tblAwards.Award_Desc,tblAwards.Award_ID,

				tblAwards.AwardCategoryID,

(SELECT Award_Image FROM tblAwardImages WHERE Current_Image = 1 AND Active = 1 AND tblAwardImages.Award_ID = tblAwards.Award_ID) as Award_Image

	FROM tblUserAwards 

	INNER JOIN tblAwards ON 

	tblUserAwards.award_id = tblAwards.Award_ID

WHERE tblUserAwards.user_id = p_UserID;  

END IF ;

End ;;
DELIMITER ;
/*!50003 SET sql_mode              = @saved_sql_mode */ ;
/*!50003 SET character_set_client  = @saved_cs_client */ ;
/*!50003 SET character_set_results = @saved_cs_results */ ;
/*!50003 SET collation_connection  = @saved_col_connection */ ;
/*!50003 DROP PROCEDURE IF EXISTS `sp_Player_GetContest` */;
/*!50003 SET @saved_cs_client      = @@character_set_client */ ;
/*!50003 SET @saved_cs_results     = @@character_set_results */ ;
/*!50003 SET @saved_col_connection = @@collation_connection */ ;
/*!50003 SET character_set_client  = utf8 */ ;
/*!50003 SET character_set_results = utf8 */ ;
/*!50003 SET collation_connection  = utf8_general_ci */ ;
/*!50003 SET @saved_sql_mode       = @@sql_mode */ ;
/*!50003 SET sql_mode              = 'STRICT_TRANS_TABLES,NO_AUTO_CREATE_USER,NO_ENGINE_SUBSTITUTION' */ ;
DELIMITER ;;
CREATE PROCEDURE `sp_Player_GetContest`()
BEGIN



SELECT   tblUser.UserID,

				 Contest_ID,

				 Contest_Name,     

				 Contest_Graphics,

				 Contest_Graphics_Ext,

				 Contest_StartDate,

				 Contest_EndDate,			 

				 tblContest.Active,

				 tblContest.Contest_Descp,

				 tblContest.Role_ID

 FROM tblContest 

INNER JOIN tblUser ON

tblContest.Role_ID = tblUser.U_RolesID

WHERE  tblContest.Active = 1

  and (CURDATE() BETWEEN  tblContest.Contest_StartDate and tblContest.Contest_EndDate) and tblContest.Role_ID <> ''



UNION

SELECT   tblUser.UserID,

				 Contest_ID,

				 Contest_Name,     

				 Contest_Graphics,

				 Contest_Graphics_Ext,

				 Contest_StartDate,

				 Contest_EndDate,			 

				 tblContest.Active,

				 tblContest.Contest_Descp,

				 tblContest.Role_ID

 FROM tblContest

INNER JOIN tblUser ON

tblContest.Site_ID = tblUser.U_SiteID

WHERE tblContest.Active = 1

 and (CURDATE() BETWEEN  tblContest.Contest_StartDate and tblContest.Contest_EndDate) and tblContest.Role_ID <> '';

 



END ;;
DELIMITER ;
/*!50003 SET sql_mode              = @saved_sql_mode */ ;
/*!50003 SET character_set_client  = @saved_cs_client */ ;
/*!50003 SET character_set_results = @saved_cs_results */ ;
/*!50003 SET collation_connection  = @saved_col_connection */ ;
/*!50003 DROP PROCEDURE IF EXISTS `sp_PopupShowed` */;
/*!50003 SET @saved_cs_client      = @@character_set_client */ ;
/*!50003 SET @saved_cs_results     = @@character_set_results */ ;
/*!50003 SET @saved_col_connection = @@collation_connection */ ;
/*!50003 SET character_set_client  = utf8 */ ;
/*!50003 SET character_set_results = utf8 */ ;
/*!50003 SET collation_connection  = utf8_general_ci */ ;
/*!50003 SET @saved_sql_mode       = @@sql_mode */ ;
/*!50003 SET sql_mode              = 'STRICT_TRANS_TABLES,NO_AUTO_CREATE_USER,NO_ENGINE_SUBSTITUTION' */ ;
DELIMITER ;;
CREATE PROCEDURE `sp_PopupShowed`(p_UserID INT,p_LevelID INT)
BEGIN



DECLARE CONTINUE HANDLER FOR SQLEXCEPTION 

    BEGIN

        ROLLBACK;        

    END;



	START TRANSACTION;

	UPDATE tblLevelPerformance 

	SET popup_showed = 1,

			level_achieved = 1 

	WHERE user_id = p_UserID 

	AND current_level = p_LevelID;



	INSERT INTO tblLevelPerformance 

	(user_id,current_level,next_level,last_level,level_achieved,target_scores,achieved_scores)



	values(p_UserID,(SELECT Level_ID FROM tblLevel 

														WHERE  tblLevel.Level_Position = 

																						(SELECT (levels.Level_Position + 1) 

																							FROM tblLevel levels 

																							WHERE levels.Level_ID =p_LevelID 

																						) AND tblLevel.Role_ID = (SELECT U_RolesID FROM tblUser WHERE UserID = p_UserID)

														),(SELECT Level_ID FROM tblLevel 

														WHERE  tblLevel.Level_Position = 

																						(SELECT (levels.Level_Position + 2) 

																							FROM tblLevel levels 

																							WHERE levels.Level_ID =p_LevelID 

																						) AND tblLevel.Role_ID = (SELECT U_RolesID FROM tblUser WHERE UserID = p_UserID)

														),p_LevelID,0,0,0);



	UPDATE tblUser SET U_Points = U_Points + (SELECT Points FROM tblLevel WHERE Level_ID = p_LevelID AND Active = 1 )

	WHERE UserID = p_UserID;





COMMIT;

	



END ;;
DELIMITER ;
/*!50003 SET sql_mode              = @saved_sql_mode */ ;
/*!50003 SET character_set_client  = @saved_cs_client */ ;
/*!50003 SET character_set_results = @saved_cs_results */ ;
/*!50003 SET collation_connection  = @saved_col_connection */ ;
/*!50003 DROP PROCEDURE IF EXISTS `sp_QuizData` */;
/*!50003 SET @saved_cs_client      = @@character_set_client */ ;
/*!50003 SET @saved_cs_results     = @@character_set_results */ ;
/*!50003 SET @saved_col_connection = @@collation_connection */ ;
/*!50003 SET character_set_client  = utf8 */ ;
/*!50003 SET character_set_results = utf8 */ ;
/*!50003 SET collation_connection  = utf8_general_ci */ ;
/*!50003 SET @saved_sql_mode       = @@sql_mode */ ;
/*!50003 SET sql_mode              = 'STRICT_TRANS_TABLES,NO_AUTO_CREATE_USER,NO_ENGINE_SUBSTITUTION' */ ;
DELIMITER ;;
CREATE PROCEDURE `sp_QuizData`()
BEGIN

Select *from tblQuizQuestions INNER JOIN tblLevel ON

tblQuizQuestions.LevelID = tblLevel.Level_ID

INNER JOIN tblRoles ON

tblQuizQuestions.RoleID = tblRoles.Role_ID;

Select * from tblQuizGames;

END ;;
DELIMITER ;
/*!50003 SET sql_mode              = @saved_sql_mode */ ;
/*!50003 SET character_set_client  = @saved_cs_client */ ;
/*!50003 SET character_set_results = @saved_cs_results */ ;
/*!50003 SET collation_connection  = @saved_col_connection */ ;
/*!50003 DROP PROCEDURE IF EXISTS `sp_QuizLevels` */;
/*!50003 SET @saved_cs_client      = @@character_set_client */ ;
/*!50003 SET @saved_cs_results     = @@character_set_results */ ;
/*!50003 SET @saved_col_connection = @@collation_connection */ ;
/*!50003 SET character_set_client  = utf8 */ ;
/*!50003 SET character_set_results = utf8 */ ;
/*!50003 SET collation_connection  = utf8_general_ci */ ;
/*!50003 SET @saved_sql_mode       = @@sql_mode */ ;
/*!50003 SET sql_mode              = 'STRICT_TRANS_TABLES,NO_AUTO_CREATE_USER,NO_ENGINE_SUBSTITUTION' */ ;
DELIMITER ;;
CREATE PROCEDURE `sp_QuizLevels`(p_QuizID INT)
BEGIN
	SELECT
tblRoles.Role_ID,
tblRoles.Role_Name,
tblLevel.Level_ID,
tblLevel.Level_Name,
tblLevel.Level_Position,

(Select 'yes' from tblquizlevels where tblquizlevels.LevelID=tblLevel.Level_ID and QuizID =p_QuizID) as Allow
FROM
tblRoles
INNER JOIN tblLevel ON tblLevel.Role_ID = tblRoles.Role_ID
WHERE
tblRoles.Active = 1 and tblLevel.Active=1
ORDER BY tblRoles.Role_ID,tblLevel.Level_Position;

END ;;
DELIMITER ;
/*!50003 SET sql_mode              = @saved_sql_mode */ ;
/*!50003 SET character_set_client  = @saved_cs_client */ ;
/*!50003 SET character_set_results = @saved_cs_results */ ;
/*!50003 SET collation_connection  = @saved_col_connection */ ;
/*!50003 DROP PROCEDURE IF EXISTS `sp_ReportSumPoints` */;
/*!50003 SET @saved_cs_client      = @@character_set_client */ ;
/*!50003 SET @saved_cs_results     = @@character_set_results */ ;
/*!50003 SET @saved_col_connection = @@collation_connection */ ;
/*!50003 SET character_set_client  = utf8 */ ;
/*!50003 SET character_set_results = utf8 */ ;
/*!50003 SET collation_connection  = utf8_general_ci */ ;
/*!50003 SET @saved_sql_mode       = @@sql_mode */ ;
/*!50003 SET sql_mode              = 'STRICT_TRANS_TABLES,NO_AUTO_CREATE_USER,NO_ENGINE_SUBSTITUTION' */ ;
DELIMITER ;;
CREATE PROCEDURE `sp_ReportSumPoints`(p_UserID int,p_Points int)
BEGIN



Update tblUser

set U_Points = p_Points

Where tblUser.UserID = p_UserID;

END ;;
DELIMITER ;
/*!50003 SET sql_mode              = @saved_sql_mode */ ;
/*!50003 SET character_set_client  = @saved_cs_client */ ;
/*!50003 SET character_set_results = @saved_cs_results */ ;
/*!50003 SET collation_connection  = @saved_col_connection */ ;
/*!50003 DROP PROCEDURE IF EXISTS `sp_RolesLevels` */;
/*!50003 SET @saved_cs_client      = @@character_set_client */ ;
/*!50003 SET @saved_cs_results     = @@character_set_results */ ;
/*!50003 SET @saved_col_connection = @@collation_connection */ ;
/*!50003 SET character_set_client  = utf8 */ ;
/*!50003 SET character_set_results = utf8 */ ;
/*!50003 SET collation_connection  = utf8_general_ci */ ;
/*!50003 SET @saved_sql_mode       = @@sql_mode */ ;
/*!50003 SET sql_mode              = 'STRICT_TRANS_TABLES,NO_AUTO_CREATE_USER,NO_ENGINE_SUBSTITUTION' */ ;
DELIMITER ;;
CREATE PROCEDURE `sp_RolesLevels`(p_QuestionID int)
BEGIN
	SELECT
tblRoles.Role_ID,
tblRoles.Role_Name,
tblLevel.Level_ID,
tblLevel.Level_Name,
tblLevel.Level_Position,

(Select 'yes' from tblQuestionLevels where tblQuestionLevels.LevelID=tblLevel.Level_ID and QuestionID=p_QuestionID ) as Allow
FROM
tblRoles
INNER JOIN tblLevel ON tblLevel.Role_ID = tblRoles.Role_ID
WHERE
tblRoles.Active = 1 and tblLevel.Active=1
ORDER BY tblRoles.Role_ID,tblLevel.Level_Position;

END ;;
DELIMITER ;
/*!50003 SET sql_mode              = @saved_sql_mode */ ;
/*!50003 SET character_set_client  = @saved_cs_client */ ;
/*!50003 SET character_set_results = @saved_cs_results */ ;
/*!50003 SET collation_connection  = @saved_col_connection */ ;
/*!50003 DROP PROCEDURE IF EXISTS `sp_RolesLevelsMatchDataSet` */;
/*!50003 SET @saved_cs_client      = @@character_set_client */ ;
/*!50003 SET @saved_cs_results     = @@character_set_results */ ;
/*!50003 SET @saved_col_connection = @@collation_connection */ ;
/*!50003 SET character_set_client  = utf8 */ ;
/*!50003 SET character_set_results = utf8 */ ;
/*!50003 SET collation_connection  = utf8_general_ci */ ;
/*!50003 SET @saved_sql_mode       = @@sql_mode */ ;
/*!50003 SET sql_mode              = 'STRICT_TRANS_TABLES,NO_AUTO_CREATE_USER,NO_ENGINE_SUBSTITUTION' */ ;
DELIMITER ;;
CREATE PROCEDURE `sp_RolesLevelsMatchDataSet`(p_DataSetID int)
BEGIN
	SELECT
		tblRoles.Role_ID,
		tblRoles.Role_Name,
		tblLevel.Level_ID,
		tblLevel.Level_Name,
		tblLevel.Level_Position,
		(SELECT 'yes' FROM tblMatchDataSetLevels where tblMatchDataSetLevels.LevelID = tblLevel.Level_ID and DataSetID = p_DataSetID ) as Allow
	FROM
		tblRoles
	INNER JOIN tblLevel ON tblLevel.Role_ID = tblRoles.Role_ID
	WHERE
		tblRoles.Active = 1 and tblLevel.Active=1
	ORDER BY tblRoles.Role_ID, tblLevel.Level_Position;

END ;;
DELIMITER ;
/*!50003 SET sql_mode              = @saved_sql_mode */ ;
/*!50003 SET character_set_client  = @saved_cs_client */ ;
/*!50003 SET character_set_results = @saved_cs_results */ ;
/*!50003 SET collation_connection  = @saved_col_connection */ ;
/*!50003 DROP PROCEDURE IF EXISTS `sp_SetAwardsByContest` */;
/*!50003 SET @saved_cs_client      = @@character_set_client */ ;
/*!50003 SET @saved_cs_results     = @@character_set_results */ ;
/*!50003 SET @saved_col_connection = @@collation_connection */ ;
/*!50003 SET character_set_client  = utf8 */ ;
/*!50003 SET character_set_results = utf8 */ ;
/*!50003 SET collation_connection  = utf8_general_ci */ ;
/*!50003 SET @saved_sql_mode       = @@sql_mode */ ;
/*!50003 SET sql_mode              = 'STRICT_TRANS_TABLES,NO_AUTO_CREATE_USER,NO_ENGINE_SUBSTITUTION' */ ;
DELIMITER ;;
CREATE PROCEDURE `sp_SetAwardsByContest`()
BEGIN

	DECLARE v_finished INTEGER DEFAULT 0;
	DECLARE v_contestid INTEGER DEFAULT 0;	
	
	DROP TABLE IF EXISTS ScoresTmp;
	DROP TABLE IF EXISTS xTmp;
	DROP TABLE IF EXISTS yTmp;
    DROP TABLE IF EXISTS uTmp;
    
    
	CREATE TEMPORARY TABLE ScoresTmp (User_ID INT NOT NULL, U_Name VARCHAR(255) NOT NULL, Player_Thumbnail VARCHAR(255) NOT NULL, Role_Name VARCHAR(255) NOT NULL, Site_Name VARCHAR(255) NOT NULL, ContestID INT NOT NULL, ContestName VARCHAR(255) NOT NULL, Score INT NOT NULL, KPI_measure VARCHAR(255) NOT NULL);

	INSERT INTO ScoresTmp (User_ID, U_Name, Player_Thumbnail, Role_Name, Site_Name, ContestID, ContestName, Score, KPI_measure) 
	SELECT 
		t.UserID AS User_ID,
		CONCAT(u.U_FirstName,' ',u.U_LastName) AS U_Name,
		i.Player_Thumbnail,
		r.Role_Name,
		s.site_name,
		t.ContestID,
		c.ContestName,
		SUM(t.value) AS Score,
		k.KPI_measure
	FROM 
		contestperformance t
		INNER JOIN tblcontests c ON t.ContestID = c.ContestId
		INNER JOIN tblkpi k ON c.KPI_ID = k.KPI_ID
		INNER JOIN tbluser u ON t.UserID = u.UserID
		INNER JOIN tbluserimages i ON u.UserID = i.UserID AND i.U_Current = 1
		INNER JOIN tblsite s ON u.U_SiteID = s.site_id 
		INNER JOIN tblroles r ON u.U_RolesID = r.Role_ID
	GROUP BY
		t.ContestID, t.UserID;  

	CREATE TEMPORARY TABLE xTmp (User_ID INT NOT NULL,  U_Name VARCHAR(255) NOT NULL, Player_Thumbnail VARCHAR(255) NOT NULL, Role_Name VARCHAR(255) NOT NULL, Site_Name VARCHAR(255) NOT NULL, ContestID INT NOT NULL, ContestName VARCHAR(255) NOT NULL, Score INT NOT NULL, KPI_measure VARCHAR(255) NOT NULL, position INT NOT NULL);

	INSERT INTO xTmp (User_ID, U_Name, Player_Thumbnail, Role_Name, Site_Name, ContestID, ContestName, Score, KPI_measure, position) 
	SELECT 
		ScoresTmp.User_ID,
		ScoresTmp.U_Name,
		ScoresTmp.Player_Thumbnail,
		ScoresTmp.Role_Name,
		ScoresTmp.Site_Name,
		ScoresTmp.ContestID,
		ScoresTmp.ContestName,
		ScoresTmp.Score,
		ScoresTmp.KPI_measure,
		( 
			CASE ScoresTmp.ContestName 
				WHEN @curType 
				THEN @curRow := @curRow + 1 
				ELSE @curRow := 1 AND @curType := ScoresTmp.ContestName 
			END
		) + 1 AS position		
	FROM        
		ScoresTmp,
		(SELECT @curRow := 0, @curType := '') r
	ORDER BY ScoresTmp.ContestName ASC, ScoresTmp.Score DESC; 

	CREATE TEMPORARY TABLE yTmp (User_ID INT NOT NULL,  U_Name VARCHAR(255) NOT NULL, Player_Thumbnail VARCHAR(255) NOT NULL, Role_Name VARCHAR(255) NOT NULL, Site_Name VARCHAR(255) NOT NULL, ContestID INT NOT NULL, ContestName VARCHAR(255) NOT NULL, Score INT NOT NULL, KPI_measure VARCHAR(255) NOT NULL, position INT NOT NULL);

	INSERT INTO yTmp (User_ID, U_Name, Player_Thumbnail, Role_Name, Site_Name, ContestID, ContestName, Score, KPI_measure, position) 
	SELECT * FROM xTmp; 

	BEGIN		

		DECLARE contest_cursor CURSOR FOR SELECT ContestID FROM xTmp GROUP BY ContestID;
		 
		DECLARE CONTINUE HANDLER FOR NOT FOUND SET v_finished = 1;
		 
		OPEN contest_cursor;
		 
		get_contestid: LOOP
		 
		FETCH contest_cursor INTO v_contestid;
		 
			IF v_finished = 1 THEN 
				LEAVE get_contestid;
			END IF;
			 
			UPDATE yTmp baseTable
				INNER JOIN
				(
				SELECT 
					User_ID,
					U_Name,
					Player_Thumbnail,
					Role_Name,
					Site_Name,
					ContestID,
					ContestName,
					@rnk:=IF(@preval <=> Score, @rnk, @row + 1) AS position,
					@row:= @row+1 AS rnk,
					@preval:=Score as Score
				FROM xTmp
				JOIN (SELECT @rnk := 0, @preval :=null, @row := 0) r
				WHERE ContestID = v_contestid
				ORDER BY Score DESC
				) b ON baseTable.User_ID = b.User_ID
				SET
				baseTable.position = b.position
				WHERE baseTable.ContestID = v_contestid;
		 
		END LOOP get_contestid;
		 
		CLOSE contest_cursor;

	END;	

	BLOCK1: BEGIN
		DECLARE v_finished_a INTEGER DEFAULT 0;
		DECLARE v_contestid_a INTEGER DEFAULT 0;

		DECLARE contestawards_cursor CURSOR FOR 
			SELECT ContestID FROM tblcontests WHERE ToDate = DATE_FORMAT(NOW(),'%Y-%m-%d') ORDER BY ToDate ASC;
		DECLARE CONTINUE HANDLER FOR NOT FOUND 
			SET v_finished_a := 1;
		 
		OPEN contestawards_cursor;
		get_contestid_a: LOOP

			FETCH contestawards_cursor INTO v_contestid_a;
            
            IF v_finished_a  = 1 THEN
				LEAVE get_contestid_a;
			END IF;

			/*log*/INSERT INTO tbllog (contestid,description,lastrun) values (v_contestid_a, 'ContestLoop',now());

			BLOCK2: BEGIN
			
				DECLARE v_award_done INTEGER DEFAULT 0;
				DECLARE v_award INTEGER DEFAULT 0;
				DECLARE v_position INTEGER DEFAULT 0;
				DECLARE v_points INTEGER DEFAULT 0;

				DECLARE curAward CURSOR FOR 
					SELECT Award_ID, Position + 1 AS Position, Points FROM tblcontestposition WHERE ContestID = v_contestid_a;
				DECLARE CONTINUE HANDLER FOR NOT FOUND 
					SET v_award_done = 1;

				OPEN curAward; 
				cur_award_loop: LOOP

					FETCH curAward INTO v_award, v_position, v_points;
					
					IF v_award_done = 1 THEN
						LEAVE cur_award_loop;
					END IF; 
							
					/*log*/INSERT INTO tbllog (contestid,description,lastrun) values (v_contestid_a, CONCAT('AwardLoop', v_award),now());

					INSERT INTO tblUserAwards (user_id, award_id, awarded_date, manual, awardedBy)
					SELECT 
						yTmp.User_ID, v_award AS Award_ID, now() AS awarded_date, 1 AS manual, 1 AS awardedBy
					FROM yTmp 
					WHERE
						yTmp.ContestID = v_contestid_a AND yTmp.position = v_position
					ORDER BY 
						yTmp.position;

					BLOCK3: BEGIN

						DECLARE v_points_done INTEGER DEFAULT 0;
						DECLARE v_userid INTEGER DEFAULT 0;						

						DECLARE curPoints CURSOR FOR 
							SELECT yTmp.User_ID FROM yTmp WHERE yTmp.ContestID = v_contestid_a AND yTmp.position = v_position ORDER BY yTmp.position;
						DECLARE CONTINUE HANDLER FOR NOT FOUND 
							SET v_points_done = 1;

						OPEN curPoints; 
						cur_points_loop: LOOP

							FETCH curPoints INTO v_userid;
							
							IF v_points_done = 1 THEN
								LEAVE cur_points_loop;
							END IF; 
							
							/*log*/INSERT INTO tbllog (contestid,description,lastrun) values (v_contestid_a, CONCAT('UserID', v_userid),now());

							CREATE TEMPORARY TABLE uTmp (User_ID INT NOT NULL, U_Points INT NOT NULL);
							INSERT INTO uTmp (User_ID, U_Points)					
							SELECT UserID,  (usr.U_Points + v_points) FROM tblUser usr WHERE usr.UserID = v_userid;                    
							
							UPDATE tblUser myUsr SET myUsr.U_Points = (SELECT usrTemp.U_Points FROM uTmp usrTemp WHERE usrTemp.User_ID = v_userid) WHERE myUsr.UserID = v_userid;
							
							DROP TABLE uTmp;

						END LOOP cur_points_loop;	

						CLOSE curPoints;

					END BLOCK3;	

			END LOOP cur_award_loop;

			CLOSE curAward;

			END BLOCK2;	
	
		END LOOP get_contestid_a;

		CLOSE contestawards_cursor;

	END BLOCK1;


	DROP TABLE yTmp;

	DROP TABLE xTmp;

	DROP TABLE ScoresTmp;

 END ;;
DELIMITER ;
/*!50003 SET sql_mode              = @saved_sql_mode */ ;
/*!50003 SET character_set_client  = @saved_cs_client */ ;
/*!50003 SET character_set_results = @saved_cs_results */ ;
/*!50003 SET collation_connection  = @saved_col_connection */ ;
/*!50003 DROP PROCEDURE IF EXISTS `sp_TeamPerformance` */;
/*!50003 SET @saved_cs_client      = @@character_set_client */ ;
/*!50003 SET @saved_cs_results     = @@character_set_results */ ;
/*!50003 SET @saved_col_connection = @@collation_connection */ ;
/*!50003 SET character_set_client  = utf8 */ ;
/*!50003 SET character_set_results = utf8 */ ;
/*!50003 SET collation_connection  = utf8_general_ci */ ;
/*!50003 SET @saved_sql_mode       = @@sql_mode */ ;
/*!50003 SET sql_mode              = 'STRICT_TRANS_TABLES,NO_AUTO_CREATE_USER,NO_ENGINE_SUBSTITUTION' */ ;
DELIMITER ;;
CREATE PROCEDURE `sp_TeamPerformance`(p_ManagerID INT)
BEGIN

	SELECT *,(CASE WHEN a.Likelihood < 80 THEN 'red' WHEN a.Likelihood < 90 AND a.Likelihood > 80 THEN 'Yellow' WHEN a.Likelihood > 90 AND a.Likelihood < 100 THEN 'Green' WHEN a.Likelihood = 100 THEN 'blue' WHEN a.Likelihood > 100 THEN 'Green' END) AS PlayerStatus FROM

	(SELECT vscore.*,CONCAT(tblUser.U_FirstName,' ',tblUser.U_LastName)  AS PlayerName,tblRoles.Role_Name,tblLevel.Level_Position,tblUserImages.Player_Thumbnail,tbluser.U_Points,

(select (IFNULL(sum(v_UserLevelScores.current_percentage),0)) / Count(*) from v_UserLevelScores where v_UserLevelScores.Level_ID=vscore.Level_ID and v_UserLevelScores.UserID=vscore.UserID ) AS Percentage

 

,BaseHours,



 (( (((BaseHours-Worked_Hour)/BaseHours)*100)/(100-   (select (IFNULL(sum(a.current_percentage),0)) / Count(*) from v_UserLevelScores a where a.Level_ID=vscore.Level_ID and a.UserID=vscore.UserID ))) *100) as Likelihood

   ,(BaseHours-Worked_Hour) as remainingHours



FROM v_UserLevelScores vscore



INNER JOIN tblLevelPerformance ON vscore.Level_ID = tblLevelPerformance.current_level AND vscore.UserID = tblLevelPerformance.user_id

INNER JOIN tblUser ON vscore.UserID = tblUser.UserID

LEFT JOIN tblUserImages ON vscore.UserID = tblUserImages.UserID AND tblUserImages.U_Current = 1

INNER JOIN tblRoles ON

vscore.Role_ID = tblRoles.Role_ID 

INNER JOIN tblLevel ON vscore.Level_ID = tblLevel.Level_ID

WHERE tblLevelPerformance.level_achieved = 0 AND (Select tblUser.Active from tblUser Where tblUser.UserID = vscore.UserID) = 1 AND (SELECT tblUser.ManagerID  FROM tblUser WHERE tblUser.UserID = vscore.UserID) = p_ManagerID

GROUP BY vscore.UserID,vscore.Level_ID ORDER BY Likelihood) a;









END ;;
DELIMITER ;
/*!50003 SET sql_mode              = @saved_sql_mode */ ;
/*!50003 SET character_set_client  = @saved_cs_client */ ;
/*!50003 SET character_set_results = @saved_cs_results */ ;
/*!50003 SET collation_connection  = @saved_col_connection */ ;
/*!50003 DROP PROCEDURE IF EXISTS `sp_UpdateAward` */;
/*!50003 SET @saved_cs_client      = @@character_set_client */ ;
/*!50003 SET @saved_cs_results     = @@character_set_results */ ;
/*!50003 SET @saved_col_connection = @@collation_connection */ ;
/*!50003 SET character_set_client  = utf8 */ ;
/*!50003 SET character_set_results = utf8 */ ;
/*!50003 SET collation_connection  = utf8_general_ci */ ;
/*!50003 SET @saved_sql_mode       = @@sql_mode */ ;
/*!50003 SET sql_mode              = 'STRICT_TRANS_TABLES,NO_AUTO_CREATE_USER,NO_ENGINE_SUBSTITUTION' */ ;
DELIMITER ;;
CREATE PROCEDURE `sp_UpdateAward`(p_ID int,p_CurrentImage int,p_AwardID INT,p_AwardName VARCHAR (100),p_AwardDesc VARCHAR (200),p_KPIID INT,p_TargetID INT,p_AwardManual INT,p_Active TINYINT(4),p_AwardCategoryID INT)
BEGIN

UPDATE tblAwards

SET Award_Name = p_AwardName,

	Award_Desc = p_AwardDesc,	

	KPIID = p_KPIID,

	Target_Value = p_TargetID,

	Award_Manual=p_AwardManual,

    Active = p_Active,

		AwardCategoryID = p_AwardCategoryID

WHERE Award_ID = p_AwardID ;



UPDATE tblAwardImages 

SET Current_Image = p_CurrentImage 

WHERE ID = p_ID;



END ;;
DELIMITER ;
/*!50003 SET sql_mode              = @saved_sql_mode */ ;
/*!50003 SET character_set_client  = @saved_cs_client */ ;
/*!50003 SET character_set_results = @saved_cs_results */ ;
/*!50003 SET collation_connection  = @saved_col_connection */ ;
/*!50003 DROP PROCEDURE IF EXISTS `sp_UpdateCategory` */;
/*!50003 SET @saved_cs_client      = @@character_set_client */ ;
/*!50003 SET @saved_cs_results     = @@character_set_results */ ;
/*!50003 SET @saved_col_connection = @@collation_connection */ ;
/*!50003 SET character_set_client  = utf8 */ ;
/*!50003 SET character_set_results = utf8 */ ;
/*!50003 SET collation_connection  = utf8_general_ci */ ;
/*!50003 SET @saved_sql_mode       = @@sql_mode */ ;
/*!50003 SET sql_mode              = 'STRICT_TRANS_TABLES,NO_AUTO_CREATE_USER,NO_ENGINE_SUBSTITUTION' */ ;
DELIMITER ;;
CREATE PROCEDURE `sp_UpdateCategory`(p_CategoryName varchar(100),p_CategoryID int)
BEGIN
Update tblQuizCategory
set CategoryName=p_CategoryName
where CategoryID=p_CategoryID;
END ;;
DELIMITER ;
/*!50003 SET sql_mode              = @saved_sql_mode */ ;
/*!50003 SET character_set_client  = @saved_cs_client */ ;
/*!50003 SET character_set_results = @saved_cs_results */ ;
/*!50003 SET collation_connection  = @saved_col_connection */ ;
/*!50003 DROP PROCEDURE IF EXISTS `sp_UpdateContest` */;
/*!50003 SET @saved_cs_client      = @@character_set_client */ ;
/*!50003 SET @saved_cs_results     = @@character_set_results */ ;
/*!50003 SET @saved_col_connection = @@collation_connection */ ;
/*!50003 SET character_set_client  = utf8 */ ;
/*!50003 SET character_set_results = utf8 */ ;
/*!50003 SET collation_connection  = utf8_general_ci */ ;
/*!50003 SET @saved_sql_mode       = @@sql_mode */ ;
/*!50003 SET sql_mode              = 'STRICT_TRANS_TABLES,NO_AUTO_CREATE_USER,NO_ENGINE_SUBSTITUTION' */ ;
DELIMITER ;;
CREATE PROCEDURE `sp_UpdateContest`(p_ContestID INT,p_ContestName VARCHAR (100),p_FromDate varchar(10),p_ToDate varchar(10), p_KPIID INT, p_RoleID INT, p_SiteID INT)
BEGIN

UPDATE tblContests
SET ContestName = p_ContestName,
FromDate = STR_TO_DATE(p_FromDate, '%m/%d/%Y'),
ToDate= STR_TO_DATE(p_ToDate, '%m/%d/%Y'),
KPI_ID = p_KPIID
WHERE ContestId = p_ContestID;

DELETE FROM tblcontestssites
WHERE ContestID = p_ContestID;

INSERT INTO tblcontestssites(ContestId,Site_Id)
VALUES (p_ContestID,p_SiteId);

DELETE FROM tblcontestsroles
WHERE ContestID = p_ContestID;

INSERT INTO tblcontestsroles(ContestId,Role_Id)
VALUES (p_ContestID, p_RoleID);


END ;;
DELIMITER ;
/*!50003 SET sql_mode              = @saved_sql_mode */ ;
/*!50003 SET character_set_client  = @saved_cs_client */ ;
/*!50003 SET character_set_results = @saved_cs_results */ ;
/*!50003 SET collation_connection  = @saved_col_connection */ ;
/*!50003 DROP PROCEDURE IF EXISTS `sp_UpdateDataElement` */;
/*!50003 SET @saved_cs_client      = @@character_set_client */ ;
/*!50003 SET @saved_cs_results     = @@character_set_results */ ;
/*!50003 SET @saved_col_connection = @@collation_connection */ ;
/*!50003 SET character_set_client  = utf8 */ ;
/*!50003 SET character_set_results = utf8 */ ;
/*!50003 SET collation_connection  = utf8_general_ci */ ;
/*!50003 SET @saved_sql_mode       = @@sql_mode */ ;
/*!50003 SET sql_mode              = 'STRICT_TRANS_TABLES,NO_AUTO_CREATE_USER,NO_ENGINE_SUBSTITUTION' */ ;
DELIMITER ;;
CREATE PROCEDURE `sp_UpdateDataElement`(p_ElementID INT, p_MatchID INT, p_ElementName VARCHAR(250), p_IsPicture INT)
BEGIN

UPDATE tbldataelement
SET MatchID = p_MatchID,
	ElementName = p_ElementName,
	IsPicture = p_IsPicture
WHERE ElementID = p_ElementID;

END ;;
DELIMITER ;
/*!50003 SET sql_mode              = @saved_sql_mode */ ;
/*!50003 SET character_set_client  = @saved_cs_client */ ;
/*!50003 SET character_set_results = @saved_cs_results */ ;
/*!50003 SET collation_connection  = @saved_col_connection */ ;
/*!50003 DROP PROCEDURE IF EXISTS `sp_UpdateDataSet` */;
/*!50003 SET @saved_cs_client      = @@character_set_client */ ;
/*!50003 SET @saved_cs_results     = @@character_set_results */ ;
/*!50003 SET @saved_col_connection = @@collation_connection */ ;
/*!50003 SET character_set_client  = utf8 */ ;
/*!50003 SET character_set_results = utf8 */ ;
/*!50003 SET collation_connection  = utf8_general_ci */ ;
/*!50003 SET @saved_sql_mode       = @@sql_mode */ ;
/*!50003 SET sql_mode              = 'STRICT_TRANS_TABLES,NO_AUTO_CREATE_USER,NO_ENGINE_SUBSTITUTION' */ ;
DELIMITER ;;
CREATE PROCEDURE `sp_UpdateDataSet`(p_DataSetID int, p_DataSetElementsData VARCHAR(500), p_SiteID int, p_MatchID int, p_DataSetImage varchar(100), p_DataSetImageThumbnail varchar(100))
BEGIN

UPDATE tblmatchdatasets
SET
	DataSetID = p_DataSetID, 
	DataSetElementsData = p_DataSetElementsData,
	SiteID = p_SiteID,
	MatchID = p_MatchID,
	DataSetImage = p_DataSetImage,
	DataSetImageThumbnail = p_DataSetImageThumbnail
WHERE DataSetID = p_DataSetID;

END ;;
DELIMITER ;
/*!50003 SET sql_mode              = @saved_sql_mode */ ;
/*!50003 SET character_set_client  = @saved_cs_client */ ;
/*!50003 SET character_set_results = @saved_cs_results */ ;
/*!50003 SET collation_connection  = @saved_col_connection */ ;
/*!50003 DROP PROCEDURE IF EXISTS `sp_UpdateGame` */;
/*!50003 SET @saved_cs_client      = @@character_set_client */ ;
/*!50003 SET @saved_cs_results     = @@character_set_results */ ;
/*!50003 SET @saved_col_connection = @@collation_connection */ ;
/*!50003 SET character_set_client  = utf8 */ ;
/*!50003 SET character_set_results = utf8 */ ;
/*!50003 SET collation_connection  = utf8_general_ci */ ;
/*!50003 SET @saved_sql_mode       = @@sql_mode */ ;
/*!50003 SET sql_mode              = 'STRICT_TRANS_TABLES,NO_AUTO_CREATE_USER,NO_ENGINE_SUBSTITUTION' */ ;
DELIMITER ;;
CREATE PROCEDURE `sp_UpdateGame`(p_ImageName Varchar(100),p_GameID int,p_GameName Varchar(100))
BEGIN

Update tblQuizGames

Set GameName = p_GameName,

ImageName=p_ImageName

Where Gameid = p_GameID;





END ;;
DELIMITER ;
/*!50003 SET sql_mode              = @saved_sql_mode */ ;
/*!50003 SET character_set_client  = @saved_cs_client */ ;
/*!50003 SET character_set_results = @saved_cs_results */ ;
/*!50003 SET collation_connection  = @saved_col_connection */ ;
/*!50003 DROP PROCEDURE IF EXISTS `sp_UpdateImage` */;
/*!50003 SET @saved_cs_client      = @@character_set_client */ ;
/*!50003 SET @saved_cs_results     = @@character_set_results */ ;
/*!50003 SET @saved_col_connection = @@collation_connection */ ;
/*!50003 SET character_set_client  = utf8 */ ;
/*!50003 SET character_set_results = utf8 */ ;
/*!50003 SET collation_connection  = utf8_general_ci */ ;
/*!50003 SET @saved_sql_mode       = @@sql_mode */ ;
/*!50003 SET sql_mode              = 'STRICT_TRANS_TABLES,NO_AUTO_CREATE_USER,NO_ENGINE_SUBSTITUTION' */ ;
DELIMITER ;;
CREATE PROCEDURE `sp_UpdateImage`(p_Current TinyInt(4),p_UserIDImage int(11),p_Active TINYINT(4))
BEGIN

UPDATE tblUserImages

SET 

    Active = p_Active,

	U_Current=p_Current



WHERE U_UserIDImage = p_UserIDImage ;

END ;;
DELIMITER ;
/*!50003 SET sql_mode              = @saved_sql_mode */ ;
/*!50003 SET character_set_client  = @saved_cs_client */ ;
/*!50003 SET character_set_results = @saved_cs_results */ ;
/*!50003 SET collation_connection  = @saved_col_connection */ ;
/*!50003 DROP PROCEDURE IF EXISTS `sp_UpdateKPI` */;
/*!50003 SET @saved_cs_client      = @@character_set_client */ ;
/*!50003 SET @saved_cs_results     = @@character_set_results */ ;
/*!50003 SET @saved_col_connection = @@collation_connection */ ;
/*!50003 SET character_set_client  = utf8 */ ;
/*!50003 SET character_set_results = utf8 */ ;
/*!50003 SET collation_connection  = utf8_general_ci */ ;
/*!50003 SET @saved_sql_mode       = @@sql_mode */ ;
/*!50003 SET sql_mode              = 'STRICT_TRANS_TABLES,NO_AUTO_CREATE_USER,NO_ENGINE_SUBSTITUTION' */ ;
DELIMITER ;;
CREATE PROCEDURE `sp_UpdateKPI`(p_Descp Varchar(500),p_KpiID INT,p_KpiName VARCHAR(100),p_KpiMeasure VARCHAR(100),p_KpiType VARCHAR(100), p_Active TINYINT(4),p_KpiCategory varchar(50), p_KpiTipsDESC varchar(500), p_KpiTipsLINK varchar(500),p_TypeLevel varchar(10),p_TypeAward varchar(10),p_TypeContest varchar(10))
BEGIN

UPDATE tblKPI 

SET KPI_name = p_KpiName,

		KPI_measure = p_KpiMeasure, 

		KPI_type = p_KpiType,

		Active = p_Active,

		KPI_Category = p_KpiCategory,

		KPI_Descp=p_Descp,

		TipsDESC = p_KpiTipsDESC,
		
		TipsLINK = p_KpiTipsLink,

    TypeLevel = p_TypeLevel ,

    TypeAward = p_TypeAward,

    TypeContest = p_TypeContest



WHERE KPI_ID = p_KpiID;

END ;;
DELIMITER ;
/*!50003 SET sql_mode              = @saved_sql_mode */ ;
/*!50003 SET character_set_client  = @saved_cs_client */ ;
/*!50003 SET character_set_results = @saved_cs_results */ ;
/*!50003 SET collation_connection  = @saved_col_connection */ ;
/*!50003 DROP PROCEDURE IF EXISTS `sp_UpdateLevel` */;
/*!50003 SET @saved_cs_client      = @@character_set_client */ ;
/*!50003 SET @saved_cs_results     = @@character_set_results */ ;
/*!50003 SET @saved_col_connection = @@collation_connection */ ;
/*!50003 SET character_set_client  = utf8 */ ;
/*!50003 SET character_set_results = utf8 */ ;
/*!50003 SET collation_connection  = utf8_general_ci */ ;
/*!50003 SET @saved_sql_mode       = @@sql_mode */ ;
/*!50003 SET sql_mode              = 'STRICT_TRANS_TABLES,NO_AUTO_CREATE_USER,NO_ENGINE_SUBSTITUTION' */ ;
DELIMITER ;;
CREATE PROCEDURE `sp_UpdateLevel`(p_LevelID INT,p_LevelName VARCHAR(100),p_RoleID INT,p_Active TINYINT(4), p_LevelPosition int, p_BaseHours int,  p_Dimension_top int, p_Dimension_left int,p_CurrentlyIn varchar(45),p_Reach varchar(45), p_Country varchar(50))
BEGIN



DECLARE CONTINUE HANDLER FOR SQLEXCEPTION 

    BEGIN

        ROLLBACK;        

    END;



	START TRANSACTION;



UPDATE tblLevel 

SET Level_Name = p_LevelName,

		Role_ID = p_RoleID,

		Level_Position = p_LevelPosition,

		Active = p_Active,

    BaseHours = p_BaseHours,

		Dimension_top = p_Dimension_top,

		Dimension_left = p_Dimension_left,

		CurrentlyIn = p_CurrentlyIn,

		Reach = p_Reach,

		Country = p_Country

WHERE Level_ID =p_LevelID;

/*

UPDATE tblMap

SET Role_ID = p_RoleID,

		Level_ID = p_LevelID,

		Dimension_top = p_Dimension_top,

		Dimension_left = p_Dimension_left

WHERE Level_ID = p_LevelID;*/



COMMIT;

		

END ;;
DELIMITER ;
/*!50003 SET sql_mode              = @saved_sql_mode */ ;
/*!50003 SET character_set_client  = @saved_cs_client */ ;
/*!50003 SET character_set_results = @saved_cs_results */ ;
/*!50003 SET collation_connection  = @saved_col_connection */ ;
/*!50003 DROP PROCEDURE IF EXISTS `sp_UpdateLevelGame` */;
/*!50003 SET @saved_cs_client      = @@character_set_client */ ;
/*!50003 SET @saved_cs_results     = @@character_set_results */ ;
/*!50003 SET @saved_col_connection = @@collation_connection */ ;
/*!50003 SET character_set_client  = utf8 */ ;
/*!50003 SET character_set_results = utf8 */ ;
/*!50003 SET collation_connection  = utf8_general_ci */ ;
/*!50003 SET @saved_sql_mode       = @@sql_mode */ ;
/*!50003 SET sql_mode              = 'STRICT_TRANS_TABLES,NO_AUTO_CREATE_USER,NO_ENGINE_SUBSTITUTION' */ ;
DELIMITER ;;
CREATE PROCEDURE `sp_UpdateLevelGame`(p_GameName varchar(50),p_Active INT,p_GameID INT)
BEGIN

	UPDATE tblLevelGame 

	SET GameName = p_GameName,

			Active = p_Active

	WHERE GameID = p_GameID;



END ;;
DELIMITER ;
/*!50003 SET sql_mode              = @saved_sql_mode */ ;
/*!50003 SET character_set_client  = @saved_cs_client */ ;
/*!50003 SET character_set_results = @saved_cs_results */ ;
/*!50003 SET collation_connection  = @saved_col_connection */ ;
/*!50003 DROP PROCEDURE IF EXISTS `sp_UpdateLevelGameDDL` */;
/*!50003 SET @saved_cs_client      = @@character_set_client */ ;
/*!50003 SET @saved_cs_results     = @@character_set_results */ ;
/*!50003 SET @saved_col_connection = @@collation_connection */ ;
/*!50003 SET character_set_client  = utf8 */ ;
/*!50003 SET character_set_results = utf8 */ ;
/*!50003 SET collation_connection  = utf8_general_ci */ ;
/*!50003 SET @saved_sql_mode       = @@sql_mode */ ;
/*!50003 SET sql_mode              = 'STRICT_TRANS_TABLES,NO_AUTO_CREATE_USER,NO_ENGINE_SUBSTITUTION' */ ;
DELIMITER ;;
CREATE PROCEDURE `sp_UpdateLevelGameDDL`(p_GameDropdownName varchar(50),p_GameID INT, p_Active INT, p_GameDropdownID INT)
BEGIN

	UPDATE tblLevelGameDDL 

	SET GameDropdownName = p_GameDropdownName,

			GameID = p_GameID,

			Active = p_Active

	WHERE GameDropdownID = p_GameDropdownID;

END ;;
DELIMITER ;
/*!50003 SET sql_mode              = @saved_sql_mode */ ;
/*!50003 SET character_set_client  = @saved_cs_client */ ;
/*!50003 SET character_set_results = @saved_cs_results */ ;
/*!50003 SET collation_connection  = @saved_col_connection */ ;
/*!50003 DROP PROCEDURE IF EXISTS `sp_UpdateLevelperformance` */;
/*!50003 SET @saved_cs_client      = @@character_set_client */ ;
/*!50003 SET @saved_cs_results     = @@character_set_results */ ;
/*!50003 SET @saved_col_connection = @@collation_connection */ ;
/*!50003 SET character_set_client  = utf8 */ ;
/*!50003 SET character_set_results = utf8 */ ;
/*!50003 SET collation_connection  = utf8_general_ci */ ;
/*!50003 SET @saved_sql_mode       = @@sql_mode */ ;
/*!50003 SET sql_mode              = 'STRICT_TRANS_TABLES,NO_AUTO_CREATE_USER,NO_ENGINE_SUBSTITUTION' */ ;
DELIMITER ;;
CREATE PROCEDURE `sp_UpdateLevelperformance`(p_UserID INT,p_LevelID INT)
BEGIN

UPDATE tblLevelPerformance 
	SET level_achieved = 1 
	WHERE user_id = p_UserID 
	AND current_level = p_LevelID;

IF ( NOT EXISTS(SELECT * FROM tblLevelPerformance WHERE tblLevelPerformance.user_id = p_UserID and 
																tblLevelPerformance.current_level=(SELECT Level_ID FROM tblLevel 
																WHERE  tblLevel.Level_Position = 
																						(SELECT (levels.Level_Position + 1) 
																							FROM tblLevel levels 
																							WHERE levels.Level_ID =p_LevelID 
																						) AND tblLevel.Role_ID = (SELECT U_RolesID FROM tblUser WHERE UserID = p_UserID)
																)))
	THEN
	INSERT INTO tblLevelPerformance 
	(user_id,current_level,next_level,last_level,level_achieved,target_scores,achieved_scores)

	values(p_UserID,(SELECT Level_ID FROM tblLevel 
														WHERE  tblLevel.Level_Position = 
																						(SELECT (levels.Level_Position + 1) 
																							FROM tblLevel levels 
																							WHERE levels.Level_ID =p_LevelID 
																						) AND tblLevel.Role_ID = (SELECT U_RolesID FROM tblUser WHERE UserID = p_UserID)
														),(SELECT Level_ID FROM tblLevel 
														WHERE  tblLevel.Level_Position = 
																						(SELECT (levels.Level_Position + 2) 
																							FROM tblLevel levels 
																							WHERE levels.Level_ID =p_LevelID 
																						) AND tblLevel.Role_ID = (SELECT U_RolesID FROM tblUser WHERE UserID = p_UserID)
														),p_LevelID,0,0,0);

	UPDATE tblUser SET U_Points = U_Points + (SELECT Points FROM tblLevel WHERE Level_ID = p_LevelID AND Active = 1 )
	WHERE UserID = p_UserID;

	END IF;
END ;;
DELIMITER ;
/*!50003 SET sql_mode              = @saved_sql_mode */ ;
/*!50003 SET character_set_client  = @saved_cs_client */ ;
/*!50003 SET character_set_results = @saved_cs_results */ ;
/*!50003 SET collation_connection  = @saved_col_connection */ ;
/*!50003 DROP PROCEDURE IF EXISTS `sp_UpdateLevelperformance_PopupShowed` */;
/*!50003 SET @saved_cs_client      = @@character_set_client */ ;
/*!50003 SET @saved_cs_results     = @@character_set_results */ ;
/*!50003 SET @saved_col_connection = @@collation_connection */ ;
/*!50003 SET character_set_client  = utf8 */ ;
/*!50003 SET character_set_results = utf8 */ ;
/*!50003 SET collation_connection  = utf8_general_ci */ ;
/*!50003 SET @saved_sql_mode       = @@sql_mode */ ;
/*!50003 SET sql_mode              = 'STRICT_TRANS_TABLES,NO_AUTO_CREATE_USER,NO_ENGINE_SUBSTITUTION' */ ;
DELIMITER ;;
CREATE PROCEDURE `sp_UpdateLevelperformance_PopupShowed`(p_UserID INT,p_LevelID INT)
BEGIN

UPDATE tblLevelPerformance 
	SET popup_showed = 1
	WHERE user_id = p_UserID 
	AND current_level = p_LevelID;
END ;;
DELIMITER ;
/*!50003 SET sql_mode              = @saved_sql_mode */ ;
/*!50003 SET character_set_client  = @saved_cs_client */ ;
/*!50003 SET character_set_results = @saved_cs_results */ ;
/*!50003 SET collation_connection  = @saved_col_connection */ ;
/*!50003 DROP PROCEDURE IF EXISTS `sp_UpdateLevelPosition` */;
/*!50003 SET @saved_cs_client      = @@character_set_client */ ;
/*!50003 SET @saved_cs_results     = @@character_set_results */ ;
/*!50003 SET @saved_col_connection = @@collation_connection */ ;
/*!50003 SET character_set_client  = utf8 */ ;
/*!50003 SET character_set_results = utf8 */ ;
/*!50003 SET collation_connection  = utf8_general_ci */ ;
/*!50003 SET @saved_sql_mode       = @@sql_mode */ ;
/*!50003 SET sql_mode              = 'STRICT_TRANS_TABLES,NO_AUTO_CREATE_USER,NO_ENGINE_SUBSTITUTION' */ ;
DELIMITER ;;
CREATE PROCEDURE `sp_UpdateLevelPosition`(p_xml VARCHAR(1000))
BEGIN



DECLARE i INT DEFAULT 1;

DECLARE xml VARCHAR(1000);

SET xml = p_xml;



WHILE i < LENGTH(xml)

DO

UPDATE tblLevel

SET Level_Position = (ExtractValue(xml, '//levelposition[$i]'))

WHERE Level_ID  = (ExtractValue(xml, '//levelid[$i]'));



SET i = i + 1 ;

 END WHILE;



END ;;
DELIMITER ;
/*!50003 SET sql_mode              = @saved_sql_mode */ ;
/*!50003 SET character_set_client  = @saved_cs_client */ ;
/*!50003 SET character_set_results = @saved_cs_results */ ;
/*!50003 SET collation_connection  = @saved_col_connection */ ;
/*!50003 DROP PROCEDURE IF EXISTS `sp_UpdateLoginTime` */;
/*!50003 SET @saved_cs_client      = @@character_set_client */ ;
/*!50003 SET @saved_cs_results     = @@character_set_results */ ;
/*!50003 SET @saved_col_connection = @@collation_connection */ ;
/*!50003 SET character_set_client  = utf8 */ ;
/*!50003 SET character_set_results = utf8 */ ;
/*!50003 SET collation_connection  = utf8_general_ci */ ;
/*!50003 SET @saved_sql_mode       = @@sql_mode */ ;
/*!50003 SET sql_mode              = 'STRICT_TRANS_TABLES,NO_AUTO_CREATE_USER,NO_ENGINE_SUBSTITUTION' */ ;
DELIMITER ;;
CREATE PROCEDURE `sp_UpdateLoginTime`(p_userid int)
BEGIN

update tblUser

set LastLogin = Now()

Where UserID =p_userid;

END ;;
DELIMITER ;
/*!50003 SET sql_mode              = @saved_sql_mode */ ;
/*!50003 SET character_set_client  = @saved_cs_client */ ;
/*!50003 SET character_set_results = @saved_cs_results */ ;
/*!50003 SET collation_connection  = @saved_col_connection */ ;
/*!50003 DROP PROCEDURE IF EXISTS `sp_UpdateMatch` */;
/*!50003 SET @saved_cs_client      = @@character_set_client */ ;
/*!50003 SET @saved_cs_results     = @@character_set_results */ ;
/*!50003 SET @saved_col_connection = @@collation_connection */ ;
/*!50003 SET character_set_client  = utf8 */ ;
/*!50003 SET character_set_results = utf8 */ ;
/*!50003 SET collation_connection  = utf8_general_ci */ ;
/*!50003 SET @saved_sql_mode       = @@sql_mode */ ;
/*!50003 SET sql_mode              = 'STRICT_TRANS_TABLES,NO_AUTO_CREATE_USER,NO_ENGINE_SUBSTITUTION' */ ;
DELIMITER ;;
CREATE PROCEDURE `sp_UpdateMatch`(p_MatchID INT, p_MatchName varchar(250), p_PointsForCompletation int(11),
													p_MaxPlaysPerDay int(11), p_NoOfDataSet int,
													p_NoOfRounds int, p_MatchImage varchar(100),
													p_MatchImageThumbnail varchar(100), p_KPIID INT)
BEGIN
UPDATE tblmatch
SET MatchName = p_MatchName,
	PointsForCompletation = p_PointsForCompletation,
	MaxPlaysPerDay = p_MaxPlaysPerDay,
	NoOfDataSet = p_NoOfDataSet,
	NoOfRounds = p_NoOfRounds,
	MatchImage = p_MatchImage,
	MatchImageThumbnail = p_MatchImageThumbnail,
	KPI_ID = p_KPIID
WHERE MatchID = p_MatchID;

END ;;
DELIMITER ;
/*!50003 SET sql_mode              = @saved_sql_mode */ ;
/*!50003 SET character_set_client  = @saved_cs_client */ ;
/*!50003 SET character_set_results = @saved_cs_results */ ;
/*!50003 SET collation_connection  = @saved_col_connection */ ;
/*!50003 DROP PROCEDURE IF EXISTS `sp_UpdateMessageStatus` */;
/*!50003 SET @saved_cs_client      = @@character_set_client */ ;
/*!50003 SET @saved_cs_results     = @@character_set_results */ ;
/*!50003 SET @saved_col_connection = @@collation_connection */ ;
/*!50003 SET character_set_client  = utf8 */ ;
/*!50003 SET character_set_results = utf8 */ ;
/*!50003 SET collation_connection  = utf8_general_ci */ ;
/*!50003 SET @saved_sql_mode       = @@sql_mode */ ;
/*!50003 SET sql_mode              = 'STRICT_TRANS_TABLES,NO_AUTO_CREATE_USER,NO_ENGINE_SUBSTITUTION' */ ;
DELIMITER ;;
CREATE PROCEDURE `sp_UpdateMessageStatus`(p_MessageID int)
BEGIN



UPDATE tblMessages SET IsRead = 1

WHERE tblMessages.ID = p_MessageID;



END ;;
DELIMITER ;
/*!50003 SET sql_mode              = @saved_sql_mode */ ;
/*!50003 SET character_set_client  = @saved_cs_client */ ;
/*!50003 SET character_set_results = @saved_cs_results */ ;
/*!50003 SET collation_connection  = @saved_col_connection */ ;
/*!50003 DROP PROCEDURE IF EXISTS `sp_UpdatePassword` */;
/*!50003 SET @saved_cs_client      = @@character_set_client */ ;
/*!50003 SET @saved_cs_results     = @@character_set_results */ ;
/*!50003 SET @saved_col_connection = @@collation_connection */ ;
/*!50003 SET character_set_client  = utf8 */ ;
/*!50003 SET character_set_results = utf8 */ ;
/*!50003 SET collation_connection  = utf8_general_ci */ ;
/*!50003 SET @saved_sql_mode       = @@sql_mode */ ;
/*!50003 SET sql_mode              = 'STRICT_TRANS_TABLES,NO_AUTO_CREATE_USER,NO_ENGINE_SUBSTITUTION' */ ;
DELIMITER ;;
CREATE PROCEDURE `sp_UpdatePassword`(p_UserID int,p_NewPassword varchar(100))
BEGIN

	

	UPDATE tblUser 

	SET tblUser.U_Password = p_NewPassword

	WHERE tblUser.UserID = p_UserID;

END ;;
DELIMITER ;
/*!50003 SET sql_mode              = @saved_sql_mode */ ;
/*!50003 SET character_set_client  = @saved_cs_client */ ;
/*!50003 SET character_set_results = @saved_cs_results */ ;
/*!50003 SET collation_connection  = @saved_col_connection */ ;
/*!50003 DROP PROCEDURE IF EXISTS `sp_UpdatePoints` */;
/*!50003 SET @saved_cs_client      = @@character_set_client */ ;
/*!50003 SET @saved_cs_results     = @@character_set_results */ ;
/*!50003 SET @saved_col_connection = @@collation_connection */ ;
/*!50003 SET character_set_client  = utf8 */ ;
/*!50003 SET character_set_results = utf8 */ ;
/*!50003 SET collation_connection  = utf8_general_ci */ ;
/*!50003 SET @saved_sql_mode       = @@sql_mode */ ;
/*!50003 SET sql_mode              = 'STRICT_TRANS_TABLES,NO_AUTO_CREATE_USER,NO_ENGINE_SUBSTITUTION' */ ;
DELIMITER ;;
CREATE PROCEDURE `sp_UpdatePoints`(p_Points INT, p_UserID INT)
BEGIN

	UPDATE tblUser

SET 

        U_Points=p_Points

WHERE UserID = p_UserID ;



END ;;
DELIMITER ;
/*!50003 SET sql_mode              = @saved_sql_mode */ ;
/*!50003 SET character_set_client  = @saved_cs_client */ ;
/*!50003 SET character_set_results = @saved_cs_results */ ;
/*!50003 SET collation_connection  = @saved_col_connection */ ;
/*!50003 DROP PROCEDURE IF EXISTS `sp_UpdateQuestions` */;
/*!50003 SET @saved_cs_client      = @@character_set_client */ ;
/*!50003 SET @saved_cs_results     = @@character_set_results */ ;
/*!50003 SET @saved_col_connection = @@collation_connection */ ;
/*!50003 SET character_set_client  = utf8 */ ;
/*!50003 SET character_set_results = utf8 */ ;
/*!50003 SET collation_connection  = utf8_general_ci */ ;
/*!50003 SET @saved_sql_mode       = @@sql_mode */ ;
/*!50003 SET sql_mode              = 'STRICT_TRANS_TABLES,NO_AUTO_CREATE_USER,NO_ENGINE_SUBSTITUTION' */ ;
DELIMITER ;;
CREATE PROCEDURE `sp_UpdateQuestions`(p_QuestionID INT,p_ShortQuestion Varchar(100),p_QuestionText Varchar(200), p_QuestionExplanation VARCHAR(300), p_Answer1 VarChar(100),p_Answer2 VarChar(100), p_Answer3 VarChar(100), p_Answer4 VarChar(100), p_CorrectAnswer VarChar(100), p_Category INT, p_SiteID INT, p_QuizID int, p_QuestionImage VARCHAR(100), p_QuestionImageThumbnail VarChar(100))
BEGIN
UPDATE tblQuizQuestions
SET QuestionText =p_QuestionText,
		QuestionExplanation = p_QuestionExplanation,
		Answer1=p_Answer1,
		Answer2=p_Answer2,
		Answer3=p_Answer3,
		Answer4=p_Answer4,
		CorrectAnswer =p_CorrectAnswer,
		Category=p_Category,
		SiteID = p_SiteID,		
		QuizID= p_QuizID,
		QuestionImage=p_QuestionImage,
		QuestionImageThumbnail = p_QuestionImageThumbnail,
ShortQuestion=p_ShortQuestion

WHERE QuestionID= p_QuestionID;


END ;;
DELIMITER ;
/*!50003 SET sql_mode              = @saved_sql_mode */ ;
/*!50003 SET character_set_client  = @saved_cs_client */ ;
/*!50003 SET character_set_results = @saved_cs_results */ ;
/*!50003 SET collation_connection  = @saved_col_connection */ ;
/*!50003 DROP PROCEDURE IF EXISTS `sp_UpdateQuiz` */;
/*!50003 SET @saved_cs_client      = @@character_set_client */ ;
/*!50003 SET @saved_cs_results     = @@character_set_results */ ;
/*!50003 SET @saved_col_connection = @@collation_connection */ ;
/*!50003 SET character_set_client  = utf8 */ ;
/*!50003 SET character_set_results = utf8 */ ;
/*!50003 SET collation_connection  = utf8_general_ci */ ;
/*!50003 SET @saved_sql_mode       = @@sql_mode */ ;
/*!50003 SET sql_mode              = 'STRICT_TRANS_TABLES,NO_AUTO_CREATE_USER,NO_ENGINE_SUBSTITUTION' */ ;
DELIMITER ;;
CREATE PROCEDURE `sp_UpdateQuiz`(p_QuizID INT, p_QuizName VARCHAR(250), p_NoOfQuestions INT, 
													p_TimePerQuestion INT, p_TimesPlayablePerDay INT, 
													p_TimeBeforePointsDeduction INT, p_PointsPerQuestion INT, 
													p_QuizImage VARCHAR(100),  p_QuizImageThumbnail VARCHAR(100),
													p_KPIID INT)
BEGIN
UPDATE tblQuiz
SET QuizName = p_QuizName,
		NoOfQuestions = p_NoOfQuestions ,
		TimePerQuestion = p_TimePerQuestion,
		TimesPlayablePerDay = p_TimesPlayablePerDay,
		TimeBeforePointsDeduction = p_TimeBeforePointsDeduction,
		PointsPerQuestion = p_PointsPerQuestion,
		QuizImage = p_QuizImage,
		QuizImageThumbnail=p_QuizImageThumbnail,
		KPI_ID = p_KPIID
Where QuizID = p_QuizID;


END ;;
DELIMITER ;
/*!50003 SET sql_mode              = @saved_sql_mode */ ;
/*!50003 SET character_set_client  = @saved_cs_client */ ;
/*!50003 SET character_set_results = @saved_cs_results */ ;
/*!50003 SET collation_connection  = @saved_col_connection */ ;
/*!50003 DROP PROCEDURE IF EXISTS `sp_UpdateReward` */;
/*!50003 SET @saved_cs_client      = @@character_set_client */ ;
/*!50003 SET @saved_cs_results     = @@character_set_results */ ;
/*!50003 SET @saved_col_connection = @@collation_connection */ ;
/*!50003 SET character_set_client  = utf8 */ ;
/*!50003 SET character_set_results = utf8 */ ;
/*!50003 SET collation_connection  = utf8_general_ci */ ;
/*!50003 SET @saved_sql_mode       = @@sql_mode */ ;
/*!50003 SET sql_mode              = 'STRICT_TRANS_TABLES,NO_AUTO_CREATE_USER,NO_ENGINE_SUBSTITUTION' */ ;
DELIMITER ;;
CREATE PROCEDURE `sp_UpdateReward`(p_RewardType int,p_RewardDescp varchar(200),p_RewardID INT, p_RewardName Varchar(100),p_Active TINYINT(4),p_RewardPoints int(11), p_CurrentImage int(1),p_ID int)
BEGIN



UPDATE tblRewards 

SET Reward_Name = p_RewardName,

		Active = p_Active,

Reward_Cost =p_RewardPoints,

Reward_Descp=p_RewardDescp,

Reward_Type=p_RewardType

WHERE Reward_ID = p_RewardID;



UPDATE tblRewardImages 

SET Current_Image = p_CurrentImage 

WHERE ID = p_ID;



END ;;
DELIMITER ;
/*!50003 SET sql_mode              = @saved_sql_mode */ ;
/*!50003 SET character_set_client  = @saved_cs_client */ ;
/*!50003 SET character_set_results = @saved_cs_results */ ;
/*!50003 SET collation_connection  = @saved_col_connection */ ;
/*!50003 DROP PROCEDURE IF EXISTS `sp_UpdateRole` */;
/*!50003 SET @saved_cs_client      = @@character_set_client */ ;
/*!50003 SET @saved_cs_results     = @@character_set_results */ ;
/*!50003 SET @saved_col_connection = @@collation_connection */ ;
/*!50003 SET character_set_client  = utf8 */ ;
/*!50003 SET character_set_results = utf8 */ ;
/*!50003 SET collation_connection  = utf8_general_ci */ ;
/*!50003 SET @saved_sql_mode       = @@sql_mode */ ;
/*!50003 SET sql_mode              = 'STRICT_TRANS_TABLES,NO_AUTO_CREATE_USER,NO_ENGINE_SUBSTITUTION' */ ;
DELIMITER ;;
CREATE PROCEDURE `sp_UpdateRole`(p_RoleID INT,p_RoleName VARCHAR(100),p_Active TINYINT(4),p_ActiveStatus int)
BEGIN

if(p_ActiveStatus =1)

then

UPDATE tblRoles 

SET Role_Name = p_RoleName,

		Active =  p_Active,

       ActiveUpdatedDate =CURRENT_TIMESTAMP()

WHERE Role_ID = p_RoleID;

END IF;



if(p_ActiveStatus =0)

then

UPDATE tblRoles 

SET Role_Name = p_RoleName,

		Active =  p_Active

WHERE Role_ID = p_RoleID;

END IF;



END ;;
DELIMITER ;
/*!50003 SET sql_mode              = @saved_sql_mode */ ;
/*!50003 SET character_set_client  = @saved_cs_client */ ;
/*!50003 SET character_set_results = @saved_cs_results */ ;
/*!50003 SET collation_connection  = @saved_col_connection */ ;
/*!50003 DROP PROCEDURE IF EXISTS `sp_UpdateRound` */;
/*!50003 SET @saved_cs_client      = @@character_set_client */ ;
/*!50003 SET @saved_cs_results     = @@character_set_results */ ;
/*!50003 SET @saved_col_connection = @@collation_connection */ ;
/*!50003 SET character_set_client  = utf8 */ ;
/*!50003 SET character_set_results = utf8 */ ;
/*!50003 SET collation_connection  = utf8_general_ci */ ;
/*!50003 SET @saved_sql_mode       = @@sql_mode */ ;
/*!50003 SET sql_mode              = 'STRICT_TRANS_TABLES,NO_AUTO_CREATE_USER,NO_ENGINE_SUBSTITUTION' */ ;
DELIMITER ;;
CREATE PROCEDURE `sp_UpdateRound`(p_MatchID INT, p_RoundID INT, p_RoundNumber int, p_RoundName VARCHAR(250),
														p_NoOfDataSets int, p_TimePerRound int, p_PointsPerRound int, p_ShowHint int)
BEGIN

UPDATE tblround
SET
	MatchID = p_MatchID,
	RoundNumber = p_RoundNumber,
	RoundName = p_RoundName,
	NoOfDataSets = p_NoOfDataSets,
	TimePerRound = p_TimePerRound,
	PointsPerRound = p_PointsPerRound,
	ShowHint = p_ShowHint
WHERE `RoundID` = p_RoundID;

END ;;
DELIMITER ;
/*!50003 SET sql_mode              = @saved_sql_mode */ ;
/*!50003 SET character_set_client  = @saved_cs_client */ ;
/*!50003 SET character_set_results = @saved_cs_results */ ;
/*!50003 SET collation_connection  = @saved_col_connection */ ;
/*!50003 DROP PROCEDURE IF EXISTS `sp_UpdateScoreManual` */;
/*!50003 SET @saved_cs_client      = @@character_set_client */ ;
/*!50003 SET @saved_cs_results     = @@character_set_results */ ;
/*!50003 SET @saved_col_connection = @@collation_connection */ ;
/*!50003 SET character_set_client  = utf8 */ ;
/*!50003 SET character_set_results = utf8 */ ;
/*!50003 SET collation_connection  = utf8_general_ci */ ;
/*!50003 SET @saved_sql_mode       = @@sql_mode */ ;
/*!50003 SET sql_mode              = 'STRICT_TRANS_TABLES,NO_AUTO_CREATE_USER,NO_ENGINE_SUBSTITUTION' */ ;
DELIMITER ;;
CREATE PROCEDURE `sp_UpdateScoreManual`(p_Current int,p_UserID int,p_KPIID int,p_Score int)
BEGIN
DECLARE CONTINUE HANDLER FOR SQLEXCEPTION 
    BEGIN
        ROLLBACK;        
    END;

	START TRANSACTION;
IF ( NOT EXISTS(SELECT * FROM tblScores WHERE Type_ID=p_KPIID AND U_Type ='KPI' AND User_ID =p_UserID AND LevelID = p_Current))
then
Insert into tblScores(User_ID,U_Type,Type_ID,Score,Entry_Date,LevelID)
values(p_UserID,'KPI',p_KPIID,p_Score,NOW(),p_Current);
/*Update tblLevelPerformance
Set achieved_scores=p_Acheived
Where user_id=p_UserID AND current_level = p_Current ;*/
Else
Update tblScores
Set Score= p_Score
Where Type_ID=p_KPIID AND U_Type ='KPI' AND User_ID =p_UserID AND LevelID = p_Current;

/*Update tblLevelPerformance
Set achieved_scores=p_Acheived
Where user_id=p_UserID AND current_level = p_Current ;*/
End IF;
commit;

END ;;
DELIMITER ;
/*!50003 SET sql_mode              = @saved_sql_mode */ ;
/*!50003 SET character_set_client  = @saved_cs_client */ ;
/*!50003 SET character_set_results = @saved_cs_results */ ;
/*!50003 SET collation_connection  = @saved_col_connection */ ;
/*!50003 DROP PROCEDURE IF EXISTS `sp_UpdateSite` */;
/*!50003 SET @saved_cs_client      = @@character_set_client */ ;
/*!50003 SET @saved_cs_results     = @@character_set_results */ ;
/*!50003 SET @saved_col_connection = @@collation_connection */ ;
/*!50003 SET character_set_client  = utf8 */ ;
/*!50003 SET character_set_results = utf8 */ ;
/*!50003 SET collation_connection  = utf8_general_ci */ ;
/*!50003 SET @saved_sql_mode       = @@sql_mode */ ;
/*!50003 SET sql_mode              = 'STRICT_TRANS_TABLES,NO_AUTO_CREATE_USER,NO_ENGINE_SUBSTITUTION' */ ;
DELIMITER ;;
CREATE PROCEDURE `sp_UpdateSite`(p_SiteID INT,p_SiteName VARCHAR(50),p_SiteType VARCHAR(50), p_SiteAddress VARCHAR(150),p_Active tinyint)
BEGIN

	

	UPDATE tblSite

	SET site_name = p_SiteName,

			site_type = p_SiteType,

			site_address = p_SiteAddress,

			Active = p_Active

	WHERE site_id = p_SiteID;



END ;;
DELIMITER ;
/*!50003 SET sql_mode              = @saved_sql_mode */ ;
/*!50003 SET character_set_client  = @saved_cs_client */ ;
/*!50003 SET character_set_results = @saved_cs_results */ ;
/*!50003 SET collation_connection  = @saved_col_connection */ ;
/*!50003 DROP PROCEDURE IF EXISTS `sp_UpdateTarget` */;
/*!50003 SET @saved_cs_client      = @@character_set_client */ ;
/*!50003 SET @saved_cs_results     = @@character_set_results */ ;
/*!50003 SET @saved_col_connection = @@collation_connection */ ;
/*!50003 SET character_set_client  = utf8 */ ;
/*!50003 SET character_set_results = utf8 */ ;
/*!50003 SET collation_connection  = utf8_general_ci */ ;
/*!50003 SET @saved_sql_mode       = @@sql_mode */ ;
/*!50003 SET sql_mode              = 'STRICT_TRANS_TABLES,NO_AUTO_CREATE_USER,NO_ENGINE_SUBSTITUTION' */ ;
DELIMITER ;;
CREATE PROCEDURE `sp_UpdateTarget`(p_TargetID INT,p_TargetValue int,p_KpiID INT,p_LevelID INT,p_RoleID INT,p_Active TINYINT,p_Description varchar(500))
BEGIN

UPDATE tblTarget

SET Target_Value = p_TargetValue,

    KPI_ID = p_KpiID,

    Level_ID = p_LevelID,

	Role_ID = p_RoleID,

    Active = p_Active,

		Target_Desc = p_Description



WHERE Target_ID = p_TargetID ;



END ;;
DELIMITER ;
/*!50003 SET sql_mode              = @saved_sql_mode */ ;
/*!50003 SET character_set_client  = @saved_cs_client */ ;
/*!50003 SET character_set_results = @saved_cs_results */ ;
/*!50003 SET collation_connection  = @saved_col_connection */ ;
/*!50003 DROP PROCEDURE IF EXISTS `sp_UpdateUser` */;
/*!50003 SET @saved_cs_client      = @@character_set_client */ ;
/*!50003 SET @saved_cs_results     = @@character_set_results */ ;
/*!50003 SET @saved_col_connection = @@collation_connection */ ;
/*!50003 SET character_set_client  = utf8 */ ;
/*!50003 SET character_set_results = utf8 */ ;
/*!50003 SET collation_connection  = utf8_general_ci */ ;
/*!50003 SET @saved_sql_mode       = @@sql_mode */ ;
/*!50003 SET sql_mode              = 'STRICT_TRANS_TABLES,NO_AUTO_CREATE_USER,NO_ENGINE_SUBSTITUTION' */ ;
DELIMITER ;;
CREATE PROCEDURE `sp_UpdateUser`(p_DisplayName int,p_UserID INT,p_UserName VARCHAR (100),p_UserLastName varchar(20),p_UserNickName varchar(50))
BEGIN

UPDATE tblUser

SET U_FirstName = p_UserName,

	U_LastName  = p_UserLastName,

	U_NickName=p_UserNickName,

    Display_Name=p_DisplayName



WHERE UserID = p_UserID ;

END ;;
DELIMITER ;
/*!50003 SET sql_mode              = @saved_sql_mode */ ;
/*!50003 SET character_set_client  = @saved_cs_client */ ;
/*!50003 SET character_set_results = @saved_cs_results */ ;
/*!50003 SET collation_connection  = @saved_col_connection */ ;
/*!50003 DROP PROCEDURE IF EXISTS `sp_UpdateUserManualAward_Popup` */;
/*!50003 SET @saved_cs_client      = @@character_set_client */ ;
/*!50003 SET @saved_cs_results     = @@character_set_results */ ;
/*!50003 SET @saved_col_connection = @@collation_connection */ ;
/*!50003 SET character_set_client  = utf8 */ ;
/*!50003 SET character_set_results = utf8 */ ;
/*!50003 SET collation_connection  = utf8_general_ci */ ;
/*!50003 SET @saved_sql_mode       = @@sql_mode */ ;
/*!50003 SET sql_mode              = 'STRICT_TRANS_TABLES,NO_AUTO_CREATE_USER,NO_ENGINE_SUBSTITUTION' */ ;
DELIMITER ;;
CREATE PROCEDURE `sp_UpdateUserManualAward_Popup`(p_UserID int, p_AwardID int)
BEGIN

	

UPDATE tblUserAwards SET popup_showed = 1 WHERE tbluserawards.user_id= p_UserID AND tbluserawards.award_id = p_AwardID;



END ;;
DELIMITER ;
/*!50003 SET sql_mode              = @saved_sql_mode */ ;
/*!50003 SET character_set_client  = @saved_cs_client */ ;
/*!50003 SET character_set_results = @saved_cs_results */ ;
/*!50003 SET collation_connection  = @saved_col_connection */ ;
/*!50003 DROP PROCEDURE IF EXISTS `sp_UpdateUserMass` */;
/*!50003 SET @saved_cs_client      = @@character_set_client */ ;
/*!50003 SET @saved_cs_results     = @@character_set_results */ ;
/*!50003 SET @saved_col_connection = @@collation_connection */ ;
/*!50003 SET character_set_client  = utf8 */ ;
/*!50003 SET character_set_results = utf8 */ ;
/*!50003 SET collation_connection  = utf8_general_ci */ ;
/*!50003 SET @saved_sql_mode       = @@sql_mode */ ;
/*!50003 SET sql_mode              = 'STRICT_TRANS_TABLES,NO_AUTO_CREATE_USER,NO_ENGINE_SUBSTITUTION' */ ;
DELIMITER ;;
CREATE PROCEDURE `sp_UpdateUserMass`(p_CurrentLevel int,p_NextLevel int,p_UserID INT , p_SiteID INT , p_SysRole varchar(50) , p_RolesID INT , p_Active tinyint(4),p_ManagerID INT)
BEGIN

DECLARE CONTINUE HANDLER FOR SQLEXCEPTION 

    BEGIN

        ROLLBACK;        

    END;



	START TRANSACTION;

		UPDATE tblUser

		SET 

				U_SiteID = p_SiteID ,

				U_SysRole = p_SysRole ,

				U_RolesID = p_RolesID ,

				Active = p_Active,

				ManagerID = p_ManagerID,

				ActiveUpdatedDate = CURRENT_TIMESTAMP()

		WHERE UserID = p_UserID ;

		IF ( NOT EXISTS(SELECT * FROM tblLevelPerformance WHERE user_id = p_UserID and current_level = p_CurrentLevel))

		THEN



		Set @previous =(select last_level from tblLevelPerformance 

										where  user_id=p_UserID AND (SELECT Role_ID FROM tblLevel WHERE Level_ID IN (SELECT Level_ID FROM tblLevel WHERE Role_ID = p_RolesID) LIMIT 1) = p_RolesID and level_achieved =0);



		update tblLevelPerformance

		set level_achieved =1

		where  user_id=p_UserID AND (SELECT Role_ID FROM tblLevel WHERE Level_ID IN (SELECT Level_ID FROM tblLevel WHERE Role_ID = p_RolesID) LIMIT 1) = p_RolesID and level_achieved =0;



			

				Insert into tblLevelPerformance(user_id,current_level,next_level,last_level,level_achieved,target_scores,achieved_scores)

				Values(p_UserID,p_CurrentLevel,p_NextLevel,IFNULL(@previous,'0'),0,(Select IFNULL(Sum(Target_Value),'0') from tblTarget

				where Role_ID =p_RolesID AND Level_ID=p_CurrentLevel),0);

			

		End IF;





Commit;

END ;;
DELIMITER ;
/*!50003 SET sql_mode              = @saved_sql_mode */ ;
/*!50003 SET character_set_client  = @saved_cs_client */ ;
/*!50003 SET character_set_results = @saved_cs_results */ ;
/*!50003 SET collation_connection  = @saved_col_connection */ ;
/*!50003 DROP PROCEDURE IF EXISTS `sp_UpdateUser_Admin` */;
/*!50003 SET @saved_cs_client      = @@character_set_client */ ;
/*!50003 SET @saved_cs_results     = @@character_set_results */ ;
/*!50003 SET @saved_col_connection = @@collation_connection */ ;
/*!50003 SET character_set_client  = utf8 */ ;
/*!50003 SET character_set_results = utf8 */ ;
/*!50003 SET collation_connection  = utf8_general_ci */ ;
/*!50003 SET @saved_sql_mode       = @@sql_mode */ ;
/*!50003 SET sql_mode              = 'STRICT_TRANS_TABLES,NO_AUTO_CREATE_USER,NO_ENGINE_SUBSTITUTION' */ ;
DELIMITER ;;
CREATE PROCEDURE `sp_UpdateUser_Admin`(p_Hours int,p_Points int,p_previousLevel int,p_CurrentLevel int,p_NextLevel int,p_LastLevel int,p_LevelAchieved int,p_UserID INT , p_U_LastName varchar(50) , p_U_EmpID varchar(200) , p_U_NickName varchar(50) , p_U_Email varchar(50) , p_U_SiteID INT , p_U_SysRole varchar(50) , p_U_RolesID INT , p_Active tinyint(1), p_U_FirstName varchar(50),p_ActiveUpdateStatus INT , p_ManagerID INT)
BEGIN

DECLARE CONTINUE HANDLER FOR SQLEXCEPTION 

    BEGIN

        ROLLBACK;        

    END;



	START TRANSACTION;

	

IF(p_ActiveUpdateStatus = 1)

THEN

UPDATE tblUser

SET U_EmpID = p_U_EmpID,

		U_LastName = p_U_LastName ,

		U_NickName = p_U_NickName ,		

		U_Email = p_U_Email ,

		U_SiteID = p_U_SiteID ,

		U_SysRole = p_U_SysRole ,

		U_RolesID = p_U_RolesID ,

		Active = p_Active,

		U_FirstName = p_U_FirstName,

		ActiveUpdatedDate = CURRENT_TIMESTAMP(),

		ManagerID = p_ManagerID,

		U_Points=p_Points

WHERE UserID = p_UserID ;



Update tblLevelPerformance

Set Worked_Hour=p_Hours

Where user_id=p_UserID and level_achieved=0;



ELSE

UPDATE tblUser

SET U_EmpID = p_U_EmpID,

		U_LastName = p_U_LastName ,

		U_NickName = p_U_NickName ,		

		U_Email = p_U_Email ,

		U_SiteID = p_U_SiteID ,

		U_SysRole = p_U_SysRole ,

		U_RolesID = p_U_RolesID ,

		Active = p_Active,

		U_FirstName = p_U_FirstName,

		ManagerID = p_ManagerID,

        U_Points=p_Points

WHERE UserID = p_UserID ;



update tblLevelPerformance

set level_achieved =1

where  tblLevelPerformance.current_level=p_previousLevel and user_id=p_UserID;



insert into tblLevelPerformance(user_id,current_level,next_level,last_level,level_achieved,target_scores,achieved_scores)

values(p_UserID,p_CurrentLevel,p_NextLevel,p_LastLevel,p_LevelAchieved,(Select IFNULL(Sum(Target_Value),'0') from tblTarget

where Role_ID =p_U_RolesID AND Level_ID=p_CurrentLevel),0);



Update tblLevelPerformance

Set Worked_Hour=p_Hours

Where user_id=p_UserID and level_achieved=0;





END IF;

Commit;

END ;;
DELIMITER ;
/*!50003 SET sql_mode              = @saved_sql_mode */ ;
/*!50003 SET character_set_client  = @saved_cs_client */ ;
/*!50003 SET character_set_results = @saved_cs_results */ ;
/*!50003 SET collation_connection  = @saved_col_connection */ ;
/*!50003 DROP PROCEDURE IF EXISTS `sp_UpdateWorkedHours` */;
/*!50003 SET @saved_cs_client      = @@character_set_client */ ;
/*!50003 SET @saved_cs_results     = @@character_set_results */ ;
/*!50003 SET @saved_col_connection = @@collation_connection */ ;
/*!50003 SET character_set_client  = utf8 */ ;
/*!50003 SET character_set_results = utf8 */ ;
/*!50003 SET collation_connection  = utf8_general_ci */ ;
/*!50003 SET @saved_sql_mode       = @@sql_mode */ ;
/*!50003 SET sql_mode              = 'STRICT_TRANS_TABLES,NO_AUTO_CREATE_USER,NO_ENGINE_SUBSTITUTION' */ ;
DELIMITER ;;
CREATE PROCEDURE `sp_UpdateWorkedHours`(p_hours int, p_user int)
BEGIN

UPDATE tbllevelperformance
SET tbllevelperformance.Worked_Hour = tbllevelperformance.Worked_Hour + p_hours
WHERE tbllevelperformance.user_id = p_user
AND tbllevelperformance.level_achieved =0;

END ;;
DELIMITER ;
/*!50003 SET sql_mode              = @saved_sql_mode */ ;
/*!50003 SET character_set_client  = @saved_cs_client */ ;
/*!50003 SET character_set_results = @saved_cs_results */ ;
/*!50003 SET collation_connection  = @saved_col_connection */ ;
/*!50003 DROP PROCEDURE IF EXISTS `sp_Update_UserAwardAchieved` */;
/*!50003 SET @saved_cs_client      = @@character_set_client */ ;
/*!50003 SET @saved_cs_results     = @@character_set_results */ ;
/*!50003 SET @saved_col_connection = @@collation_connection */ ;
/*!50003 SET character_set_client  = utf8 */ ;
/*!50003 SET character_set_results = utf8 */ ;
/*!50003 SET collation_connection  = utf8_general_ci */ ;
/*!50003 SET @saved_sql_mode       = @@sql_mode */ ;
/*!50003 SET sql_mode              = 'STRICT_TRANS_TABLES,NO_AUTO_CREATE_USER,NO_ENGINE_SUBSTITUTION' */ ;
DELIMITER ;;
CREATE PROCEDURE `sp_Update_UserAwardAchieved`(p_UserID INT,p_AwardID INT)
BEGIN





	/*

	INSERT INTO tblUserAwardAchieved 

	(UserID,Award_ID)



	values(p_UserID,p_AwardID);*/







IF ( NOT EXISTS(SELECT * FROM tblUserAwards WHERE user_id=p_UserID AND award_id =p_AwardID ))

then





INSERT INTO tblUserAwards ( user_id,award_id,manual,popup_showed)

      VALUES (p_UserID,p_AwardID,0,0);






/*
Else





Update tblUserAwards



Set popup_showed=1,awarded_date=NOW()



WHERE user_id=p_UserID AND award_id =p_AwardID;*/





End IF;

















END ;;
DELIMITER ;
/*!50003 SET sql_mode              = @saved_sql_mode */ ;
/*!50003 SET character_set_client  = @saved_cs_client */ ;
/*!50003 SET character_set_results = @saved_cs_results */ ;
/*!50003 SET collation_connection  = @saved_col_connection */ ;
/*!50003 DROP PROCEDURE IF EXISTS `sp_Update_UserAwardAchievedpopup` */;
/*!50003 SET @saved_cs_client      = @@character_set_client */ ;
/*!50003 SET @saved_cs_results     = @@character_set_results */ ;
/*!50003 SET @saved_col_connection = @@collation_connection */ ;
/*!50003 SET character_set_client  = utf8 */ ;
/*!50003 SET character_set_results = utf8 */ ;
/*!50003 SET collation_connection  = utf8_general_ci */ ;
/*!50003 SET @saved_sql_mode       = @@sql_mode */ ;
/*!50003 SET sql_mode              = 'STRICT_TRANS_TABLES,NO_AUTO_CREATE_USER,NO_ENGINE_SUBSTITUTION' */ ;
DELIMITER ;;
CREATE PROCEDURE `sp_Update_UserAwardAchievedpopup`(p_UserID INT,p_AwardID INT)
BEGIN

Update tblUserAwards



Set popup_showed=1,awarded_date=NOW()



WHERE user_id=p_UserID AND award_id =p_AwardID;
END ;;
DELIMITER ;
/*!50003 SET sql_mode              = @saved_sql_mode */ ;
/*!50003 SET character_set_client  = @saved_cs_client */ ;
/*!50003 SET character_set_results = @saved_cs_results */ ;
/*!50003 SET collation_connection  = @saved_col_connection */ ;
/*!50003 DROP PROCEDURE IF EXISTS `sp_Update_UserTargetAchieved` */;
/*!50003 SET @saved_cs_client      = @@character_set_client */ ;
/*!50003 SET @saved_cs_results     = @@character_set_results */ ;
/*!50003 SET @saved_col_connection = @@collation_connection */ ;
/*!50003 SET character_set_client  = utf8 */ ;
/*!50003 SET character_set_results = utf8 */ ;
/*!50003 SET collation_connection  = utf8_general_ci */ ;
/*!50003 SET @saved_sql_mode       = @@sql_mode */ ;
/*!50003 SET sql_mode              = 'STRICT_TRANS_TABLES,NO_AUTO_CREATE_USER,NO_ENGINE_SUBSTITUTION' */ ;
DELIMITER ;;
CREATE PROCEDURE `sp_Update_UserTargetAchieved`(p_UserID INT,p_TargetID INT)
BEGIN

IF ( NOT EXISTS(SELECT * FROM tblUserTargetAchieved WHERE tblUserTargetAchieved.UserID = p_UserID and tblUserTargetAchieved.Target_ID=p_TargetID))
	THEN
	INSERT INTO tblUserTargetAchieved(UserID,Target_ID)
	values(p_UserID,p_TargetID);

	UPDATE tblUser SET U_Points = U_Points + (SELECT Points FROM tblTarget WHERE Target_ID = p_TargetID)
	WHERE UserID = p_UserID;

ELSE

CALL DuplicatePRO;

	END IF;

END ;;
DELIMITER ;
/*!50003 SET sql_mode              = @saved_sql_mode */ ;
/*!50003 SET character_set_client  = @saved_cs_client */ ;
/*!50003 SET character_set_results = @saved_cs_results */ ;
/*!50003 SET collation_connection  = @saved_col_connection */ ;
/*!50003 DROP PROCEDURE IF EXISTS `sp_UserQuizScore` */;
/*!50003 SET @saved_cs_client      = @@character_set_client */ ;
/*!50003 SET @saved_cs_results     = @@character_set_results */ ;
/*!50003 SET @saved_col_connection = @@collation_connection */ ;
/*!50003 SET character_set_client  = utf8 */ ;
/*!50003 SET character_set_results = utf8 */ ;
/*!50003 SET collation_connection  = utf8_general_ci */ ;
/*!50003 SET @saved_sql_mode       = @@sql_mode */ ;
/*!50003 SET sql_mode              = 'STRICT_TRANS_TABLES,NO_AUTO_CREATE_USER,NO_ENGINE_SUBSTITUTION' */ ;
DELIMITER ;;
CREATE PROCEDURE `sp_UserQuizScore`(UserID int)
BEGIN



SELECT

tblQuizGames.GameId,

tblQuizGames.GameName,imageName,



(Select max(DateTime) from tblUserQuizScore where game_id=tblQuizGames.GameId and user_id=UserID) 

as DateTime,



(Select ifnull(sum(AchievedScore),0) from v_UserQuizScore where game_id=tblQuizGames.GameId 

and user_id=UserID 

LIMIT 1)  as YourBest,



(Select  ifnull(Max(AchievedScore),0) from v_UserQuizScore where game_id=tblQuizGames.GameId 

LIMIT 1) 

as TopScorer,



(Select Username from v_UserQuizScore where game_id=tblQuizGames.GameId and 

AchievedScore=(Select  ifnull(Max(AchievedScore),0) from v_UserQuizScore 

where game_id=tblQuizGames.GameId LIMIT 1) LIMIT 1) as TopScorerName



FROM

tblQuizGames

ORDER BY

tblQuizGames.GameId ASC;



END ;;
DELIMITER ;
/*!50003 SET sql_mode              = @saved_sql_mode */ ;
/*!50003 SET character_set_client  = @saved_cs_client */ ;
/*!50003 SET character_set_results = @saved_cs_results */ ;
/*!50003 SET collation_connection  = @saved_col_connection */ ;

--
-- Final view structure for view `login_duration`
--

/*!50001 DROP VIEW IF EXISTS `login_duration`*/;
/*!50001 SET @saved_cs_client          = @@character_set_client */;
/*!50001 SET @saved_cs_results         = @@character_set_results */;
/*!50001 SET @saved_col_connection     = @@collation_connection */;
/*!50001 SET character_set_client      = utf8 */;
/*!50001 SET character_set_results     = utf8 */;
/*!50001 SET collation_connection      = utf8_general_ci */;
/*!50001 CREATE ALGORITHM=UNDEFINED */
/*!50013 SQL SECURITY DEFINER */
/*!50001 VIEW `login_duration` AS select `s`.`Id` AS `start_id`,`s`.`entry_date` AS `start_date`,`f`.`Id` AS `finish_id`,`f`.`entry_date` AS `finish_date`,((`f`.`entry_date` - `s`.`entry_date`) / 100) AS `duration_minutes`,(((`f`.`entry_date` - `s`.`entry_date`) / 100) / 60) AS `duration_hours` from (`event_report` `s` join `event_report` `f`) where ((`s`.`userid` = 55) and (`f`.`userid` = 55) and (`s`.`description` = 'login') and (`f`.`description` = 'logout')) order by `start_id`,`duration_minutes` */;
/*!50001 SET character_set_client      = @saved_cs_client */;
/*!50001 SET character_set_results     = @saved_cs_results */;
/*!50001 SET collation_connection      = @saved_col_connection */;

--
-- Final view structure for view `total_hours_worked`
--

/*!50001 DROP VIEW IF EXISTS `total_hours_worked`*/;
/*!50001 SET @saved_cs_client          = @@character_set_client */;
/*!50001 SET @saved_cs_results         = @@character_set_results */;
/*!50001 SET @saved_col_connection     = @@collation_connection */;
/*!50001 SET character_set_client      = utf8 */;
/*!50001 SET character_set_results     = utf8 */;
/*!50001 SET collation_connection      = utf8_general_ci */;
/*!50001 CREATE ALGORITHM=UNDEFINED */
/*!50013 SQL SECURITY DEFINER */
/*!50001 VIEW `total_hours_worked` AS select sum(`tbllevelperformance`.`Worked_Hour`) AS `sum(Worked_Hour)` from `tbllevelperformance` */;
/*!50001 SET character_set_client      = @saved_cs_client */;
/*!50001 SET character_set_results     = @saved_cs_results */;
/*!50001 SET collation_connection      = @saved_col_connection */;

--
-- Final view structure for view `total_levels`
--

/*!50001 DROP VIEW IF EXISTS `total_levels`*/;
/*!50001 SET @saved_cs_client          = @@character_set_client */;
/*!50001 SET @saved_cs_results         = @@character_set_results */;
/*!50001 SET @saved_col_connection     = @@collation_connection */;
/*!50001 SET character_set_client      = utf8 */;
/*!50001 SET character_set_results     = utf8 */;
/*!50001 SET collation_connection      = utf8_general_ci */;
/*!50001 CREATE ALGORITHM=UNDEFINED */
/*!50013 SQL SECURITY DEFINER */
/*!50001 VIEW `total_levels` AS select count(0) AS `count(*)` from `tbllevel` where (`tbllevel`.`Active` = 1) */;
/*!50001 SET character_set_client      = @saved_cs_client */;
/*!50001 SET character_set_results     = @saved_cs_results */;
/*!50001 SET collation_connection      = @saved_col_connection */;

--
-- Final view structure for view `total_questions`
--

/*!50001 DROP VIEW IF EXISTS `total_questions`*/;
/*!50001 SET @saved_cs_client          = @@character_set_client */;
/*!50001 SET @saved_cs_results         = @@character_set_results */;
/*!50001 SET @saved_col_connection     = @@collation_connection */;
/*!50001 SET character_set_client      = utf8 */;
/*!50001 SET character_set_results     = utf8 */;
/*!50001 SET collation_connection      = utf8_general_ci */;
/*!50001 CREATE ALGORITHM=UNDEFINED */
/*!50013 SQL SECURITY DEFINER */
/*!50001 VIEW `total_questions` AS select count(0) AS `count(*)` from `tblquizquestions` */;
/*!50001 SET character_set_client      = @saved_cs_client */;
/*!50001 SET character_set_results     = @saved_cs_results */;
/*!50001 SET collation_connection      = @saved_col_connection */;

--
-- Final view structure for view `total_sales`
--

/*!50001 DROP VIEW IF EXISTS `total_sales`*/;
/*!50001 SET @saved_cs_client          = @@character_set_client */;
/*!50001 SET @saved_cs_results         = @@character_set_results */;
/*!50001 SET @saved_col_connection     = @@collation_connection */;
/*!50001 SET character_set_client      = utf8 */;
/*!50001 SET character_set_results     = utf8 */;
/*!50001 SET collation_connection      = utf8_general_ci */;
/*!50001 CREATE ALGORITHM=UNDEFINED */
/*!50013 SQL SECURITY DEFINER */
/*!50001 VIEW `total_sales` AS select sum(`v_userlevelscores`.`score`) AS `sum(score)` from `v_userlevelscores` where (`v_userlevelscores`.`KPI_ID` = 69) */;
/*!50001 SET character_set_client      = @saved_cs_client */;
/*!50001 SET character_set_results     = @saved_cs_results */;
/*!50001 SET collation_connection      = @saved_col_connection */;

--
-- Final view structure for view `total_sites`
--

/*!50001 DROP VIEW IF EXISTS `total_sites`*/;
/*!50001 SET @saved_cs_client          = @@character_set_client */;
/*!50001 SET @saved_cs_results         = @@character_set_results */;
/*!50001 SET @saved_col_connection     = @@collation_connection */;
/*!50001 SET character_set_client      = utf8 */;
/*!50001 SET character_set_results     = utf8 */;
/*!50001 SET collation_connection      = utf8_general_ci */;
/*!50001 CREATE ALGORITHM=UNDEFINED */
/*!50013 SQL SECURITY DEFINER */
/*!50001 VIEW `total_sites` AS select count(0) AS `count(*)` from `tblsite` where (`tblsite`.`Active` = 1) */;
/*!50001 SET character_set_client      = @saved_cs_client */;
/*!50001 SET character_set_results     = @saved_cs_results */;
/*!50001 SET collation_connection      = @saved_col_connection */;

--
-- Final view structure for view `total_users`
--

/*!50001 DROP VIEW IF EXISTS `total_users`*/;
/*!50001 SET @saved_cs_client          = @@character_set_client */;
/*!50001 SET @saved_cs_results         = @@character_set_results */;
/*!50001 SET @saved_col_connection     = @@collation_connection */;
/*!50001 SET character_set_client      = utf8 */;
/*!50001 SET character_set_results     = utf8 */;
/*!50001 SET collation_connection      = utf8_general_ci */;
/*!50001 CREATE ALGORITHM=UNDEFINED */
/*!50013 SQL SECURITY DEFINER */
/*!50001 VIEW `total_users` AS select `tblroles`.`Role_Name` AS `Role`,count(`tbluser`.`UserID`) AS `total` from (`tbluser` left join `tblroles` on((`tbluser`.`U_RolesID` = `tblroles`.`Role_ID`))) group by `tblroles`.`Role_Name` */;
/*!50001 SET character_set_client      = @saved_cs_client */;
/*!50001 SET character_set_results     = @saved_cs_results */;
/*!50001 SET collation_connection      = @saved_col_connection */;

--
-- Final view structure for view `v_userlevelscores`
--

/*!50001 DROP VIEW IF EXISTS `v_userlevelscores`*/;
/*!50001 SET @saved_cs_client          = @@character_set_client */;
/*!50001 SET @saved_cs_results         = @@character_set_results */;
/*!50001 SET @saved_col_connection     = @@collation_connection */;
/*!50001 SET character_set_client      = utf8 */;
/*!50001 SET character_set_results     = utf8 */;
/*!50001 SET collation_connection      = utf8_general_ci */;
/*!50001 CREATE ALGORITHM=UNDEFINED */
/*!50013 SQL SECURITY DEFINER */
/*!50001 VIEW `v_userlevelscores` AS select `tbluser`.`UserID` AS `UserID`,`tbltarget`.`Role_ID` AS `Role_ID`,`tbltarget`.`Level_ID` AS `Level_ID`,`tbltarget`.`KPI_ID` AS `KPI_ID`,`tbltarget`.`Target_ID` AS `Target_ID`,`tbllevel`.`Level_Name` AS `Level_Name`,`tblkpi`.`KPI_name` AS `KPI_name`,`tbltarget`.`Target_Value` AS `Target_Value`,(select ifnull(sum(`tblscores`.`Score`),0) AS `score` from `tblscores` where ((`tblscores`.`Type_ID` = `tbltarget`.`KPI_ID`) and (`tblscores`.`LevelID` = `tbltarget`.`Level_ID`) and (`tblscores`.`User_ID` = `tbluser`.`UserID`) and (`tblscores`.`U_Type` = 'KPI'))) AS `score`,ceiling((((select ifnull(sum(`tblscores`.`Score`),0) AS `score` from `tblscores` where ((`tblscores`.`Type_ID` = `tbltarget`.`KPI_ID`) and (`tblscores`.`User_ID` = `tbluser`.`UserID`) and (`tblscores`.`LevelID` = `tbltarget`.`Level_ID`) and (`tblscores`.`U_Type` = 'KPI'))) / `tbltarget`.`Target_Value`) * 100)) AS `current_percentage`,`tbltarget`.`Points` AS `Points` from (((`tbltarget` join `tbllevel` on((`tbltarget`.`Level_ID` = `tbllevel`.`Level_ID`))) join `tblkpi` on((`tbltarget`.`KPI_ID` = `tblkpi`.`KPI_ID`))) join `tbluser` on((`tbltarget`.`Role_ID` = `tbluser`.`U_RolesID`))) */;
/*!50001 SET character_set_client      = @saved_cs_client */;
/*!50001 SET character_set_results     = @saved_cs_results */;
/*!50001 SET collation_connection      = @saved_col_connection */;
/*!40103 SET TIME_ZONE=@OLD_TIME_ZONE */;

/*!40101 SET SQL_MODE=@OLD_SQL_MODE */;
/*!40014 SET FOREIGN_KEY_CHECKS=@OLD_FOREIGN_KEY_CHECKS */;
/*!40014 SET UNIQUE_CHECKS=@OLD_UNIQUE_CHECKS */;
/*!40101 SET CHARACTER_SET_CLIENT=@OLD_CHARACTER_SET_CLIENT */;
/*!40101 SET CHARACTER_SET_RESULTS=@OLD_CHARACTER_SET_RESULTS */;
/*!40101 SET COLLATION_CONNECTION=@OLD_COLLATION_CONNECTION */;
/*!40111 SET SQL_NOTES=@OLD_SQL_NOTES */;

-- Dump completed on 2015-06-24 20:05:12
